Date,Open,High,Low,Close,Volume
2015-01-02,91.74444545154644,92.01296069670056,89.90839626343072,90.99696350097656,438400
2015-01-05,90.2712499126749,90.34381995281127,87.85462937263317,88.0650863647461,663800
2015-01-06,88.19571271463204,88.28280008292647,85.57589390505223,86.09114837646484,887500
2015-01-07,86.96930385361713,87.17250781875897,85.3291990891081,86.27262115478516,748100
2015-01-08,87.15071853432366,88.26106212617789,86.78786267125446,88.02157592773438,753100
2015-01-09,87.94898424610324,87.94898424610324,86.25081634521484,86.25081634521484,582500
2015-01-12,86.25082284077028,86.25082284077028,84.82842876442763,85.68476867675781,1159800
2015-01-13,86.22904588466008,86.96201609819573,85.81539052390029,86.25081634521484,1703100
2015-01-14,84.93002565060004,85.5613967208728,81.96912106390984,83.68180084228516,1355900
2015-01-15,83.36248434533167,84.49459254545005,82.49888586426009,83.00688171386719,1020400
2015-01-16,82.73110240805794,84.06640877174637,82.52064543050598,83.47858428955078,1232600
2015-01-20,83.63824322882789,84.84292687353287,81.744135932724,81.90379333496094,1013500
2015-01-21,81.64255233011822,82.54969180045288,81.12003910932708,81.48289489746094,1092500
2015-01-22,81.84573508756135,85.29286441788443,81.78042371577936,85.00257873535156,966700
2015-01-23,84.6107068747245,85.06790869429408,83.59471513510262,83.61648559570312,438500
2015-01-26,83.45681008949234,84.84292150600449,82.91252654543044,84.83566284179688,602500
2015-01-27,83.84871260915027,84.83568075370663,83.55116821793945,84.29139709472656,828500
2015-01-28,84.5453853032047,84.85744145326119,82.52790832519531,82.52790832519531,1107800
2015-01-29,82.45534287146204,83.8124198370344,82.20133941630587,83.74710845947266,680600
2015-01-30,82.46258544882885,83.46407073721562,82.04893016698087,82.12150573730469,1035200
2015-02-02,82.73836077690198,83.99383843645498,82.15778942457564,83.85595703125,973900
2015-02-03,84.1825113175156,85.88793177565219,84.1825113175156,85.84439086914062,706100
2015-02-04,85.53239018245522,86.75884485307368,85.4380496450005,86.0621566772461,866500
2015-02-05,86.33790721101437,86.80962084346397,86.22904936710448,86.6935043334961,770000
2015-02-06,88.03606921177786,89.91566506629563,87.27407538162733,88.2828140258789,841800
2015-02-09,87.57162020981107,88.11590392700649,87.02008336283939,87.52082061767578,467700
2015-02-10,88.10864658520087,88.13041704696951,87.1724779719694,87.91996002197266,412100
2015-02-11,87.586132990761,87.83287227209722,86.92573279058463,87.47001647949219,419700
2015-02-12,87.77479762809114,89.56005266671539,87.68771579763852,89.53827667236328,792800
2015-02-13,89.68344480150128,90.27126945159964,89.15367287403387,89.9156723022461,747200
2015-02-17,89.90841058354437,90.5688108038086,89.25526902964023,90.010009765625,631500
2015-02-18,89.77049936064603,89.91564496494524,88.13039555760497,88.31907653808594,775100
2015-02-19,88.26828320324957,88.529539772726,87.33211475208225,87.96348571777344,709300
2015-02-20,87.6151670711356,88.2537913089931,86.69351020524658,88.05784606933594,1243000
2015-02-23,87.84740072958297,88.07962824479046,87.38294569916802,87.95625305175781,468100
2015-02-24,87.87639964990875,88.75451540498861,87.8038296099219,88.23200225830078,872700
2015-02-25,88.31912087312205,88.33363820920881,87.74581344274806,88.21752166748047,659500
2015-02-26,88.21747768793512,88.65542532765272,87.99850108367312,88.57513427734375,951500
2015-02-27,88.5240544865412,88.82332218846706,87.99121987069321,88.3196792602539,600400
2015-03-02,88.31966405805623,89.78679392109632,88.19557991614107,89.61161041259766,751400
2015-03-03,89.26855685172934,89.75029758679202,88.90359955563693,89.5824203491211,641100
2015-03-04,89.01307161729264,89.43642336651608,88.70650886184355,89.3780288696289,593300
2015-03-05,89.51674211388543,89.97658638938559,88.7211377305714,89.94009399414062,724800
2015-03-06,89.99849390303392,91.9400643069851,89.91820283235245,90.82329559326172,1126900
2015-03-09,90.53864491499364,91.10797764630328,90.1444902005157,90.85250854492188,623500
2015-03-10,90.15176060740131,90.15176060740131,88.5313491821289,88.5313491821289,656600
2015-03-11,88.73573452629795,89.07879534436196,88.43647237932791,88.80142974853516,826100
2015-03-12,89.27585723291551,91.79406606517756,89.27585723291551,91.70647430419922,948000
2015-03-13,91.68456857742272,91.73566237400996,90.65538637198588,91.39990234375,533100
2015-03-16,91.90354864121902,91.98383412276588,91.2466243968774,91.96923828125,758800
2015-03-17,91.44372405528088,92.4802017211914,91.21015154509249,92.4802017211914,900400
2015-03-18,92.37800134839308,93.27579886701848,91.96195019800746,92.75025939941406,1077500
2015-03-19,92.2904120915348,92.67726597325616,91.41451115161551,92.30500793457033,662500
2015-03-20,92.80864321802936,93.64073985412232,92.54587351450256,93.42906951904295,901500
2015-03-23,93.42906676442134,94.5823331438082,92.8743301212418,92.94002532958984,1713000
2015-03-24,92.89625028687507,92.96924621888928,91.63350085386136,91.99115753173828,1552600
2015-03-25,91.96925611361536,91.9838519579613,90.0130844116211,90.0130844116211,946600
2015-03-26,90.02037389267613,90.9108706445343,89.36344960287856,90.58970642089844,689600
2015-03-27,90.5605058490174,91.31231700970434,89.98387263625591,91.2174301147461,970300
2015-03-30,91.62618856487636,93.08601791970608,91.4729071508761,92.611572265625,657400
2015-03-31,92.13712590180822,92.88163637176274,91.8232623891553,92.69915771484376,901500
2015-04-01,92.63346507662716,92.66265676024058,91.42180416082977,92.15901947021484,592000
2015-04-02,92.07875484816763,93.07873457874908,91.50942218457658,92.85246276855467,604800
2015-04-06,90.5167377368916,90.9765820654156,88.50217128890469,90.33425903320312,3864900
2015-04-07,90.16638698951309,91.85248863179612,90.16638698951309,90.90360260009766,2271100
2015-04-08,91.18094367682804,91.22474234594806,90.10796816870702,90.69190216064452,1206500
2015-04-09,90.65539029841156,91.15903315001812,90.35612821081222,91.02034759521484,1698600
2015-04-10,90.94737933401196,91.2320456491384,90.4510370670824,90.79409790039062,1065700
2015-04-13,89.78680149720374,91.13714246851828,89.77950079153203,90.6626968383789,913700
2015-04-14,90.03498134005501,90.72110297214708,89.38535767219199,89.96929168701172,1070400
2015-04-15,90.38533133120234,91.34151772889057,89.99117675680701,90.49481964111328,1565400
2015-04-16,90.36344524741334,90.48022870771734,89.75031398219319,89.93279266357422,806900
2015-04-17,89.42915331845894,89.95469283298668,88.00582177395268,88.18099975585938,1403800
2015-04-20,88.07879725239718,88.61893808928362,86.82334319512536,87.01312255859375,1714900
2015-04-21,87.14453129808307,87.68466671419372,86.47301098953379,87.21752166748047,1108600
2015-04-22,87.13720553299544,88.04230367343611,86.64086336749162,87.9547119140625,867600
2015-04-23,87.71383029210293,88.04959031743998,87.30507992539803,87.72843170166016,570000
2015-04-24,87.53867197330064,87.91093003713418,86.83065380889838,87.30509948730469,591500
2015-04-27,87.36351181131747,87.97663762374859,86.02776627433876,86.4000244140625,1074100
2015-04-28,86.40732065931998,88.06423053953114,86.195644677897,87.90364837646484,925800
2015-04-29,87.55326218137975,88.45836037905782,87.41458218127653,87.7138442993164,1024500
2015-04-30,87.59705080752781,88.23207293173431,86.99122036613922,87.348876953125,846600
2015-05-01,87.91823143686504,88.12990738750197,86.71387652664563,87.071533203125,497300
2015-05-04,87.3781073027177,88.90363225730133,87.18103274061212,88.8452377319336,1176300
2015-05-05,88.28318646864454,88.87442120081523,87.74305111484607,87.80874633789062,1243300
2015-05-06,88.18828582763672,88.53864730211451,87.53136154349505,88.18828582763672,672100
2015-05-07,88.2685816346702,88.35617340020671,87.29779378300022,87.72114562988281,704700
2015-05-08,88.34887127171619,88.9036079735683,87.84522837340265,88.68463134765625,606500
2015-05-11,88.48024731321625,88.92549565772708,88.29046796093138,88.50214385986328,486800
2015-05-12,88.01313381865097,88.83063488539811,87.54598876085022,88.5386734008789,795600
2015-05-13,88.39995906594838,89.18096747769265,87.93281415997835,89.06417846679688,919800
2015-05-14,89.73570964008313,89.76490689459604,88.96929702333826,89.6335220336914,737500
2015-05-15,89.73569247578038,89.75758902027505,88.04229101958737,88.46563720703125,1241200
2015-05-18,88.4656525132046,89.56052447781757,88.31237110641561,89.42184448242188,528000
2015-05-19,89.74301069564402,90.5459213256836,89.47294581900094,90.5459213256836,1150700
2015-05-20,90.33424283704323,90.7648898275088,89.71381646950124,90.2028579711914,507900
2015-05-21,89.87439283568246,90.4583268091028,89.72841212673092,90.2247543334961,493600
2015-05-22,90.0568701901138,90.458325487074,89.76490877647765,89.89629364013672,636300
2015-05-26,89.6043118742274,89.89627880850007,88.69191868512915,89.11526489257812,574100
2015-05-27,89.45834188118816,89.71381647561147,88.95470453606109,89.24666595458984,753500
2015-05-28,89.22465084284993,89.54766436851017,88.8282266797776,89.4081802368164,667400
2015-05-29,89.49624256825109,89.54763055512258,88.62264119056525,88.74009704589844,808300
2015-06-01,89.18794595017803,89.51830223179226,87.87387476973535,87.98399353027344,616500
2015-06-02,87.8811883017999,88.93831909017268,87.7710695778659,88.84288024902344,568900
2015-06-03,88.98239240843752,90.42860495682258,88.50521485478097,90.03218078613281,641500
2015-06-04,89.50360141097774,90.2670842588156,89.28336952850088,89.56233215332031,978100
2015-06-05,90.4506179075714,91.08930215880396,90.0468566368243,90.92779541015624,618200
2015-06-08,90.6928741813356,91.5811556603251,90.4139115551571,91.008544921875,710700
2015-06-09,90.92044968208543,92.11706477094452,90.75160579649445,91.64722442626952,545900
2015-06-10,91.9335448080062,93.32836369593298,91.85279142806866,92.81448364257812,544900
2015-06-11,92.8511995140372,93.23293821399383,92.39604457100891,92.65298461914062,498300
2015-06-12,92.4620816701697,92.66029649904212,92.0730003553319,92.59422302246094,320300
2015-06-15,91.9775913178057,92.82916478933322,91.57382441263796,92.3152847290039,482600
2015-06-16,92.23453069475224,92.92460300019806,91.99961329728362,92.74107360839844,346600
2015-06-17,93.11542943670294,93.14479479884996,91.86008960948573,91.98489379882812,748900
2015-06-18,92.32997050994594,93.20357226914469,91.7206571426236,92.91726684570312,814000
2015-06-19,92.65298530889008,92.96865611347984,92.16112784153738,92.2271957397461,1069700
2015-06-22,93.04938749210528,93.40176633515716,92.9319260107974,93.24759674072266,565700
2015-06-23,93.67338596181332,94.42218330012278,93.43112585790932,94.0844955444336,642300
2015-06-24,93.8495848569823,94.4809263977386,93.59264483478437,93.60733032226562,516300
2015-06-25,94.05510297824436,94.29736302652542,93.24023794462062,93.45313262939452,562300
2015-06-26,93.95968284276724,94.31939879434044,93.7027428773578,93.93766021728516,349300
2015-06-29,92.91725246571524,93.2622885895089,91.48572557005228,91.5150909423828,512500
2015-06-30,92.57955381428891,93.15216453995303,91.45635499073674,91.71329498291016,750100
2015-07-01,92.91726572320664,93.53392742838932,92.38135740323683,93.44583129882812,794000
2015-07-02,93.19620116193356,93.62933333793404,91.9628837128823,92.43272399902344,426900
2015-07-06,91.28015744142472,92.27122044050122,91.0085375802044,92.23451232910156,410200
2015-07-07,92.0069501428741,92.11706889106895,90.34784297912216,91.78671264648438,593800
2015-07-08,90.94980855781604,91.4416658949689,90.03950450682285,90.30378723144533,455900
2015-07-09,91.54447043881336,91.8454613694014,90.61214347013798,91.17007446289062,490200
2015-07-10,92.50616333474336,92.8511995140372,91.98494049399824,92.65298461914062,604000
2015-07-13,93.46051025390624,93.78352379153408,93.19622746873308,93.46051025390624,466400
2015-07-14,93.05672330536557,93.73945271223036,92.9098964646643,93.36505126953124,869800
2015-07-15,93.5485875902276,94.29738493054874,93.11545537897456,93.95235443115234,789700
2015-07-16,93.31367474961355,96.25014471425976,92.5869000016078,96.0299072265625,1140000
2015-07-17,95.66286761937232,96.49976127865634,95.42795580011082,96.33091735839844,906700
2015-07-20,96.53647509488192,97.22654750761151,96.16207911003254,96.90353393554688,763800
2015-07-21,96.99160963835214,97.77712081407353,96.22813229530782,96.80074310302734,861100
2015-07-22,96.73466409008245,98.21023620162042,96.73466409008245,97.7844467163086,553700
2015-07-23,98.10012294330822,98.3717428277522,96.94755311692217,97.10172271728516,489700
2015-07-24,96.85948581889777,97.17515103574932,96.38230261901626,96.61722564697266,459600
2015-07-27,95.88309325577929,96.20610676871836,95.43528110406731,95.97118377685548,548100
2015-07-28,96.59518656005044,96.8154240608094,95.62614603740889,96.76403045654295,588400
2015-07-29,96.89615933340532,97.4907926331307,95.87573659889998,97.02095794677734,788000
2015-07-30,96.90351856916828,97.43942125506976,96.60252767913312,97.06502532958984,426800
2015-07-31,97.05766911462462,97.1310741356452,96.15469662195424,96.2794952392578,511900
2015-08-03,96.24279158711876,96.44099521155732,95.09022194058704,95.91242980957033,624700
2015-08-04,96.13269185685758,96.9108546750636,95.69956518661007,96.20610809326172,418600
2015-08-05,96.68325935683264,97.74772734667329,96.52175263266452,97.0796890258789,444700
2015-08-06,97.24121713074494,97.24121713074494,96.29419920337736,96.62454986572266,490200
2015-08-07,96.57315239957003,96.90350301039318,95.2517387545342,96.00054168701172,414000
2015-08-10,96.31619222655335,97.5128070685882,96.15468551652135,97.44673919677734,465700
2015-08-11,96.80805763932592,96.8521028909042,95.78029776335777,96.15469360351562,530300
2015-08-12,95.42058405533488,95.42058405533488,93.50454264273712,94.66444396972656,553000
2015-08-13,94.90673923073952,95.2884835867986,94.45158982273482,95.08293151855467,492000
2015-08-14,95.1049399766078,96.08865489966377,95.06089471165691,95.78032684326172,536500
2015-08-17,95.1342693055795,96.61718956088728,94.78189609700122,96.10330963134766,500900
2015-08-18,96.24282230457412,96.73467975473534,95.60413237230873,96.29420471191406,413100
2015-08-19,96.05928923217516,96.42634801991484,95.17833918020372,95.36921691894533,906100
2015-08-20,93.97440716046604,94.92876245566303,92.08773040771484,92.08773040771484,880400
2015-08-21,91.63988954354056,91.75000828952528,89.76054492111844,89.77523040771484,873700
2015-08-24,86.50842375603064,87.9840018445853,83.86560125773943,85.2384033203125,1082300
2015-08-25,89.18793223959844,89.18793223959844,82.85250032092443,82.92591094970703,911200
2015-08-26,84.90804987073578,86.47906118965675,83.62334398651431,86.39830780029297,1224000
2015-08-27,87.59491793779372,88.93835458401591,86.98559894294455,88.58597564697266,814900
2015-08-28,88.25368383234506,88.55643094230328,87.22730690708849,87.88448333740234,594000
2015-08-31,87.27898837198629,87.73679898033366,86.85072011065391,87.30852508544922,838800
2015-09-01,85.26313709652241,85.81693766936701,82.59750988854636,83.18084716796875,779700
2015-09-02,84.51738310013555,85.11548614501953,83.2842547046241,85.11548614501953,903500
2015-09-03,85.30745112154058,87.64080056149221,85.27791441088343,87.32328796386719,1483200
2015-09-04,86.48153323573155,86.89503602210223,85.87604459845178,86.43722534179688,1603700
2015-09-08,88.32752840994615,88.91824582153423,87.69250310816342,88.71149444580078,650700
2015-09-09,90.06276952371813,90.59441913713124,88.75579661848553,88.9108657836914,979500
2015-09-10,88.63027774071845,89.63450362632095,88.46044865283811,88.90348815917969,591700
2015-09-11,88.5268909558552,89.40558990409014,87.78848999325164,89.36866760253906,629800
2015-09-14,89.32437501438162,90.30644975297896,88.80011095022246,89.91509246826172,634700
2015-09-15,90.00368874232845,90.95622661631177,89.68617611766736,90.6756362915039,814800
2015-09-16,90.47625242289918,90.66085262963276,89.20620209920388,90.14397430419922,922000
2015-09-17,90.18830509548263,91.48050695159688,88.30538013743784,88.88871765136719,978200
2015-09-18,87.6777491652024,87.72205706410503,86.29694264865667,87.37500762939453,1860900
2015-09-21,87.98787123958188,88.93302367595604,87.69988964911977,88.65242767333984,988400
2015-09-22,87.30116746967701,87.92880729908808,86.44461946074632,87.12394714355469,544900
2015-09-23,86.8876590089451,87.67774798719155,86.45938500447977,87.12394714355469,381500
2015-09-24,86.11235438343799,88.51953836259412,85.33703083029812,87.90666961669922,1514400
2015-09-25,89.25790561690691,90.06276558914887,88.99208082181345,89.50157928466797,779800
2015-09-28,88.90349200738275,89.45729282266933,88.4309157623558,88.54905700683594,943500
2015-09-29,88.70408929482238,89.08067529388224,87.78108826132845,88.68193817138672,725500
2015-09-30,89.37606213660342,91.04485005653709,88.11339704017779,90.04800415039062,4744200
2015-10-01,89.80432278436238,90.23259104059224,85.85387331743102,86.50366973876953,3195100
2015-10-02,84.50260240204888,86.14185333251953,82.33170191212267,86.14185333251953,2426100
2015-10-05,86.62923211358975,87.56699919730832,86.43724621631624,87.33809661865234,862400
2015-10-06,87.13870791327462,87.7663476677224,85.9941840530353,86.71043395996094,1097000
2015-10-07,87.33069159075063,88.34230307917669,87.02795008316008,88.3275375366211,925300
2015-10-08,87.77371419703934,89.05114455829572,87.48573830595603,88.75578308105469,985100
2015-10-09,88.60810828916668,89.3022069401684,87.84755626105296,88.29798126220703,926200
2015-10-12,88.29060312600458,88.87394056415818,87.89186592903052,88.733642578125,513200
2015-10-13,88.21678570113232,88.82966000358115,87.84758512860465,88.05433654785156,740900
2015-10-14,87.89186241084415,87.92878471102303,85.6471228919285,85.73573303222656,881500
2015-10-15,86.41506425063123,88.15030539604928,86.06063494132619,88.09861755371094,1528700
2015-10-16,88.4751965230491,88.60072332528833,86.39290618896484,86.39290618896484,1234800
2015-10-19,86.57750456303991,87.2125297806683,83.15132487579223,83.74942779541016,2864800
2015-10-20,83.83803616704478,85.46990142756209,83.623899236902,85.2853012084961,2676000
2015-10-21,85.2853302182456,86.363395188268,84.8422906684979,85.04165649414062,1898000
2015-10-22,85.63975518877166,88.16508539619672,85.63975518877166,87.7220458984375,2265600
2015-10-23,88.68933733867651,90.5279541015625,88.21676118784276,90.5279541015625,1880200
2015-10-26,90.24737018684544,90.98577117919922,89.30221781800103,90.98577117919922,1775400
2015-10-27,90.29903367879366,91.22203467031756,89.72308196145089,90.94144439697266,1703300
2015-10-28,90.8894741277792,93.24358367919922,90.80035747948176,93.24358367919922,2318900
2015-10-29,93.09509158458832,93.6891914330945,91.17912552219978,91.35735321044922,1975100
2015-10-30,91.41674823674757,91.85489807269032,89.00322723388672,89.00322723388672,3524600
2015-11-02,89.80523462260847,90.28051201614738,89.15915175994458,89.31510162353516,1883200
2015-11-03,89.38940294740107,89.78299166022964,88.8621420617481,89.21859741210938,956900
2015-11-04,89.35225886546928,89.63445312279714,88.47596487447174,88.7878646850586,820000
2015-11-05,88.79528874301754,90.08744909360703,88.74330544344654,89.56018829345703,969400
2015-11-06,90.97117466636362,92.38958508888726,90.60729155410957,91.8326187133789,1484100
2015-11-09,91.32763360321302,91.9291554623078,90.31023967363166,91.81033325195312,2899500
2015-11-10,91.34247240074252,92.17421077446954,90.6518339681555,91.71378326416016,2384800
2015-11-11,92.15935598622102,93.08763315301564,91.76576737402075,92.50096130371094,1412900
2015-11-12,91.92915490140882,92.53067675683349,91.63210504308935,92.12223815917967,1829400
2015-11-13,91.87717236361364,92.36729981801668,90.31023987208567,90.94146728515624,1673500
2015-11-16,90.88207068659636,91.81034810862477,90.4439264629617,91.69895935058594,995600
2015-11-17,92.12966410640236,93.4292523327366,91.401897872478,92.28561401367188,1152700
2015-11-18,92.67175272006838,93.0504913330078,90.91916524208804,93.0504913330078,1226400
2015-11-19,93.13963640364736,93.66689726746614,92.4044423164359,93.14706420898438,694300
2015-11-20,93.76342463730774,93.93422446861727,92.44155881619818,92.88713073730467,733900
2015-11-23,93.02080288021207,93.4589469973364,92.50839205477467,92.88713073730467,564100
2015-11-24,92.0702450904165,92.68661682377154,91.34990110178936,92.5232391357422,1055200
2015-11-25,92.56779637495876,93.1321904554234,91.9885523533718,92.7831573486328,689900
2015-11-27,92.97623270129742,93.20644927637387,92.21133327222196,93.1618881225586,236200
2015-11-30,93.14703019402457,93.54061874682571,92.57521403850755,93.07276916503906,1089400
2015-12-01,93.66689182671234,94.11246946896384,92.7460423198524,93.68174743652344,552900
2015-12-02,93.8079614598644,94.07530569247186,92.68660124341386,92.8796844482422,678100
2015-12-03,93.21389319741982,93.48123751977302,90.9266221789332,91.18653869628906,946300
2015-12-04,91.83259599475204,93.88965547313111,91.43900176086392,93.61488342285156,1147200
2015-12-07,93.28072474944734,93.57034679818136,92.39700299442302,93.265869140625,830600
2015-12-08,92.35985102199042,92.8202727908512,91.5503905266251,91.7583236694336,841500
2015-12-09,91.34991338423104,91.92915750821427,89.25572003903902,89.84239196777344,989500
2015-12-10,90.06515630907948,92.03310489128482,89.62701223809707,91.08255004882812,873400
2015-12-11,89.56762764320264,90.05775515008469,88.74331688249808,89.41910552978516,836400
2015-12-14,89.87952058899955,90.28796486821189,88.1046548407042,89.76070404052734,1158100
2015-12-15,90.80778938177474,92.7311827176194,90.33993970504444,92.27818298339844,900200
2015-12-16,92.8202985091462,94.11988667753748,91.63210474548228,93.88224792480467,1036000
2015-12-17,94.3055581713389,94.60260807922111,92.5752533645047,92.63465881347656,1062700
2015-12-18,92.2113322562356,92.24846560638024,89.09975128289429,89.13687896728516,3568400
2015-12-21,90.01319137241023,90.71868551066102,88.64676992419574,89.58989715576172,726500
2015-12-22,89.90180863098996,90.62215280639168,89.07749783911333,90.42906951904295,591500
2015-12-23,90.83004061443992,91.6172233157589,90.377041012453,91.52810668945312,406200
2015-12-24,91.26075388865274,92.08506419071692,91.02311523995196,91.58750915527344,510700
2015-12-28,91.06030603862916,91.13456710087756,89.91666754958501,91.09001159667967,419500
2015-12-29,91.4835916129842,92.2559190514749,91.26823058694548,92.08511352539062,409700
2015-12-30,91.97372135695292,92.0776879698904,91.0454439801856,91.0751495361328,310000
2015-12-31,90.4513486328172,91.26823158015188,89.99092102050781,89.99092102050781,797100
2016-01-04,88.55020461440066,88.55020461440066,86.3149175107137,87.24319458007812,1143600
2016-01-05,87.53283640662994,88.36456922316151,86.94616448596649,87.72591400146484,650100
2016-01-06,86.40406491760479,87.05757587608797,85.6094596377949,85.95106506347656,859700
2016-01-07,84.64403060014148,85.0821747184742,83.09937598134132,83.53009796142578,982400
2016-01-08,84.31727354906505,84.36182904069297,81.65868634401677,81.81463623046875,865700
2016-01-11,81.75522884931137,82.62410063585146,80.44079079471946,81.04231262207031,1260300
2016-01-12,81.97061062992893,82.23795499115332,80.96064430213814,82.05229949951172,1317800
2016-01-13,82.4161483647799,82.54982048055162,79.08177327296146,79.25257873535156,1595200
2016-01-14,79.49766143126412,80.19572203081705,78.28718434008194,79.6164779663086,1148800
2016-01-15,78.58422288464563,78.62877837066588,76.2820968996244,77.5965347290039,1712000
2016-01-19,78.48770152724234,80.37396161932016,77.54456864832602,78.97782897949219,1698100
2016-01-20,77.32178054159309,78.77731852731691,75.68058711382663,77.7747802734375,2039500
2016-01-21,77.76734048569946,77.93814029323661,75.62116435966423,75.9256362915039,1675500
2016-01-22,77.03959340786535,78.21293735576076,75.88853287594083,77.66339874267578,1776100
2016-01-25,77.3589065410082,77.57426752896465,75.38353562700942,75.59146881103516,1607100
2016-01-26,75.94050524340213,78.64364808479702,75.732572050334,78.48027038574219,2693100
2016-01-27,78.20549595191139,81.19826074658486,77.71536853512895,79.86897277832031,2061400
2016-01-28,80.15116393637753,81.3913408717441,79.39369226101564,80.35166931152344,1678300
2016-01-29,80.97547889190338,81.85920061573255,80.64129569425363,81.82206726074219,1821500
2016-02-01,81.52501164078569,81.81463365877194,79.57934635746821,80.32196807861328,1308800
2016-02-02,79.14121639946583,79.14121639946583,77.81192250609378,78.39116668701172,1251700
2016-02-03,78.66591148980697,78.91097799370986,76.61627415255704,78.8441390991211,1245600
2016-02-04,78.64363401958494,81.36162631762677,78.62877841373434,80.34423828125,1011500
2016-02-05,80.35167828826869,81.55472767080923,79.42340101753659,80.05463409423828,1260600
2016-02-08,78.44315802019587,78.98527456068798,77.68568609051124,78.64366912841797,1097000
2016-02-09,77.5593944218234,80.41105837803507,77.48512773620637,79.84666442871094,1411600
2016-02-10,80.3665277720874,80.84923304922846,78.25747902753797,78.3243179321289,1023400
2016-02-11,76.05929905546792,77.07669263554992,74.32156731914489,74.84140014648438,1724000
2016-02-12,76.18556442217051,79.02238501366266,76.18556442217051,78.66592407226562,1365500
2016-02-16,79.99523569644874,81.87406828434406,78.88873060037805,80.85667419433594,1105100
2016-02-17,81.58440587927612,82.49782723470862,80.09916274390353,80.59671783447266,1294600
2016-02-18,80.93092415193144,80.938346290395,78.18322016394596,78.83673095703125,1513000
2016-02-19,78.51741239801707,79.72788400012413,77.85647372467365,79.49767303466797,714800
2016-02-22,80.52990026067147,81.4210440487516,80.44821141909281,81.27252197265625,579400
2016-02-23,80.9309182895293,81.59927331112803,78.3985754812685,78.69562530517578,682400
2016-02-24,77.52225588290295,78.09407759561162,75.71025765775151,77.86386108398438,1040400
2016-02-25,78.09411214445493,78.79960059661677,76.81680172661032,78.1906509399414,1962500
2016-02-26,78.87094669117647,80.25399058720645,77.62246956741109,79.431640625,1323500
2016-02-29,79.49893428487827,79.49893428487827,76.65061045596099,76.66556549072266,1603600
2016-03-01,77.28607291026682,79.08777269448342,77.1290792462618,78.64669036865234,2064700
2016-03-02,78.78124737077624,81.46510576876635,78.29531710618072,81.39781951904297,1976400
2016-03-03,81.19598083489396,82.13794850573792,80.48577060039251,82.12299346923828,973000
2016-03-04,82.42950082346523,83.32660899974725,81.23335468719765,82.40707397460938,1010400
2016-03-07,81.68188885931926,82.29491396116573,81.21090233348562,82.01830291748047,699600
2016-03-08,81.14362904249424,81.42771192353744,80.08204986716704,80.60536193847656,1254100
2016-03-09,81.30813140072213,81.47260260162228,80.33625923377177,80.73995971679688,956100
2016-03-10,81.53985595716571,81.65947341015482,79.28213071690018,80.58293914794922,952500
2016-03-11,81.41276786199019,83.31912399110985,80.87450072314608,83.22193908691406,1492300
2016-03-14,83.16215246477034,83.90227282924839,82.49679588119564,83.40885925292969,835800
2016-03-15,82.45190467120024,83.4387256712927,82.26500671130641,83.26677703857422,662300
2016-03-16,82.9079437152368,83.83495608387439,81.68189344274634,82.72852325439453,756300
2016-03-17,82.44445789836658,83.27428560602222,81.33054723906338,83.04253387451172,746000
2016-03-18,83.44622580725054,84.7694612123842,83.44622580725054,84.18634033203125,2461200
2016-03-21,83.86486292446808,84.73206659724315,83.50601628849903,84.1190414428711,438600
2016-03-22,83.25184155861791,84.48536943982357,83.02008987497787,84.05924224853516,488400
2016-03-23,84.1040856337351,84.49283089771477,83.3415444336055,83.7078628540039,615000
2016-03-24,83.02757238260146,83.17709421684987,82.0482286088922,83.16961669921875,619700
2016-03-28,83.52097630732833,84.27604579863463,82.74347996937391,83.22941589355469,480500
2016-03-29,82.63133955794159,83.14717984258228,81.60714220906542,83.0948486328125,712600
2016-03-30,83.24435383985559,84.70216141304434,82.51171699905879,83.7078628540039,617600
2016-03-31,83.42377299322905,83.99942191999388,82.86307909773444,82.98269653320312,718900
2016-04-01,83.02756309084732,84.3433265666101,81.90617512601719,84.0442886352539,966700
2016-04-04,83.84244894470642,84.45547419314666,83.42379352122126,83.86487579345703,523800
2016-04-05,82.89300498315966,83.09485803201414,82.078132381189,82.22017669677734,599000
2016-04-06,82.11549644118378,83.08736825044495,81.6146112072806,82.8855209350586,498400
2016-04-07,82.07063439569332,82.32481859684498,79.99980742995943,80.5978775024414,775600
2016-04-08,81.37538838870265,82.32483342660396,80.92683432762159,81.38286590576172,681400
2016-04-11,81.84636711656432,83.07988923979138,81.71927215350058,82.06316375732422,672600
2016-04-12,81.82395336768431,83.56584433604125,81.74919529814144,83.31913757324219,450200
2016-04-13,84.32836302550331,86.57113857720634,84.17884123318586,86.3692855834961,854300
2016-04-14,86.10763557276424,88.08875525546141,86.04782685167238,86.8851318359375,835000
2016-04-15,87.14679525662827,87.22155331250045,85.23296164866487,85.8310317993164,893800
2016-04-18,85.48714489382449,86.88514400079507,84.3358525181442,86.57862854003906,959500
2016-04-19,86.32446207502032,88.23829605633797,86.00299723875133,88.10372924804688,915000
2016-04-20,88.46255805469212,90.54086279229064,88.006526502494,89.90541076660156,1090400
2016-04-21,89.24007841433814,89.8306769066472,88.36539125017062,88.44015502929688,856500
2016-04-22,88.11867350233285,89.54657129545843,86.99728547167608,88.99335479736328,698200
2016-04-25,88.46257582911633,89.00084306141507,87.70002868213473,88.8812255859375,744900
2016-04-26,89.2026812780102,89.66619039246125,88.66441410088629,89.43443298339844,530100
2016-04-27,89.40452857585474,90.36892298380576,88.67189157685834,90.03250885009766,827700
2016-04-28,89.06812286376953,90.16708416984834,88.71675366210623,89.06812286376953,961100
2016-04-29,88.70179248478955,89.02325727490823,87.84953805585617,88.45508575439453,1027000
2016-05-02,88.90364431830687,89.26996852574914,88.06634488112373,88.92607116699219,1176400
2016-05-03,87.87942542759642,87.87942542759642,86.30200614664643,87.23649597167969,802300
2016-05-04,86.20483140416594,86.66834049592588,84.61246250285772,85.31520080566406,1084300
2016-05-05,85.4722044577247,86.07775222147517,84.89655535814403,85.38996887207031,656900
2016-05-06,84.97878593193163,85.9058041694211,84.86664598504625,85.7413330078125,597500
2016-05-09,85.6366782998224,85.8609525101403,84.67975560997064,85.14326477050781,674100
2016-05-10,85.80862056540603,86.68330195597036,85.43482451436059,86.56369018554688,665500
2016-05-11,86.15249896524841,87.09446646568286,85.89832042748988,86.32444763183594,646100
2016-05-12,86.82531654037456,87.37853290940028,85.50208148253678,86.0552978515625,431300
2016-05-13,85.83849433057823,86.54123248117776,84.2087439009157,84.64982604980469,580800
2016-05-16,84.48535173639111,85.68149748728543,84.15640951601786,85.26284790039062,560400
2016-05-17,84.9114882520801,85.82355127065044,84.03680710948663,84.60497283935547,478900
2016-05-18,84.61995427706839,87.2888579295933,84.433056246209,87.2739028930664,1161000
2016-05-19,86.63095904157375,87.5355446785414,85.40490861595856,86.58610534667969,684200
2016-05-20,87.14680434490124,87.79721147653373,86.60853716060879,87.01223754882812,394400
2016-05-23,87.0346816973927,87.13187233278742,85.77125477034332,86.5936050415039,377600
2016-05-24,87.10195079199826,88.55227548133264,86.94495714693151,88.06634521484375,563100
2016-05-25,88.75413794728473,89.71105495420825,88.66442483900744,88.96346282958984,1609800
2016-05-26,88.87372468465573,89.23257131299883,88.09622840964037,88.56721496582031,463000
2016-05-27,88.87556079121616,89.7704849243164,88.65746979501627,89.7704849243164,764300
2016-05-31,90.14648024507538,90.3194451640208,89.23651815226076,89.86822509765625,981900
2016-06-01,89.86822211562406,89.87574407545998,88.1836645795591,89.69525146484375,577000
2016-06-02,89.29668995945278,90.33450257845266,89.02595673167674,90.3044204711914,800900
2016-06-03,89.10117105572233,89.10117105572233,87.07067170640606,88.95828247070312,757000
2016-06-06,89.27413682525075,90.73308758534787,88.72515410294615,90.2292251586914,685100
2016-06-07,90.34203389983436,90.4322802366999,89.06357568424208,89.10869598388672,801200
2016-06-08,88.94324475361284,89.61256169260012,88.72515948636406,89.5147933959961,679300
2016-06-09,89.29670500365887,89.29670500365887,88.01824678633207,89.0184555053711,652500
2016-06-10,87.78511784359152,88.58979570362322,87.61966909408619,88.40178680419922,839700
2016-06-13,88.09343538225382,89.46966168320485,87.88286636654935,88.5070571899414,1133400
2016-06-14,88.04081009781264,88.77028556966015,86.47657462597223,86.87515258789062,937600
2016-06-15,87.46925359807348,88.82291989259983,86.88266678297072,87.42413330078125,908700
2016-06-16,86.5667888019218,87.41658667408504,85.92003794785977,87.3113021850586,661200
2016-06-17,87.37148437229357,88.22880438086182,87.21355760624947,88.14608001708984,1583100
2016-06-20,89.2440458185199,90.24425434789376,88.1761568524212,88.2889633178711,937900
2016-06-21,88.6048062151507,88.77777687312661,87.52187345670028,88.64241027832031,597900
2016-06-22,88.56721219119218,89.38693381309535,88.21376035017629,88.23632049560547,522100
2016-06-23,89.43958073000702,90.83836719532717,89.43958073000702,90.56011199951172,776800
2016-06-24,84.80704447508397,86.90522429925798,84.61151936768947,84.70928192138672,2041500
2016-06-27,83.3104981164956,83.80684433833108,81.24992229609367,81.80642700195312,1332100
2016-06-28,83.22023822361325,84.0249158537926,82.0771412285928,83.8895492553711,1137900
2016-06-29,84.8672097252995,85.38611608504768,83.47594512080131,85.34099578857422,1010500
2016-06-30,86.64198943993375,88.92065556548738,86.04036462015077,88.91313934326172,1346700
2016-07-01,88.47698465316226,88.93572680310284,87.49933613155012,88.02576446533203,773300
2016-07-05,87.0481158971717,87.0481158971717,84.28062481236333,84.88225555419922,1228700
2016-07-06,84.29564421419123,85.37105505270988,83.57369092741696,85.29585266113281,866700
2016-07-07,87.1308356332148,87.1308356332148,85.19058261844886,85.88245391845703,625900
2016-07-08,87.206047708989,87.7926345604667,86.76986568286281,87.19100952148438,711300
2016-07-11,87.81519916633341,88.04081215338478,87.40910496976352,87.63471221923828,576800
2016-07-12,88.07090069720995,89.25159650881335,88.07090069720995,88.81541442871094,1009600
2016-07-13,88.89059280744955,89.12372771138469,88.10848094529278,88.7101058959961,586300
2016-07-14,90.36459360587754,90.49995449555216,89.32678088443201,89.83816528320312,780000
2016-07-15,90.05624454997465,90.5450687368006,89.2214847469146,89.53733825683594,598300
2016-07-18,89.5072668628056,89.74040178023746,89.08612879917509,89.1387710571289,461400
2016-07-19,88.69504547483545,89.43955881830983,88.43935048826833,89.28915405273438,690700
2016-07-20,89.09363729292262,89.28916810901124,85.5590673697321,85.58914947509766,2118800
2016-07-21,85.25075791174268,86.07047397936694,84.42351988143501,84.7769775390625,1038500
2016-07-22,85.04769060042679,86.43143888215518,84.70175496438856,86.09302520751953,1025000
2016-07-25,85.82227324527365,86.07044054165135,85.04767204194741,85.25072479248047,812700
2016-07-26,85.10787560474101,86.34121364754705,85.00259106969001,86.07048034667969,819200
2016-07-27,85.97267736933215,87.19849287278815,85.79219049943828,86.4314193725586,1060000
2016-07-28,86.1005670813488,86.79996052318239,85.56662241420788,86.35626220703125,809000
2016-07-29,86.2509589061609,87.02555460321756,85.89750128030184,86.15319061279297,805900
2016-08-01,86.0553886534965,86.86006609255664,84.61148243832612,84.81452941894531,1380700
2016-08-02,84.40846084704857,84.82960461828978,84.09260732179922,84.22797393798828,994900
2016-08-03,84.45359695555285,85.76965920538291,84.35582865923108,85.65685272216797,800000
2016-08-04,85.52147142505045,86.29606701268608,85.24321624584417,85.70948028564453,855400
2016-08-05,86.67958997073032,88.28894504789834,86.33365442249152,88.13853454589844,1210400
2016-08-08,88.4243715210401,88.89815201369147,88.07843573849783,88.53717803955078,845800
2016-08-09,88.4168313502463,88.95829793754001,88.19874032272097,88.40930938720703,698200
2016-08-10,88.19873186553612,88.21377579017214,87.49933854694116,87.66478729248047,542900
2016-08-11,87.86782141438829,88.31152532448829,87.55948985574108,87.8302230834961,588000
2016-08-12,86.94281577976986,87.49932038670242,86.86009142416941,87.46923828125,500100
2016-08-15,87.73248692950322,88.88310062479849,87.73248692950322,88.81541442871094,613900
2016-08-16,88.32655403934028,88.80034000590194,88.16862729634462,88.26639556884766,525400
2016-08-17,88.2739352124979,88.69507904313214,87.91296134346993,88.34162139892578,440000
2016-08-18,88.42434213748184,88.66499328613281,88.06336254571741,88.66499328613281,448900
2016-08-19,88.49955814740856,88.55972237821211,87.97313547181953,88.4845199584961,318400
2016-08-22,88.13855613381678,88.65746245205851,87.82270260861544,88.64994049072266,333900
2016-08-23,88.97331074086551,89.20644562795316,88.71009948535533,88.7477035522461,418200
2016-08-24,88.65744073704361,89.17634692818879,88.11597440499195,88.13853454589844,616300
2016-08-25,88.19120198183091,88.60482380852741,87.87534844375848,88.32656860351562,846100
2016-08-26,88.64995403920047,89.25158481135841,87.63470713156318,88.51458740234375,801500
2016-08-29,88.74018268079023,89.30420926562576,88.71762253540882,88.89810943603516,774400
2016-08-30,89.14777039455427,89.38986085917232,88.436649855879,89.23098754882812,1641400
2016-08-31,89.23852755961812,89.72269680016196,88.67870795744292,89.51844024658203,935200
2016-09-01,89.78325603012374,89.96481812646763,87.82387796544693,88.75439453125,774600
2016-09-02,89.05700319682458,89.19317621404547,88.36101034069789,88.76952362060547,1068200
2016-09-06,88.93593974482032,89.04185142856187,87.1127408131943,87.60447692871094,905700
2016-09-07,87.22621704642921,87.75577545166016,87.0143879125831,87.75577545166016,667400
2016-09-08,87.85411972475414,88.451767504457,87.5439514530181,87.91464233398438,1465800
2016-09-09,87.79363506759938,89.04944792479364,87.5137222261241,88.58040618896484,1531600
2016-09-12,88.14916679675868,89.51846351676912,87.49856890020499,89.36715698242188,818800
2016-09-13,88.16430163734422,88.43664763143487,87.0976121985302,87.8616943359375,732500
2016-09-14,87.71795471939531,88.59551531780276,87.30944149931373,87.43048095703125,779900
2016-09-15,87.21109217512017,87.78604548061922,87.01439656002101,87.49100494384766,638200
2016-09-16,87.08248671009034,87.08248671009034,86.18979832203961,86.85552978515625,1241300
2016-09-19,87.24892195422281,87.72552457558892,86.62857956074042,87.02196502685547,508500
2016-09-20,87.58177179639725,87.86168452901222,87.15055831584385,87.24890899658203,349900
2016-09-21,87.75577311749466,88.39880995581524,87.09760274128216,87.52881622314453,534700
2016-09-22,87.74820725217818,88.2021152737992,87.38508314358283,88.17185974121094,568500
2016-09-23,87.78603521913753,88.9132413886767,87.76334068384703,88.60307312011719,891800
2016-09-26,88.11891552999242,88.11891552999242,86.23518804546467,86.36380004882812,633800
2016-09-27,86.07629077998057,87.4077590281515,85.92499006230878,87.40019226074219,447100
2016-09-28,87.6801396201813,87.88439624700935,86.43188800449627,87.5363998413086,569300
2016-09-29,87.24890813642232,88.36854751233693,86.15195752354586,86.65126037597656,809200
2016-09-30,87.21108618902613,88.27020880379945,86.53778800806927,87.83142852783203,708900
2016-10-03,87.46830693493462,87.89195368440973,86.99169857002104,87.15056610107422,591500
2016-10-04,87.5136971459762,88.6106421101558,87.16570077270713,88.11891174316406,540300
2016-10-05,88.42908732476583,89.70760023648216,88.22483070014626,89.314208984375,640400
2016-10-06,89.09482553084977,89.84378001163627,88.63335639811197,89.52603912353516,494400
2016-10-07,89.34445434205719,89.49576086268159,88.2550762523295,89.14019775390625,440400
2016-10-10,89.54117110299654,89.83621167327786,89.10239074707638,89.18560791015625,524700
2016-10-11,89.14019801535024,89.43523851674115,87.51368898732746,87.80116271972656,1010300
2016-10-12,87.99030156346807,88.80733955502788,87.77847818160166,88.40638732910156,614300
2016-10-13,87.36994517769591,87.36994517769591,84.91883736775975,85.61483001708984,1142800
2016-10-14,86.74206471024348,87.24892867910977,85.9250266348515,86.14441680908203,1138800
2016-10-17,86.71179368185685,87.13544044158066,85.97040608058593,86.24275207519531,571400
2016-10-18,87.05222858359389,87.42291952089695,85.80397699434364,87.20352935791016,831500
2016-10-19,87.90708404175957,89.7983724744287,86.66639929166897,88.89055633544922,1511300
2016-10-20,88.83758446603086,90.13879159648128,88.73167279464566,89.91183471679688,1078900
2016-10-21,89.04184864998058,90.04801538588157,88.73924714687826,89.95723724365234,630800
2016-10-24,90.1842110469568,90.55490202169152,89.76056421868854,89.9648208618164,667300
2016-10-25,90.00263351376675,90.31280181078203,89.47306929747225,90.06315612792969,591700
2016-10-26,89.87402699800332,91.06175588129312,89.42011316499747,90.9255828857422,589100
2016-10-27,91.47029092237088,92.8320153451293,90.84994267794956,92.2797622680664,989300
2016-10-28,92.5747962957419,92.69583576460076,91.5156735273918,92.34783935546876,864400
2016-10-31,92.59747076654088,93.30859119988132,92.37808064429372,92.8471221923828,915200
2016-11-01,93.301015794216,93.301015794216,91.9544197368482,92.96814727783205,959300
2016-11-02,92.3780799362196,92.56720875342228,91.4853916881528,92.151123046875,1234700
2016-11-03,92.4839807227244,92.9151941443038,91.46268638443138,91.8485107421875,885300
2016-11-04,91.75017087788586,92.72607626726212,91.0163501436589,92.151123046875,879600
2016-11-07,93.14972345579416,94.5190200242628,92.9908559411272,94.47362518310548,1258300
2016-11-08,94.04240039657992,94.8670049460006,93.3388410466808,94.6627426147461,1094000
2016-11-09,94.90485549710183,99.92055633931074,94.63250948884824,99.51203155517578,2238600
2016-11-10,99.97346747531174,102.28084087658,97.7871392624553,101.15364074707033,2907900
2016-11-11,100.85107984859496,103.00715364934877,100.38960493006743,102.8861083984375,1585200
2016-11-14,103.45346671626818,106.35092168484049,103.45346671626818,105.8743133544922,1671300
2016-11-15,102.71964492866752,105.16318607785566,101.84965696446804,105.04215240478516,1447100
2016-11-16,103.55183454879116,104.22513281192538,102.96931444227889,103.4459228515625,995500
2016-11-17,103.83929025050952,106.00292456043324,103.6728559540917,105.84406280517578,1590900
2016-11-18,106.08614654181451,107.4176209738176,105.50363802132156,106.8653564453125,1331100
2016-11-21,107.17550211750768,107.17550211750768,105.7532499123618,106.71402740478516,898300
2016-11-22,107.0468969719093,107.91688480339543,106.73672298056,107.64453887939452,1451000
2016-11-23,108.11360454008712,108.93064245117196,107.00152612306948,108.61290740966795,1028700
2016-11-25,108.58267038750188,108.7188491821289,107.87911650304582,108.7188491821289,324700
2016-11-28,107.72778075675696,108.3632624210752,106.17693353076972,106.45684051513672,1237000
2016-11-29,106.78972233449976,107.22093013289148,106.26772483367596,106.50980377197266,930100
2016-11-30,108.17483457720051,109.77145964613445,107.72626305063284,109.43692779541016,1255500
2016-12-01,110.04514589156496,111.99150000325388,109.74102081087256,111.8318328857422,1503000
2016-12-02,111.20083186550684,111.69503097326916,110.03758050901187,111.12480926513672,749700
2016-12-05,111.95351832432104,112.8734810327318,111.44412170439384,112.02194213867188,1531500
2016-12-06,112.83545133231776,113.30683080233624,111.87747163365056,113.2155990600586,711500
2016-12-07,113.5045247701372,115.19238192652465,113.00273849214403,115.02511596679688,891700
2016-12-08,115.56491715123676,117.66332857571284,115.1543626816699,116.70536041259766,1310700
2016-12-09,116.56092038406146,117.22237386526876,115.38245984536148,117.21477508544922,1079900
2016-12-12,116.56854427491642,117.68616829982616,115.13918462222765,116.17318725585938,929400
2016-12-13,116.70536687219524,117.18435678085912,115.4888893522699,116.49248504638672,1175300
2016-12-14,115.81580198744088,117.47324042397663,115.50407808292962,116.21875762939452,1858000
2016-12-15,116.3632425301656,117.77739279356288,115.31403090213828,116.9714813232422,1019900
2016-12-16,116.70537147079853,117.39724323253311,115.63335191925675,115.9374771118164,2080200
2016-12-19,116.15035838780788,117.24518587338126,115.42807991088344,117.2223663330078,677100
2016-12-20,117.8458068407612,119.57168093766528,117.83059768186816,119.38160705566406,853900
2016-12-21,119.40439498403966,119.40439498403966,118.49204282356035,118.53765869140624,937700
2016-12-22,118.41603966894012,118.78858868927088,118.04349064860936,118.62892150878906,954800
2016-12-23,118.67453028367508,119.45763377649094,118.22595869093388,119.44243621826172,506300
2016-12-27,119.73133715275024,120.20272827148438,119.25995763520524,120.20272827148438,467700
2016-12-28,120.392792341959,120.392792341959,118.80376599239982,119.10028076171876,439500
2016-12-29,119.1535179381687,119.42722479657326,117.70135067271153,118.32479858398438,509000
2016-12-30,118.87219286242164,119.23713141355532,118.1194962245952,118.9330062866211,836900
2017-01-03,120.27872592194612,122.2250802244161,118.40840579739849,119.168701171875,1259100
2017-01-04,119.2903438172505,120.31674724942664,118.9406144293356,119.8985824584961,765900
2017-01-05,119.56405979440837,119.6781110740556,117.35160882398372,118.13471221923828,952100
2017-01-06,118.53768052003936,119.45763162750563,118.2259565641058,119.03186798095705,932000
2017-01-09,118.22593497501956,119.2143213175562,117.58728962181884,118.57567596435548,695700
2017-01-10,118.69732526916324,119.71613001762708,118.18792869552544,119.13829803466795,674500
2017-01-11,118.94823689600786,119.43482558567328,118.08150043000416,119.3740005493164,679700
2017-01-12,118.90262551795144,118.90262551795144,117.26038427774722,118.11192321777344,827900
2017-01-13,118.8189878445183,120.69691878456864,118.21074908316132,118.65933227539062,934900
2017-01-17,117.10072164370952,117.30599308546928,115.91466246434086,116.08191680908205,1078400
2017-01-18,116.73573019712728,117.73932551819172,115.71693732357524,117.57205963134766,1065800
2017-01-19,117.84581512379214,119.67051987878136,116.03630792757508,118.11192321777344,890000
2017-01-20,118.4083919716109,119.9061746125381,118.21831815018548,119.38916778564452,632900
2017-01-23,118.53765501844391,119.47281508386968,118.08908353027572,118.56046295166016,1143800
2017-01-24,119.19149877510397,121.81451526948292,118.83415905197444,121.33552551269533,832000
2017-01-25,122.25549168852052,123.83690737099884,121.70047934457124,123.31990051269533,1065600
2017-01-26,123.45678851133331,124.66565558682343,123.0842395353519,124.40715789794922,894100
2017-01-27,124.23221500461406,125.09135218210234,123.94331075470872,124.71880340576172,639600
2017-01-30,124.64282312263288,124.64282312263288,122.70406763520371,124.11821746826172,708800
2017-01-31,123.28946486248276,124.11818379542392,122.70403434601984,123.60118865966795,982300
2017-02-01,124.6808340446811,126.46752109086262,123.63922156462208,123.71525573730467,1136800
2017-02-02,122.71928327228376,123.89013308351336,122.04262083047465,123.2514877319336,819700
2017-02-03,124.60480499267578,125.04577768974768,123.71526082142584,124.60480499267578,1272600
2017-02-06,123.63923995671604,124.6732422126094,122.84093903072636,124.2702865600586,693000
2017-02-07,124.87852111816406,124.87852111816406,123.41875532280656,123.54800415039062,847400
2017-02-08,122.91695502123989,124.07260726906716,122.23269380675062,123.77609252929688,845700
2017-02-09,123.88254818987356,125.57800387319732,123.20588567222858,125.05339813232422,788100
2017-02-10,125.55520701985736,126.19385249938732,125.00019451511272,125.68445587158205,634000
2017-02-13,126.28513231619677,127.95017031116969,126.15587182596182,126.8173370361328,959200
2017-02-14,126.95414858541562,128.55077389214412,126.56640202861104,127.89691925048828,1077600
2017-02-15,128.45191641852557,129.86606644666958,127.71442888979956,128.58877563476562,950700
2017-02-16,128.39111558507014,128.6116078080129,126.55881198705885,127.41033935546876,1183000
2017-02-17,126.57399573205174,127.74485733701763,126.39913100966452,127.66122436523438,730800
2017-02-21,127.91972989997691,128.74085050930825,127.26587524446435,127.67642974853516,809400
2017-02-22,126.87815933405082,128.1934677421496,126.73370128437897,127.75249481201172,928600
2017-02-23,127.9957753594189,129.31868234541392,127.26588644206343,129.08299255371094,877600
2017-02-24,128.15538072038436,128.58875463297753,127.29624327336114,128.239013671875,1257600
2017-02-27,128.2922981080461,128.61162090371445,127.61563541220792,127.69165802001952,991300
2017-02-28,127.11377621318124,127.79043858290213,126.2850570999294,126.9465103149414,1042200
2017-03-01,128.97656122878206,132.07856905635742,128.8321031905492,130.93052673339844,1049600
2017-03-02,131.35046264966724,131.35046264966724,127.19637360795966,127.6163558959961,877900
2017-03-03,127.72330448777272,128.55566062570284,127.59349025479618,128.2960205078125,621000
2017-03-06,127.18871312761324,128.1966984503036,126.00509823576266,127.50180053710938,805000
2017-03-07,127.364334985646,128.2730457937398,126.47854352616378,127.31851959228516,614600
2017-03-08,128.34183792249954,128.66255747136313,126.86041073112736,127.26512908935548,538200
2017-03-09,127.74619574251348,128.112742337522,126.7153140303834,127.16584777832033,608400
2017-03-10,128.0058205737563,128.0058205737563,125.7607724675766,126.9062042236328,913500
2017-03-13,126.82983831405988,127.16583349577942,126.066217138128,126.36402893066406,988800
2017-03-14,125.92874067142262,126.97489770254433,124.85966429074848,126.73054504394533,534500
2017-03-15,127.1658114303998,127.31853330869951,124.9054996669264,125.0429458618164,789500
2017-03-16,125.042956043112,126.44038406460442,124.66114549030858,125.60803985595705,718200
2017-03-17,125.47822060545282,125.89820287505115,123.28662019743818,123.77533721923828,2603100
2017-03-20,123.45463410453424,124.46261964961006,122.6833809116028,122.8971939086914,875800
2017-03-21,123.67607673224738,123.92806143797932,118.20854693717487,118.39945220947266,1337200
2017-03-22,117.81142849678176,119.23939581452215,115.82600954695587,118.17796325683594,1004300
2017-03-23,118.0939764598609,120.27030085030556,117.26163241234448,118.33834075927734,965700
2017-03-24,119.07141035366443,119.78158390340376,117.2692760791582,118.33834075927734,875500
2017-03-27,115.52823777413025,117.94892705484058,114.1689930696682,117.72747039794922,811000
2017-03-28,117.826731210075,119.67469276640465,117.399105283246,119.1707000732422,877400
2017-03-29,118.5598247631922,119.00272646282576,117.62057393827936,117.92601776123048,457100
2017-03-30,117.6969770868174,120.17110311222486,117.6969770868174,119.61366271972656,756200
2017-03-31,119.04091667020488,119.56018518127806,117.98711561239136,118.15511322021484,504700
2017-04-03,118.567440487328,119.0332497812994,116.44457495793232,117.97181701660156,820700
2017-04-04,117.45254946525098,118.52925792047996,117.16236974349025,117.74272918701172,659900
2017-04-05,118.88054399583096,119.32344569443237,116.14679032656504,116.36060333251952,575300
2017-04-06,116.35297870412296,117.36096445595018,115.45954314333252,117.1166000366211,798100
2017-04-07,116.3605871603982,117.52128284513869,115.85659443700828,116.84930419921876,589300
2017-04-10,116.64312677148698,117.45256329917612,115.2762500854346,115.7267837524414,548200
2017-04-11,115.13115251844354,115.6733169555664,114.28353266074951,115.6733169555664,616000
2017-04-12,115.03190985437138,115.7268080198722,113.65738921160492,114.40574645996094,1071200
2017-04-13,113.93228852011532,114.81809196930496,112.67231811451336,112.96248626708984,1516500
2017-04-17,114.16898747446812,117.49074394957404,113.87117570891564,117.37620544433594,1406000
2017-04-18,116.9715235939114,117.97187744234874,115.02429829327598,115.95591735839844,1264900
2017-04-19,116.91039101799706,117.41437207105692,115.4365962870818,115.6733169555664,802200
2017-04-20,116.73473873530244,118.23144102463874,116.2002063648008,117.81144714355467,613400
2017-04-21,117.49837929384476,118.5521801796157,117.18530348668224,117.5289306640625,630600
2017-04-24,120.32377788984162,121.31647596174578,119.66706330194324,119.8656005859375,693300
2017-04-25,120.92703839287093,122.11065343345292,120.39250595091131,120.44595336914062,862600
2017-04-26,120.11763634695748,121.85106001139177,120.11763634695748,121.17906951904295,726700
2017-04-27,121.27069309649816,121.75941024754128,119.36928357462747,119.85035705566406,357200
2017-04-28,119.7052514089148,120.3696097556491,118.62855440574062,118.67436981201172,432800
2017-05-01,119.79688010608734,120.5681332108639,118.65908048939735,119.85797119140624,593500
2017-05-02,120.26269450502464,120.55286260760302,119.08671145395348,119.7357940673828,459300
2017-05-03,119.05617644876016,122.10301738400943,118.84236345863508,121.64485168457033,620600
2017-05-04,122.40080176904108,122.851347002752,120.79720470204678,121.48445892333984,949600
2017-05-05,121.67539215781416,121.88157313240326,120.48414501918228,121.3623046875,365900
2017-05-08,121.21719772157128,122.18698797007367,120.74374479393224,122.10298919677734,422700
2017-05-09,122.23284826438044,123.58444936788736,121.28595380347171,121.6524887084961,486100
2017-05-10,121.21722570432016,121.7746658820081,120.79723174088376,121.64485168457033,442100
2017-05-11,121.15613288980636,121.63720628477446,119.77398049047687,120.9804916381836,426600
2017-05-12,120.09472968727287,120.67507770267798,119.35401606590838,120.507080078125,564500
2017-05-15,120.60634282763984,122.66811788487456,120.30088733460856,122.5917510986328,1171300
2017-05-16,122.75973570388534,124.85206191476806,122.39320080300747,123.98916625976562,1274800
2017-05-17,123.98915410134424,123.98915410134424,118.72017317964084,119.52960968017578,1082600
2017-05-18,119.33106142137405,120.79721239829392,118.84997644465908,119.94959259033205,892000
2017-05-19,119.98780054285947,121.3546773373313,119.70525278105818,120.11761474609376,843000
2017-05-22,120.56813888247088,121.37757541013984,118.96452986023088,121.224853515625,641100
2017-05-23,121.24011310784638,123.82878791024292,120.97284108897152,123.1720733642578,580900
2017-05-24,123.4546205393802,123.53098730934974,122.04192851040908,122.49246215820312,956000
2017-05-25,122.73681553640075,123.56917138677356,122.1488356816865,123.09571838378906,782100
2017-05-26,122.5993719647482,123.41644049626764,122.17174600597912,122.33209991455078,410500
2017-05-30,121.99453157263017,122.04057418503122,120.04581575699584,121.27336120605467,475400
2017-05-31,121.37306653491612,121.65694324065782,119.06376014682908,120.04579162597656,1072500
2017-06-01,120.88207627211412,121.9945327611196,119.31696693072053,121.75669860839844,625800
2017-06-02,120.85135338107378,121.7796742353114,120.07646102586055,120.9050521850586,644800
2017-06-05,120.93580090385608,122.10195635040404,120.36039109691406,120.59054565429688,639200
2017-06-06,119.59315935820412,120.09951101217148,118.99473418890943,119.58547973632812,589500
2017-06-07,119.85400340294836,120.8206874685608,119.4090185041534,120.23760986328124,705100
2017-06-08,120.23761006810138,123.3064617559922,119.57013857214196,122.04823303222656,832300
2017-06-09,122.81545909235332,125.8459481169833,122.81545909235332,125.33191680908205,698500
2017-06-12,125.43932729256632,125.7922504285759,124.1657508847486,124.62608337402344,915200
2017-06-13,125.14015712270796,125.70789915777443,124.28854992348094,124.81024932861328,709500
2017-06-14,123.26040988180996,124.81017129166028,122.10959069465515,124.71044158935548,638200
2017-06-15,124.11201944383316,125.0480200077596,122.83844337072163,123.91253662109376,407000
2017-06-16,124.0276409232737,124.82553719280922,123.33714228533462,124.03530883789062,860700
2017-06-19,124.89461346890177,125.15547481599704,124.15042754359996,124.79488372802734,381200
2017-06-20,124.21951050997907,124.88698234716486,123.82822422742512,124.13511657714844,617300
2017-06-21,124.58006147522748,124.58006147522748,123.199075614281,123.54431915283205,397100
2017-06-22,123.06863512457284,123.27577419727815,121.5802400921463,122.36280059814452,436000
2017-06-23,122.95353956111076,122.95353956111076,120.69026376606898,121.09688568115234,885900
2017-06-26,121.41913308123998,122.1710102991108,120.65192003122311,121.84110260009766,375700
2017-06-27,122.70034936618792,123.77445441423951,122.06357298245676,122.10960388183594,419600
2017-06-28,123.19140161536362,124.24247971833556,122.89985691835288,124.01998138427734,623000
2017-06-29,125.14011285818351,125.74620597702318,122.20935357988648,123.65938568115234,1347700
2017-06-30,124.49568931946452,124.7642069155852,122.54696123447336,124.25017547607422,747000
2017-07-03,125.04037341668212,126.78961814748617,124.55703717971096,126.0607681274414,386300
2017-07-05,126.1605224609375,126.84334164313722,125.17849064174558,126.1605224609375,533600
2017-07-06,126.11454325606095,126.99683398908398,125.3933607823042,125.50843811035156,700100
2017-07-07,126.3752946143952,126.88932579071918,125.53135584327316,126.67450714111328,549600
2017-07-10,126.35998597782395,126.89703276715814,125.81527127247858,126.09913635253906,579300
2017-07-11,126.52108701925128,127.49543901090787,125.3319046371238,126.7205581665039,987200
2017-07-12,126.49804914188326,126.97371732771,125.60041157827236,126.77424621582033,630600
2017-07-13,127.0351570286133,127.97882594191526,126.53646144824695,127.77167510986328,443400
2017-07-14,126.71286977648906,127.70256914470112,126.05306629543487,127.18087005615234,488000
2017-07-17,127.01211769674184,127.62589045357986,125.96102789963147,127.34969329833984,596700
2017-07-18,126.45972077143826,127.28063259767596,126.08378218529718,126.95840454101562,1051400
2017-07-19,127.98646655206689,128.0094820034187,123.4445557063016,124.65675354003906,1550900
2017-07-20,124.76416770652656,125.0173493879274,122.04057106615706,123.01492309570312,792500
2017-07-21,122.41650312788792,123.19139574210614,120.9357876725946,121.30404663085938,679800
2017-07-24,121.38076745282956,123.79748359214751,121.38076745282956,123.01492309570312,956300
2017-07-25,125.14774238236318,125.75384702201032,123.58263349395688,123.90486145019533,1316800
2017-07-26,124.26546820195408,124.26546820195408,120.87438875652424,121.20428466796876,930200
2017-07-27,121.26568733029852,122.04057996809848,120.65191457668462,121.99453735351562,836800
2017-07-28,121.98687538873854,124.035332834797,121.54189041332906,123.2067413330078,724500
2017-07-31,123.38318818375568,125.99937536016266,123.09164352617913,125.17078399658205,690500
2017-08-01,125.7308519220429,126.69753594719204,125.39327637800172,126.32927703857422,947100
2017-08-02,125.96867023931902,126.5440798335372,125.50833788124925,126.52873229980467,436900
2017-08-03,126.3139168838502,126.49805217313336,125.13241430448068,125.66178131103516,607800
2017-08-04,125.81522379621455,126.7512242930303,125.1477407393701,125.50066375732422,679000
2017-08-07,125.31658385829184,126.29094776473524,124.84858340307818,125.53140258789062,479800
2017-08-08,125.2859450851948,127.89446584847936,125.20921906584948,126.10685729980467,570600
2017-08-09,125.3088532909258,126.09908144544607,124.61835482809408,125.05567169189452,761100
2017-08-10,124.28851445422238,124.7718624232574,121.69533059167432,121.77205657958984,806300
2017-08-11,122.29370943698488,122.86911900781148,119.70820617822676,120.14552307128906,658000
2017-08-14,121.1275719253895,122.569924163546,121.1275719253895,122.05589294433594,379200
2017-08-15,122.83849270111288,123.30649317101918,121.51888520258171,121.60327911376952,391900
2017-08-16,122.0789656448659,122.55464580896194,121.32709995591684,121.68002319335938,419100
2017-08-17,121.38076124942395,121.57256447946388,117.91295557241511,118.0510482788086,509700
2017-08-18,117.41425028413953,118.75687278160052,116.64703742844752,117.71346282958984,619500
2017-08-21,117.73653779665952,117.73653779665952,116.45528150542276,116.99234008789062,610800
2017-08-22,117.36056992543593,117.98201056318304,116.84653863610508,117.84391784667967,457400
2017-08-23,117.02297454064286,118.62644658021786,116.93858065925792,117.54468536376952,471500
2017-08-24,117.7978808822648,117.86693895056844,117.05369502974828,117.25316619873048,407400
2017-08-25,117.62142164988208,118.54207489673782,117.62142164988208,117.9973602294922,488200
2017-08-28,118.1814572634252,118.52671239671058,116.0639541014312,116.61634826660156,481500
2017-08-29,115.02824206191195,115.4809066392322,114.43749646745847,115.18169403076172,906600
2017-08-30,115.46699981367289,115.89108797577532,114.91183199519696,115.1123046875,658300
2017-08-31,115.69830834476348,115.69830834476348,113.91715003503892,114.00967407226562,570400
2017-09-01,114.62655830058588,115.95279141874272,114.19476366035278,114.8887176513672,797100
2017-09-05,113.84001638590928,114.23325523212264,111.9894654130608,112.15138244628906,692900
2017-09-06,112.93017454034178,113.21546479875812,111.48827512431993,111.92778778076172,473500
2017-09-07,111.99717424033253,111.99717424033253,108.81267250901564,109.8536148071289,751000
2017-09-08,109.76875465786414,111.59617395713023,109.62225050441025,111.0872802734375,723000
2017-09-11,112.82994382534808,113.8631681104467,112.23622047593302,112.97644805908205,737700
2017-09-12,113.47763122681164,115.3898690749815,113.1460789342274,114.90410614013672,835900
2017-09-13,114.44152406453576,116.2689452785403,114.14080903228788,116.04534149169922,970000
2017-09-14,115.99126123612572,116.41534918908204,115.35128786636274,115.5980224609375,1801800
2017-09-15,115.44384773889487,115.6674514023778,114.51857213209202,115.65203857421876,1566300
2017-09-18,116.14550827383842,117.52570925163428,115.77538865505808,116.9474105834961,696600
2017-09-19,116.8163273182472,118.37388164350168,116.46163230269804,117.74932098388672,496800
2017-09-20,118.01919908651352,119.61530917670213,116.95512569305446,119.17579650878906,690400
2017-09-21,119.1912672451292,120.1473923866121,118.91368328570007,119.0678939819336,524500
2017-09-22,118.8827508325289,118.99841759784309,118.13482889129642,118.6051788330078,496400
2017-09-25,118.48955160801395,119.37628337593948,118.04233251702428,119.29146575927734,664000
2017-09-26,119.73868041800748,119.9391648508606,118.72088072124554,119.8543472290039,643400
2017-09-27,121.53528801600486,122.730441379517,120.58688115370434,121.75890350341795,804300
2017-09-28,121.905301907584,122.79972778397185,120.58677643844842,122.76889038085938,820100
2017-09-29,122.85374994475244,124.74285625860227,122.56845974776913,124.1722640991211,647300
2017-10-02,124.27248824881735,124.65802057387997,122.84602570539346,124.44212341308594,675000
2017-10-03,124.58866108174009,125.07443570691082,123.570849822433,124.3804702758789,422200
2017-10-04,124.14147885571904,124.6657974667907,123.37812018493224,123.90245056152344,431000
2017-10-05,123.94868426122608,124.91251539856064,123.27014337557716,124.58096313476562,697700
2017-10-06,124.88165811940137,125.54477430705464,123.9332399599164,124.97418212890624,447400
2017-10-09,125.12839675523732,125.4985045706682,123.96409312465522,124.27251434326172,344700
2017-10-10,124.21085095301304,125.9149096828024,124.21085095301304,125.80696105957033,527500
2017-10-11,125.39057663580894,126.2310463612501,124.6811983036745,125.79924011230467,443100
2017-10-12,125.87632840862628,126.84015940716095,125.4830895968096,125.55248260498048,652600
2017-10-13,125.18238849058616,126.2001880183161,124.06433499756108,125.8455047607422,598800
2017-10-16,125.7606938864785,126.80934265437185,125.7606938864785,126.62428283691406,728300
2017-10-17,126.86329109649505,126.99437070114338,125.84549167460176,126.56257629394533,573800
2017-10-18,126.02285853460066,126.3775418263561,123.12364676450812,123.84844970703124,1302500
2017-10-19,123.03109586733986,126.14620420401822,122.83062325775757,125.11296844482422,734600
2017-10-20,126.7322596202832,128.26668339656038,126.32359606073794,127.37995147705078,993900
2017-10-23,127.46471830737268,127.80398869680285,126.82473312104122,127.17942810058594,594600
2017-10-24,127.47243339213266,128.92202715882203,127.26424260994034,127.80398559570312,699600
2017-10-25,128.7524491464118,128.9143779968096,127.04840183706682,127.84259796142578,663700
2017-10-26,128.55194312099388,129.70854048945375,127.63437399286636,129.23048400878906,699100
2017-10-27,128.88353772853498,129.68545208947984,128.19729020174677,129.40016174316406,458800
2017-10-30,128.78330119693405,129.6314657798974,128.2127087656342,128.69076538085938,558700
2017-10-31,128.38232428947177,129.84734310368484,128.32063767674975,128.59051513671875,606600
2017-11-01,129.2535962584214,130.17887166581556,128.6598730677581,128.9837188720703,638000
2017-11-02,129.01458497229874,130.62610779278305,128.2974884958024,130.33309936523438,543700
2017-11-03,129.739375996795,130.59525850746047,129.1071088960918,130.12490844726562,747400
2017-11-06,129.6931293289474,130.44876972692344,129.68542291461227,130.0863800048828,521000
2017-11-07,130.27914873609788,130.6723876540105,125.42914325425065,125.59107208251952,1061100
2017-11-08,125.44454797919634,125.68357621098,123.6325407938744,124.30337524414062,1142400
2017-11-09,123.58629158093224,124.02580425818876,120.81045300225308,122.29861450195312,1114000
2017-11-10,122.2909206861316,122.81523926860908,121.10347392966624,121.1343231201172,727000
2017-11-13,120.48656856522196,123.19301325456996,120.10875438343706,122.93856048583984,1092800
2017-11-14,122.27544454574394,124.28792393286992,122.27544454574394,123.91781616210938,505400
2017-11-15,123.223884190432,124.70432743947974,122.59161706790395,124.31108856201172,589400
2017-11-16,124.70429962942214,125.51391997590878,123.1775947076711,123.2701187133789,514500
2017-11-17,122.55308146271383,124.38822005466464,122.05188211872174,123.80992126464844,371400
2017-11-20,123.93330578568629,124.62727152210984,123.65572184422108,124.61184692382812,291100
2017-11-21,124.9742037084055,124.9742037084055,123.06967241380492,123.5168914794922,596000
2017-11-22,123.75598088338582,124.36511729470456,122.81528027436995,123.30876159667967,409800
2017-11-24,123.82530951354492,124.00266291178318,122.56076354769306,122.70726776123048,180700
2017-11-27,122.66100218561172,123.6556707012546,122.26004515476758,122.98484802246094,361900
2017-11-28,123.32411618097288,126.94041227415896,122.94629016217924,126.716796875,758300
2017-11-29,127.22571331973808,131.6053564702057,127.22571331973808,130.39479064941406,766800
2017-11-30,130.91367647879187,133.12874597732264,130.19339746817766,130.85171508789062,1075600
2017-12-01,131.3473917419159,131.65719869015933,126.45256013893696,131.25445556640625,699200
2017-12-04,133.26821896540883,136.7921844659203,132.78028018992117,133.40762329101562,846600
2017-12-05,133.8490979935229,134.42997300359514,131.6417682280754,131.99803161621094,598000
2017-12-06,131.5798057277829,132.609892155333,131.0066714680982,131.28549194335938,436800
2017-12-07,131.08408759099348,132.8964142374848,130.3560559078913,132.49368286132812,463800
2017-12-08,133.17523246732804,133.22945312358112,131.85858522804924,132.99710083007812,401700
2017-12-11,132.91195232971944,133.05135666430397,131.2157953513446,132.05999755859375,658300
2017-12-12,133.07456189167473,134.35248184010234,132.46270042895355,133.59347534179688,945800
2017-12-13,133.7793748868643,134.5848614639387,132.23812752872982,132.45498657226562,514200
2017-12-14,132.8886839655498,132.98162016461245,130.5419503957807,130.92144775390625,479200
2017-12-15,131.93607974238253,133.70193879715154,131.22352934252012,132.36204528808594,1478000
2017-12-18,133.57798672384982,134.86365927889918,133.4230891213217,134.654541015625,779700
2017-12-19,135.38257329853118,135.73109586012103,134.14336883740103,134.68551635742188,612800
2017-12-20,135.52972540766626,136.14931579858592,133.18299193916704,133.62445068359375,624400
2017-12-21,134.8791373146739,135.28962126893626,133.7561149526745,134.44541931152344,444500
2017-12-22,135.1579793293208,135.1579793293208,133.04359781693466,134.04270935058594,332200
2017-12-26,134.18989023996798,134.69332242262152,132.50922635133895,133.20628356933594,308200
2017-12-27,133.4772613484033,133.4772613484033,132.17610766258673,132.8809051513672,364600
2017-12-28,133.04359267710177,133.46956998825104,132.64860198018008,133.43858337402344,224200
2017-12-29,133.58571398656125,134.04267782210837,132.39298956773916,132.4317169189453,414100
2018-01-02,133.58575444640846,133.91104302279095,131.6649977877029,132.58665466308594,424000
2018-01-03,132.44716980125105,134.4221461069568,131.95924309879902,134.07362365722656,437600
2018-01-04,134.2982522834785,136.86185638992268,134.02718446100755,134.32923889160156,628300
2018-01-05,135.11927005509125,136.69924479504203,133.05134473404928,133.84909057617188,549700
2018-01-08,133.7096670525845,133.92652608691765,133.00486928203625,133.53927612304688,488900
2018-01-09,134.29051521432268,136.75343063863968,134.1511109277401,135.46775817871094,539100
2018-01-10,135.7310727131586,138.18623534921963,135.47548639346468,136.892822265625,549900
2018-01-11,137.3420529960975,138.01586405038796,136.3429416211883,137.8532257080078,342000
2018-01-12,138.38761337428068,139.01496811569027,137.5589047648455,138.26370239257812,439600
2018-01-16,138.77486195838534,139.27055315226193,136.96253534800596,137.69056701660156,607900
2018-01-17,138.24825651248688,139.107952025702,136.00221113385484,138.79815673828125,824800
2018-01-18,139.40998691260629,146.1481339164627,138.79038460718627,144.17315673828125,1397000
2018-01-19,145.16448831723534,146.26428840631309,144.59910678598123,146.21006774902344,749600
2018-01-22,145.60599487089323,146.36500153513552,144.66110395874333,146.19461059570312,649400
2018-01-23,145.10255333198631,147.23242794454697,145.0328393630394,146.24880981445312,991900
2018-01-24,146.86068164439527,147.20921608788612,145.69893168057712,146.7367706298828,637900
2018-01-25,147.20146181937952,147.20146181937952,145.032859548455,145.34266662597656,597500
2018-01-26,145.8383444131583,146.72901463743025,144.88571277411236,146.66705322265625,434400
2018-01-29,146.96138054540103,148.6497849365034,146.8219762127482,146.9923553466797,649800
2018-01-30,146.03968335388203,148.0843623945619,145.5052765901937,147.596435546875,614700
2018-01-31,147.5731642836854,149.23059313129394,147.03101686959425,147.75904846191406,633100
2018-02-01,147.28662384340797,149.40875752530454,145.90801516079594,149.36228942871094,571500
2018-02-02,148.7039718257585,150.1368012814599,146.1481199464173,146.53536987304688,568300
2018-02-05,145.16453432169652,146.12491860919357,138.70520693577072,139.26284790039062,1000600
2018-02-06,135.77756052785307,145.88478546610278,135.77756052785307,143.3289337158203,1422000
2018-02-07,142.37630225197748,145.10254490677949,142.14394994414886,143.2592315673828,512100
2018-02-08,143.43736631116073,143.77040738375266,138.03910154465194,138.13204956054688,1093400
2018-02-09,139.91339751079485,142.492483509364,137.0864776978696,141.4391632080078,813500
2018-02-12,142.05878082558976,145.1180532949703,140.33938997403212,143.0888671875,783200
2018-02-13,141.996813833459,145.05608618267718,141.8883843163553,144.17315673828125,711100
2018-02-14,143.39861178435254,148.9362916164397,143.22048016602866,148.68844604492188,763200
2018-02-15,149.10676198620982,149.47851872375526,146.9846274659346,148.00697326660156,671200
2018-02-16,147.09299978677052,150.43884457692735,147.09299978677052,148.42514038085938,821800
2018-02-20,147.61969048608142,149.8115148748526,147.37184483738406,147.65066528320312,807700
2018-02-21,147.95271933047405,152.2976643707872,147.85978312146125,149.33908081054688,845900
2018-02-22,150.3614097679191,150.60150284549874,146.2178305852642,146.76773071289062,642700
2018-02-23,147.35637940533684,150.0051682327251,147.147272894864,149.87350463867188,524700
2018-02-26,150.6247254842167,151.49217334069078,149.41650762540706,151.2753143310547,660300
2018-02-27,151.54637601802264,152.86302332807864,148.8511199951172,148.8511199951172,506400
2018-02-28,149.16089530629503,151.4766536780259,147.03102111816406,147.03102111816406,746700
2018-03-01,147.61967218657907,148.69622647655115,145.01735228750508,146.26429748535156,831600
2018-03-02,145.62669538386854,148.86923626948615,144.47586834206706,148.50376892089844,654600
2018-03-05,146.91748771305046,151.8240663983745,144.74801041432443,150.65768432617188,663800
2018-03-06,150.9142408410378,152.20503942974895,149.16466830039082,151.8939971923828,532600
2018-03-07,150.88317145925132,151.97180178665062,149.188035301445,151.77740478515625,594500
2018-03-08,152.40720314527456,152.40720314527456,149.12578180182044,151.38856506347656,556100
2018-03-09,152.62498863844178,153.07599115232773,151.194229407181,153.037109375,805000
2018-03-12,152.624968867501,153.4569937073346,150.91427767215603,151.55967712402344,631000
2018-03-13,152.6094237551943,152.64053392107988,149.66237031780804,150.11337280273438,406000
2018-03-14,150.94536569343083,151.12421946078152,147.3762399300794,147.98275756835938,476400
2018-03-15,148.72150332546624,149.0558723953602,147.23631899610115,147.99835205078125,473800
2018-03-16,148.02161682100797,149.56902084305236,147.94385329355003,148.02938842773438,1298900
2018-03-19,148.04498782838982,148.49599031956166,145.47894489967862,147.18963623046875,635900
2018-03-20,148.01388244022502,148.58928997395597,146.2487543354215,146.72308349609375,482100
2018-03-21,147.13520157271856,149.41352870608978,146.3576135766108,147.4695587158203,419000
2018-03-22,145.16790324073835,147.0263380556975,141.79317422362453,141.8709259033203,906200
2018-03-23,141.87096598548084,142.85073471987587,137.6408842412503,138.02967834472656,958100
2018-03-26,140.65790781828946,143.7915868426623,139.833666348958,143.26283264160156,819500
2018-03-27,143.69821495477063,144.15698886810756,139.1804321394334,140.22239685058594,511100
2018-03-28,140.6423452844706,142.12754129150838,139.14937766843568,140.42462158203125,578600
2018-03-29,141.3810565685867,143.3561248779297,140.38573300771748,143.3561248779297,861600
2018-04-02,142.60960865586074,142.9828593711765,137.85077475355155,139.88027954101562,586500
2018-04-03,140.62678354502458,143.03729903742325,140.02026590167551,142.31414794921875,537900
2018-04-04,140.58011572157005,144.97349461627016,140.1757785434595,144.6157989501953,506900
2018-04-05,145.58780078375435,146.0621299476938,143.7371493755582,145.0668182373047,498400
2018-04-06,143.92376276516293,144.7713308534084,139.42153338154998,141.27996826171875,641500
2018-04-09,142.21310663685827,145.23015267541916,141.78543075019817,142.17422485351562,424700
2018-04-10,142.99840044701017,145.9998900137551,142.89732209504174,144.97348022460938,780700
2018-04-11,143.46498977026582,144.98128403710382,143.2239393823392,143.79934692382812,600300
2018-04-12,145.02016640511033,146.7619678494375,144.99683971360588,145.517822265625,918200
2018-04-13,146.80866239376817,146.80866239376817,141.6454769439115,142.42306518554688,941000
2018-04-16,143.85379749452323,145.1601397981671,139.86476677258796,141.18667602539062,1219700
2018-04-17,141.67655161900802,142.95957912270956,136.7777441408947,137.9674530029297,1092800
2018-04-18,139.00941878762475,140.34687118058628,137.9285718745392,138.44955444335938,1057000
2018-04-19,138.69059657902247,140.78231020383174,138.27070427836009,140.1524658203125,1070500
2018-04-20,140.1991030265498,142.41522145861575,139.80252559745858,141.15553283691406,936100
2018-04-23,141.41991224127173,142.85068304190708,140.51013579206648,141.5054473876953,981700
2018-04-24,142.57853799438274,144.49918132837013,140.7823115896131,141.7698516845703,932400
2018-04-25,141.17109275357774,143.68269847531425,139.91139222367167,141.92535400390625,898900
2018-04-26,141.92539179369265,143.63608334264805,141.04671339150204,141.8787384033203,766100
2018-04-27,141.73097829515402,144.19593100896898,141.73097829515402,143.46499633789062,759000
2018-04-30,143.83824467382914,144.8180132820322,141.67655068612666,141.73098754882812,582400
2018-05-01,141.0700128098275,142.85069596508748,140.22244474180388,142.12753295898438,854300
2018-05-02,141.41216186992443,142.5629888504982,139.4759633728687,139.64703369140625,1243900
2018-05-03,138.9549808082505,140.91450599737482,136.96435731805204,139.64703369140625,1067900
2018-05-04,138.99382268483492,141.47432972654127,137.4775288103737,140.3157196044922,1002500
2018-05-07,140.50235622955685,141.48989616143675,138.86941693212077,140.6811981201172,712800
2018-05-08,140.6112124378774,142.27524996344198,140.06690331550564,140.79005432128906,748800
2018-05-09,141.6998737637685,143.91600455761397,140.80565220979017,143.1617431640625,636100
2018-05-10,143.18510053713777,144.93467410766246,142.3375321883635,144.4214630126953,531200
2018-05-11,144.54582215652317,145.4633820984981,143.9548595916421,144.35142517089844,423800
2018-05-14,144.72466248681476,144.77131586444915,142.96731802730116,143.31723022460938,331700
2018-05-15,143.02175985400595,144.88797823448508,142.60186754080286,143.37945556640625,552400
2018-05-16,143.24723727734593,144.07925012212849,142.3374609001317,143.27833557128906,450000
2018-05-17,143.15395065644955,143.69825986484784,141.8164983929275,143.2705841064453,544300
2018-05-18,142.8428793637817,143.2783266421437,141.3887939453125,141.3887939453125,487600
2018-05-21,141.79315422456816,142.66404885065322,141.20217984396808,141.55987548828125,568600
2018-05-22,142.0808850545146,144.32811397496695,141.4976940350368,142.99066162109375,572900
2018-05-23,142.13531122832026,142.85070265940675,139.83365729673923,140.5568084716797,458700
2018-05-24,140.44014374894013,140.44014374894013,137.96740818643204,139.88027954101562,567400
2018-05-25,139.2193475998464,140.09025421119398,138.66726677498025,139.25045776367188,423900
2018-05-29,137.53197144776752,137.89743871893089,132.64094865748643,133.54295349121094,1097000
2018-05-30,135.37028754169063,136.07789544562007,133.93175690886747,135.40139770507812,648900
2018-05-31,135.09675472551967,136.0263572794684,133.7375024298532,134.42494201660156,1037900
2018-06-01,136.1200628189033,137.4714953991561,135.78416250304096,136.45596313476562,537300
2018-06-04,137.02625296109062,137.5183863387889,135.95603242395694,136.76846313476562,609500
2018-06-05,136.22163766361126,136.76065165563068,135.01081103107424,136.1903839111328,543400
2018-06-06,136.62000664899165,139.41662095323437,136.4794005500276,139.4088134765625,549600
2018-06-07,139.86191083906945,140.7134027429187,138.1433239950143,138.7917022705078,782300
2018-06-08,139.07292939987755,139.3853954073346,137.82304153042105,138.354248046875,910800
2018-06-11,138.74483228375507,139.9634663634035,137.0731141632451,137.31527709960938,871500
2018-06-12,137.48708761154657,138.61979134711163,135.8309969614738,136.83090209960938,752300
2018-06-13,137.08875086818605,138.1667669821909,135.62013434904816,136.2372589111328,905700
2018-06-14,137.14347041176578,137.21377350059186,135.0811630341384,136.47947692871094,1289000
2018-06-15,136.04193476434452,136.69813233449614,134.4639662127867,136.50283813476562,2243100
2018-06-18,134.97175199166696,136.51847900966706,134.57335603970435,135.97947692871094,1165400
2018-06-19,134.8154897063906,136.61219867880368,134.60456863889476,136.2137908935547,1223300
2018-06-20,136.99499742428,137.5652651780362,135.69043335275603,135.97947692871094,876100
2018-06-21,136.1981847859666,137.08090649649864,135.17483312822156,136.3387908935547,1385900
2018-06-22,136.86999306009145,137.260581462053,134.79986737780786,135.12796020507812,1147100
2018-06-25,134.86238595027274,135.2451669406022,133.11254531995624,134.23744201660156,662100
2018-06-26,134.1827233060287,134.1827233060287,132.29227714763184,132.94064331054688,676400
2018-06-27,134.0968298822255,134.85457243088706,131.44864066076113,131.60487365722656,987800
2018-06-28,131.63612224863147,132.5891590717704,130.70653169998928,131.7689208984375,1351100
2018-06-29,133.08908091028022,135.22950952579723,132.9094135928608,132.91722106933594,1446400
2018-07-02,132.30794345729726,133.2297385071127,131.9798505506963,132.87039184570312,732600
2018-07-03,133.47967824668152,133.79215612382436,131.8938902695948,132.0657501220703,383100
2018-07-05,133.0813265980289,133.26881338663335,131.74550855883157,132.0814208984375,680100
2018-07-06,131.5345411897466,132.69067940889036,131.08145725742287,131.9876251220703,829500
2018-07-09,132.8000964327145,135.40141739909788,132.51887222229965,134.83116149902344,1108800
2018-07-10,135.12018210000582,135.19048516688616,133.260977088183,134.28431701660156,1810300
2018-07-11,133.82338679446653,134.65925163634688,133.2531311059662,133.44842529296875,1043300
2018-07-12,134.5030025175502,134.5654980858014,131.44079119210738,131.8938751220703,1742200
2018-07-13,131.68298903529757,132.57353017906456,129.30820470537694,130.02688598632812,2205000
2018-07-16,130.33935023102148,132.54226254758865,130.33935023102148,131.33143615722656,1518200
2018-07-17,131.52675434318024,132.7297734763302,131.24553017489453,131.62831115722656,1312200
2018-07-18,131.19083722881885,136.97936033331214,129.73784786493414,136.2997283935547,1737900
2018-07-19,136.23723838750087,136.3778564193355,133.97183028185526,134.96392822265625,906900
2018-07-20,134.89361814034274,136.11226408780456,134.13588753171572,135.1436004638672,1287100
2018-07-23,135.11233688338663,136.54969925283052,134.87798147276155,136.41690063476562,939300
2018-07-24,136.58879773711422,137.01062805546906,134.70615838190207,135.3154754638672,928300
2018-07-25,135.22955909101714,135.51078330474652,133.44066889799953,134.52650451660156,1184200
2018-07-26,134.92484849494463,136.02631056733273,134.7373617848112,135.11233520507812,1455800
2018-07-27,135.44829131138965,137.26843530977305,134.53431557242578,137.17469787597656,1029500
2018-07-30,137.39340914356308,138.58078955436238,137.0418699716064,137.21372985839844,744400
2018-07-31,137.54184036131142,137.54184036131142,135.31548113934193,135.4170379638672,617600
2018-08-01,136.15131046100393,137.0809128368745,134.90143462976502,135.5810546875,742000
2018-08-02,134.6280241607133,136.85438309488674,134.2530625860509,136.4325408935547,719600
2018-08-03,136.08886367940158,136.6825539661356,135.23737160734655,136.26071166992188,672600
2018-08-06,136.3544395011648,136.94812969418558,135.11237100691395,136.84657287597656,664300
2018-08-07,137.09656202748093,138.2370856799495,137.0418739165571,137.1590576171875,391100
2018-08-08,137.2996625151292,138.86201648424918,136.43255558547503,138.385498046875,418900
2018-08-09,138.19801970908102,138.31519148587992,136.8934556081903,137.44027709960938,411000
2018-08-10,135.84665880183988,136.55753264504762,134.79988461151126,135.89353942871094,745800
2018-08-13,135.7060366120428,136.70594197691756,134.90923292697278,135.16702270507812,622600
2018-08-14,135.56541555304915,137.46368136030935,135.12795845568553,136.7528076171875,863300
2018-08-15,135.68262093934908,136.59659650400653,135.0186157904151,135.6513671875,734400
2018-08-16,136.4091063169855,138.76045641213784,136.2919345500369,138.213623046875,722400
2018-08-17,138.1121020763321,138.91671346823972,137.17469201894428,137.87774658203125,892200
2018-08-20,137.69022537738212,138.07300631969798,136.51846011865766,137.12777709960938,848500
2018-08-21,137.18247951986967,139.20572488371187,136.84656724566804,138.330810546875,923400
2018-08-22,137.90117667825857,138.45581760030467,137.3777895117218,138.27613830566406,346900
2018-08-23,138.16677765547345,138.51831685526787,137.54965304571638,137.93243408203125,519800
2018-08-24,138.48703635052414,138.6745230928809,137.62773701448896,137.7292938232422,555600
2018-08-27,138.22922500986786,139.1432003867851,137.7448992340172,138.4870147705078,527700
2018-08-28,138.9088642760632,139.19007648100026,138.14330242991676,138.9166717529297,898400
2018-08-29,139.0260380142536,139.09634106649222,137.94020272370142,138.72918701171875,717200
2018-08-30,138.47923015145184,138.58077504132942,137.30746482048295,137.7683563232422,651600
2018-08-31,138.8211202290179,139.26893605614532,137.5484006997732,139.17465209960938,822100
2018-09-04,139.81887010710537,141.35084947523166,138.6718425874025,140.90304565429688,829700
2018-09-05,140.8480215492409,142.01861685958568,140.5337737283172,141.20155334472656,1175600
2018-09-06,140.85591648171183,141.28016435583348,140.02314871343032,140.3452606201172,756400
2018-09-07,141.0916126482045,141.0916126482045,139.8267449656432,140.47882080078125,675500
2018-09-10,140.95800004041698,141.3822477568017,140.1880845392921,140.24307250976562,806500
2018-09-11,139.84244474990265,141.2723002200233,139.3946289198796,140.54165649414062,640000
2018-09-12,139.63818661724514,140.11742244729118,136.99059956177626,137.05345153808594,815200
2018-09-13,137.46980350967002,137.46980350967002,134.1465854521214,134.35084533691406,1184200
2018-09-14,134.69651524861484,135.3721588029335,134.3194154936743,134.5158233642578,694700
2018-09-17,134.53940239256946,135.3643179142855,133.10169522335835,133.33738708496094,846300
2018-09-18,133.14888001604865,133.3452879747645,132.19827220902673,132.8582000732422,859200
2018-09-19,133.01528128186104,135.4428799941119,133.01528128186104,135.14434814453125,714600
2018-09-20,135.59213695973804,136.87272013376312,135.06576529617678,135.81997680664062,972400
2018-09-21,135.639285021152,136.51133653857863,135.5371610693071,135.9142608642578,1417800
2018-09-24,136.12639550523144,136.2678034440973,133.5966607046972,133.6752166748047,793500
2018-09-25,134.38228977960026,134.38228977960026,132.1668028771587,132.4496307373047,817600
2018-09-26,133.64376975229,134.3429812806134,131.23973937373515,131.50685119628906,1008800
2018-09-27,131.38902116495424,131.47544111261578,129.9120300550241,130.1005859375,820900
2018-09-28,129.4170789159688,130.60339020152847,129.06354712410908,129.26780700683594,921100
2018-10-01,130.56411325504152,130.7212371723491,128.8278622011582,129.3856658935547,694900
2018-10-02,129.02424974896357,129.66060930577336,128.17576634395564,129.60562133789062,692200
2018-10-03,130.46200269756395,132.3789460299308,129.94348288055542,131.32620239257812,846600
2018-10-04,131.42044497831424,134.1230194335697,131.42044497831424,132.8895721435547,754800
2018-10-05,133.5101972298229,133.8872969316739,132.1039103612677,132.2296142578125,778500
2018-10-08,132.1275531463667,134.16234866184584,131.76616922393495,133.62811279296875,820300
2018-10-09,132.99175238873238,134.05236013174226,132.0804166082873,133.03103637695312,579700
2018-10-10,133.16454043275257,134.2958517208464,130.155570322493,130.27342224121094,894800
2018-10-11,129.967006746088,130.1477106131937,126.0074294601068,126.0545654296875,1304800
2018-10-12,127.29588500174604,127.31160099005632,122.05572375831828,124.53832244873048,1087300
2018-10-15,124.53831177758744,125.99958688278063,123.98050812434133,124.92326354980467,763200
2018-10-16,125.52035637362049,125.8110362116624,123.6034134693972,124.70329284667967,807000
2018-10-17,125.08042459116112,128.41935921898144,123.17918538324292,127.19376373291016,1386300
2018-10-18,127.77511934094032,129.16569059030337,126.10172024404216,126.30599212646484,963500
2018-10-19,126.53385578668951,128.4350833041057,125.6068160168526,127.76730346679688,1049500
2018-10-22,128.97715258773837,129.22856048166108,124.12980651855467,124.12980651855467,1531100
2018-10-23,122.66856096995711,125.75610048461536,122.66856096995711,124.75048065185548,1159800
2018-10-24,124.45191517242716,124.64045910021063,121.24653653444145,121.49793243408205,1308000
2018-10-25,121.9300292907346,125.66964360490492,121.6786333971918,124.41262817382812,811500
2018-10-26,123.24990843713756,125.67750758210568,122.88851257023312,124.54619598388672,1131200
2018-10-29,126.4788257222243,128.2229286970413,125.66962619644178,126.91877746582033,862000
2018-10-30,127.07590922796793,128.38791254004065,125.95246181242392,128.21507263183594,1062900
2018-10-31,129.4720887124321,131.90753945408113,129.2913968029176,129.95132446289062,891900
2018-11-01,130.47772822135678,131.13765604333332,128.56078474893854,128.84361267089844,908800
2018-11-02,129.4485170883757,130.9097922874425,127.39801821206878,128.9849853515625,933200
2018-11-05,128.88285321838643,130.07701648504053,128.68644533844002,129.3935089111328,820000
2018-11-06,129.0556955892534,129.85703112361233,128.06579218313746,128.9928436279297,784300
2018-11-07,129.36206826510755,130.2262556061847,126.76163026796766,129.9827117919922,793400
2018-11-08,129.472098058325,132.19037684872131,129.10285022454133,131.4911651611328,795900
2018-11-09,131.38904635616657,132.20609802797716,130.09274689270364,130.9805145263672,744200
2018-11-12,130.87838461004026,131.38118842845628,129.57423308522144,129.7313690185547,773600
2018-11-13,129.72350024506449,132.13539527687453,129.72350024506449,131.5933074951172,815400
2018-11-14,132.45752217000208,133.26672193990024,128.482215315461,129.85707092285156,1090100
2018-11-15,128.79646790293177,132.30824269965427,128.20724410466005,132.21395874023438,984500
2018-11-16,131.23188332826624,133.5573578932688,130.93335150349313,132.8031463623047,1038400
2018-11-19,132.83463416089816,133.6516860073447,130.9176905357156,132.4418182373047,906200
2018-11-20,131.8289791337761,132.9367225185806,129.36994849682412,132.19822692871094,1337800
2018-11-21,132.5439293118062,133.92663678747402,130.72125801462792,131.85256958007812,1148700
2018-11-23,130.9176453625803,132.09609272673737,129.9670258808675,131.39688110351562,221900
2018-11-26,132.92890365309387,134.14663539095048,132.36324777470617,133.61241149902344,900700
2018-11-27,132.94461197655403,133.91879970819505,131.1769404555196,131.5461883544922,877700
2018-11-28,131.64041853791713,133.69091733080924,130.33626730827692,132.33963012695312,1039300
2018-11-29,131.49903789116902,133.41598115880524,130.80767815850325,132.52821350097656,901300
2018-11-30,132.17260465810864,134.3933932505692,132.17260465810864,133.5714569091797,1497200
2018-12-03,134.60673957834211,135.15204794499894,131.6351412130951,133.2157745361328,833100
2018-12-04,132.4175222755606,132.95493166769688,126.64031101373588,127.31207275390624,1148300
2018-12-06,124.2851500330488,127.49384467739834,123.39210072067942,127.47803497314452,1109800
2018-12-07,127.43859356913592,128.58455060332832,124.26942730450877,124.76731872558594,892300
2018-12-10,124.59339121242402,124.59339121242402,121.03696696781508,122.77567291259766,721000
2018-12-11,124.26940230678106,124.72778744010604,120.62604183572591,121.36103057861328,554600
2018-12-12,123.10764123819143,123.90585679953033,121.23458237516296,121.95377349853516,808900
2018-12-13,122.03278461554524,122.41213319300748,117.76506789681842,118.2945785522461,1160000
2018-12-14,117.59912931303572,119.05330917081334,116.47688102762416,116.81671142578124,824700
2018-12-17,116.17651978471083,117.8836062349564,115.14910597339978,115.6628189086914,830400
2018-12-18,115.83672680718472,116.95897509635186,112.975772096078,113.8846435546875,907700
2018-12-19,113.71075520905522,115.0621898292885,111.03948126693976,111.86931610107422,1009700
2018-12-20,110.9367624609598,112.46208011596468,110.25708954833198,111.51370239257812,1142400
2018-12-21,110.84190439409562,113.41043337292491,109.00046524831428,109.63272094726562,2174400
2018-12-24,109.06369144647896,109.6880362580991,107.23806201914137,107.27758026123048,575700
2018-12-26,107.894022119555,111.55317965891984,105.72855036424258,111.49786376953124,953600
2018-12-27,110.17011675190489,111.15801239013672,107.68852339103744,111.15801239013672,756200
2018-12-28,111.8297905149601,112.92833002422022,110.84979366310188,111.61640167236328,710500
2018-12-31,112.10642994051,113.2286782196278,111.339821768413,113.11803436279295,580900
2019-01-02,111.5215763722836,114.67494396073984,111.5215763722836,114.50897216796876,874200
2019-01-03,114.1138284363328,115.6549435976577,113.52898973388923,113.69496154785156,1022100
2019-01-04,115.70234184799534,117.52007238379085,115.0621873512218,117.18814086914062,1013000
2019-01-07,116.67445792981172,119.34572016748734,116.08961923222762,118.62654113769533,1130200
2019-01-08,119.0770319973182,119.55122690576177,118.03382008173078,119.1402587890625,1423200
2019-01-09,119.98588014757792,120.902638300778,119.11652700483852,120.40474700927734,911600
2019-01-10,119.97008732512856,120.2071847664568,118.04961131557435,118.89525604248048,566200
2019-01-11,118.1997492048327,119.98587244539168,117.74927501198484,119.1876449584961,461200
2019-01-14,118.27878656340108,120.14393424247962,118.10491594472876,119.36941528320312,771100
2019-01-15,119.5827994598166,119.8515042020482,117.93893953084698,119.69344329833984,719400
2019-01-16,120.71299919740284,122.9258767150778,119.80412759045672,122.0407257080078,1092500
2019-01-17,125.55759609002308,129.2167658567383,125.55759609002308,128.98757934570312,1932100
2019-01-18,130.03079655972007,131.92755168288122,128.68726067587468,130.8685302734375,1227600
2019-01-22,130.29946390606167,131.82478086279602,130.29946390606167,131.7299346923828,1146000
2019-01-23,132.5202591853571,132.8601015364431,131.09769919445876,132.4175262451172,946400
2019-01-24,131.99079878086846,133.9586918700334,131.4691988802302,133.1051483154297,828800
2019-01-25,133.64253002958645,134.20364801262156,132.63882466001854,133.01817321777344,689100
2019-01-28,132.44124928244784,133.421246148645,131.50866947990525,132.5123748779297,576600
2019-01-29,132.5598044934505,133.42125878208094,132.30690944358884,132.773193359375,469000
2019-01-30,132.53607757402702,133.06558819364378,131.05029072142,131.3347930908203,658900
2019-01-31,130.6630378637251,131.00286819490807,128.41854173524965,130.03868103027344,1210400
2019-02-01,130.29159598043273,130.68675428292596,128.75048101256408,129.61192321777344,894500
2019-02-04,129.75417476025737,129.83321124467412,128.5291936667188,129.46176147460938,1216200
2019-02-05,129.3985123738447,129.5565732561336,126.91691913816526,128.3553009033203,874600
2019-02-06,127.9048778944806,129.0982640725704,127.05924512400578,127.76262664794922,846400
2019-02-07,128.58450184822996,132.20415313868136,128.58450184822996,131.7378692626953,1321700
2019-02-08,131.19253271368257,132.1013918214239,128.94803685545693,130.7183380126953,969300
2019-02-11,131.13721286024483,133.08929560683612,131.04237873790774,133.04978942871094,1108400
2019-02-12,133.69787176581346,135.23108805974206,133.3659402061911,134.3538360595703,926000
2019-02-13,134.35384902115518,135.77642159911687,134.19578808122094,134.84384155273438,617900
2019-02-14,134.01399096665892,134.3222139567153,132.5281919072723,133.6741485595703,619800
2019-02-15,134.84382791011865,136.16365531691704,134.535604887684,136.14785766601562,1284700
2019-02-19,135.25477289848266,137.51507869737364,134.7015537293709,137.10411071777344,648400
2019-02-20,137.02512286191762,139.1826842268016,136.25060375921947,139.0957489013672,843800
2019-02-21,137.9972085683302,138.59784495859435,136.39286652628866,136.78802490234375,872100
2019-02-22,136.78804776121393,137.2859512572173,135.64209069100676,136.3059539794922,669000
2019-02-25,137.1515867747413,137.467720763981,136.06095767488057,136.3059539794922,661300
2019-02-26,135.69736041542134,136.49558791469397,134.41705135778938,134.7568817138672,984300
2019-02-27,134.96240974416403,136.50352516574964,134.4724051045045,136.35336303710938,852000
2019-02-28,136.59828518706104,137.58618069794744,136.02135758529934,136.77215576171875,756600
2019-03-01,137.52732681467242,138.39378763108743,136.35880855147104,137.19346618652344,919600
2019-03-04,137.23323237415707,139.28410118821307,136.43037781354963,137.3922119140625,1072200
2019-03-05,137.1537531652358,138.0043126073445,134.9041687506255,137.25709533691406,753100
2019-03-06,137.04249681378792,137.53534932528686,135.03933208871103,135.0552215576172,1269700
2019-03-07,134.34770482715984,134.657719172975,132.79763309808402,133.25868225097656,1096500
2019-03-08,132.2412155408285,133.79128746791656,132.12992863655973,133.4176788330078,791900
2019-03-11,133.84695186001528,135.05520634653988,133.2984620103893,134.4113311767578,866200
2019-03-12,134.90416607172753,136.14422358979033,134.73722965382095,135.4208526611328,851800
2019-03-13,135.8977850727469,137.54324205544853,135.3969880161433,136.859619140625,782800
2019-03-14,136.97889879621172,138.18715327871865,136.54169586467637,137.78175354003906,904800
2019-03-15,137.29684271772976,138.79922198534905,136.93117881663807,137.1378631591797,1347800
2019-03-18,137.7102146493342,139.4431126509315,137.5432782101317,138.89462280273438,672700
2019-03-19,139.6815773051658,139.6815773051658,135.82625919810602,136.20782470703125,756300
2019-03-20,135.81037799664838,136.21577772901736,130.14266583007102,130.19830322265625,941900
2019-03-21,129.5782307625838,129.769013464415,127.23324948419838,127.43993377685548,890600
2019-03-22,126.58942058568392,126.58942058568392,121.71661828551032,122.24920654296876,1129700
2019-03-25,122.41613702868987,123.24283807170386,121.02504456245477,121.85174560546876,810300
2019-03-26,122.3684670161868,124.30009280467604,121.80407548851876,123.672119140625,791000
2019-03-27,123.33026999706208,124.0695425344912,122.32868785825406,123.45745849609376,668800
2019-03-28,123.70388900519625,125.1824220746727,123.29054454272696,125.11882781982422,672900
2019-03-29,125.9614294108412,126.34298277061792,124.52263228809989,124.81675720214844,817700
2019-04-01,125.70706702418964,128.76747537859777,125.53218585368838,128.560791015625,735900
2019-04-02,128.17124023126962,129.75310272009702,127.53531006605424,128.56869506835938,592700
2019-04-03,129.5862200272832,130.51626318872897,128.0997302120235,128.68002319335938,557400
2019-04-04,128.59258787673653,130.3970247563214,127.9407558861682,129.80084228515625,624000
2019-04-05,130.09494047453532,130.55598961297946,128.91052050873773,129.74517822265625,703700
2019-04-08,129.65774093062024,130.5480360456007,129.06155856697555,130.41290283203125,378800
2019-04-09,129.65776201439257,129.99956746970344,127.87715936552492,128.87875366210938,520100
2019-04-10,129.22055142786328,129.80878912054558,127.80561277594332,129.6100616455078,589800
2019-04-11,130.3890714260656,131.60528261670248,129.67365735958367,130.76268005371094,617500
2019-04-12,132.06631493463465,134.6100238927963,131.7086079471271,133.35406494140625,1019600
2019-04-15,132.3286722366478,133.98208653673152,128.73567554359352,130.14266967773438,1167200
2019-04-16,130.44470826197696,134.1966836387628,129.84056902696275,133.76742553710938,953300
2019-04-17,133.88665894235658,134.37155443142768,132.6466015288269,133.92640686035156,562500
2019-04-18,133.50511671725755,134.1092560105574,132.1060796447575,132.22531127929688,567400
2019-04-22,131.91533097943588,132.67049316178836,131.26351099329028,132.34458923339844,465700
2019-04-23,132.09812281949846,133.2427950288443,130.78652632175124,132.8691864013672,824200
2019-04-24,132.35249960698724,132.79764721451693,131.0885957650306,132.4001922607422,593300
2019-04-25,131.60526388217917,133.9423006230657,131.20780898418786,133.36996459960938,457700
2019-04-26,133.3938297265802,134.43515976540746,132.78970256304447,134.3079833984375,429400
2019-04-29,134.54645301098316,136.41449623468432,134.44312296603343,135.6434326171875,622600
2019-04-30,136.017023776113,136.24754229375745,134.41130249638,135.19032287597656,605200
2019-05-01,134.99955714633307,136.54168437726358,133.40973725949553,133.4415283203125,551300
2019-05-02,133.44154918685393,135.03136932229506,133.02024782131124,134.6577606201172,586500
2019-05-03,135.05518876586072,135.8978034585551,134.5544037708662,135.4208526611328,473400
2019-05-06,133.3541170325635,135.68320998563405,133.187192700224,134.9598388671875,594200
2019-05-07,133.57667772205372,134.2126081796285,132.38431266261273,133.1871795654297,825000
2019-05-08,132.80556991721963,134.44308196488606,132.13783654831144,132.9009552001953,922400
2019-05-09,131.2952632418889,132.59097022588685,130.34931854530356,132.04248046875,1212000
2019-05-10,131.39862333725975,133.40179990164071,130.1665104309717,133.0599822998047,1102000
2019-05-13,131.04089646733885,131.66092519344218,128.09177552293485,128.51307678222656,1032000
2019-05-14,128.4892404639411,130.88191498413633,128.37000882631256,129.3238983154297,720900
2019-05-15,128.21901449328558,129.01392467349274,126.6609852031582,128.22695922851562,672400
2019-05-16,129.19668307029784,131.07267059993129,129.1251441025302,130.28570556640625,592900
2019-05-17,128.83902397625937,131.78813350632197,128.83902397625937,130.19036865234375,1412000
2019-05-20,130.10291449829208,132.13788209899897,129.8008448255934,131.61325073242188,536700
2019-05-21,131.72451805717955,132.4319873464365,131.199874639251,132.19351196289062,490900
2019-05-22,131.97093864742342,132.43198782277398,130.97730132020982,131.6688690185547,534800
2019-05-23,130.58776236400467,130.58776236400467,128.50510286619334,129.37155151367188,704700
2019-05-24,129.7054801941907,131.50197266238254,129.4034104733202,131.09657287597656,554700
2019-05-28,130.55602889086865,131.33503733118948,128.958251953125,128.958251953125,827800
2019-05-29,128.33021574712757,131.342917981607,128.2109720220956,130.96136474609375,859300
2019-05-30,131.18398571730245,131.74042024641594,127.90100380148829,128.91848754882812,725100
2019-05-31,127.77471838882872,128.82250911896563,126.97487664617564,127.65474700927734,991600
2019-06-03,127.31878787484182,130.21422294438878,126.87087850398107,129.82229614257812,698600
2019-06-04,131.3020225940258,133.80551893396557,131.2620280662163,133.78152465820312,793800
2019-06-05,133.85355446268514,133.88554277047288,131.73396598431606,133.06170654296875,546700
2019-06-06,132.7177118734782,134.06944614084654,132.1738254394159,133.48556518554688,401800
2019-06-07,133.25363289932582,133.25363289932582,131.81391538978642,132.58175659179688,447100
2019-06-10,133.5415686238089,135.14924596313793,133.0696527699609,134.053466796875,413600
2019-06-11,135.01328448231206,136.3010301368867,133.3496122437884,134.1814422607422,575900
2019-06-12,134.33337445689233,134.76529569174215,132.17380489648048,132.33377075195312,548300
2019-06-13,132.6297517721285,134.43738955531805,132.37379657913775,133.29360961914062,576000
2019-06-14,133.60556211244284,134.55737575881267,132.4857885311941,134.29342651367188,321400
2019-06-17,134.4933574524993,135.2612107430824,131.6139350731943,131.92587280273438,429000
2019-06-18,131.8539213666839,134.32542952000315,131.438000226782,133.56558227539062,421800
2019-06-19,134.16546487817328,135.5971762976212,132.45380395323735,132.66175842285156,497700
2019-06-20,133.06165618317812,133.35759368553465,129.94227865813255,132.6377410888672,587800
2019-06-21,132.7097434709172,133.5895742895347,132.35781114347017,132.38180541992188,1266700
2019-06-24,132.14181660723094,134.25339763146224,131.1740030440109,132.33377075195312,495300
2019-06-25,132.5177998009792,133.22967080662548,131.04609363778374,132.3578338623047,571300
2019-06-26,133.00568237699218,133.74954156845115,132.2938236908738,132.78973388671875,527500
2019-06-27,133.30162306484883,135.01328384565787,133.02167358293335,134.9492950439453,702400
2019-06-28,133.51756860721994,136.2530379507191,133.51756860721994,136.02908325195312,1296600
2019-07-01,136.97288871544598,137.85271945181478,135.52517721665183,136.62095642089844,631000
2019-07-02,136.37298031653913,137.41277674227993,135.19721229579872,136.03704833984375,407100
2019-07-03,136.46897055181796,137.4047837638264,136.0450554781205,137.21282958984375,285100
2019-07-05,138.05266777782043,139.91628800269373,137.77271833042658,139.18043518066406,598400
2019-07-08,138.56462440192783,139.13250535425996,137.98073098861445,138.3966522216797,567800
2019-07-09,137.73277187639127,139.61240521146578,137.26886211274268,139.3644561767578,663200
2019-07-10,138.97250351562317,139.70835645817348,136.78093273558537,137.0128936767578,601400
2019-07-11,137.50080392638677,139.14048202343503,136.7409566730084,138.98851013183594,370200
2019-07-12,138.81254868977035,139.3404472139476,137.8767352357929,139.2284698486328,598900
2019-07-15,139.4684182048819,139.4684182048819,137.42082504032695,137.8367462158203,683400
2019-07-16,138.1406985645731,138.1406985645731,136.1490878594379,136.86094665527344,833700
2019-07-17,136.6529655067586,136.86891398820114,135.5011914539329,136.3250274658203,698500
2019-07-18,132.7737428818956,134.20545437787945,128.47058996012518,130.1822509765625,1957600
2019-07-19,130.83812621581532,131.2780416571863,129.05448237674858,130.27023315429688,1016700
2019-07-22,129.0384441583681,129.5183417858029,128.3345796592602,129.1984100341797,721400
2019-07-23,129.20640424658208,130.23820672562198,128.5985290357574,130.06224060058594,801700
2019-07-24,129.6463576875586,131.13406396109096,128.83852184294076,130.95010375976562,902200
2019-07-25,131.57396485583004,132.25383520957598,130.36620823470588,130.63015747070312,922800
2019-07-26,130.62217400427485,132.02990350823376,130.52619688522978,131.9339141845703,1374800
2019-07-29,131.7339083681444,132.98966553158226,130.7820949165428,130.93406677246094,582100
2019-07-30,130.27824220235678,131.58998232570744,130.05428746456164,131.54998779296875,517600
2019-07-31,131.38201746231164,132.74175836660729,130.79813633099357,131.3740234375,751000
2019-08-01,131.0860767332814,131.61397526899265,124.44738711841087,124.58335876464844,1292300
2019-08-02,124.5753222308424,126.1750053413508,123.43954868693504,126.0710220336914,1038100
2019-08-05,123.72749666206356,124.22339453898918,122.1837960575416,123.14361572265624,1058300
2019-08-06,123.73550449430329,124.20740815273136,122.06383832519104,123.7834930419922,689100
2019-08-07,121.04802886246677,122.07182516833106,119.04842479560448,120.4561538696289,1140500
2019-08-08,121.44796878079474,122.98366348117104,120.76010438540172,122.27180480957033,561400
2019-08-09,121.95185547723324,123.32758407045483,121.44795134000242,122.37577056884766,506800
2019-08-12,120.5521450683741,121.17602063388225,119.58433121671268,119.8642807006836,498400
2019-08-13,120.00025603014925,122.3997812652326,119.03245435325084,121.03205871582033,570100
2019-08-14,118.56053944028992,119.3683874204826,115.09722319078462,115.78508758544922,869900
2019-08-15,116.56093454840394,117.18481013563336,115.3531779022786,115.71310424804688,578500
2019-08-16,116.6249181941066,118.62452247616622,116.49694059094696,117.9926528930664,744900
2019-08-19,119.9762772319111,120.37619815601748,119.22442394185224,119.32840728759766,593200
2019-08-20,118.46454988371823,118.46454988371823,116.99284414435128,117.06482696533205,577800
2019-08-21,117.74472750384813,118.47257433282674,117.27281152323008,117.88069915771484,490600
2019-08-22,118.92046451703654,119.16041948091232,117.1528210992051,118.62452697753906,480500
2019-08-23,118.0326512970678,119.17641912576362,114.3853627148982,115.09722137451172,611100
2019-08-26,115.89705915812615,116.52894094503392,115.32917837733234,116.4729461669922,409300
2019-08-27,116.83291014956838,117.2328310925798,114.74532233886411,115.06525421142578,535600
2019-08-28,114.61731365513592,116.76888969835753,114.34537041667323,116.24898529052734,535300
2019-08-29,117.35277267823604,118.67250657302614,117.32877840412098,117.8006820678711,520400
2019-08-30,118.54962566057311,119.12943723840752,117.29333242579392,117.74431610107422,631200
2019-09-03,116.60883061488194,116.83431631612004,113.9513065210912,115.1512222290039,770300
2019-09-04,116.27060227744806,116.31085792641908,114.51502098537208,115.94847106933594,599000
2019-09-05,117.70406650037812,120.732026492065,117.70406650037812,118.4610595703125,666200
2019-09-06,118.40467226745731,119.37910231293348,117.64767925970804,117.9295425415039,671700
2019-09-09,119.1133200437072,124.62968223411256,118.98446758652966,124.13844299316406,1000200
2019-09-10,124.75859136378897,126.80408511451095,123.05938721303028,124.89549255371094,770100
2019-09-11,125.096793077145,125.096793077145,122.69697385680811,124.83103942871094,874000
2019-09-12,124.33983631122769,127.60134367147508,123.36541827100892,126.2645263671875,830300
2019-09-13,126.8281972650678,128.48713286487782,125.86987699634996,127.5932388305664,612200
2019-09-16,126.70742029636769,128.6643291806662,126.14370598601126,128.5354766845703,543300
2019-09-17,127.89928260732172,127.9556478921966,125.85378924546345,127.33555603027344,568800
2019-09-18,126.77989453967,128.98644744332705,126.13565663873536,128.39857482910156,560000
2019-09-19,127.41612950100628,128.38249889411958,126.1356897479298,126.40144348144533,589800
2019-09-20,126.87654064944068,127.52883951442456,125.68468578146953,125.86990356445312,1443000
2019-09-23,124.82300610175692,126.353089648429,124.4283999168336,125.74910736083984,424600
2019-09-24,125.853798827571,126.18397875342674,123.904950829769,125.1612319946289,510200
2019-09-25,125.37865213730284,127.1905987163075,125.36254250483572,126.62688446044922,465300
2019-09-26,126.54633622810394,126.8684551176948,125.0806793060032,126.34500885009766,369200
2019-09-27,127.18249556163954,128.5032146486981,126.08728667820674,127.39188385009766,424500
2019-09-30,127.73822147849349,127.9315002313972,127.0053989858417,127.21477508544922,508100
2019-10-01,128.07639958605617,128.58374843237493,123.75189210719395,123.79216003417967,467700
2019-10-02,122.84194741053398,122.8661180087404,120.5709802396502,120.59513854980467,489000
2019-10-03,120.14413005143189,121.67421323435694,118.38854889640751,121.65005493164062,456200
2019-10-04,121.44068907437928,124.3881251337059,121.44068907437928,124.05794525146484,554400
2019-10-07,123.60699268091034,125.18539284230246,123.25265443993015,124.03380584716795,378200
2019-10-08,121.94805175065684,122.86611667879706,120.70788011996096,121.1991195678711,687000
2019-10-09,122.24601222215404,123.47008637981811,121.8111381124343,122.74530029296876,480600
2019-10-10,123.2767898869063,125.35449004257902,123.2767898869063,124.78271484375,409200
2019-10-11,126.99730246162412,127.63350383174615,125.90208107796428,126.01482391357422,549300
2019-10-14,125.3625476450496,126.4497205522492,124.52503104315524,126.08733367919922,364400
2019-10-15,126.7959790969537,128.3743911333991,126.04704715561208,127.89926147460938,489100
2019-10-16,128.05229551554672,129.2602601083954,127.64159197767664,127.98786926269533,948300
2019-10-17,122.49565887451172,124.919636646151,121.03805028459952,122.49565887451172,2015500
2019-10-18,122.27820727294404,123.5264396162508,122.10103817709148,122.59227752685548,1135100
2019-10-21,123.48619711792936,124.57337022208016,122.38292666578435,124.04991149902344,760900
2019-10-22,124.07407822506322,126.86849173328352,123.30902413739828,125.9021224975586,627900
2019-10-23,125.68469843415458,127.1825627708778,125.01628986786808,127.077880859375,676500
2019-10-24,127.07786438372848,127.64157867737502,124.17874474776052,125.85379028320312,586200
2019-10-25,125.5557963286801,127.01340443261368,125.0081795258492,126.09535217285156,586500
2019-10-28,126.98925742981308,128.3341228245759,126.57049304781188,127.7704086303711,574000
2019-10-29,127.0053989858417,128.28583846769527,126.51415957425594,127.21477508544922,593400
2019-10-30,127.02959188775708,127.19870009055631,125.0565727427014,126.32091522216795,639900
2019-10-31,125.81352701551084,126.3208760426584,124.31565052931133,126.05512237548828,579500
2019-11-01,127.3516895601516,129.47770691191027,126.59469639228904,129.43743896484375,697500
2019-11-04,131.08827646666148,132.25597275768249,130.65341475322276,132.11102294921875,612800
2019-11-05,132.69889609789774,135.0020817189954,132.40093552030268,133.82632446289062,811300
2019-11-06,133.15794722277084,134.03573173729325,132.6828052200405,133.88272094726562,448500
2019-11-07,134.4867241768344,136.74159386615204,134.12433725792022,134.34982299804688,685100
2019-11-08,133.96324654710403,135.48528108223832,133.47200723745496,134.96182250976562,554900
2019-11-11,133.84245804725032,135.0021058805284,133.5122781498212,134.21290588378906,407900
2019-11-12,134.0599105856895,134.71220949530343,132.94053056211766,133.2626495361328,524800
2019-11-13,132.28015149872869,132.537856470992,130.92723725849444,131.41041564941406,516000
2019-11-14,131.11246957511506,131.39433288379658,129.8642370893195,131.35406494140625,424500
2019-11-15,132.0143658252671,132.82773619459311,131.72446623387935,132.0465850830078,530700
2019-11-18,131.53930898126086,131.9016959589917,130.80647406288196,131.24134826660156,669100
2019-11-19,131.8372163057202,131.9741174385263,130.621191164127,131.16880798339844,453000
2019-11-20,131.23329959173756,132.0788651104251,129.71126445482548,131.24134826660156,698300
2019-11-21,131.94191857834946,132.2962567594769,130.48431020529702,131.29766845703125,405300
2019-11-22,131.676193613746,133.38345865018735,131.2654900624027,132.8036346435547,458100
2019-11-25,133.14185934375655,134.09211892837854,132.64257124255187,133.69752502441406,585400
2019-11-26,132.90027055415956,134.03576028065044,132.6103585450141,133.4720458984375,990800
2019-11-27,134.124322019729,134.59140308208262,133.28679311893984,134.30953979492188,568000
2019-11-29,134.13118936216867,134.55272170853007,133.27999782070006,133.54751586914062,227900
2019-12-02,134.366301755646,135.1931747684094,133.27191063964634,133.44215393066406,673100
2019-12-03,131.6262790085338,131.6262790085338,130.0779346466518,131.139892578125,619400
2019-12-04,131.43979555289062,134.35816281585153,131.15606093551344,132.94761657714844,821200
2019-12-05,133.1503312680751,134.26904120596274,132.71258219695716,133.8069610595703,457200
2019-12-06,135.76870667540524,136.230786680056,134.69864684666763,134.75538635253906,474300
2019-12-09,134.35006770574725,135.42013997964284,134.35006770574725,135.16883850097656,521800
2019-12-10,135.08777548455097,136.39293272037528,134.54463720710825,135.4120330810547,440800
2019-12-11,135.35530610117345,135.6795637277017,134.6013891835237,134.9256591796875,629400
2019-12-12,135.41202751556548,139.9030704973285,135.3633901150524,139.4166717529297,677400
2019-12-13,138.76001959896612,139.53014051131746,136.96036185409395,137.8926239013672,571600
2019-12-16,139.27885896925298,139.9436030824392,137.79535643411083,137.8358917236328,559300
2019-12-17,138.2088265433883,138.4601280708921,136.5307617067492,137.6332550048828,731500
2019-12-18,138.08718304369228,138.23310760131068,136.23078566862253,136.3118438720703,628000
2019-12-19,136.46588896462532,137.1225186384837,135.8984319853424,136.5145263671875,526300
2019-12-20,137.45487244482842,138.1925726046574,136.34427733516543,137.41433715820312,1071400
2019-12-23,137.9170121004357,137.9170121004357,136.19841168731045,136.7577667236328,315100
2019-12-24,137.17927548432502,137.27655029296875,136.36861909326748,137.27655029296875,125900
2019-12-26,137.6170155154259,138.01424157419962,136.64423038354337,137.68186950683594,260600
2019-12-27,138.05478489151847,138.05478489151847,136.83068583314034,137.44679260253906,288400
2019-12-30,138.1844589898381,138.1844589898381,137.12248899506002,137.34136962890625,263300
2019-12-31,137.0008945830265,138.00611270049006,137.0008945830265,137.60888671875,396800
2020-01-02,138.10339895797102,138.67897033691406,136.960370679133,138.67897033691406,509100
2020-01-03,136.4821098844014,138.0547852551791,135.7849448964165,137.26034545898438,461900
2020-01-06,137.00090696745647,137.40623509457913,135.12017852018363,136.12539672851562,372900
2020-01-07,135.60659394205354,136.2470193888717,134.11498921902623,134.4797821044922,324800
2020-01-08,135.06347652353196,136.2227093516135,134.8202771057921,135.16075134277344,462500
2020-01-09,135.9389358772728,136.2388747035474,134.81212428953435,135.59034729003906,443600
2020-01-10,135.80115527727472,135.80115527727472,133.70154592889756,134.56085205078125,546000
2020-01-13,134.89322084508626,135.25802612304688,133.59617801885827,135.25802612304688,463100
2020-01-14,135.0310214254885,135.79302793214976,134.61757880940414,135.03912353515625,446600
2020-01-15,134.30143809545385,134.56085406888695,131.10745004795686,131.8289337158203,618800
2020-01-16,132.55041372338405,133.35296795319186,131.92621724761202,132.9071044921875,615200
2020-01-17,133.32053025213978,133.53129642080663,131.93430264347782,132.16128540039062,755000
2020-01-21,131.32632328309003,132.11266089972614,130.31300288738717,130.49134826660156,700900
2020-01-22,130.88860276330706,132.04783561052517,130.27249591224387,131.22096252441406,991500
2020-01-23,133.32865869167253,138.47633176385523,128.4160829017697,138.1115264892578,1879400
2020-01-24,138.47630151392303,140.60021685320788,136.2632011259716,139.01943969726562,1282200
2020-01-27,136.4497121873451,138.29800807425835,136.2065127559856,136.21461486816406,1144800
2020-01-28,137.3657420129826,139.57883080353727,136.9928469484537,138.40338134765625,709500
2020-01-29,138.9464850705889,139.79767666073124,136.8468882193023,137.0819854736328,739300
2020-01-30,136.0362317997354,138.58980656793975,134.58516246456475,138.3709259033203,981100
2020-01-31,137.26031332070497,137.78723490131387,135.9470418691892,136.61178588867188,814100
2020-02-03,137.36575042807607,138.92220952543602,137.02527616018207,137.07391357421875,605200
2020-02-04,138.72764026598747,139.7490629253344,138.04667945678727,138.24124145507812,523000
2020-02-05,140.34893893197736,140.60024042330224,139.48153069326568,140.27597045898438,402600
2020-02-06,141.05417975716645,141.05417975716645,138.63031324965107,138.73570251464844,359300
2020-02-07,137.2359905199551,138.09529653169025,136.64421492353912,137.77102661132812,568100
2020-02-10,137.24413466904144,137.6981002860561,135.68767582371888,136.84690856933594,646200
2020-02-11,137.60077790140485,138.21687211583344,136.91981734167408,137.292724609375,479000
2020-02-12,138.26555523614505,138.6627813299002,137.29277001859492,137.47921752929688,340000
2020-02-13,136.7658003353126,138.35467941382964,136.74146927149442,138.28982543945312,375200
2020-02-14,137.83591912314537,138.2088265433883,137.0252626500952,137.6332550048828,387300
2020-02-18,137.12253402129008,137.23602542987845,134.13932421288936,135.21749877929688,649100
2020-02-19,135.4930851932119,136.72528615728197,135.09585917745943,136.40101623535156,750300
2020-02-20,135.8903152770045,138.07908474461908,135.8903152770045,137.43055725097656,538900
2020-02-21,136.56314056107823,136.9603541582744,135.60655987124352,136.65231323242188,826600
2020-02-24,134.35819014338614,134.39061095528788,132.20994335826927,132.8341522216797,799500
2020-02-25,132.94764606144668,132.94764606144668,126.34890363586514,126.42185974121094,1083800
2020-02-26,127.20818416257896,128.89435073835494,124.36278502387572,124.4033203125,985100
2020-02-27,121.63086942801158,125.66794682825513,117.2209094153026,117.27764892578124,1429300
2020-02-28,114.36957225425984,116.19935927055644,111.40435279225429,114.67182159423828,1945500
2020-03-02,114.67181645890184,120.53691671289288,112.32739922267318,120.4960708618164,1320700
2020-03-03,119.93245367446212,120.98620692546042,113.2749782167556,113.732421875,1493100
2020-03-04,114.81887046550484,117.10610149344208,110.65285454101095,116.8855438232422,1159700
2020-03-05,111.9680273791966,113.03812174462811,105.22887091520508,107.49158477783205,1630600
2020-03-06,103.01514765724106,105.56376994041754,100.04175083873274,102.21461486816406,1354800
2020-03-09,91.70154522494428,93.84173403802076,88.71180725097656,88.71180725097656,1380900
2020-03-10,94.76479951773544,97.35426797235132,89.25094394523438,95.44279479980467,1762200
2020-03-11,92.06911137465887,93.6456654913631,88.77713719788028,90.81930541992188,1314600
2020-03-12,83.40215795876556,92.37952868843236,82.52811011452215,83.5491943359375,1927400
2020-03-13,91.70153573171976,92.28968125470902,87.19242421027114,92.10179901123048,2085400
2020-03-16,78.44377479201029,87.6743788304248,77.28382458909695,81.30281066894531,1467100
2020-03-17,83.29597242598818,91.3747907705146,80.86987517362677,89.65937042236328,1772900
2020-03-18,82.80585183668288,90.45173131514788,82.17686043911519,88.01746368408203,1896900
2020-03-19,86.11415013507262,89.73287255970175,82.97738266302903,85.64036560058594,1339100
2020-03-20,87.19241015328488,87.19241015328488,80.4859306530224,80.67381286621094,1342000
2020-03-23,79.89779213119965,80.58396393411097,71.59025282070837,71.96601104736328,1387800
2020-03-24,76.78554402327642,81.83378535835021,74.15522970958169,80.68199920654297,1394400
2020-03-25,80.27355947953903,89.02221512562163,76.65483652095843,85.77108001708984,1560200
2020-03-26,86.4164225252758,91.26044755138646,84.7173364535279,90.43540954589844,1134500
2020-03-27,86.26118538786154,90.44354819554196,85.76289583770459,87.64169311523438,812600
2020-03-30,87.03722539830764,88.60560933644469,84.48042640553031,87.32312774658203,1145500
2020-03-31,86.01614607922227,88.88334637824666,82.99373273620121,84.48860168457031,978100
2020-04-01,80.02032123391264,81.41716359128345,77.15311522025516,78.30490112304688,899700
2020-04-02,77.30016294228483,81.95631104977274,76.8835650386358,78.2068862915039,793400
2020-04-03,77.2511651014251,79.53839676827342,74.2941022829177,74.88224792480469,1138500
2020-04-06,79.39949838632882,84.69280118711207,78.32123380886223,83.96578979492188,1141700
2020-04-07,89.72470861677407,91.4319646548724,84.22719472585933,84.643798828125,921300
2020-04-08,85.77108272336216,88.31971142502124,84.25987917896278,87.9276123046875,672200
2020-04-09,90.5334159380032,94.07045329527722,89.39797074430518,93.73553466796876,1221500
2020-04-13,93.61301013600117,93.61301013600117,89.22643584255498,90.47624206542967,731800
2020-04-14,92.6817737078925,92.91049558089338,87.52734244981069,89.34895324707031,833900
2020-04-15,85.4361577406558,85.62403998343144,82.17685858385492,82.46276092529297,725900
2020-04-16,82.17687866955244,82.51179737438623,78.16606202573125,78.65618133544922,889800
2020-04-17,82.0216672170995,86.43274665339027,81.6949189764324,86.1631851196289,1130900
2020-04-20,87.78057387993341,90.64778032384844,82.37290921277753,86.26119995117188,1208100
2020-04-21,83.04273556458335,86.34287408570819,82.02981559057164,85.46882629394531,903200
2020-04-22,87.36396589066051,88.06647235286322,84.74999270493203,85.00321960449219,590000
2020-04-23,85.02771866249739,86.45723651142063,83.78608304445919,84.59477996826172,630700
2020-04-24,85.72207876405488,86.88202913618403,83.58188363751152,85.82009887695312,679100
2020-04-27,86.83300201715068,90.65594147409244,86.11415475872535,90.11680603027344,656900
2020-04-28,93.55580328154636,94.54421188649115,91.05619154064796,91.31758880615234,721600
2020-04-29,95.87574075046648,97.99959500473166,93.78455571187229,96.84780883789062,744400
2020-04-30,93.90707255844474,94.25832577852022,91.40746038854223,91.55449676513672,684800
2020-05-01,89.21009691123506,89.86359338934962,86.32655569854778,87.56819152832031,511400
2020-05-04,85.93445796898746,86.24487160565445,82.96923120614962,85.28096771240234,1096300
2020-05-05,87.30678537543943,88.25435454988819,83.63088207935365,83.84326934814453,583800
2020-05-06,85.20744530194989,85.32180625118752,81.20479961422421,81.78477478027344,583000
2020-05-07,83.01825024821575,86.0324936249358,82.70784281015173,83.01008605957031,598600
2020-05-08,85.51784247703388,86.74314346780753,84.17001014074224,85.66487884521484,519400
2020-05-11,84.1291732028275,84.1291732028275,80.79635889097528,81.1476058959961,897800
2020-05-12,81.75209791987949,82.25855176283328,77.81479696248896,77.85563659667969,1054800
2020-05-13,77.19397965079918,77.5125574809404,72.6195228438594,73.09330749511719,970400
2020-05-14,71.28800409125127,76.38526035614483,69.50723318885376,75.46219635009766,1155500
2020-05-15,74.5146451452351,75.78895629356322,72.34994529111601,72.79922485351562,861600
2020-05-18,76.23006861044018,79.36684279440695,76.00134672631631,78.8685531616211,1014600
2020-05-19,78.05984317916112,78.05984317916112,74.61266191168599,74.77603912353516,1053300
2020-05-20,76.04217501964709,78.66432457333416,75.96865995308542,78.51728820800781,1106100
2020-05-21,78.02716413485689,80.55128740962691,77.96181948533709,79.04824829101562,1085100
2020-05-22,79.62824129294124,80.24905606404924,77.52889220825851,80.0775146484375,977900
2020-05-26,84.1291832961635,89.29995614164183,83.50836847437613,88.10733032226562,1268000
2020-05-27,94.09496189200516,94.89548848878184,89.71655193903462,92.22433471679688,1409300
2020-05-28,93.75187567324684,93.75187567324684,88.38505670854799,89.09573364257812,927500
2020-05-29,87.27205475004313,88.66662090721087,86.28182344251238,87.18953704833984,983300
2020-06-01,87.67641437292745,89.89617690202789,86.94199597030656,89.55784606933594,795200
2020-06-02,91.00191893414068,91.00191893414068,86.63666467402979,87.47010803222656,1184100
2020-06-03,90.71309684728598,94.62449395524916,89.94567023473967,93.89007568359376,1116300
2020-06-04,93.31244961927555,97.70245842241935,92.660549022922,97.28986358642578,1092700
2020-06-05,106.4412029808117,107.39016591243104,100.49158087490036,101.7458724975586,1479000
2020-06-08,104.20495094876271,105.5417604861106,102.50506223619628,105.12916564941406,1014700
2020-06-09,100.41733514370962,103.14871099626752,99.34458603106935,102.23274993896484,786400
2020-06-10,100.46683711311292,100.67313451991602,96.29962697741126,96.34088897705078,996000
2020-06-11,89.83839330766945,93.04838032261698,87.3628245272556,87.7011489868164,1245400
2020-06-12,93.33722057450927,93.33722057450927,87.33808708768467,89.91268157958984,1078200
2020-06-15,84.5489226206447,91.85184905893593,84.28486220996662,91.364990234375,1275600
2020-06-16,95.84577308191191,95.84577308191191,91.16694957148344,93.46097564697266,1046000
2020-06-17,93.46097780405644,93.89832729384776,90.49029644136525,90.82862091064452,803200
2020-06-18,89.50830215420038,92.99885006081622,89.21948710098214,91.14217376708984,772100
2020-06-19,92.69356331277145,92.95762377292232,88.75740479924677,91.63732147216795,3473000
2020-06-22,90.25099970482808,91.39801288352888,89.3020302912208,89.54133605957031,967600
2020-06-23,91.34024572689648,92.63579324477016,89.35153561898663,89.5083236694336,616600
2020-06-24,87.74242002833557,88.29529560197867,84.5241790229557,84.92852020263672,714900
2020-06-25,84.16934948417776,87.0575134370662,83.78150931747822,86.76044464111328,789500
2020-06-26,84.73872764067819,85.20083183260473,81.42971536312508,82.89855194091797,1433100
2020-06-29,84.33436275181083,85.81970634138244,83.31938321201702,84.43338775634766,655500
2020-06-30,83.30289882734732,86.67792801991766,83.2203811153669,85.79497528076172,1024900
2020-07-01,86.22407936920148,86.29009606334988,83.50095684041335,83.5999755859375,528800
2020-07-02,86.26532401913838,86.91722457736059,82.59322641616751,83.00582122802734,582100
2020-07-06,85.19256857669687,86.56238627088582,83.3854077178686,84.111572265625,762600
2020-07-07,83.04709862698493,83.43493882936225,80.97587052458377,81.31420135498047,771300
2020-07-08,81.16565674756889,83.0058261929413,80.32395975543909,81.67727661132812,799500
2020-07-09,81.29768283809513,81.7762943536581,77.92266013796794,78.5663070678711,679500
2020-07-10,78.49205621387821,82.86555838601082,78.49205621387821,82.82430267333984,859200
2020-07-13,83.92178567099185,85.2420941598884,81.61951206619023,83.87227630615234,763900
2020-07-14,83.43491802891701,84.54892269064702,80.67878158796672,81.1408920288086,1020600
2020-07-15,83.2781337601249,85.22558173940273,82.93980929447848,84.80473327636719,748200
2020-07-16,83.690742248605,86.37260891414051,83.3029020619697,84.59844970703125,424900
2020-07-17,84.56544241473637,84.59019709818722,81.67727849244712,81.95783996582031,498900
2020-07-20,81.39670521973385,82.25490319695642,80.89333903794274,81.5204849243164,878800
2020-07-21,82.28790177732684,86.45510516886776,82.28790177732684,85.77020263671875,993800
2020-07-22,85.01105099499578,86.06729923445357,84.48293002311618,85.35763549804688,639600
2020-07-23,85.38237357026497,88.47683473882664,83.37716248120913,86.64491271972656,1227300
2020-07-24,87.28030285707442,88.1632554937885,86.31483251795379,86.75218200683594,741500
2020-07-27,86.05903868588189,86.09204703094487,83.79802056250139,84.91202545166016,763700
2020-07-28,84.44163807624373,85.44011655699579,84.26834904692603,84.86248016357422,574700
2020-07-29,84.39212896143977,88.66661090261356,83.80624516104773,88.14674377441406,988400
2020-07-30,85.77846790782738,87.70116144469989,83.5257035232376,87.28856658935547,956500
2020-07-31,86.46337026056781,87.59388234413086,85.12656706082039,87.42884063720703,1469700
2020-08-03,87.41234976250936,87.6681565683175,85.06880761769627,86.669677734375,752200
2020-08-04,86.14979992992676,86.95023489040561,85.34111131022824,85.86923217773438,499600
2020-08-05,86.64491936656185,87.35458301931523,85.6464405750595,86.3148422241211,888500
2020-08-06,85.81973664040123,87.28031977273154,84.83775879306548,85.46490478515625,736000
2020-08-07,84.92027867058958,88.83992991275369,84.81299997576781,88.79866790771484,813100
2020-08-10,89.08747978088641,90.7708675342786,88.73264795596995,90.0034408569336,615400
2020-08-11,92.23145825999325,94.1789066300805,91.37326643533972,91.88488006591795,523200
2020-08-12,93.81582170440738,93.81582170440738,89.59084805250714,91.05968475341795,484200
2020-08-13,89.94567210344448,90.34176590666743,88.50159021187542,88.9802017211914,456900
2020-08-14,88.29530416735682,90.9854245431017,87.99823535061454,90.11897277832033,405100
2020-08-17,89.35154012755508,89.52482920988369,87.75892374726122,87.93221282958984,627000
2020-08-18,87.98998225281353,88.00648957368155,86.01777922086926,86.23233032226562,554300
2020-08-19,86.67791141916787,87.51960199328218,85.85272186601017,86.17454528808594,631200
2020-08-20,84.9202734328356,85.04404684892187,83.17912269531524,83.89703369140625,788200
2020-08-21,84.05380721190853,85.00277644389774,83.57519576680836,84.54891967773438,871300
2020-08-24,84.6644534911192,87.37932808800979,84.49941808590827,87.32981872558594,680700
2020-08-25,88.5428516979264,88.93893920314882,85.87748636630732,87.42884063720703,659200
2020-08-26,86.92546561698052,86.92546561698052,85.53915319385322,85.60516357421875,484800
2020-08-27,85.91050306145226,87.98997840531736,85.62168791587351,87.36283874511719,564600
2020-08-28,88.28702204772762,88.2952757054483,86.95021909900285,87.80016326904297,426100
2020-08-31,87.75014492171468,87.79183795789238,86.01582530619861,86.09920501708984,703600
2020-09-01,85.26540093793949,87.49167181240514,84.80680295490066,86.34934997558594,540500
2020-09-02,85.94913627561662,87.4583303390498,85.1153262761127,86.81629943847656,692700
2020-09-03,87.73347910151115,90.46837456832289,85.82405365830627,86.49110412597656,795700
2020-09-04,88.67567268816619,89.70959507913273,86.09086353001778,88.30046081542969,656100
2020-09-08,87.42496055275737,87.77515915921073,84.71507856962515,85.26539611816406,855100
2020-09-09,85.7907085315077,85.7907085315077,83.75621013993798,84.34822082519531,695000
2020-09-10,84.91520673134691,85.48219778169809,82.338736903515,82.58888244628906,1244600
2020-09-11,83.05581601581493,84.92354866624247,82.54719139828201,84.76512908935547,969600
2020-09-14,85.56555316660321,88.25041504010782,85.23202801640578,86.91632080078125,864200
2020-09-15,86.84962318157416,86.91632312422615,84.79844567954005,86.51609802246094,732900
2020-09-16,86.39103718594129,88.7173673801528,85.44049448655993,86.09920501708984,1447600
2020-09-17,85.18202533920187,86.16591494771166,84.64004761344663,85.39881134033203,813700
2020-09-18,84.83181255299675,86.25762663640198,84.48995382167153,84.86516571044922,1614100
2020-09-21,82.37207175148647,83.7728724843338,79.54545700936912,80.56270599365234,996600
2020-09-22,80.39594844716711,81.21308494227503,77.0190221935795,77.63603973388672,1154800
2020-09-23,77.96122935021171,79.95403459687746,75.68492541612885,75.75997161865234,1124700
2020-09-24,76.12685499822526,76.94398522994008,74.20908946740285,75.09292602539062,1213100
2020-09-25,74.35082715749802,76.45203166512749,73.77550265305814,76.12684631347656,915000
2020-09-28,77.54429753375088,79.52876221276757,76.7355011545433,78.5615463256836,831600
2020-09-29,78.11965762789465,78.11965762789465,75.16796958950037,75.98509979248047,1049300
2020-09-30,76.06846717890816,77.69439366578972,75.3263706402049,76.78553771972656,1551500
2020-10-01,76.89395236826039,77.74443569345608,75.6682507596092,76.88561248779297,864200
2020-10-02,75.50150886671423,79.15359490006418,75.41812276558959,77.98625946044922,990800
2020-10-05,79.01184335247646,81.49659377783912,78.90344397294636,81.37152099609375,1225700
2020-10-06,82.3053849120228,84.91520794014056,81.84679322569605,82.08859252929688,1359400
2020-10-07,83.00577544051853,85.80737712402468,82.91405584552852,84.75677490234375,971500
2020-10-08,84.35654119186167,85.84906159017183,83.23089916406431,84.86516571044922,812700
2020-10-09,85.45717848586604,85.45717848586604,83.4310200886716,84.5233154296875,586900
2020-10-12,84.21478805572161,86.27429923689871,84.03968876472398,86.13255310058594,809400
2020-10-13,85.91576526868909,86.0408380149318,82.6138791197876,83.18087005615234,644900
2020-10-14,83.28094325237925,84.3065323851975,81.46323713806214,81.54662322998047,683300
2020-10-15,81.13804177149741,84.2564954714603,80.42096472703236,84.23147583007812,517000
2020-10-16,84.30652726194417,84.58168608103585,81.8968169379443,83.47271728515625,576700
2020-10-19,83.92298186788283,84.16478754305922,81.54662452420548,81.6800308227539,508000
2020-10-20,83.05581057152246,85.09864242763294,82.88905112421492,82.89738464355469,841200
2020-10-21,82.69727736411758,83.96466578514415,82.21366602970703,82.57220458984375,1004100
2020-10-22,82.88069599615251,87.93358138529884,80.40427985427539,87.28321075439453,1279700
2020-10-23,88.16706537306086,89.90139165563704,86.25763975832054,88.48391723632812,1456000
2020-10-26,87.40828394586127,87.55003008686961,84.76510837379952,86.10753631591797,712700
2020-10-27,85.34877351330806,85.46550637895731,82.73895107205819,82.79731750488281,752500
2020-10-28,81.08801288719691,82.57219349341614,80.52936178017546,80.69612121582031,995900
2020-10-29,80.04574141595398,83.48937362632581,78.9367728466691,82.99742889404297,702300
2020-10-30,83.02245580728602,86.44107530282622,82.7222837187542,86.36603546142578,1012000
2020-11-02,87.5500276101483,89.5928590431329,85.93243458815904,88.41719055175781,1259100
2020-11-03,90.22656432667658,92.6612875948882,89.83467267403658,91.72742462158205,1704900
2020-11-04,89.01753662098758,89.1009163292491,82.02187286139838,82.0718994140625,2235100
2020-11-05,82.5471789215354,86.93302071413211,81.7800753512383,86.34934997558594,1104600
2020-11-06,86.57447487824452,87.2165056386788,81.83843486036034,82.59719848632812,828700
2020-11-09,92.25272723731705,104.54308343676033,92.25272723731705,103.32572174072266,3062500
2020-11-10,102.45022515870826,105.21013390431249,101.24119698145309,103.32572174072266,2048000
2020-11-11,103.80932808575464,103.82600148399317,97.72251353292783,98.63970947265624,1092300
2020-11-12,96.73029307458842,97.85593522308726,94.63742834064674,95.9965362548828,1279900
2020-11-13,96.98877730506742,100.05719830762658,96.98877730506742,99.0816421508789,1044000
2020-11-16,104.23457487474204,105.87718135609336,102.74205442624174,105.8271484375,1354200
2020-11-17,103.1923009438263,104.87659391327352,101.51634149198892,104.20121002197266,976200
2020-11-18,104.75988211520396,106.27741597707691,101.62475490684714,101.63309478759766,1019600
2020-11-19,100.79094113334529,100.79094113334529,98.28951136605194,100.44074249267578,1065600
2020-11-20,99.75701511787165,100.14890678552702,97.70584354388612,98.46460723876952,1046100
2020-11-23,100.49077444907807,100.92435919444767,98.82315451465853,99.08997344970705,968900
2020-11-24,101.62472834418448,103.86767856992743,100.9410046150515,103.11724853515624,1747100
2020-11-25,102.04166028902206,102.55028487191608,100.52412642112364,101.97496032714844,1490300
2020-11-27,101.67477769660164,102.8504463066483,100.07385790970731,100.87432098388672,539400
2020-11-30,100.554565464745,101.97663626917983,97.8534770707586,98.02176666259766,1832200
2020-12-01,101.15200377683723,102.36370940449824,100.52932457143878,101.72419738769533,1457000
2020-12-02,100.97528109706982,103.9961218417028,99.74674928076908,103.5080795288086,1055400
2020-12-03,103.6259039397887,106.16711285700598,101.50541902358658,105.03955841064452,1058600
2020-12-04,106.70564269383166,107.77430151195236,104.93857628620384,107.72381591796876,1304100
2020-12-07,106.629900677841,107.80794051917366,105.93148675773972,107.03379821777344,622500
2020-12-08,105.55284740117006,107.9510030363206,104.77869856706334,106.15028381347656,622500
2020-12-09,107.44612094132036,109.36465034771464,106.5373418267644,107.82477569580078,751200
2020-12-10,106.36064543662788,108.46429099765902,106.04088622684075,107.69015502929688,611600
2020-12-11,105.83891108685508,107.04219997715984,104.71135698732316,105.88939666748048,690700
2020-12-14,108.0603872110072,108.11929562613372,104.198085477308,104.98064422607422,648700
2020-12-15,106.36906442327334,107.00016003284784,104.45894478318604,106.57942962646484,687900
2020-12-16,106.70564586353764,107.07589068331296,104.75345699353124,106.85710906982422,954000
2020-12-17,106.54576675245148,107.28624993103048,104.83759596873024,105.88101196289062,911700
2020-12-18,105.96517168323496,106.40272852770175,103.15468893124284,104.11396026611328,1872300
2020-12-21,103.68478127828551,104.61880310398672,100.88271580118192,104.3747787475586,1389200
2020-12-22,104.52624788903884,105.01429662976622,101.86722902838802,101.9345474243164,925300
2020-12-23,102.77602231057791,105.93150033244314,102.77602231057791,105.69589233398438,576600
2020-12-24,105.71271056627704,105.71271056627704,103.77735471414248,105.14893341064452,243400
2020-12-28,105.92306962670725,107.1768506804108,104.84600096782718,105.7716064453125,347800
2020-12-29,105.6369968938764,105.8726049069652,103.92041597301063,104.18126678466795,477400
2020-12-30,104.15601282912812,106.10820155396836,104.15601282912812,105.72113037109376,516000
2020-12-31,105.9062449684915,107.38721760857396,104.79551709338858,107.11795043945312,531200
2021-01-04,108.23708311419723,109.0448781151138,105.56123167944476,106.71403503417967,936400
2021-01-05,106.2260226485708,108.8850357650222,105.60334337760388,108.11931610107422,767800
2021-01-06,111.84697338379108,118.40196052181336,111.72916937970244,117.64463806152344,1386900
2021-01-07,122.0960005595783,125.48708748249064,119.71466430448844,124.15757751464844,1597800
2021-01-08,123.1225080796458,123.73677065730466,118.94885829742545,121.3722686767578,915700
2021-01-11,119.64729305443872,123.65264116554526,119.02460754503394,123.44227600097656,635100
2021-01-12,124.3679265833428,127.06059896026107,123.257192005547,125.92462158203124,1041100
2021-01-13,124.77180083177537,125.85729240557724,121.8435209734904,123.45071411132812,1059700
2021-01-14,124.72974808281133,126.61462515843388,124.12389519563531,125.68060302734376,628700
2021-01-15,123.18145317719645,124.2164464264055,121.06939106839168,121.81829071044922,653500
2021-01-19,122.32311635235097,123.54324442465382,121.54056420192458,123.0215301513672,883200
2021-01-20,122.51668603012948,123.11411595141696,120.23632182831513,120.94314575195312,760100
2021-01-21,120.06804296291877,122.8448661559727,118.41877415430092,121.59949493408205,1020800
2021-01-22,120.1858478887238,121.86876949270004,119.0330506986954,120.46353149414062,802600
2021-01-25,118.34305456330029,118.94890740827394,114.91831554764585,117.83817291259766,1086500
2021-01-26,118.8563551119443,119.2602527589857,115.38954022551658,115.48210144042967,644900
2021-01-27,113.16806825176492,113.68976984200836,111.2158730217251,111.771240234375,1238900
2021-01-28,114.2198785148113,116.3066974278327,112.14987957100192,115.57463073730467,888500
2021-01-29,114.9435523971084,115.6251336025089,110.86246231089504,111.46831512451172,835000
2021-02-01,112.32660365102198,112.74733403917368,110.47537967141652,111.87220764160156,592600
2021-02-02,113.72340868679107,115.81024047134852,112.4696404587811,114.50597381591795,554500
2021-02-03,114.07685716027387,115.76818889931332,113.44576150306416,115.5998992919922,678500
2021-02-04,116.34035850226788,119.86608109394987,116.06267491441406,118.64596557617188,757700
2021-02-05,119.9502155660754,119.9754583578421,117.7624127887119,118.1410675048828,540500
2021-02-08,118.43560024597724,121.00205809455272,118.048522652556,120.24473571777344,525700
2021-02-09,120.24474246374606,120.88426088530534,119.22658209206264,120.37937927246094,607700
2021-02-10,121.36388746526994,122.50827466569118,119.97548228255332,120.63182067871094,560000
2021-02-11,120.2531817513002,120.88427743391397,118.0990438756598,119.6641616821289,666400
2021-02-12,119.5126796416467,120.7412180924581,119.02463082363522,119.68096923828124,696100
2021-02-16,121.09463418564036,125.88254848362956,120.67390376001282,125.09998321533205,764800
2021-02-17,124.53618582775589,125.98349928481971,123.59375393559208,124.70447540283205,582300
2021-02-18,123.27401218477796,124.68766022289806,122.3399901454224,123.47596740722656,561000
2021-02-19,124.28375854802752,126.72400259060105,124.28375854802752,126.19387817382812,605000
2021-02-22,125.76469610104144,131.28467510759646,125.37761860890204,130.65357971191406,1917200
2021-02-23,132.3028966096564,134.49070013344453,129.17266096592246,134.11204528808594,1706600
2021-02-24,135.17230481803864,137.81449204562006,133.7165807723133,136.42608642578125,1235900
2021-02-25,138.52967777898672,138.6054061597163,131.46140026512234,131.8568878173828,945700
2021-02-26,130.93322682422354,131.11965793389945,127.3147978556088,127.9079818725586,1285000
2021-03-01,130.6620474263469,132.5856702372293,129.7553132313284,130.69593811035156,888400
2021-03-02,131.35690286292424,132.33990069380036,129.98410401905727,131.0179443359375,776100
2021-03-03,132.33143494132707,134.99229953663118,131.2721733519474,132.05178833007812,1238100
2021-03-04,131.86539618700914,133.63647898402965,127.21311325798524,129.6451873779297,722800
2021-03-05,132.86531142502315,134.05169231907564,127.11140740584592,132.49246215820312,958100
2021-03-08,134.61099208040966,137.06847423611387,133.17886808598084,134.8821563720703,852000
2021-03-09,132.2890844424527,132.60262178861595,129.45874009645826,129.67906188964844,1153600
2021-03-10,129.99262390031194,132.72976614311386,129.99262390031194,132.7128143310547,844100
2021-03-11,131.1874273524904,133.61101838805365,130.39934293600288,131.8314666748047,690900
2021-03-12,134.82283997554185,135.98378670945758,132.39924858756603,133.517822265625,658600
2021-03-15,133.11107945391055,133.47545931489424,129.806174803496,131.60269165039062,928000
2021-03-16,129.89939804522973,130.38242767234425,127.78087427109858,129.3485870361328,778900
2021-03-17,130.99256360862262,132.0602949362727,128.15373657792009,129.51806640625,957000
2021-03-18,131.56031908230435,136.50071780142818,130.441732384944,131.6704864501953,1321600
2021-03-19,129.86549170384285,131.20440011939186,127.67917388076464,128.8655548095703,3083900
2021-03-22,128.00120036836606,128.54354190067275,124.49292575272293,126.6199188232422,1008800
2021-03-23,125.12847662066228,126.7724529454158,123.5438122307966,124.20480346679688,874800
2021-03-24,126.23014499902771,128.76389153379944,125.10308863210976,125.2217254638672,1015200
2021-03-25,125.1623534420385,129.72988914006532,123.3573803908656,129.28924560546875,619800
2021-03-26,131.16203413041492,132.11961095026186,129.65364633817092,131.46710205078125,810400
2021-03-29,129.63670525033362,130.3485390770228,126.02674533613474,127.56055450439452,764100
2021-03-30,128.77232715154014,130.9755836457213,127.74695617543156,130.390869140625,741400
2021-03-31,129.91631647679324,130.66204079143162,128.45030202227886,128.47572326660156,1280800
2021-04-01,128.13678375674516,129.80616841382854,127.53511738070436,129.79769897460938,995200
2021-04-05,131.23827840151833,131.61114057445846,129.3146685381666,129.8315887451172,888500
2021-04-06,129.67907796075806,130.01803659697185,127.52666346687008,129.6706085205078,872200
2021-04-07,130.70440612923863,131.1874226733068,129.38243685026933,130.6620330810547,577100
2021-04-08,129.45027279725997,130.49259581015244,127.83173045148662,129.53501892089844,1174200
2021-04-09,130.8654017839769,131.8907726463843,129.37396618727757,130.18748474121094,1088900
2021-04-12,130.70444182326716,132.90769869569155,130.204460406859,132.38230895996094,1022700
2021-04-13,131.17051795209915,131.65354759999153,129.5519755461769,130.9417266845703,1081800
2021-04-14,130.56882220434477,133.22968680167452,130.45865486122483,131.8314666748047,829200
2021-04-15,131.40774063982406,131.84838407966916,127.98420049679824,130.4077911376953,1316400
2021-04-16,132.57720309784526,133.05175031106472,129.61975245458763,130.38241577148438,1136900
2021-04-19,130.38238771141286,132.26363728069208,129.10280439897696,131.33148193359375,1541200
2021-04-20,129.83160075893042,130.8400070903154,126.78092172571132,126.8317642211914,1261200
2021-04-21,126.3572342960404,129.7638241937482,125.25559933175802,129.6451873779297,845300
2021-04-22,129.62819246720156,129.62819246720156,126.26397675022686,126.34024047851562,1001400
2021-04-23,126.19622320537414,130.40784952212508,125.526775379069,129.75534057617188,1076100
2021-04-26,131.08578606087622,132.1789386968394,130.37396513836794,131.8992919921875,717700
2021-04-27,131.90773251995023,132.89919983260094,130.74677300580203,132.85682678222656,838600
2021-04-28,133.75510905040045,134.71268589932862,131.95013565298862,132.54331970214844,735500
2021-04-29,134.42454911878795,136.32273778434836,134.2550569046996,135.7719268798828,703600
2021-04-30,134.4669484646527,135.72959341744593,133.1280526819829,133.62802124023438,774200
2021-05-03,134.9923194806195,135.0855350314743,132.52635503291256,133.46697998046875,542900
2021-05-04,132.58570028686736,135.50926056899604,131.30610362558426,135.5007781982422,787200
2021-05-05,135.58549786662695,137.009139387615,133.84830608912264,136.21258544921875,851400
2021-05-06,136.81425707393922,137.75488210786568,134.64489088805826,137.73793029785156,647100
2021-05-07,135.21265534731245,138.53449897660343,134.45846142293826,138.25485229492188,796500
2021-05-10,139.48360583802872,141.01741493079334,137.9921568749884,138.017578125,934100
2021-05-11,137.14477634125814,140.39035689237204,136.50074965428894,137.28036499023438,1013900
2021-05-12,139.2378368765938,139.98356128864583,133.67036382517102,133.99237060546875,802600
2021-05-13,133.28902127922868,140.03440591623715,133.28902127922868,139.55137634277344,1120100
2021-05-14,139.66152145831177,141.72920217172015,139.2801898681529,141.3648223876953,787900
2021-05-17,140.66995651514335,142.00039544301268,139.86492019346414,141.7461700439453,656100
2021-05-18,141.1106048050861,142.59357112788808,139.14460895910307,139.1785125732422,635000
2021-05-19,137.86503383433976,137.86503383433976,134.83130670815626,137.44979858398438,1016300
2021-05-20,137.50911920597224,138.16161509726783,135.33127096414415,136.2041015625,677300
2021-05-21,137.0769522624666,138.45823384689092,136.41597390523782,137.6616668701172,525100
2021-05-24,138.0260427293127,138.0260427293127,136.0769985864919,136.92440795898438,585800
2021-05-25,136.81422887577423,138.0090790918777,132.87378080361654,133.27206420898438,848700
2021-05-26,134.22965866904946,134.44999341295906,132.85685942659677,133.636474609375,772200
2021-05-27,136.5007145639882,137.06847733887022,135.1024812254502,135.82278442382812,1552600
2021-05-28,135.9848895852441,137.56343563171674,134.77325439586429,137.1112060546875,728700
2021-06-01,138.3910839460441,139.38087469617798,137.60608152966694,138.2886962890625,735200
2021-06-02,138.2290069110577,139.4918361681585,136.52247596153845,138.6556396484375,824200
2021-06-03,138.4252286309393,140.2682848390731,137.97299905484104,139.0907745361328,678700
2021-06-04,138.74092335232675,138.8774358859622,136.43709695254432,137.6060791015625,515400
2021-06-07,138.10099812784782,138.10099812784782,135.45587041111412,136.28353881835938,564900
2021-06-08,135.05484704577978,137.51225557458383,133.63842335099426,136.8979034423828,738400
2021-06-09,135.64357800807133,135.79715950376698,133.9711723872166,134.5258026123047,626500
2021-06-10,136.6247976553216,136.6247976553216,131.08711573178948,131.3089599609375,1198900
2021-06-11,131.87215642522156,132.98993189951696,131.51378655696013,132.37557983398438,575600
2021-06-14,132.33293969219542,132.57185298415175,129.2782477224132,130.17417907714844,617100
2021-06-15,130.31921842021006,132.6401013056938,129.4232871632747,131.6844482421875,567300
2021-06-16,130.65200057321604,133.84321801978618,129.18438296846594,132.7595672607422,841400
2021-06-17,134.11623514379025,134.11623514379025,126.41125043794148,126.67577362060548,1405600
2021-06-18,123.7917558824178,125.55800863405902,121.63299528607976,121.99989318847656,1919400
2021-06-21,123.4845580054927,126.3515299980834,123.27124167574576,125.984619140625,999300
2021-06-22,125.7115745233001,126.4027173128564,124.59379909626018,125.54092407226562,601000
2021-06-23,125.51532774576002,126.32592715683128,124.89243471785286,125.10575103759766,657200
2021-06-24,125.84807459177864,126.8037273397662,124.28659789261116,126.1552505493164,1084500
2021-06-25,126.76111532440515,130.1485802600928,126.19795699307726,129.12466430664062,1192700
2021-06-28,128.49323700568897,128.57856875596153,124.7303333631394,125.43854522705078,894600
2021-06-29,126.58190891779654,127.37543937507078,123.97944722172343,124.44874572753906,661500
2021-06-30,124.00502976451578,125.10573611439172,123.55280026218448,123.98796081542967,1025100
2021-07-01,125.49828719265346,125.96758580624488,124.49142716533024,125.66893768310548,977900
2021-07-02,125.82252158977975,126.16382254179888,124.1586436442456,124.51701354980467,715400
2021-07-06,123.51869248231876,123.7064119086585,119.90085558150936,120.8138427734375,1013500
2021-07-07,119.65340222455085,121.84630053057566,119.52541762372304,120.73705291748048,964000
2021-07-08,118.35642900207309,119.4144695833904,116.75228615969586,117.36663818359376,916100
2021-07-09,119.81551914741276,121.62443752704552,118.76600641015378,121.44525909423828,1134000
2021-07-12,119.94352954915692,123.0664711748958,118.81721291510878,122.17053985595705,772300
2021-07-13,122.09371192511546,122.09371192511546,119.41445977097128,120.4554443359375,698300
2021-07-14,120.685847525202,121.95720450438698,117.67382202259458,119.49980926513672,798300
2021-07-15,117.93832016695524,121.16366166837494,117.34956507990664,120.47251892089844,868100
2021-07-16,121.0698072543872,121.0698072543872,116.38537628855418,116.74375915527344,934600
2021-07-19,113.91090739438376,115.1396114000071,111.11219850148356,111.94839477539062,1098000
2021-07-20,111.47057542281756,117.05092461351386,111.2060652697438,115.22493743896484,1013000
2021-07-21,111.8204239925261,115.13108461626948,110.92449279293174,113.5269546508789,1691600
2021-07-22,112.63955806560178,113.3051040200572,109.62753231741856,110.06270599365234,1333800
2021-07-23,111.2828467838106,112.44328798663588,109.61045426843503,110.35279083251952,1020700
2021-07-26,110.7965059233794,113.11738861260304,110.67704930054268,112.8443374633789,1157100
2021-07-27,111.77776502035547,115.37001800659034,111.0183593513144,114.30343627929688,1311700
2021-07-28,114.7385999884028,116.05262298266462,112.91261254350572,114.73007202148438,1024800
2021-07-29,116.25740400519813,116.99974069379569,114.42288870954825,115.38706970214844,1040400
2021-07-30,115.26758943516244,116.58162509653516,113.60372494687276,114.20954895019533,905400
2021-08-02,114.73859080327492,117.53730006449746,113.73173093623988,113.79146575927734,835000
2021-08-03,114.6618118982087,116.82057238037578,112.02521184174384,116.24888610839844,792700
2021-08-04,114.36313766600632,115.95873947880516,113.47574755605356,113.50987243652344,765400
2021-08-05,114.62766629344826,115.10549281586512,113.41603103452084,114.66180419921876,739600
2021-08-06,116.99972712945636,119.28648477396712,116.00140834749044,117.73353576660156,958400
2021-08-09,116.94000476182856,119.61925711791172,116.01847673224783,118.16870880126952,775400
2021-08-10,117.80181054791947,120.42134138656702,117.36664991241918,119.4656753540039,586100
2021-08-11,119.3888965337253,121.743904416247,118.87694509133212,121.7183074951172,1089300
2021-08-12,121.96574451916932,122.20465776247502,120.0885634561408,120.84796905517578,543900
2021-08-13,120.80532251269052,121.35993984056552,119.05612575738095,119.40596771240234,441400
2021-08-16,118.58681791297094,119.44008328610748,116.8973561197036,118.67214965820312,546700
2021-08-17,117.55435840209684,118.89397808870858,116.41951404501862,117.8359375,635100
2021-08-18,117.09359967491156,118.79160239896665,116.3000691533867,116.70963287353516,595500
2021-08-19,114.94337692950847,116.14647113507354,113.57814721026016,114.90071105957033,982300
2021-08-20,114.60207047479378,115.822246731782,113.89385865091045,115.7881088256836,835400
2021-08-23,116.75228792511663,117.707940856833,116.24032355752875,116.8290786743164,534400
2021-08-24,116.76935890873246,118.65506788859211,116.56457055417336,118.4246826171875,841600
2021-08-25,119.30351939132332,121.62438822949234,118.31372885958946,120.83938598632812,1470100
2021-08-26,121.41110995237152,121.41110995237152,119.0816994028944,119.25234985351562,631600
2021-08-27,119.51686832734106,121.61589352509388,119.32060794803525,121.31724548339844,477000
2021-08-30,121.2660736298818,121.37700229743758,118.32231062451838,118.57829284667967,787400
2021-08-31,118.76750713210028,121.04670902648624,118.76750713210028,120.4188461303711,1218400
2021-09-01,120.67687180487698,121.02090896824129,118.56969503351472,119.73939514160156,1124900
2021-09-02,119.4469687106211,120.65106592598003,119.00832298499542,119.7909927368164,1835700
2021-09-03,120.28126524534468,120.65109049262364,118.4751059308657,119.51580047607422,660700
2021-09-07,119.6017615591821,121.27030545027152,118.94811073659685,119.0513153076172,770800
2021-09-08,118.53530960810784,119.30077432728194,117.40000654218106,118.05365753173828,653600
2021-09-09,117.76121281242214,119.86838938173334,117.34838137964609,118.64708709716795,767900
2021-09-10,119.64476942048417,119.64476942048417,116.69471186429465,116.76351928710938,584100
2021-09-13,118.24283452680832,119.56735432027664,117.41717178097208,118.21703338623048,894900
2021-09-14,117.967624998825,118.7932877937438,114.18329563048096,114.9659652709961,999000
2021-09-15,115.30142557086948,118.81912225091236,114.97459351425226,118.05365753173828,830800
2021-09-16,118.7503058564473,119.73938472728338,117.04735157417902,118.2686538696289,818000
2021-09-17,117.83860799699198,119.49855586613496,117.83860799699198,118.30305480957033,1694000
2021-09-20,115.25840233892676,115.40461320495422,113.03081594831828,115.19820404052734,852600
2021-09-21,115.62823813732103,116.29909415458916,113.9166878183716,114.72515869140624,548400
2021-09-22,116.3851138017253,118.53529684012244,115.82605833753658,117.39999389648438,738300
2021-09-23,119.06853490296044,123.282888297925,118.69869660577024,122.08738708496094,858300
2021-09-24,122.29378660181656,124.05693894333264,121.82074380916497,123.21405792236328,668000
2021-09-27,126.00936081636016,131.45362751900052,124.96007012098164,130.06890869140625,1572700
2021-09-28,131.16112964710027,131.3589427581693,129.02815232812316,129.9828338623047,1394900
2021-09-29,130.3440883905164,132.49427126359095,129.122786093451,131.5825958251953,810900
2021-09-30,132.67487167560463,133.06191506952672,128.34010902621307,128.4433135986328,1453000
2021-10-01,131.0063427750288,132.60606616530325,128.9593645680208,131.41917419433594,955600
2021-10-04,131.96100565184906,133.96497749225938,131.22135540577327,132.1502227783203,1151600
2021-10-05,133.67256001685888,134.6874531021281,132.14163094428963,132.287841796875,987600
2021-10-06,131.15256407157844,131.2815697992351,127.94448165798038,130.9375457763672,993100
2021-10-07,132.227652889358,133.3285454888135,131.3761757329163,132.1846466064453,583600
2021-10-08,131.5911718568945,133.5349321545722,131.29014105089004,132.22763061523438,783100
2021-10-11,133.01028919037014,133.51774225339818,130.13764841228533,130.2838592529297,722300
2021-10-12,129.6990397282283,130.731124931903,128.95937625958763,129.60443115234375,620500
2021-10-13,128.68415239979646,129.27760502794692,125.3298720541756,128.34872436523438,816700
2021-10-14,129.5614278682213,129.9656633269363,128.18530548233923,129.8882598876953,961900
2021-10-15,131.4965575848574,131.8061843830696,129.0883506125041,129.9828338623047,659300
2021-10-18,129.39801617562287,131.17837407961846,129.01098584282963,129.7334442138672,564300
2021-10-19,130.1892701023148,130.42149353027344,128.7185523471516,130.42149353027344,975500
2021-10-20,130.42148041750036,138.14493294745614,130.05165529504063,137.96432495117188,1314700
2021-10-21,137.6633132791253,138.1621573062953,134.395032518442,137.40528869628906,1577600
2021-10-22,137.56872797251415,139.79631477123337,136.218419654359,137.50852966308594,997600
2021-10-25,138.19654930251176,138.19654930251176,135.97757209448213,136.7516326904297,849700
2021-10-26,136.68283707441924,136.68283707441924,133.39736413759204,133.63818359375,1074000
2021-10-27,132.7350812258013,132.7608823685435,127.98747410613085,128.24549865722656,1442900
2021-10-28,128.38312890572138,128.76156320958046,126.80919339122131,127.35104370117188,1232600
2021-10-29,127.60908065628182,128.0649184887331,125.93194022333108,126.53398895263672,1280400
2021-11-01,128.17669058579006,131.5395794920008,127.73805803772186,131.34176635742188,922600
2021-11-02,131.00632302109798,133.1478963488196,130.21504432820134,132.2964324951172,1059600
2021-11-03,131.74601816124087,137.77514022711836,131.453596396988,137.0354766845703,1222800
2021-11-04,136.38181849263853,136.45922193371996,131.31597456504292,132.5974884033203,960800
2021-11-05,134.02520705541176,135.28090656620378,132.5630852540609,133.3887481689453,735300
2021-11-08,134.18859820360356,135.2808815058204,133.5263382939584,134.6788330078125,845900
2021-11-09,133.4833310490866,134.0853795427262,131.95240211225746,132.97589111328125,659200
2021-11-10,133.87037709837773,135.16048679013343,132.94150966914717,134.5068359375,748100
2021-11-11,134.33483616884385,137.5429055531658,133.9822030046389,136.94085693359375,815300
2021-11-12,137.035444244857,138.31695784767186,135.76253977192002,137.4998779296875,1067000
2021-11-15,137.9213488795342,139.55548282857768,137.3364922368069,137.79234313964844,899000
2021-11-16,138.0933711665123,138.99645078383384,136.94087605898983,137.97296142578125,853600
2021-11-17,137.88695704756825,138.91904237753496,136.44202708667322,138.61801147460938,916400
2021-11-18,139.52967287770758,139.92531232785734,136.87204981431745,137.1128692626953,1160600
2021-11-19,135.26370149106174,136.7946305747804,132.88989131170203,135.34970092773438,913800
2021-11-22,137.8955230279217,140.3209223690056,136.90643107917694,138.7899932861328,806800
2021-11-23,139.69308523328817,140.41554355952547,138.83301204766985,139.20285034179688,946400
2021-11-24,138.8588019431306,140.32092361548695,137.65470483028992,138.87600708007812,576900
2021-11-26,133.19090150096832,133.44031688942903,130.0086341165895,132.44264221191406,956700
2021-11-29,134.54040445963506,135.1471815259529,130.69168531506463,131.89657592773438,1053300
2021-11-30,129.84215414346374,130.01553031663917,126.49619769305023,127.0856475830078,1277300
2021-12-01,130.05891039724932,131.80124371971542,124.77126578115444,124.85794067382812,1107200
2021-12-02,126.47888969487072,131.89656525345356,124.80590460447192,130.64833068847656,1117300
2021-12-03,130.50962632246396,130.80434467879127,126.37485290820986,127.38905334472656,901300
2021-12-06,130.28427018722363,133.68223485925645,129.0186953015124,131.48048400878906,774400
2021-12-07,132.19128181716172,133.8295863545472,131.63651237663828,132.37332153320312,727000
2021-12-08,132.6160472833916,133.72558628949028,131.29846475361882,131.71453857421875,705500
2021-12-09,130.813044055324,133.00611829655918,130.21493049376014,131.96592712402344,1075200
2021-12-10,132.51197673230138,133.179437918245,130.95169709496994,131.93988037109375,1038000
2021-12-13,131.55854030422117,132.06996584821985,127.85717960471644,127.9698715209961,821100
2021-12-14,128.49858790410778,131.0210473400745,127.9871493300996,129.5214385986328,1044300
2021-12-15,130.35361522683004,131.662520909418,128.93201765754506,130.5616455078125,887300
2021-12-16,132.6246779994908,135.79727151036798,131.65383491597447,132.78070068359375,1176600
2021-12-17,132.5119989276646,132.5119989276646,127.3023671419462,127.55374145507812,1977200
2021-12-20,125.19599874877694,125.7594450516026,122.64753478490609,125.43004608154295,983800
2021-12-21,127.38041517929032,129.74685271881674,126.93833751090628,129.2007598876953,693800
2021-12-22,128.9840095968121,131.27243499752626,128.34255211244115,130.46627807617188,643000
2021-12-23,131.67115538511246,132.80671106756793,130.59629723246712,130.84767150878906,481100
2021-12-27,131.09039324773593,133.10144053373466,129.8248317890863,133.04075622558594,570800
2021-12-28,132.4773176781806,134.28032140809248,132.4773176781806,133.6562042236328,415300
2021-12-29,133.66489142736873,134.35835655817974,132.52934872370497,133.57821655273438,480400
2021-12-30,134.12428666815327,135.06046245300615,132.67668556085843,132.78070068359375,600900
2021-12-31,132.2346551234029,133.8036121745125,132.13062673689996,133.1274871826172,578600
2022-01-03,135.02579225745865,137.51358421896785,134.5663745062408,137.17552185058594,1049800
2022-01-04,139.3339654706197,144.06683989436786,139.03057031897634,142.15982055664062,1325800
2022-01-05,143.0266103358937,145.42772743714238,142.66254418770262,143.27798461914062,1396800
2022-01-06,145.39307697985743,150.5507016526139,145.39307697985743,149.03375244140625,1675000
2022-01-07,149.42383213017675,153.6972883148992,148.21894160008847,153.36788940429688,1698100
2022-01-10,155.543644760248,156.0290664061207,151.95497676197712,153.85333251953125,1798800
2022-01-11,154.35608659962395,155.3269298421077,152.52707877382156,154.46876525878906,1106600
2022-01-12,154.72882637957625,156.4538191775941,154.45143501986064,155.6216583251953,1708300
2022-01-13,157.95338952610675,160.1724669536647,156.9565426779716,158.81155395507812,1871800
2022-01-14,156.89588251440216,160.69259373819364,155.80368389499154,160.6579132080078,1681000
2022-01-18,161.02195982650278,162.03614696974188,157.28593337164267,158.1007537841797,1629200
2022-01-19,158.17880729577976,158.51686976698227,152.47507611422975,152.49241638183594,2490500
2022-01-20,154.96284019990568,157.0692258222393,143.70274008621357,144.19683837890625,3911200
2022-01-21,143.33000985375355,143.33000985375355,136.8288000912926,138.78782653808594,2660900
2022-01-24,137.6696350885829,144.87297395471933,135.6585876953158,144.43955993652344,2590100
2022-01-25,142.30713747553258,144.2748405496272,139.33392407054637,142.67120361328125,1497000
2022-01-26,143.29535636385907,145.74848156427302,142.1944809328894,145.41908264160156,1782900
2022-01-27,147.4474453139252,150.5506778559481,145.10699917660466,146.37257385253906,1995800
2022-01-28,145.8611713506368,149.20712842049227,144.68228457921757,149.15512084960938,1722100
2022-01-31,147.30877062267317,147.71618089111072,144.5002427943105,146.82334899902344,1517700
2022-02-01,146.58931096512788,150.36868227949265,145.92184957707946,149.8312530517578,1108700
2022-02-02,149.00776814293562,152.99518331027707,148.23629154369883,152.40574645996094,1243900
2022-02-03,153.08185978675505,155.3269415678552,151.06214856774568,151.8509521484375,1707100
2022-02-04,152.0329726268142,156.80919046675294,151.95496127598088,155.64764404296875,1243800
2022-02-07,155.64763396091658,157.4072937472674,153.7146112194725,156.4451141357422,963100
2022-02-08,158.76823495898557,160.4412068114149,157.77137472684524,159.74774169921875,1130400
2022-02-09,159.3836742250405,160.08580285086498,158.08343211003316,158.67288208007812,913700
2022-02-10,159.03695794762348,162.05351613422735,157.67603143572532,158.7248992919922,1451100
2022-02-11,157.07792665369044,161.66344150723685,156.83520261579602,158.02276611328125,1319900
2022-02-14,158.30878899322255,159.7997340900652,155.24888746030288,156.38442993164062,952400
2022-02-15,158.50821536599264,159.99049750300588,157.1993094615186,159.4357147216797,789100
2022-02-16,157.85809247864464,161.81949068672452,157.85809247864464,161.31674194335938,1095800
2022-02-17,159.86908441246914,159.86908441246914,157.06057010977952,158.33480834960938,1517500
2022-02-18,157.40730328749163,159.68706530404094,157.2946246345618,158.06610107421875,1489600
2022-02-22,157.72804669617597,159.8864401973265,155.4916286137963,158.27413940429688,1351000
2022-02-23,160.28518639719442,160.75326774924065,155.79500998224643,156.73118591308594,1468700
2022-02-24,150.08262115598947,151.59090685635027,145.71381322219074,151.23550415039062,2090400
2022-02-25,152.6320259232358,160.25185379755135,152.44000194565749,159.75433349609375,1530100
2022-02-28,154.8053761750237,159.30045251524,154.68318031291153,159.05606079101562,1386000
2022-03-01,156.96998875960475,157.6333491176822,146.95861198386424,148.2504119873047,1813500
2022-03-02,150.45868425585093,157.85156743959834,150.45868425585093,156.07098388671875,1345400
2022-03-03,155.77423571448386,157.9650379404916,154.4998958902272,157.677001953125,1209200
2022-03-04,153.25173695424127,154.12456834367083,150.5808750335229,153.8103485107422,1319100
2022-03-07,151.49737420926823,156.14955451805037,148.7479469141039,148.80905151367188,2863300
2022-03-08,152.66692537812455,152.85894932896196,145.78028697647068,146.74913024902344,3357500
2022-03-09,152.23051566124212,154.87519352914074,150.0309769776213,151.18312072753906,1263900
2022-03-10,149.48109558962778,153.12080080330398,148.75664395452918,151.78536987304688,1078700
2022-03-11,152.4574651132374,155.67821523847826,150.23174229090134,150.31903076171875,1100900
2022-03-14,152.6844062313311,155.34654494086908,151.0522156060651,152.92007446289062,976600
2022-03-15,154.02856645676175,154.33406279043157,150.12700882474363,152.7542266845703,808800
2022-03-16,154.29041013138632,158.4188989195455,154.29041013138632,158.34034729003906,1276000
2022-03-17,155.08466426379326,156.50738359303477,152.59710296522982,156.29791259765625,854300
2022-03-18,156.0884494501885,157.29296111034827,151.20932485208064,156.4899444580078,2443300
2022-03-21,157.52858678819013,159.85904472390487,156.05349978372664,157.61587524414062,1155300
2022-03-22,159.76303992944278,162.94888225792894,158.8727615668113,161.02865600585938,826300
2022-03-23,159.6321136977774,160.64460118805928,156.1146046733062,156.1582489013672,1024000
2022-03-24,157.7729881596364,158.113391849364,155.58218629173302,156.8390655517578,809500
2022-03-25,158.02613848209887,160.8453803685006,156.93509915719946,160.22567749023438,882500
2022-03-28,157.07476033085567,157.5198995948182,153.79290541452266,156.57723999023438,1141600
2022-03-29,159.02118701032555,160.16459424429385,157.00494820009408,158.88153076171875,1130600
2022-03-30,157.1096631825498,157.5722627920081,147.96239318861524,150.35394287109375,4229100
2022-03-31,150.02222772760203,151.69806199776323,147.00222597975053,147.94488525390625,3673700
2022-04-01,150.24920392521202,150.84273623144114,143.21418463212677,143.72042846679688,9479700
2022-04-04,144.01717394742283,145.75411314297034,141.44232410718428,144.5146942138672,2908400
2022-04-05,144.2441183392945,145.6319304446787,142.68175592870634,142.95233154296875,1736700
2022-04-06,141.65182399654478,143.55460366894502,141.35506447096245,141.8525848388672,1944700
2022-04-07,142.16679444070624,142.70794569154796,137.86372835761415,140.70916748046875,1762500
2022-04-08,141.60817466449245,143.61567627991025,140.52585890687678,142.33262634277344,1348900
2022-04-11,142.47226352090777,146.19053375196782,141.44232887741697,142.73411560058594,1646900
2022-04-12,142.46353847655303,143.8338768134508,138.80637287452012,140.0719757080078,1636400
2022-04-13,138.68417423585475,140.63932127655312,138.13428621726936,139.39990234375,1403100
2022-04-14,139.12931046380498,140.77896116598484,138.2913998345053,139.2689666748047,1303300
2022-04-18,138.56199673847706,140.04580758318733,138.2303165159078,138.91986083984375,954000
2022-04-19,140.34255450343994,142.0533099021202,139.09441199818332,141.43359375,2305500
2022-04-20,143.14434863209982,158.83785336884685,140.79643005103972,153.9150848388672,4121300
2022-04-21,157.83408948858715,160.85407840315213,154.95374346353776,155.1719512939453,2361900
2022-04-22,155.0410284858293,155.13704046181402,150.30154758890873,150.48484802246094,1316200
2022-04-25,149.02717991043068,152.41375536519777,146.6443415285187,151.8726043701172,1537900
2022-04-26,149.09704662249797,151.9599321742493,147.54339468100451,147.69178771972656,1274300
2022-04-27,148.1893032032507,150.82525756786694,146.81896493087802,149.4723663330078,1124200
2022-04-28,150.0658703511628,151.42749828795323,146.81895035552566,149.52471923828125,988000
2022-04-29,149.0447160278805,150.03974349782635,145.0471457873322,145.4486541748047,1088300
2022-05-02,146.8538861387553,147.97983280836308,143.63313607407773,146.83642578125,1067500
2022-05-03,148.3551761408725,149.60331883530134,147.19430860838602,148.5821075439453,793900
2022-05-04,148.18930522069573,154.49114861969002,147.38630197861454,153.69686889648438,1451000
2022-05-05,151.706818071793,151.706818071793,147.34266122803464,150.2491912841797,1270500
2022-05-06,149.95242142972526,150.3713767285719,146.41745196743776,148.80027770996094,1235500
2022-05-09,146.67057349443854,148.93994032095546,145.7628347548414,146.66184997558594,1315100
2022-05-10,147.2815653243709,148.25913216474714,140.9971690123825,144.7416229248047,1355500
2022-05-11,144.64563138141267,149.097077178288,143.44985653676292,143.62442016601562,1226700
2022-05-12,143.5021970039297,145.5446190463169,141.61687820248827,144.65432739257812,1265300
2022-05-13,146.4348962493903,148.15437480347288,145.06454485296675,145.39622497558594,1032600
2022-05-16,145.38752382118165,145.50971967699286,142.6380970879052,143.03086853027344,1039400
2022-05-17,146.15562916001053,149.02725219726562,145.30025803583626,149.02725219726562,1334000
2022-05-18,147.22919238077944,148.35515233145486,143.8513391654533,144.62815856933594,1046900
2022-05-19,142.21039872528027,144.9161811094299,140.84878401472454,142.1754913330078,1195100
2022-05-20,142.9523184833827,144.40122173138687,139.13804971784904,142.0358428955078,1143500
2022-05-23,144.30519041722363,148.32020612770594,144.30519041722363,146.88876342773438,1172400
2022-05-24,146.84516770605484,148.13695452083562,144.121924529963,147.56088256835938,830700
2022-05-25,147.36887333815108,152.1607232652781,147.07211381232304,151.575927734375,1075900
2022-05-26,153.08589981908946,156.16699361787786,153.08589981908946,155.14578247070312,887500
2022-05-27,155.33780786270145,157.9824859824647,155.33780786270145,157.80792236328125,971000
2022-05-31,155.07525184063357,159.14345278469648,154.75013738399406,158.13299560546875,2185700
2022-06-01,158.6074633634736,158.6074633634736,153.3179214212499,156.21749877929688,1487400
2022-06-02,155.6815379335643,158.5811291488276,154.52170949186075,158.49327087402344,980300
2022-06-03,157.7112738173905,158.19452788590976,156.0506007875103,156.37570190429688,779900
2022-06-06,157.28074370167448,159.73220861209708,156.16483746437302,156.27906799316406,784500
2022-06-07,155.1631136017406,158.95014941733518,154.6447055905327,158.69534301757812,946900
2022-06-08,157.06105559272063,157.43009254803005,155.61126659633808,156.30540466308594,1129100
2022-06-09,156.34051260818015,156.56017837427314,150.3919733156628,150.5677032470703,987300
2022-06-10,146.46436784638897,148.4325647919445,145.62964050556238,145.71749877929688,1175000
2022-06-13,141.81623008641154,145.75265073605695,141.43841135933542,142.6861114501953,1078500
2022-06-14,143.6086999032512,146.66644375197583,143.24844481274965,144.89154052734375,979000
2022-06-15,146.42921223436102,147.69448934707216,143.70536444586963,145.40997314453125,882700
2022-06-16,142.9409352000845,142.9409352000845,139.891985969335,141.14846801757812,1097000
2022-06-17,143.92505097026307,145.67358235351492,142.00955800779062,142.64219665527344,3022500
2022-06-21,145.9723472356604,146.7719206979233,144.12714883001647,145.20790100097656,728800
2022-06-22,142.9145743070817,145.98989572635656,142.71248551072665,144.73341369628906,875400
2022-06-23,144.10076268138332,144.27649263733238,137.79196743365875,140.26979064941406,1134000
2022-06-24,140.14680032880017,147.3079010641703,139.9007756704025,146.4204559326172,1598000
2022-06-27,146.71920951346314,147.23763110457318,143.41543998457848,144.46983337402344,947100
2022-06-28,146.60496874445926,147.72965663278538,143.14303339147466,143.32754516601562,757600
2022-06-29,144.41709292533216,144.41709292533216,142.16771714086426,142.63340759277344,624700
2022-06-30,139.399909535738,141.8513873405201,137.23840559946726,140.0501251220703,1130700
2022-07-01,139.38237132005338,141.2363515224421,136.02587089188455,140.33132934570312,1077200
2022-07-05,137.40536243661523,139.39113654212994,135.12961444425844,139.38235473632812,895100
2022-07-06,138.03802269573896,138.96060852110529,135.75349253926228,138.00286865234375,1588500
2022-07-07,139.82169298243792,141.37691734527365,139.3735661259109,139.57566833496094,778700
2022-07-08,140.8233619982989,140.89365666676343,137.74804064149566,139.6371612548828,862800
2022-07-11,138.1697815019133,139.99740247819568,137.66893706667136,139.43505859375,1084300
2022-07-12,136.77271677823282,140.4894583560609,136.77271677823282,138.7321319580078,757700
2022-07-13,137.56353607218583,138.45977647022204,134.04888256637693,135.4283905029297,1004400
2022-07-14,132.23884113064815,132.7484675093347,130.74511603854725,132.30035400390625,679800
2022-07-15,134.40032610618712,137.95890126445906,133.4513682615359,137.2559814453125,803200
2022-07-18,139.52294140197375,142.2907388789529,138.011652840207,138.8024444580078,882500
2022-07-19,141.70202101665302,145.44512150122077,140.89365246442725,144.72462463378906,1392400
2022-07-20,140.4279619263861,149.60119465949688,139.76896451293254,145.4539031982422,2437700
2022-07-21,145.48027775467926,148.88948197777793,143.6614384289561,148.68739318847656,1547800
2022-07-22,148.4940944894334,149.72421771990193,147.00915139936504,148.45895385742188,1216400
2022-07-25,150.40080217905796,152.3075000164578,149.23217832890865,151.51670837402344,1081500
2022-07-26,151.1037036608207,151.66604754306812,148.8279693097988,149.19700622558594,786700
2022-07-27,150.0932777998345,153.19495830970862,149.49577975830923,151.99118041992188,799300
2022-07-28,151.85057832904067,152.96647092263262,150.34805838087212,152.79074096679688,758000
2022-07-29,153.76607042019413,156.47235486847,152.4041396864335,155.91879272460938,1750300
2022-08-01,155.2070834101845,155.83094024692448,153.42339799946453,154.72381591796875,1154600
2022-08-02,154.64474911885122,154.73262081651333,152.36021905302366,152.72047424316406,958900
2022-08-03,153.9857236825214,155.88363938618366,153.23885460985713,155.09283447265625,743700
2022-08-04,154.40748588120636,155.10163734203712,153.67819379035203,154.15267944335938,714000
2022-08-05,153.9769633848232,157.28951441268757,153.8539510576258,157.07864379882812,736900
2022-08-08,157.28069243886375,158.12421490089162,156.55140046839557,157.50914001464844,713100
2022-08-09,158.159375475194,158.6865787563792,156.806240050912,158.08908081054688,654200
2022-08-10,159.9167247615742,162.73723992720224,159.63554606273476,162.39456176757812,1217600
2022-08-11,163.54561374127692,165.5665287218323,163.36987034528192,164.19581604003906,1085800
2022-08-12,164.7493670440394,166.84058996673315,163.9322166190231,166.78787231445312,631300
2022-08-15,165.01294263185622,167.8158802319913,164.88113511465096,167.16566467285156,779000
2022-08-16,166.93722116710495,169.9510294168186,166.06733979866146,168.18492126464844,770600
2022-08-17,165.8389095460972,167.9828366516114,165.17991209701597,167.5786590576172,888900
2022-08-18,167.49956458531352,168.41336838396518,166.4539532666046,167.98281860351562,708600
2022-08-19,166.8493729612225,167.1569104781633,165.35564803751984,165.90921020507812,802900
2022-08-22,163.32588935854264,163.49283748049118,161.4806916207263,161.74429321289062,729300
2022-08-23,162.1748954383899,163.4928904186375,161.46316688689205,161.93765258789062,687200
2022-08-24,161.48072905146168,162.78114689161558,160.8568856596462,161.9727783203125,526000
2022-08-25,162.57027665741762,165.03053641449532,162.1309450367729,164.95144653320312,551400
2022-08-26,165.55773292617295,166.04100040964812,161.55103053106544,161.69161987304688,625300
2022-08-29,160.6108401339689,162.3154488840139,158.9150265966031,161.28741455078125,698700
2022-08-30,162.02549619942562,162.42968718931922,159.94306860960646,160.60206604003906,661000
2022-08-31,161.318488440476,162.3887031163743,160.3632591873277,160.77896118164062,801400
2022-09-01,160.76126431895997,160.76126431895997,158.24053288551755,159.9210205078125,686300
2022-09-02,161.9199427456993,164.04266552256877,159.1073208956079,159.8679656982422,747000
2022-09-06,160.83204357209397,161.16814653679344,156.87846105134005,158.3378448486328,657100
2022-09-07,157.64792095247523,162.0525773068471,157.3295112463797,161.68994140625,611700
2022-09-08,160.73476095317628,166.3069257489471,159.97411606364636,166.1919403076172,801200
2022-09-09,167.01446397554113,167.80164169920437,165.68775903705657,165.93540954589844,843800
2022-09-12,166.64298619330498,169.2433300005806,165.70545020748514,168.53575134277344,834500
2022-09-13,165.39591380963014,166.83760443587042,164.30801933188542,164.75909423828125,1000100
2022-09-14,165.22785876492625,165.98850359786863,157.36492004232178,162.0791473388672,1849300
2022-09-15,162.1941019049159,166.6341312863382,161.7164805796217,164.95364379882812,1431800
2022-09-16,162.99895185690372,162.99895185690372,159.9386935620546,161.72532653808594,2869600
2022-09-19,160.3101668356249,165.86463663996477,160.3101668356249,165.65235900878906,1128500
2022-09-20,164.67948276459595,167.20021434007944,163.92767781460807,165.5550994873047,880800
2022-09-21,166.91716209992958,168.90721939272086,164.1133941113764,164.1929931640625,1303200
2022-09-22,164.91826207848098,165.50200195056286,160.663950559361,162.03488159179688,877000
2022-09-23,160.0448216452113,160.4959099201678,155.67553829071687,158.24050903320312,998200
2022-09-26,157.31184607974313,159.29306388109907,155.0829777402105,156.65733337402344,791700
2022-09-27,157.60369071809015,159.72641304035514,154.88836169738627,156.81651306152344,919200
2022-09-28,157.09069636704623,159.76179919099778,156.35658474507542,158.45277404785156,913700
2022-09-29,156.10895525292813,157.2410757750871,153.49091811047228,154.64073181152344,1016800
2022-09-30,155.348351805249,158.6297423210112,153.93319402841436,155.94979858398438,952600
2022-10-03,158.1697591824629,160.93815438173206,154.4903610350781,160.10675048828125,832700
2022-10-04,161.17697204369807,165.7585338811064,161.17697204369807,165.68777465820312,1256400
2022-10-05,163.8038108730787,165.54621752908946,163.025486594898,164.3433380126953,1031600
2022-10-06,162.74249046874758,164.21071400222,161.88455343388372,162.83978271484375,688500
2022-10-07,162.20295808626452,162.20295808626452,158.50587984291886,161.026611328125,734000
2022-10-10,162.14989727424287,163.1581926000376,159.0365588927246,160.33673095703125,538200
2022-10-11,160.11556224306543,160.88504662839668,157.302954837415,158.39968872070312,838800
2022-10-12,158.8331268006268,159.98294051850007,156.99342755121788,158.1609344482422,679200
2022-10-13,156.4096877639849,166.74914529443498,155.11836898793985,165.60818481445312,1418400
2022-10-14,166.98797216845327,169.65907588268396,163.29087980955862,164.12228393554688,955500
2022-10-17,167.83705537120773,168.62423328628395,165.555120702618,166.1919403076172,960000
2022-10-18,169.03992364846837,170.3135627703178,165.0332751169504,167.48326110839844,1328100
2022-10-19,150.95249709753597,154.72033453427227,143.09839898023273,144.2216796875,5949200
2022-10-20,143.44334931929512,147.93645888954518,142.0989645314286,142.7534637451172,2931600
2022-10-21,142.56772476274125,146.07021848616935,140.9845158683302,143.08071899414062,2110100
2022-10-24,143.42565787465705,145.49531442748722,141.7540101210725,144.2924346923828,2116000
2022-10-25,142.6473304856916,145.6722164774977,142.50581203677922,144.61085510253906,2204000
2022-10-26,144.8142802713552,146.6716728101795,144.575483070376,145.93756103515625,2089500
2022-10-27,147.12272931433483,148.90052256417064,147.12272931433483,147.76840209960938,1713000
2022-10-28,148.84746009287795,149.2543222576912,147.29079764964797,148.7501678466797,1390000
2022-10-31,148.16640628972573,149.97957234342226,147.46766748806672,148.91819763183594,1449500
2022-11-01,150.1122653332084,150.91713635723764,148.5732825121358,148.67942810058594,1240300
2022-11-02,147.27309020834562,148.72362042287526,144.6462133113102,144.7965850830078,1817000
2022-11-03,143.58487057184027,146.36210610300247,143.34607336561632,145.2211456298828,2153900
2022-11-04,147.34385301372006,148.5113598834737,145.7960305247213,147.72418212890625,1422500
2022-11-07,149.04200573908253,149.6345989038581,147.0873349784843,149.44886779785156,1019600
2022-11-08,149.24545484917155,151.98730342442377,148.75014037168654,150.784423828125,980500
2022-11-09,149.6258012434455,150.60756356833892,146.67167442653806,146.7689666748047,991200
2022-11-10,150.2095443561358,151.64238146258518,147.75955863426776,150.5279541015625,1332500
2022-11-11,151.518543301605,151.76619380519446,144.92040510520906,146.9989013671875,2264100
2022-11-14,147.0785017541109,149.85573685173736,146.14096576833018,146.68934631347656,1337600
2022-11-15,148.1575628830949,150.2891387939453,147.60035596770012,150.2891387939453,1538500
2022-11-16,150.48372698445212,151.3858901736529,148.8474520673267,149.2012481689453,1155400
2022-11-17,147.30849617982565,149.0774363597192,147.30849617982565,148.49368286132812,946400
2022-11-18,150.64293895596523,151.5893148511298,149.13048929688895,150.89942932128906,1407400
2022-11-21,151.03209797302304,151.6866106559668,148.9801345144005,149.93536376953125,1110600
2022-11-22,151.48319246849852,152.3588091992437,150.67832146683114,151.83697509765625,654600
2022-11-23,151.66888177107157,152.19072922459353,151.2266468586913,152.01382446289062,671800
2022-11-25,152.61529094395485,152.65066380336378,151.50085018143918,152.25265502929688,316500
2022-11-28,151.2532154812679,152.11115249293323,149.40467635136693,149.93536376953125,683900
2022-11-29,150.20073589674354,151.70433253810216,149.87347274538232,151.17364501953125,885500
2022-11-30,149.43671342397684,151.4408416748047,147.02284630611263,151.4408416748047,1662500
2022-12-01,152.0287308512916,152.55426821993416,149.01809366543864,149.9266357421875,1205000
2022-12-02,148.87551398251372,151.2092050267122,148.52813238745088,150.621337890625,1094600
2022-12-05,149.64157594887138,150.45213774718857,143.0145896965173,143.68263244628906,1607400
2022-12-06,143.6469786144491,144.6178639402427,141.5537730117183,142.8275146484375,1205600
2022-12-07,132.50405025117774,133.16319066979247,128.9233508296523,131.80038452148438,4485000
2022-12-08,132.3882390001865,134.11624477584624,131.88052007808844,133.7154083251953,2359100
2022-12-09,133.3947868061982,135.93335498541563,133.3947868061982,134.8377685546875,1496100
2022-12-12,134.44584429336905,136.0402338172927,132.77127930292855,134.9802703857422,1608200
2022-12-13,136.7349870752326,136.7349870752326,129.14603111566691,130.17926025390625,1967600
2022-12-14,130.7760536175802,131.45299870283392,127.3022232064918,128.0771484375,1497000
2022-12-15,126.4292939118334,126.66979305889032,123.83728530289169,125.60091400146484,2030100
2022-12-16,124.58551990482847,125.47624360722403,123.30287559876048,124.74585723876952,2420800
2022-12-19,125.22685507260417,126.26009793669483,124.30050830603884,125.2802963256836,1212400
2022-12-20,125.66326257703216,126.48272649802792,124.95068111792604,124.97740173339844,998000
2022-12-21,125.89485575724908,127.391278299161,125.7523367358552,127.38236236572266,1108700
2022-12-22,127.09734097677348,129.03911172244582,126.44711661411904,128.94113159179688,1338100
2022-12-23,129.01241729547,129.68937600515335,128.33547217715162,128.7630157470703,1060500
2022-12-27,128.9055349979435,130.35741897870557,127.97027239433214,129.92095947265625,561800
2022-12-28,130.19706052938838,130.31285894088657,127.85445322823516,127.88118743896484,611800
2022-12-29,127.92573359734789,130.0812833229551,127.23988613331264,129.57357788085938,666200
2022-12-30,128.64719856685485,130.29504260630674,128.36217409223923,129.20835876464844,782000
2023-01-03,129.15492496700787,130.92746986461847,128.3532791451375,129.12820434570312,874400
2023-01-04,130.58008292650516,131.94288892350468,129.65372278744567,130.5711669921875,1071000
2023-01-05,130.20597509652546,130.93637500476055,129.22618724790698,130.25942993164062,1175800
2023-01-06,131.37282015009447,134.25875572874855,130.6424203215356,133.77777099609375,1269400
2023-01-09,133.7777721624757,133.81339512427965,132.00522740490814,132.31698608398438,1148600
2023-01-10,132.9137404680164,133.46598460032556,131.25699447972914,131.82705688476562,1400500
2023-01-11,132.52185257094845,133.25225242723835,130.856203832801,133.02957153320312,1062900
2023-01-12,133.88465546573318,134.49035455104135,132.88704943271134,133.28787231445312,1052100
2023-01-13,131.53318330218863,133.27900794880142,128.60270794948505,133.20774841308594,1413300
2023-01-17,133.0562942800264,134.83774146078406,131.1590486832832,134.0895233154297,1112600
2023-01-18,132.73565470542704,133.1186593873623,129.71610178947574,129.86752319335938,1264700
2023-01-19,131.9785019134486,138.48968864960648,123.83728950984032,137.00218200683594,3522100
2023-01-20,138.40057276964734,140.15529853058325,136.80617065808482,136.89524841308594,2094400
2023-01-23,137.67020094101113,139.59416666883916,137.0912361910569,137.8483428955078,1182500
2023-01-24,138.0087432861328,139.6654900442409,136.39653543485852,138.0087432861328,981400
2023-01-25,137.35847992705763,138.92614842854158,136.73496259029616,138.85488891601562,1010400
2023-01-26,139.6832967484747,140.7343441875391,137.71479139704334,138.07107543945312,892000
2023-01-27,137.91073893531703,139.14884421645775,137.34957870865543,138.04434204101562,849100
2023-01-30,137.10019829306523,137.96420141991655,136.49451266548934,136.71719360351562,1143500
2023-01-31,136.98434564842282,138.95285034179688,136.1470770695163,138.95285034179688,1384600
2023-02-01,137.14472057659822,139.71000902097768,136.86859842153098,137.52772521972656,2280200
2023-02-02,138.4896743466444,140.0751609562159,137.215946372442,138.97067260742188,1713700
2023-02-03,138.48078168440907,142.1950969961993,138.48078168440907,141.64285278320312,2265700
2023-02-06,141.18861564022788,141.6250751672829,139.8525300254422,140.53839111328125,1347000
2023-02-07,139.87921771058978,143.09473020994824,139.5585566948983,142.60484313964844,1186100
2023-02-08,141.48251494053423,143.34412376021874,141.2865546867399,141.5270538330078,1053500
2023-02-09,141.72303341160398,143.0413005421328,140.40476628107513,140.54727172851562,1602100
2023-02-10,139.90594470090724,141.87443599705531,139.80796457363095,141.64285278320312,841300
2023-02-13,141.30439080394157,143.86967911107678,140.6007251429123,143.700439453125,1185800
2023-02-14,143.40650300691823,144.2883242847586,142.85425871103484,143.06802368164062,1068200
2023-02-15,141.99024457551027,143.20162914894004,141.82990726876668,142.7384490966797,743900
2023-02-16,141.95459079784243,143.70041472676613,141.63392981462627,142.230712890625,851600
2023-02-17,142.3198030349495,143.16598766125173,141.81209769571308,142.4445037841797,1298900
2023-02-21,141.75865680983298,142.30199875449472,138.27593783117425,138.46298217773438,1825700
2023-02-22,138.95289952126785,138.95289952126785,136.49450696109076,137.34959411621094,1671400
2023-02-23,138.67673168812547,139.5050979463878,136.93982373421997,137.81272888183594,995700
2023-02-24,137.11797790910776,139.06866455078125,136.91311530947326,139.06866455078125,1046600
2023-02-27,140.4938261060124,141.32220610078798,137.590072135581,138.12451171875,1008900
2023-02-28,138.49862068513406,139.47840851315365,137.49209864443685,138.32046508789062,1197500
2023-03-01,137.4920786289129,138.14230297183013,136.5389979695887,137.3317413330078,1398500
2023-03-02,136.72610364036854,136.77954489388293,133.00288467095586,134.78433227539062,1731800
2023-03-03,135.18858704085898,137.62335751160185,134.56865978391934,137.04835510253906,1250900
2023-03-06,136.50927701377088,138.17138645590484,136.30263919635527,136.67098999023438,1391500
2023-03-07,135.07180920108283,135.6468117124113,129.17803003268048,129.5553741455078,1586500
2023-03-08,129.65416930095142,130.01355434437986,125.96157194819232,126.12329864501952,2294200
2023-03-09,124.89244802067742,125.34166913051112,119.29515683070868,120.06781768798828,2648000
2023-03-10,115.64749235119328,123.37410150784837,111.8291126290719,118.3428192138672,4544900
2023-03-13,111.85604660274966,118.0463124085443,108.17243519397462,114.20098114013672,7864400
2023-03-14,121.42444702212131,121.89164076303314,112.05370229185124,114.4884796142578,4248600
2023-03-15,110.28379305897975,113.14982620851691,108.90019108522289,112.20645904541016,3629900
2023-03-16,111.71230064345433,117.1029538813656,109.0439330485271,114.60528564453124,2999300
2023-03-17,114.02129921914856,114.02129921914856,108.7384548664036,110.05916595458984,6635000
2023-03-20,112.3681541532638,112.5568261733617,108.81032422876896,109.3493881225586,3044300
2023-03-21,113.76074674960688,116.59982036048736,113.2396486609504,114.59629821777344,2805500
2023-03-22,114.61425865329792,114.82090335272392,105.63882397552835,105.71070098876952,2660600
2023-03-23,106.47438102528992,106.97750643540004,100.91302192805408,100.95794677734376,2990200
2023-03-24,99.51146265856686,103.90484458596067,98.82864464898512,103.25796508789062,3069300
2023-03-27,107.8759664454059,109.5111311535638,104.53376000015396,105.95330047607422,2421200
2023-03-28,106.6091461103113,108.77438807262054,105.65679279431342,107.16617584228516,1757900
2023-03-29,108.26228823365992,110.14002919581768,108.01971184864937,109.96932983398438,1567900
2023-03-30,111.3349744300294,111.44278997973616,106.50135705193438,107.44471740722656,2210100
2023-03-31,108.68455539097263,109.10682432698876,105.77360454582023,107.4267349243164,2082600
2023-04-03,108.40602908813617,108.97204515399612,105.4591331876056,106.68101501464844,1728000
2023-04-04,108.01970071150762,108.10055721331788,103.54545587129698,105.27944946289062,1505300
2023-04-05,103.76108505464576,105.67477127769877,103.1142055907726,105.48609924316406,1392200
2023-04-06,105.81851669691568,106.62711601327268,104.67749816769006,105.62984466552734,1473500
2023-04-10,104.82123471439662,106.3306176669367,104.2372459976898,105.5220184326172,1131200
2023-04-11,105.504056471815,106.67203394801146,104.89311556734704,106.18687438964844,1590000
2023-04-12,106.71695844452412,106.86969196630744,103.69819224488208,104.5247573852539,1242400
2023-04-13,104.30912924340063,105.04585151102438,103.03334307219818,104.71343231201172,1811000
2023-04-14,106.58219732787468,106.9146234145399,103.68023281661073,104.74937438964844,2757900
2023-04-17,104.21928503965998,113.00604780230712,102.76380634990944,112.8982391357422,5167200
2023-04-18,113.64396232202267,114.47951391840024,112.41310078270403,112.96115112304688,2029800
2023-04-19,113.3744121459458,116.68067253303003,112.20643466017458,116.44708251953124,1981200
2023-04-20,115.00060003315586,115.93497387640372,111.75722318698016,112.1345672607422,1328500
2023-04-21,111.39785093392582,111.64043417623036,109.29549939166128,111.4876937866211,1210100
2023-04-24,111.4247857324894,112.36815267513892,110.57126848309731,111.85604095458984,1161600
2023-04-25,110.10410383851952,111.12832748640216,107.08533723805364,107.82205963134766,1891500
2023-04-26,107.80407166899312,109.98728636787384,106.57321031030612,108.37907409667967,1287900
2023-04-27,109.42128075634872,111.94590124630834,108.72947639599754,111.4876937866211,1102000
2023-04-28,110.50838420708092,113.15878580192695,110.50838420708092,113.0240249633789,1419800
2023-05-01,112.36816055776414,113.2396505487704,109.28650367805184,109.33142852783205,1512000
2023-05-02,108.8911958158914,109.05291569189262,102.97046479506722,105.47711944580078,2988500
2023-05-03,105.99822129949888,109.3224549337421,102.62906281023731,103.15015411376952,2254800
2023-05-04,100.96692542793264,103.7161630429505,98.25363317570472,102.13490295410156,4063200
2023-05-05,106.6900260305312,109.10683807681184,105.49509609389224,106.53729248046876,2045800
2023-05-08,108.2622787923646,108.27126513312064,104.19233696022096,104.42593383789062,1145300
2023-05-09,103.63530560387396,105.4861011827801,102.20678580702888,104.87516021728516,1078100
2023-05-10,105.94429921050336,106.13297124395632,102.18881065972282,103.195068359375,893000
2023-05-11,101.5509149338495,103.94975382490824,100.6075547907998,101.74857330322266,1477900
2023-05-12,102.70092192319544,102.90756663763,99.23293460997728,100.11341094970705,1312400
2023-05-15,100.70638212790772,103.45561989972448,100.3829492446169,103.2220230102539,878800
2023-05-16,103.54546960528842,104.47086402867384,101.47007019538248,101.4790496826172,1106500
2023-05-17,103.50951692507743,107.81305554826052,103.19506355064225,107.79508972167967,1073400
2023-05-18,107.3907887077584,110.47244554539304,106.36656520879596,110.10408782958984,2266400
2023-05-19,110.50838606028508,110.56229039660828,107.28298198497916,109.25955200195312,1506500
2023-05-22,109.86152062680512,111.21817038549068,108.18143795433372,110.7509765625,1213100
2023-05-23,111.85606515339366,114.20100007967385,111.38887817840263,111.39785766601562,1161000
2023-05-24,110.4544940518516,110.92168101279164,108.63065735394704,109.15174865722656,910700
2023-05-25,108.34313731623158,109.27751798976826,107.19313244251556,108.7923583984375,710100
2023-05-26,108.76541829019044,111.2091823450874,107.63338597280152,111.0474624633789,1008400
2023-05-30,110.87676014085434,112.79043964462063,108.45096197984392,112.51192474365234,1248600
2023-05-31,111.49509644896102,111.74022431312616,107.12826025992187,108.18138885498048,2113600
2023-06-01,108.99846977748751,110.44198137917348,107.20997133601765,110.12422943115234,1114000
2023-06-02,112.14877113874893,114.4002835782252,110.74158192474027,114.01897430419922,1176300
2023-06-05,114.4456622001416,114.4456622001416,109.9335640575528,110.8414306640625,1341700
2023-06-06,114.118839685173,116.58823817988186,112.03983106906368,115.38985443115234,1726700
2023-06-07,115.78931374893848,118.83066565104002,114.40935255762348,117.99542999267578,1436900
2023-06-08,116.94231276522468,117.6504477154139,114.30950475584906,116.7607421875,1119000
2023-06-09,116.68811410367827,116.99678547882344,114.79974957163827,115.22644805908205,903500
2023-06-12,114.41843604238171,117.70490897582184,112.45744762442752,113.80108642578124,1152500
2023-06-13,113.53781717606476,116.58825010791274,112.68442711372585,115.02671813964844,778900
2023-06-14,114.58184833250333,116.17969556569652,110.06067632324373,110.6689453125,1494500
2023-06-15,110.51460486105542,113.61950698742996,110.09698012750964,113.2745132446289,1405200
2023-06-16,114.20962595433362,114.61816317128572,110.75972995561868,111.81285858154295,2641300
2023-06-20,111.27721258517656,111.4497094613837,109.73384208444476,110.94129943847656,977700
2023-06-21,111.3226106021743,111.87640981023334,109.90633392471652,110.89591217041016,944900
2023-06-22,111.20457482414646,111.20457482414646,106.44735591090912,106.75602722167967,1197000
2023-06-23,105.33069350940562,106.71065479873512,104.68610897120207,105.19451904296876,2618700
2023-06-26,105.58490985356411,108.43561100400802,105.58490985356411,108.19048309326172,1399400
2023-06-27,108.0633721820318,111.49510719945526,106.9194582007329,110.59632110595705,1012300
2023-06-28,110.02436183137512,110.49644944302032,108.52638046947692,110.3965835571289,834100
2023-06-29,111.66760304519782,114.35488762063716,111.66760304519782,112.76612091064452,1316200
2023-06-30,113.79199845367688,114.3367239650722,112.14876209332608,112.35757446289062,969100
2023-07-03,112.75702936433773,115.70759582519533,112.6026937041232,115.70759582519533,753900
2023-07-05,114.26410736758922,115.58051135752368,113.3199251357608,113.95542907714844,901600
2023-07-06,111.6131309270568,114.07344877821032,110.5963177603863,113.7647705078125,993500
2023-07-07,113.69214140983011,117.82293043088436,113.4651747517566,116.71533203125,1133400
2023-07-10,116.16153509011144,118.2677923674021,115.85286375383647,117.54149627685548,908600
2023-07-11,118.5673872292611,119.56603220889428,117.1420299730304,119.3390655517578,959700
2023-07-12,120.50115796726396,122.80714742527708,118.94871347782072,119.37541198730467,1283000
2023-07-13,120.20152084150942,122.33501268932822,119.7022053414589,121.009521484375,807400
2023-07-14,122.01728286954926,122.01728286954926,116.9241499643586,118.73988342285156,933900
2023-07-17,118.71263156428404,120.16522366467088,117.69582540578024,119.24828338623048,868800
2023-07-18,118.65816468455031,122.716329591749,118.65816468455031,122.34410095214844,1300500
2023-07-19,124.95877140400788,128.2361707286055,123.52434036288476,125.37639617919922,2308700
2023-07-20,125.46717703079968,126.04821117330184,122.97963110178102,125.77584838867188,1527100
2023-07-21,126.8562069247873,126.94699913368464,123.85117043976324,125.15850067138672,1629300
2023-07-24,125.26743860108267,128.00919980915324,125.26743860108267,126.91067504882812,987900
2023-07-25,127.10132469358464,127.74591607839793,125.05862483243774,125.16756439208984,927900
2023-07-26,127.60069751865043,128.83539707566678,126.7745353022973,127.5008316040039,1005500
2023-07-27,127.88210383609326,129.12587678137209,124.8679797445651,125.48533630371094,898200
2023-07-28,127.0922587324912,127.31013786502646,125.84847198817026,127.146728515625,771700
2023-07-31,128.3541967792189,128.61747202343605,125.65783160768969,126.97423553466795,1781500
2023-08-01,125.69411491659248,126.22067915213866,123.86930822758688,125.92108154296876,1002800
2023-08-02,124.33234078795938,126.86529661810552,124.00550822448716,125.6759796142578,973100
2023-08-03,124.76811255815024,127.15580638580964,124.20523964328918,126.93792724609376,708200
2023-08-04,125.9483242991537,127.9547154969745,125.9483242991537,126.98329162597656,796100
2023-08-07,127.48265103198402,129.2983845841039,127.3918726661466,128.508544921875,616500
2023-08-08,124.66824449179948,126.77448773827076,121.73582548599497,126.63831329345705,826900
2023-08-09,125.62150795073296,126.24793817576644,122.37134357728915,122.65279388427734,676800
2023-08-10,123.46986835426682,124.15984204330358,121.76307456466212,122.65279388427734,687500
2023-08-11,121.7540063923172,123.7331491928116,121.30914671238696,123.37908172607422,453000
2023-08-14,122.32597035729134,122.3350440376914,120.35590118059646,120.62825012207033,651600
2023-08-15,118.88514683128324,118.96685151317516,115.2627604781302,115.47157287597656,1195200
2023-08-16,115.38985291158662,117.1783582945633,114.29133506692368,116.4611358642578,923100
2023-08-17,117.33269463119802,117.6867620820416,116.17970006955002,116.8787612915039,546900
2023-08-18,115.74391547621627,116.79703717213756,115.19919687994854,115.91641235351562,529400
2023-08-21,116.48837364058014,116.7970449927602,115.07210381015732,116.56100463867188,535400
2023-08-22,116.07075789728732,116.73350364557136,114.0734538988373,114.11884307861328,760900
2023-08-23,113.87371591403166,115.47156318168352,112.9840035358866,114.87236785888672,592600
2023-08-24,114.69987283157114,116.93323095587208,114.63632244113806,114.67263793945312,420400
2023-08-25,115.14473634010795,115.69853558659696,112.87506956809516,114.00990295410156,448100
2023-08-28,114.88145130334986,116.4429761853822,114.21870557477324,115.38985443115234,559000
2023-08-29,115.1356679207637,117.07850925561264,114.3639825218908,116.37944793701172,638200
2023-08-30,116.16154773322032,116.88784390281758,114.09161265428388,114.7815933227539,1192200
2023-08-31,115.20354898254551,115.73558394792688,113.80925793366542,114.70821380615234,967900
2023-09-01,115.38701491409132,117.76282240455616,115.17603311439638,115.3594970703125,1160000
2023-09-05,115.13934274862204,116.01995575870085,113.524901893158,113.57076263427734,705200
2023-09-06,112.91028800669426,113.67164756944226,110.94726944622514,111.71780395507812,777100
2023-09-07,111.3050155649492,112.00216450310285,108.44304823709396,109.46125030517578,1219500
2023-09-08,109.80983291293538,111.78202663213108,108.07613882914882,111.7086410522461,837500
2023-09-11,112.69015381821168,116.96476949585988,112.69015381821168,115.7264175415039,1181200
2023-09-12,116.8822114110534,119.2029762551982,116.26762289470564,118.89109802246094,1401800
2023-09-13,119.75334551369156,120.0743916536794,114.86414186802143,115.7355728149414,829300
2023-09-14,117.43258376090672,118.94612102061112,117.04731298721858,118.27649688720705,993400
2023-09-15,116.96476204726709,118.66176328394025,116.69874457797157,118.60672760009766,2323300
2023-09-18,118.92778201779817,118.92778201779817,115.92821806659556,116.21258544921876,775200
2023-09-19,116.63453778510788,116.68957347076136,114.634826224634,115.94656372070312,884600
2023-09-20,116.95558152380252,117.94626577633406,115.97407221761851,116.14836120605467,726200
2023-09-21,115.77228059573216,118.40493066861134,114.6164821492932,115.82731628417967,968600
2023-09-22,115.86400424011464,116.4419069384313,113.8826425559217,113.99271392822266,690800
2023-09-25,113.41480737425849,115.24022977403811,112.96533298403236,115.20353698730467,522700
2023-09-26,113.61661881379112,115.625505228779,113.02037325242954,113.07540893554688,895200
2023-09-27,113.5799231590217,114.35045769538635,112.2223180227762,114.2403793334961,1049100
2023-09-28,114.20368239251442,117.38670984079408,114.19450744641554,116.0015869140625,954900
2023-09-29,116.07498453782588,117.47845750247508,115.55212453083524,115.99242401123048,1062000
2023-10-02,116.203404272129,116.203404272129,111.23164679768244,112.0021743774414,1084500
2023-10-03,111.3417127492871,111.45179111179658,109.36035121315176,110.67208862304688,798600
2023-10-04,110.77299291647608,112.387433588801,109.1126775113668,112.28653717041016,778800
2023-10-05,112.19480775728384,113.91015893745087,111.42428016732693,113.15797424316406,761100
2023-10-06,111.69029113146284,115.93738157248912,111.04817784550768,114.49722290039062,996900
2023-10-09,113.18548663205884,115.7814436464197,112.45164486880216,114.93753051757812,896900
2023-10-10,115.9465568089082,118.340699971758,115.76309287027644,116.43272399902344,1398000
2023-10-11,116.13000914042118,117.93709562166876,114.28623687133678,115.31361389160156,961300
2023-10-12,115.04761314082002,115.04761314082002,112.17647043311568,113.4515151977539,906400
2023-10-13,114.65315912914348,115.22188682559369,109.52546290853827,110.25012969970705,1214700
2023-10-16,111.71781670084142,112.6351154598613,110.8280357848427,112.515869140625,991500
2023-10-17,111.65361231785336,115.5613072095866,111.65361231785336,114.10279846191406,1385400
2023-10-18,114.14865999554269,117.1482238630515,110.70878964368504,111.29586029052734,1517400
2023-10-19,111.37841770578628,112.82775147756132,109.64472354783508,109.71810913085938,906400
2023-10-20,109.42456940548522,109.42456940548522,104.1317516660592,104.36107635498048,1381300
2023-10-23,104.2418332286431,105.26921038591068,102.2237787037055,102.29715728759766,1185500
2023-10-24,102.8200107007533,103.79235210794955,101.00376314482229,101.93023681640624,1245000
2023-10-25,101.79263691968788,102.99429596610352,100.1965391559737,102.42557525634766,1008200
2023-10-26,102.36135529585688,104.3152059432867,102.08616989372928,103.70978546142578,1262200
2023-10-27,102.83835420114214,102.83835420114214,99.55442329097905,99.9305191040039,1031800
2023-10-30,101.60917376731554,103.44377116456435,100.7377428029958,102.7741470336914,1327400
2023-10-31,103.12272004174594,104.5995715353638,102.37053537406254,103.42543029785156,848200
2023-11-01,102.86587202875724,104.00332041706376,101.89353768056245,102.85669708251952,940400
2023-11-02,103.84737925373489,108.7365827344242,103.2878265177533,108.65402221679688,1328300
2023-11-03,111.30501758656771,113.69916768219797,111.30501758656771,112.41495513916016,1362600
2023-11-06,112.24985305222982,113.31391598669803,110.25930940167052,111.27751159667967,649500
2023-11-07,110.9839601743705,111.4609593849192,109.91072244828572,111.06652069091795,500700
2023-11-08,110.9289371051732,110.9289371051732,108.71824377859818,109.47042846679688,638300
2023-11-09,109.94741824546809,110.69042792258318,107.19552225800952,107.6449966430664,810400
2023-11-10,108.12200217119798,108.78245136801428,106.34244042271114,108.5623016357422,696800
2023-11-13,107.8926827702466,108.35133215067005,106.47086689156026,107.1955337524414,810000
2023-11-14,110.05750429859084,115.3778327138981,109.0026093632967,113.10293579101562,1254000
2023-11-15,113.20384087342364,115.72641240866376,113.20384087342364,114.92835998535156,972000
2023-11-16,114.71738230496804,115.67137386864268,113.16715213762676,113.25888061523438,1086900
2023-11-17,114.66234526967618,116.2767930506348,113.47902902668102,116.24927520751952,842500
2023-11-20,116.01076303985168,116.80880839773648,114.51556174002906,116.44189453125,737300
2023-11-21,115.7355905481115,116.460257456402,114.56144917716198,115.07513427734376,592900
2023-11-22,116.25844210999789,116.25844210999789,113.88264169663968,114.72655487060548,384700
2023-11-24,114.70820386993016,115.63467050703768,114.05691564205551,115.23106384277344,277800
2023-11-27,114.34129489856576,114.98340124840354,113.84595271507618,114.41468048095705,655900
2023-11-28,114.44220339165844,115.35032726904588,113.24971211952308,114.89167785644533,617500
2023-11-29,115.75393165413207,118.70763475276352,115.75393165413207,117.16657257080078,894600
2023-11-30,117.72260315905558,119.47412366804186,116.40664722316858,118.7790756225586,1153400
2023-12-01,118.15816919490834,123.79269378360726,117.69480382551654,122.98644256591795,1147800
2023-12-04,121.69828659441794,124.91402922706204,121.69828659441794,124.54334259033205,914100
2023-12-05,123.74634525907068,123.9872901426362,122.3099098921202,122.43038940429688,865700
2023-12-06,122.71767718625024,125.03450392849356,120.6603339078751,121.24417877197266,2022200
2023-12-07,122.03187549979296,124.05215550933896,121.86507078363616,123.05128479003906,1256200
2023-12-08,123.38492742300345,124.50627781549456,121.96703055349585,122.93082427978516,925100
2023-12-11,122.33770794080516,124.16336845144878,122.32844572499437,123.64440155029295,815200
2023-12-12,123.4127424428718,123.468344029924,121.54074221430336,122.10604858398438,640600
2023-12-13,122.02261629102745,128.42632812482947,121.40170848650234,128.3614501953125,1471800
2023-12-14,129.72378500855586,137.36931479128063,129.72378500855586,134.43157958984375,2297200
2023-12-15,133.40287583614042,135.2563371583259,131.2528680556149,132.30006408691406,2202000
2023-12-18,131.96644891026065,131.96644891026065,126.98064725093944,127.08258819580078,1599900
2023-12-19,127.14744356379474,129.5940119374836,126.5357979351756,129.14918518066406,1663700
2023-12-20,128.35221075876706,128.99165724817817,124.05218058128904,124.14485931396484,1283700
2023-12-21,125.10863778934537,126.44313218829106,124.21897014311908,126.22998809814452,968900
2023-12-22,126.93431422479476,127.89810800005324,126.00758345825076,126.5172882080078,631900
2023-12-26,126.81383665529006,129.08432424017107,126.25780667126443,128.6858367919922,723200
2023-12-27,128.39854920666343,128.83411379370352,127.32353813478622,127.77764129638672,562500
2023-12-28,127.97222213903122,128.4077866420113,127.2123104181804,128.250244140625,469800
2023-12-29,128.34294094655573,128.72288979014724,126.65628426903804,127.03624725341795,635000
2024-01-02,126.55434256218382,129.99251969288636,126.54508034583591,128.84336853027344,1063300
2024-01-03,127.88883077924244,127.88883077924244,124.60821047250408,124.72867584228516,1061900
2024-01-04,124.50626217438403,127.24937684053404,124.43212202924664,126.30410766601562,761700
2024-01-05,126.08170786171382,129.15844626897035,125.673944112861,128.06491088867188,1006200
2024-01-08,127.2957350452546,128.0463846823243,125.86857592722924,127.95372009277344,922100
2024-01-09,126.6006897285601,127.43474175650351,126.04464561607168,126.49874877929688,853200
2024-01-10,126.5543516597654,127.3513406874149,125.24765788057442,126.81383514404295,940700
2024-01-11,125.88710036519194,126.02611846070656,123.58881208873038,125.3773956298828,791600
2024-01-12,125.52566227582486,126.02610473993082,122.07822316606932,123.32931518554688,1265100
2024-01-16,121.4017286481182,123.19031221390485,120.15991283283525,121.76315307617188,1359900
2024-01-17,119.89114956820264,122.40259605908928,119.13123772564504,121.36466217041016,1355300
2024-01-18,123.829761284467,123.829761284467,119.31658694787944,123.14398956298828,2432300
2024-01-19,123.52393857843336,130.03886892569443,122.29139909356738,129.177001953125,2497200
2024-01-22,129.88129086998646,132.05911348553644,129.59400664001754,131.5679473876953,1590000
2024-01-23,131.90158165570523,133.32874070556736,130.46514624877884,131.419677734375,1305900
2024-01-24,132.26298351242974,133.16191326553772,130.61340428607997,132.2259063720703,1277000
2024-01-25,133.44921075725344,133.8384359250676,130.04811104109845,131.6328125,888000
2024-01-26,132.23522860895125,132.98587834264455,130.85439453756598,131.1509552001953,627300
2024-01-29,130.76170193649875,132.34640344812624,129.95543664561248,132.30006408691406,741300
2024-01-30,132.00351357402067,133.77357247612858,131.76255455943362,133.19898986816406,951800
2024-01-31,127.4625633060856,131.56798859596427,127.0826143794904,127.9815444946289,1715200
2024-02-01,127.32351508125932,127.32351508125932,118.90879963464684,122.07821655273438,3870900
2024-02-02,119.39072097919548,124.71942264707742,119.39072097919548,123.70928955078124,1998500
2024-02-05,122.50455267269967,124.47849389775767,122.1987297969308,123.23666381835938,1003500
2024-02-06,123.09763358701277,124.69161143175168,121.06809120674713,122.57866668701172,1077500
2024-02-07,123.31078982732322,123.31078982732322,118.90881881855437,120.91056060791016,2208100
2024-02-08,120.13211034873494,122.74548368226996,119.88188908951928,121.9762954711914,1089400
2024-02-09,121.46659836920848,123.72780937535308,120.55839211131703,123.56100463867188,1021400
2024-02-12,123.5424885911834,128.2780838478544,123.48688700215172,126.71190643310548,1057300
2024-02-13,124.62673006526612,125.5071213278542,121.25343116740969,123.00495147705078,1224700
2024-02-14,124.5618760694182,126.77676186413748,124.274591816585,126.18365478515624,1229300
2024-02-15,126.85089093422604,129.7237473523579,126.54506813479632,127.62007904052734,1149300
2024-02-16,126.71189586962224,128.40781489765973,126.06318715034848,128.17613220214844,1168900
2024-02-20,126.89723663876136,128.2317312005203,126.07244682500604,127.29573822021484,797800
2024-02-21,127.01770927179231,127.77763524409384,125.37739195022544,127.07331085205078,761100
2024-02-22,127.47185090057798,129.3438514656436,126.6934002603382,127.8703384399414,1432300
2024-02-23,128.00006893148327,128.37076978044277,126.9343340399066,127.9815444946289,534700
2024-02-26,127.51813523097138,129.04723505284122,125.28471110844042,125.73880004882812,813600
2024-02-27,126.6840760608733,128.87116094382822,126.48947054469818,128.56533813476562,835900
2024-02-28,127.74054805681776,128.92676214506128,127.5088653967579,128.00930786132812,547300
2024-02-29,129.74230293270332,130.34467225428963,127.54595561525213,129.50135803222656,1444900
2024-03-01,128.65945777961235,129.17394882127672,125.4789910606295,128.0701446533203,944100
2024-03-04,129.98777931811946,133.2804932862005,129.96906666103516,130.91384887695312,1138300
2024-03-05,130.20292534950096,135.05782504480496,130.20292534950096,134.57139587402344,1143500
2024-03-06,133.7201353211403,134.42171002300734,130.01582888848375,132.49472045898438,1488800
2024-03-07,133.62660697768564,136.04001150669924,132.27021773706215,134.11302185058594,1649900
2024-03-08,135.4039273581611,135.82486935533677,133.47693765327807,133.52371215820312,758300
2024-03-11,132.98117169784695,134.88944892391171,132.49474249372216,133.60791015625,982500
2024-03-12,133.6827299657766,134.97361776604615,132.97179176924823,133.99142456054688,843800
2024-03-13,134.59010743942306,137.31220667878125,133.54241275134788,133.9446563720703,952100
2024-03-14,133.18694720584642,134.3281765400257,130.43677206523648,131.27865600585938,1139900
2024-03-15,130.25903735531404,133.12145987805755,130.25903735531404,131.45639038085938,5118400
2024-03-18,132.550853815952,132.7659994102773,129.66036925916563,131.83056640625,881800
2024-03-19,131.46574046963434,132.2140896841044,130.18420189609714,130.59579467773438,890000
2024-03-20,129.92229153272172,134.33753652750784,129.50134952857974,133.9446563720703,868900
2024-03-21,134.30013605250517,136.8070898911599,133.94466690951708,136.43292236328125,1129800
2024-03-22,136.7696876083599,137.5180227120506,132.91569331118248,132.97181701660156,913700
2024-03-25,133.3366010871885,135.04844503014667,132.92502259542908,133.1121063232422,810800
2024-03-26,133.99143562596575,134.05690851740457,131.8960604491376,132.1112060546875,805100
2024-03-27,132.99053550191272,135.4975038845411,132.7192661559785,135.4507293701172,817700
2024-03-28,135.8716581269627,136.76968018566254,134.84267600486666,136.0493927001953,820100
2024-04-01,136.0493797162341,136.0493797162341,133.45822627320902,133.97271728515625,716100
2024-04-02,132.75665323066082,133.2337189350513,131.20383098308767,131.5686492919922,946600
2024-04-03,131.63411639166526,132.54148742974414,129.56680344058523,130.0719451904297,1042300
2024-04-04,131.8586473388786,132.09250559841766,128.6313919383792,129.19265747070312,1145100
2024-04-05,128.62204126528147,130.02519080635727,128.24787376375804,129.75392150878906,786400
2024-04-08,130.55840236536088,132.69118865467075,129.83811489418898,131.49383544921875,969000
2024-04-09,131.93345939553498,132.75664497410258,130.96061539015227,131.67153930664062,750500
2024-04-10,128.36948353166366,128.9307491151522,125.1796674286865,126.15251159667967,1181100
2024-04-11,126.37700592254286,127.16276622877986,124.44065273191416,126.45182800292967,973300
2024-04-12,124.48742745210238,126.59215173759506,124.48742745210238,125.87186431884766,1432500
2024-04-15,130.90450226017043,136.02132214488125,129.6697237926698,131.83993530273438,2948400
2024-04-16,131.11963702292726,131.50316796432784,127.38725435318798,128.51913452148438,1233200
2024-04-17,129.66037744571153,131.11030154821466,128.86525363265557,130.06260681152344,1169800
2024-04-18,129.95972717912244,131.8773680872635,129.4452503397486,130.30584716796875,816800
2024-04-19,130.88578622300108,134.15980178743365,130.54902976543073,134.1223907470703,1525200
2024-04-22,134.75849811906474,136.62936443036332,133.76694125784883,136.27389526367188,861200
2024-04-23,136.37679572016268,138.13541464919322,135.8436062349512,137.37771606445312,727100
2024-04-24,136.22713159427644,138.50959072035613,135.6658660055898,138.4066925048828,757400
2024-04-25,138.5002057883667,138.67794033969037,136.25517232872232,137.41510009765625,920300
2024-04-26,137.47126388475047,139.3140540837658,136.816449251932,136.9287109375,657600
2024-04-29,136.79773474147038,137.88282623449558,136.0493854447258,136.1242218017578,735000
2024-04-30,135.14200554166732,136.45160602147874,134.66493985407342,135.06716918945312,545600
2024-05-01,135.64712958827306,138.5002029961678,135.52553300843036,136.69482421875,776100
2024-05-02,137.97639978547772,138.33186897619888,136.14294439608952,136.82582092285156,667700
2024-05-03,137.5086332703432,139.1643534634641,137.06897867514402,137.11575317382812,531900
2024-05-06,138.20086973432458,139.65077939387024,137.4899315543418,139.60401916503906,878300
2024-05-07,140.17462926045664,140.55814591107867,138.65921821873977,138.7340545654297,837700
2024-05-08,138.1728304577775,141.55909373616225,137.51801586428914,141.4936065673828,1048600
2024-05-09,141.1662147062072,143.03708093482754,140.53011276621646,142.80322265625,819400
2024-05-10,143.43930203034682,144.93600063614866,142.7938509350145,143.7386474609375,1396100
2024-05-13,144.42151029927032,144.851815789439,143.21480792608727,143.86024475097656,643500
2024-05-14,144.5243776527719,145.3007886436058,143.4392721036373,145.0482177734375,595700
2024-05-15,146.05849011082165,146.53555574374369,143.79474424167353,144.6085662841797,548400
2024-05-16,144.5712132374929,145.35697375050455,143.53288174759226,143.56094360351562,727200
2024-05-17,144.5805322074525,144.73020492347433,143.5047898923946,143.86024475097656,764100
2024-05-20,144.05670545435086,145.7030626639128,142.38228639210604,142.42904663085938,709300
2024-05-21,142.3635475575467,143.7386351804922,142.29806039760905,143.47671508789062,551800
2024-05-22,143.76668111652165,143.76668111652165,142.07354989331645,143.1492919921875,640800
2024-05-23,143.54220660495864,143.54220660495864,139.4075940081641,139.85659790039062,736100
2024-05-24,140.08109505356376,141.65261567930935,139.49176768212158,140.93234252929688,513500
2024-05-28,140.89490372387812,141.60584188765662,138.36923766087386,139.2111358642578,588700
2024-05-29,136.75096638654475,136.8351519394024,134.92687470674733,136.25518798828125,657200
2024-05-30,137.41510363920463,138.6218202168841,135.75003402111398,138.31312561035156,483100
2024-05-31,138.77150325383238,142.0548682291357,138.2663613969697,141.81166076660156,1061400
2024-06-03,142.89704968402944,143.08582878203322,138.47046211157465,139.97116088867188,775300
2024-06-04,138.30999122924877,140.84891733218018,138.23449687538377,138.28167724609375,598000
2024-06-05,138.96124307995385,138.96124307995385,136.99805861727933,137.83807373046875,602200
2024-06-06,138.0363036273306,138.92351362673153,136.73380261528885,137.1490936279297,448900
2024-06-07,135.9126651060757,138.8385685183945,135.7144527993267,138.5742950439453,386100
2024-06-10,136.93201961998375,137.81922964979452,134.64793337399493,135.77110290527344,783100
2024-06-11,134.2987108306072,134.2987108306072,131.92968249154393,132.92071533203125,1100300
2024-06-12,135.25197454558787,138.12123543741274,135.1198378150793,135.5728759765625,1058900
2024-06-13,134.5063557221971,135.36525180669813,133.62859324595428,134.96884155273438,844200
2024-06-14,133.30767443831311,135.18590270213403,133.08114815042174,134.1948699951172,591700
2024-06-17,134.08163599799963,136.77158029992069,133.21330668836077,136.65830993652344,615000
2024-06-18,136.6582907514522,139.2066647436505,136.50728762449853,138.5742950439453,791000
2024-06-20,137.99854782291052,139.74463932373072,137.5643760454159,139.51812744140625,788000
2024-06-21,139.41430400577943,139.66912987213516,137.0924564106622,139.22552490234375,1446700
2024-06-24,140.0183405544203,142.41568218105644,137.9230195287188,141.18869018554688,736700
2024-06-25,140.63183955290526,142.17973304976366,139.08394605604687,139.2538299560547,1029700
2024-06-26,138.56482187059257,139.81069465030737,137.9607662688034,139.0461883544922,796400
2024-06-27,138.2722581458581,140.03723048425567,138.19674938247425,139.357666015625,690900
2024-06-28,140.5752278336492,144.27507090249674,139.84846857314318,142.85931396484375,1989900
2024-07-01,143.2179900713071,144.71868910577297,141.3303139821197,141.40582275390625,887900
2024-07-02,140.64128626224527,143.4444860963407,140.4525215546,143.20852661132812,790300
2024-07-03,143.3595344734043,143.58606074840148,140.68847155491613,140.75454711914062,562000
2024-07-05,140.24488378383376,140.79231154744784,137.63046291514,138.26283264160156,1056700
2024-07-08,139.6219297610898,141.0188201836537,138.47046080470847,139.87677001953125,685800
2024-07-09,139.40482171843323,142.3873522278978,138.52705959354867,141.3868865966797,715100
2024-07-10,141.0660315555609,143.90697870536448,139.94286204927295,143.82203674316406,753000
2024-07-11,145.20003840231757,147.18210401681387,144.29396196276093,146.23826599121094,970200
2024-07-12,146.29489070957936,147.86166525361674,145.5492650227658,146.49310302734375,784600
2024-07-15,149.37179696253867,150.53272807392932,147.88997878883697,149.4661865234375,808800
2024-07-16,149.58888698160948,154.3175100877137,149.06977321104122,153.95884704589844,1063300
2024-07-17,152.42042136455356,156.4789137106603,152.08063906933526,155.40293884277344,1078700
2024-07-18,164.28441365732382,165.1716235394847,156.4316902442801,157.97958374023438,2270800
2024-07-19,158.951769985608,160.01829719241374,154.37414966715266,155.96923828125,1260900
2024-07-22,157.14900787952567,161.6511186242604,153.93996483070305,161.27357482910156,1319600
2024-07-23,162.34012910901416,164.16172945881522,160.4618863840845,162.50057983398438,1632900
2024-07-24,162.49115380635558,164.35994901694892,160.62234419393732,162.03810119628906,1303800
2024-07-25,161.84929975036994,166.53074151266185,161.80210498063576,163.76528930664062,1057300
2024-07-26,164.02016133084385,165.5491742341857,163.56712313759897,165.07725524902344,980500
2024-07-29,165.05836822967186,165.26601370933733,162.14189832048763,162.50999450683594,829000
2024-07-30,163.708662672135,165.1621809415418,163.12348784778314,163.85968017578125,793200
2024-07-31,163.18957751222695,165.34152690873535,162.34012910901416,162.50057983398438,912700
2024-08-01,162.48168406344675,163.6992429845419,156.5921449535565,157.47935485839844,968700
2024-08-02,154.3269443135349,154.949880842377,150.2023769124124,153.1754608154297,1311200
2024-08-05,149.06031093198138,152.6374645971544,146.3892623790871,150.98574829101562,1354400
2024-08-06,152.5147518984639,154.22309607101107,150.60820984611073,151.306640625,959800
2024-08-07,153.84559214772145,155.18584036336603,150.51384519998118,150.7875518798828,736000
2024-08-08,151.9201438531467,153.7889387289513,151.485972113403,153.0621795654297,764600
2024-08-09,152.69409601106238,153.93996896581825,152.2693718316951,153.1188201904297,460200
2024-08-12,154.06267331813743,155.62001466540514,150.28732130317331,151.0235137939453,526900
2024-08-13,151.95791598805678,151.95791598805678,149.30573354746403,151.32554626464844,764100
2024-08-14,151.72194575565396,151.77857372660534,150.26844169454844,151.1650848388672,926200
2024-08-15,151.8257697885693,153.96828591925455,151.72194704033808,152.47702026367188,1131400
2024-08-16,151.97677461438022,154.39299720568906,151.97677461438022,153.93051147460938,862100
2024-08-19,153.93052105517435,155.56337100634448,153.8927738756332,155.1669464111328,643600
2024-08-20,154.3080715501411,154.4779554681774,152.91118101555205,153.1471405029297,677300
2024-08-21,153.73232139119048,153.85501052465574,152.09947145880108,153.76063537597656,673500
2024-08-22,154.24198304320805,156.0258360420831,153.91164842968183,155.384033203125,664400
2024-08-23,156.52607724906332,161.28302843248625,156.17686182712936,159.20657348632812,891000
2024-08-26,160.25422839222122,160.40524591048012,157.44159552330945,157.7624969482422,923800
2024-08-27,157.52655512503097,158.47039311715653,156.74318226517258,157.99847412109375,587200
2024-08-28,157.97959745862798,161.31134420205296,157.77195196171562,160.85829162597656,1010800
2024-08-29,161.2547249219139,161.89652783654523,159.3009733870676,160.44302368164062,542100
2024-08-30,161.2075290247054,162.698794753557,160.4052609851542,162.44395446777344,753900
2024-09-03,163.78526533590173,164.85071634010902,162.14902871333695,162.97666931152344,919800
2024-09-04,162.48200122643982,163.00521899537145,159.71371545274155,160.7316131591797,994700
2024-09-05,162.29171841277054,162.71027804578256,159.95151499766507,160.57937622070312,919600
2024-09-06,160.23694084720947,162.5390846243834,157.1071563722725,158.4009246826172,1021200
2024-09-09,158.5436130308945,161.40701993015531,158.467507312271,160.56036376953125,799600
2024-09-10,160.91233446026297,160.91233446026297,155.6326328686738,159.00973510742188,813600
2024-09-11,158.54361630585595,158.60069196708216,153.53977044169133,157.8111114501953,1053800
2024-09-12,157.86819839334478,159.50443520527702,155.95609102721042,157.61134338378906,740800
2024-09-13,158.56263131027518,161.09309206437092,158.56263131027518,160.65550231933594,1096500
2024-09-16,161.3499290993548,165.00291615572428,160.7410979232932,164.65093994140625,1308200
2024-09-17,165.4690554822947,167.40970028802494,164.30846880387958,165.3549041748047,1097700
2024-09-18,165.37395112701606,168.96035538056185,164.40363579768754,165.57373046875,1119200
2024-09-19,168.246884873517,171.41471498074628,166.39185314829712,171.1007843017578,1512500
2024-09-20,170.1875225808876,171.4717830731453,168.71301955396964,170.8153839111328,2520100
2024-09-23,170.4824261927777,171.84277780078992,167.8663520090482,168.9698486328125,1272900
2024-09-24,168.73203457755244,169.49307729225828,165.11710708514394,166.27767944335938,1040200
2024-09-25,166.70577417545104,167.0387203800592,164.1087153948231,164.2514190673828,938900
2024-09-26,165.46908200023603,167.50486289891387,165.1075834476775,166.7438201904297,1058800
2024-09-27,167.04824040298092,168.96034765762798,165.99229710935623,166.8769989013672,859700
2024-09-30,166.9340800450171,169.64529020342036,166.2586653351985,169.4455108642578,806400
2024-10-01,168.06611788677623,168.627381231455,163.3762172878276,164.30848693847656,1041300
2024-10-02,164.9173305585892,167.3146100702834,163.73771360490537,164.78414916992188,1113400
2024-10-03,163.86137747539195,164.40362528565348,161.81608887486007,163.94699096679688,825500
2024-10-04,168.0185436597532,170.25410369836743,167.58095393879958,170.03530883789062,1105200
2024-10-07,169.19815452716028,169.83552354398873,168.0661056332111,169.16961669921875,838400
2024-10-08,169.74991931631448,170.4633940851183,168.37053766643,168.87472534179688,849700
2024-10-09,168.8176392993462,171.7476293958863,168.53224650624205,170.42532348632812,661500
2024-10-10,170.4443781440214,170.7963544140992,168.93181499264213,170.3587646484375,827100
2024-10-11,171.09128123388038,176.92273935527135,171.09128123388038,176.1712188720703,1154900
2024-10-14,176.17120184047087,177.80743856072374,174.0022395863091,176.52317810058594,980400
2024-10-15,177.96914766673115,180.9657358826057,176.256805322368,176.8275909423828,1814300
2024-10-16,177.44592899628452,181.1369764173238,177.1795662458674,180.12860107421875,1557600
2024-10-17,188.5285679243025,191.15416439115495,183.9813565112158,189.1849670410156,3219800
2024-10-18,190.56436450995304,190.56436450995304,186.66402990014635,187.92926025390625,1632500
2024-10-21,187.40604012565743,188.13854495602163,183.5342433951282,184.20016479492188,1072300
2024-10-22,184.8946144287857,186.0361711913099,183.3344834663435,184.6187438964844,1093500
2024-10-23,183.914774432767,185.627116811637,182.36415126250117,184.40945434570312,1120800
2024-10-24,185.04681631271873,186.40716787652593,183.49619320191437,185.0277862548828,1233900
2024-10-25,186.35957185879863,186.8352216231301,182.45925250068788,183.19175720214844,1086500
2024-10-28,184.5235854101112,188.14803458004013,183.63886922994527,187.62481689453125,1009100
2024-10-29,187.66288712025855,188.6902924901645,186.04568060891216,186.18836975097656,832900
2024-10-30,186.21693146335156,189.78430562931615,185.9981365788969,187.93878173828125,863300
2024-10-31,187.3394601661931,188.25271434900264,184.68534014623285,185.19903564453125,1083200
2024-11-01,186.0551892285476,187.1301624892723,182.5448911609431,182.88735961914065,924900
2024-11-04,183.03957452668377,183.1346957850745,180.03346406045767,181.38430786132812,736700
2024-11-05,182.38318021153907,185.06583782571417,181.6031074875899,183.73402404785156,1208600
2024-11-06,196.4719235360288,206.27982100352116,195.74894099829856,206.01345825195312,3082100
2024-11-07,201.14283624572064,202.53172585401657,196.5575641461936,197.9750061035156,1518000
2024-11-08,198.7835879680457,201.21891283182947,197.29004049955017,199.211669921875,939900
2024-11-11,202.64586508158985,206.2608068255174,202.62683502330017,204.1869659423828,1219100
2024-11-12,203.54959382034775,205.29998174889784,202.51268065225156,202.8456268310547,1063200
2024-11-13,203.61617538342236,206.05151473662067,201.4947811795089,201.6089324951172,708100
2024-11-14,202.1036247635296,203.54009664606625,201.2569685843389,202.8836975097656,919200
2024-11-15,203.3973730230149,205.6614708036313,202.21777076341075,204.28208923339844,848100
2024-11-18,204.03476239133383,205.1668113945699,203.30227204921331,204.35821533203125,745200
2024-11-19,201.39967710522703,204.2345463049266,200.92402722870185,203.30227661132812,558600
2024-11-20,204.29161559143492,204.29161559143492,201.10475571190815,203.12152099609375,651000
2024-11-21,203.2261795478531,208.25854906899923,202.60782597261533,206.070556640625,751700
2024-11-22,205.7185695471496,210.73192326015783,205.69003171609705,210.3513946533203,951300
2024-11-25,210.7129091969697,214.70836552014129,210.68437136375073,211.1409912109375,1482800
2024-11-26,209.5427851240274,210.79849315674537,208.4392740085883,209.99940490722656,778400
2024-11-27,211.3407500158618,213.30993289497337,209.9042781436168,210.04698181152344,580800
2024-11-29,211.44537498113516,211.90199474380196,208.2490076111065,209.2764129638672,542400
2024-12-02,210.17617873025233,210.43461968914417,205.53388097474175,206.45277404785156,903200
2024-12-03,206.32833565547023,207.65880635447056,204.58628732544932,205.15101623535156,599100
2024-12-04,204.02153862700465,205.39987089130216,201.07345691263535,202.80593872070312,1093000
2024-12-05,204.11725546590705,205.84017074260137,202.97821662727833,203.3227996826172,881800
2024-12-06,203.7152481196823,205.29457863289207,201.33188072554043,202.2124786376953,789700
2024-12-09,201.44674789130815,202.18376099483393,197.6371867196338,197.87648010253903,1192600
2024-12-10,200.6331408855268,201.63817599644773,197.5414745243036,198.12535095214844,948200
2024-12-11,199.18780582952155,199.5228077823174,193.05232035442913,193.32032775878903,1967900
2024-12-12,194.0956436121498,194.4976547345884,190.60196613516345,191.3868408203125,1714800
2024-12-13,191.94202751632324,192.3823338139758,188.83121320811284,190.755126953125,1654800
2024-12-16,191.31028773090455,191.81758858366572,189.4342356051152,191.16671752929688,1435700
2024-12-17,189.7213623963536,190.53495109330945,186.2563844580265,187.74957275390625,1404100
2024-12-18,188.96519062123065,189.2619120693873,177.83325814230403,178.17784118652344,1876700
2024-12-19,182.27456042269196,183.28917670039056,176.94311110098437,177.4791259765625,1527900
2024-12-20,176.77081343284672,182.16928655780376,176.33052175583182,181.36524963378903,3379100
2024-12-23,179.65190765521916,182.5808564093932,179.34560510574008,181.00152587890625,1047200
2024-12-24,181.27910088085832,182.82015090463332,180.54207314636344,182.7340087890625,293500
2024-12-26,181.9682637828693,183.1264502022114,180.9440810760263,182.8488616943359,423700
2024-12-27,181.5088089355156,183.47100285553395,179.7571797410228,181.1259307861328,506600
2024-12-30,179.65188293245342,181.47050660246023,178.66599547061816,180.484619140625,554400
2024-12-31,180.91536445222692,182.3415582761829,179.29775344779023,179.95819091796875,817600
2025-01-02,181.06852732096704,182.72443355181295,179.6806285284554,180.63780212402344,1292400
2025-01-03,181.26953704365903,183.59546182981015,178.6851566964115,183.33702087402344,1007500
2025-01-06,184.7153444567871,187.71130229117537,183.49974458472607,184.97378540039065,1034000
2025-01-07,186.62012356053953,187.57729708668265,182.9445807254243,183.8155975341797,920700
2025-01-08,183.31787795277097,184.0644721352932,181.4896730112036,182.9541473388672,1101000
2025-01-10,182.26498697170695,182.34156260890427,177.76627417485886,179.70933532714844,1445500
2025-01-13,179.53706118448042,183.36575562759887,178.42673629070163,182.96372985839844,1374000
2025-01-14,184.7345045091356,187.51030210264108,183.81561142824597,186.66799926757812,1516800
2025-01-15,191.4155569450635,192.75560863978387,188.41961375117032,192.26744079589844,2139100
2025-01-16,187.32843935497297,190.03722761204517,184.83021583915905,187.7017364501953,2392900
2025-01-17,187.73047137117425,188.69721149318613,186.07455045211475,188.33348083496097,2029600
2025-01-21,188.70674765762,191.16669053676728,188.05587669515344,189.7692108154297,1325900
2025-01-22,189.31934225118124,189.31934225118124,186.0458105972906,187.22314453125,1295000
2025-01-23,188.0845824411135,189.75963597430408,187.75914697422465,188.5440216064453,1539300
2025-01-24,187.09872741424036,191.750591760435,187.09872741424036,190.4296875,971600
2025-01-27,191.20497956944484,193.54048532529083,190.55410857797776,192.43016052246097,1239700
2025-01-28,192.2291759919352,193.4830710720725,189.8362419900518,191.2624359130859,1353500
2025-01-29,191.3581381677774,194.08608868163583,190.5349683141995,191.779296875,1082600
2025-01-30,193.73192141821949,194.6125339402569,191.53043392905397,193.3299102783203,867900
2025-01-31,192.98531328256084,194.1913612204992,191.6931378415947,192.62159729003903,1691500
2025-02-03,188.13246826451595,189.11835587402945,185.4715269060783,187.48158264160156,1263500
2025-02-04,187.13697902070257,190.97525396554855,186.97426128417084,189.4342041015625,835500
2025-02-05,190.60196608182207,191.09968579214464,188.44832568023375,190.2382354736328,794600
2025-02-06,191.750576778166,193.6553573782667,190.28610243224412,193.3011932373047,966600
2025-02-07,193.42563882039113,193.42563882039113,190.07553129002127,191.79844665527344,906300
2025-02-10,191.6548458764395,191.80799714176229,188.81203941211115,189.0704803466797,608100
2025-02-11,188.4674599941145,190.93696942505272,187.88358356348215,190.6785430908203,637400
2025-02-12,188.70675573834689,189.58736823927663,188.0941652629016,189.12791442871097,700700
2025-02-13,188.8407747889904,189.62566415848585,187.88360118051895,188.69720458984375,803700
2025-02-14,189.52036275425047,191.2528445415686,189.13749917666863,190.3052520751953,1197300
2025-02-18,190.86038362399563,192.70773601148204,189.52034661129153,192.01856994628903,1036100
2025-02-19,190.41050739745484,191.2815387422264,189.47248150594345,190.6976623535156,717400
2025-02-20,191.32941750761904,191.32941750761904,187.06041711115165,188.9939117431641,1240100
2025-02-21,189.87449147797705,189.89363903634975,184.14103189383923,185.2417755126953,1753100
2025-02-24,186.64884905695305,186.92642297023983,183.60504406749604,184.63877868652344,1136000
2025-02-25,185.68207389932596,185.68207389932596,182.0448120430752,182.4468231201172,1780100
2025-02-26,182.79145079121423,185.4236782953388,180.61866254377716,181.57583618164065,1378800
2025-02-27,182.22671083408073,184.28462818895665,180.1974929128703,181.32696533203125,1622200
2025-02-28,182.5617008215164,183.64331156950576,180.06347735774804,183.50930786132812,1590800
2025-03-03,184.51182884855305,186.10235904867105,179.79805886166625,182.00552368164065,1216500
2025-03-04,180.30895528608565,180.30895528608565,173.01176154179998,174.78546142578125,1660000
2025-03-05,174.78547771642164,175.44096436918565,170.23557900222443,171.7779083251953,2503800
2025-03-06,169.82106287227865,171.5561961787439,167.12196825209745,170.6500701904297,1727800
2025-03-07,170.7079016978858,172.69365960630734,168.01845616467688,172.29844665527344,1615500
2025-03-10,169.03062526304944,171.24772455709444,165.93630291883895,167.48828125,2021200
2025-03-11,167.26658158998194,169.09810231544108,163.68064410509953,165.0012664794922,1673700
2025-03-12,166.98701942901485,167.44008243720577,162.78414738267242,165.86883544921875,1179300
2025-03-13,167.06413901007912,167.88351204012685,163.92163030813305,164.3264923095703,1289500
2025-03-14,165.51215398312775,169.6089895505759,164.98197232085803,169.261962890625,1244300
2025-03-17,168.50044742294776,169.75360012345158,166.37008636120294,169.0980987548828,1437900
2025-03-18,169.0595242666403,169.97528448817695,166.87132816844817,168.5293426513672,1288800
2025-03-19,168.3076490322996,172.25024722312077,167.93170471327795,170.67898559570312,880300
2025-03-20,169.17520437772242,172.22132554793157,168.37511475149702,170.53439331054688,1058200
2025-03-21,169.44512512582926,171.94178149513743,168.3751274377139,171.82611083984375,8883500
2025-03-24,173.5419626485128,176.26034074686547,172.85755831915998,175.78799438476562,924200
2025-03-25,175.80727717273834,177.17610053598457,175.05538849023526,176.39529418945312,708900
2025-03-26,177.59056809030022,178.96904025750126,174.90112280916793,175.63372802734375,787400
2025-03-27,175.90366002407157,176.14465035745408,172.9153887154581,173.19493103027344,709300
2025-03-28,172.0381891894031,173.55160091199417,168.03775533376964,168.96315002441406,1084900
2025-03-31,167.70999048139535,172.99250923599007,166.8906321644679,172.30809020996094,1286900
2025-04-01,171.43089469754003,171.91287540555754,167.94135907833603,170.0138702392578,1039700
2025-04-02,168.5582866946727,173.52268189454347,168.2980130048214,173.23350524902344,822200
2025-04-03,164.7313446388504,165.20369096723496,157.34739761032563,157.47271728515625,2143500
2025-04-04,152.61435867495746,153.10597363824587,146.77274089513423,151.3612060546875,2483300
2025-04-07,147.52462849119115,159.53559256660296,145.31716362184528,151.96849060058594,2079200
2025-04-08,156.95219698492207,159.24641503853,148.1705083348198,150.93707275390625,1233000
2025-04-09,148.71030716062054,163.8155782851006,147.15832894928067,162.00332641601562,1751800
2025-04-10,158.6680236755801,158.6680236755801,147.96804818393835,152.16128540039062,1695900
2025-04-11,149.78995175727178,153.289136121844,148.17050376932997,152.2576904296875,1548700
2025-04-14,151.3419303051681,156.15210268458745,148.450046286598,152.78787231445312,1841600
2025-04-15,152.93245131314785,159.05361132969176,152.80714634868534,153.8385772705078,1400700
2025-04-16,152.88428525864416,156.2292325225652,151.8624738102587,153.1734619140625,1547400
2025-04-17,154.26273130460777,156.5858816527111,153.65543095655286,154.4555206298828,1105100
2025-04-21,152.9710125685459,153.79037080278516,149.3947098719351,151.12020874023438,1816900
2025-04-22,153.07703978289783,156.55694026417777,152.8167661433338,156.16171264648438,1412300
2025-04-23,160.1139829401811,164.8084699146498,158.50415457382033,159.38136291503906,1217300
2025-04-24,159.91153274852607,163.70954246433973,158.2149662270201,163.06369018554688,1022000
2025-04-25,161.5888236388251,162.62990351906436,160.25855245148367,161.3574676513672,829200
2025-04-28,162.13829287433808,163.18900719461982,161.29001690540213,162.63955688476562,884400
2025-04-29,161.66593990547534,164.37466853379863,161.10684064239837,163.78665161132812,722600
2025-04-30,160.5477518972962,164.02765265814875,159.38135229277836,163.64205932617188,1067600
2025-05-01,163.1022438581959,166.13873068246056,161.31892433494366,164.70242309570312,844600
2025-05-02,167.30511792563257,169.62826814781607,166.6496313134497,168.99205017089844,854200
2025-05-05,167.0063135058076,170.91999445878494,166.3026257982677,169.1077423095703,1004400
2025-05-06,167.3051233421227,168.83781830159634,166.11945504412256,166.33152770996094,1101000
2025-05-07,167.5171661376953,169.13662850543005,166.7170766244944,167.5171661376953,1420500
2025-05-08,168.77997939353347,172.7900619056884,168.77997939353347,171.1609649658203,1261900
2025-05-09,171.3055624741205,171.84537842783604,170.42835419489202,170.76573181152344,872900
2025-05-12,177.77373216312077,181.09939553764556,177.77373216312077,178.04364013671875,1452200
2025-05-13,178.6509299846129,180.70417203623228,177.78335608402642,179.7787628173828,1030800
2025-05-14,179.38354444728276,179.55706511989982,178.10147422711484,178.72805786132812,1125800
2025-05-15,178.69915629105782,180.636713271641,178.0051029558585,180.24148559570312,762700
2025-05-16,179.76915960566976,181.61031462742804,179.21006025092032,180.96446228027344,1114800
2025-05-19,179.42211607564204,181.36930725264085,178.3424694500971,180.5885009765625,957000
2025-05-20,179.9522996776981,180.76203839908845,178.4388879906702,179.0461883544922,710600
2025-05-21,177.77373656709042,178.11112889688678,173.4069931681331,173.46482849121094,1280000
2025-05-22,173.26241729737043,175.4024126581515,172.54908060748247,174.10105895996094,976900
2025-05-23,171.96105850203585,173.77331048221157,170.7271891947748,172.9732208251953,1262200
2025-05-27,175.16140198438356,177.5905736992637,173.53230514845703,177.4941864013672,1114000
2025-05-28,177.49421200670642,178.39068902176356,174.80475154376853,174.90115356445312,1009700
2025-05-29,176.03860550909016,176.55915284099672,174.9204215950221,176.36636352539062,1189200
2025-05-30,175.54697831715666,176.70372883908132,174.4962641177598,176.05787658691406,1945000
2025-06-02,175.49464018244643,175.94135609134327,172.67832650682163,174.84396362304688,1280800
2025-06-03,174.3389802502374,177.74767481598047,173.76599664031704,177.3397979736328,1060700
2025-06-04,177.13584536497024,178.34006372373554,174.6303184033416,174.67886352539062,954000
2025-06-05,174.92164340066776,175.64999803150786,173.19301626228025,174.71771240234375,852100
2025-06-06,176.863931758873,179.06842270715433,176.863931758873,178.8256378173828,958500
2025-06-09,179.74822813375744,180.23379794220244,178.50517060961135,178.9713134765625,979000
2025-06-10,178.6216928252342,181.34088656707496,178.6216928252342,180.3988800048828,853800
2025-06-11,181.3408956629557,181.92358535772505,178.75767555612822,179.2043914794922,1041000
2025-06-12,178.18467152881306,178.67996215820312,176.3977784030463,178.67996215820312,781200
2025-06-13,177.20382961850348,177.32036161915508,172.40639801283842,172.8919677734375,1301600
2025-06-16,174.29040970367828,176.12586279177648,173.3095641295011,175.0478973388672,992100
2025-06-17,173.43581004215383,175.16443726927642,172.2801515976184,173.18331909179688,1109400
2025-06-18,173.2512911830968,177.20383629615725,173.2512911830968,176.4560546875,1350000
2025-06-20,178.1555503995338,180.01043052681027,177.06787882762518,179.71908569335938,3680800
2025-06-23,178.90332593384122,184.225166424904,178.82563299300068,183.94354248046875,1377000
2025-06-24,185.759566785002,187.63387377007817,184.45824338052384,184.6330413818359,1073300
2025-06-25,184.17659637917544,185.78869147173393,183.19575083940575,185.71099853515625,1065400
2025-06-26,186.35196306723088,188.10972323849407,186.09947212507817,187.90579223632812,977600
2025-06-27,188.14858464355967,189.11972420848656,187.34253702646075,188.1874237060547,1351600
2025-06-30,189.7218291649382,190.5958488606018,187.76984394146876,188.3913726806641,1411900
2025-07-01,187.7504138790861,193.1305205490676,187.5076289878368,191.8000640869141,1163200
2025-07-02,193.49954271683023,194.4706822034894,191.1882259966895,194.28616333007812,1434000
2025-07-03,195.46123866336384,197.70456839222328,195.31555885674496,196.73342895507812,838300
2025-07-07,196.3352952457903,197.86969762397985,193.80062024422628,194.8785858154297,742200
2025-07-08,195.5777905471201,196.3838381401471,193.94628323960512,195.00482177734375,801800
2025-07-09,196.20901940597992,196.31584534444937,193.15964194779636,194.5969390869141,1033700
2025-07-10,194.6940507320826,198.4232378258004,194.1890688407943,198.16102600097656,1183700
2025-07-11,196.86939955042251,197.40352923618832,195.28643743217455,196.0827789306641,1004400
2025-07-14,195.89827820406884,197.42295964641735,195.36414846882036,197.1898956298828,1307700
2025-07-15,195.8594186437315,196.2770163586051,191.06200168204853,191.58641052246097,1736700
2025-07-16,193.34417005121824,194.3541634846544,185.8955314578845,186.9637908935547,2700300
2025-07-17,187.2939523693478,190.19766461993615,184.73014484899576,189.9548797607422,1751600
2025-07-18,190.34335891527348,190.87748865142265,188.81866265193992,190.5278778076172,1191700
2025-07-21,190.6832594976011,192.43129885970956,189.54701316645136,189.65383911132812,795000
2025-07-22,190.03257069822425,192.5866723311788,190.02286463782983,191.100830078125,1453900
2025-07-23,191.15910126439505,191.67380402911013,188.41077462008658,190.15882873535156,1055400
2025-07-24,190.1588349907826,191.04257554735088,188.04175786150603,188.08059692382812,814900
2025-07-25,187.1191657201704,188.4593430721394,184.68161072777608,188.17771911621094,779400
2025-07-28,188.1388456124019,188.6826813453452,186.98318727069116,188.54672241210938,1140300
2025-07-29,189.41104163482856,190.42103501353927,187.98348020220357,188.7312469482422,590900
2025-07-30,188.672980979309,189.47902854296618,185.17687285000227,186.0217742919922,731600
2025-07-31,185.5362276165657,186.10919643672403,182.97241960902167,183.25404357910156,861700
2025-08-01,180.16581055580133,180.58339344271963,177.35921789435932,179.65110778808594,1282100
2025-08-04,179.9327256548019,183.19575497262113,179.84532665608484,182.85585021972656,852800
2025-08-05,183.30259851815114,183.73960837212746,179.6122650942353,182.6130828857422,1039200
2025-08-06,182.7296276719854,182.92385262509208,180.1075537590099,180.14639282226562,755800
2025-08-07,181.74876958682117,181.77790258924773,177.84479907752197,178.43719482421875,852700
2025-08-08,179.83561543019027,182.35087813611185,177.72824437700143,181.7681884765625,810900
2025-08-11,182.16636953589907,182.99182931205394,180.2240903189496,181.1272430419922,942900
2025-08-12,182.7684666511797,185.73044534454013,181.92357995542645,185.5653533935547,935000
2025-08-13,186.14802345780978,187.91550456709336,185.34199066447022,187.63388061523438,1031900
2025-08-14,186.8181063120405,188.56616042661506,185.48764990019833,188.35250854492188,761100
2025-08-15,188.46907699145925,188.46907699145925,184.5165315449983,184.5845184326172,741900
2025-08-18,184.3902454984098,185.2351469095752,183.2248811039611,185.1671600341797,729800
2025-08-19,184.84669244523465,187.05118330198596,184.74958738440606,184.86611938476562,640200
2025-08-20,185.69160499482348,188.31367888842718,185.41967228038627,187.604736328125,990100
2025-08-21,186.16744558082087,187.04148005188998,185.2642929276374,186.87637329101562,904500
2025-08-22,188.1971259422108,194.38329492159036,187.73098310967552,193.9754180908203,1111400
2025-08-25,193.1693689676767,193.95598962213458,192.1302425496749,192.17880249023438,645700
2025-08-26,191.60584202176224,194.77175171667878,191.51844301601625,194.3735809326172,878000
2025-08-27,194.19878188045422,197.32585249553097,194.14051587693578,196.1896209716797,884700
2025-08-28,197.25785779511392,197.25785779511392,193.95598930033557,195.00482177734375,848700
2025-08-29,194.86887201500627,196.94711012705082,194.37358134456787,195.8400115966797,748500
2025-09-02,193.66790797685252,194.68545532226562,191.3881940502238,194.68545532226562,1044100
2025-09-03,194.76373190565334,196.49553458736477,192.9927991036067,194.28431701660156,954200
2025-09-04,195.6541064698971,198.4523805135328,194.45065738471237,197.99252319335938,916600
2025-09-05,198.42302468017851,199.55799229266458,194.62676090781045,195.2627410888672,977400
2025-09-08,195.0474718386503,195.35077877734417,192.11222028309174,194.92027282714844,700100
2025-09-09,194.88113362612242,197.27826774531724,194.85178230404313,195.48776245117188,628800
2025-09-10,196.31941493187074,196.48575900203602,193.1591313995919,193.8929443359375,927300
2025-09-11,193.70702882178932,194.62674335830553,191.77954578576146,193.56027221679688,904900
2025-09-12,193.82446454382796,195.52690101580362,192.75797838752464,194.5093536376953,696800
2025-09-15,194.54848051757727,195.3801411437856,191.9850321249001,192.32748413085938,782300
2025-09-16,192.7090562592631,192.7090562592631,188.51163815479944,191.0653076171875,805700
2025-09-17,191.61323371875102,196.76949688889337,190.9772684678738,194.3136749267578,1020100
2025-09-18,194.1277644563764,196.65208267880308,193.47222670965715,196.10415649414062,984500
2025-09-19,195.84978836348668,198.19799883174085,194.58763662051572,197.6598663330078,3604900
2025-09-22,196.26070521340267,197.46416913485544,193.86358602694668,194.607177734375,1012500
2025-09-23,195.05727158377408,198.61870992314857,192.9536803814964,196.29986572265625,1509900
2025-09-24,196.14331242269566,197.9827416781468,194.24518051942593,195.1355438232422,847000
2025-09-25,194.90071214849488,195.65409760712527,193.61898794671666,194.4995574951172,931600
2025-09-26,196.20201671379212,197.28806049592075,194.8517960848044,195.8204345703125,670900
2025-09-29,195.6540966001842,196.09438137211853,191.9165355787127,194.0201416015625,1175900
2025-09-30,194.05925892370087,195.40947940274864,190.55652364535376,193.35479736328125,847700
2025-10-01,192.69928002523565,193.55051320961203,190.62504017213018,191.07510375976562,918000
2025-10-02,190.47826752606133,191.848060665828,189.9695012933558,191.40777587890625,806700
2025-10-03,191.07511082081692,192.35685004383672,189.82273785234477,190.36087036132812,1484900
2025-10-06,192.96345044362457,194.5778329276823,185.81122276433254,185.89927673339844,1499800
2025-10-07,186.39826315287377,187.50387941230292,185.14589027912317,185.48834228515625,1043200
2025-10-08,185.56662040614694,186.49611381370545,183.86416900564066,184.0109405517578,790800
2025-10-09,184.2653320192838,185.72317917183005,182.6509345155655,183.98158264160156,608800
2025-10-10,184.72517355880575,185.2241609648784,176.7119341627181,176.9369659423828,1162500
2025-10-13,178.7763932030943,179.50042731066063,177.4946690510275,178.75682067871094,1015300
2025-10-14,178.36548516291023,184.61757140671435,177.85670396273687,183.003173828125,1187000
2025-10-15,183.8543912918908,184.11855320342693,179.94072224375458,181.0365447998047,1873600
2025-10-16,181.07569858069695,183.48259680084158,170.988203582045,174.77468872070312,3179000
2025-10-17,173.0722290812552,177.33812894576351,172.22101083974357,176.77064514160156,3049600
2025-10-20,177.72949349771486,179.99942876057736,177.02503185954808,178.14044189453125,1684700
2025-10-21,177.5044562287806,178.95250958281656,177.12287409732983,177.77841186523438,1932600
2025-10-22,178.10129234329597,179.40258908843848,177.00546979137076,178.18934631347656,1224400
2025-10-23,178.90358813036778,179.51020200723775,176.52602660907488,177.1815643310547,1087400
2025-10-24,179.17755623805158,182.1617169147781,178.7079052076116,181.2322235107422,1035600
2025-10-27,182.0834509445885,182.0834509445885,177.55337443033056,178.97207641601562,1186100
2025-10-28,177.86646308092642,178.68834490702457,176.88804584318018,177.4946746826172,1314600
2025-10-29,175.7041841285992,179.70590738458904,175.44980099998946,177.4261932373047,1424900
2025-10-30,177.38704942611636,182.3671896178978,177.38704942611636,178.85467529296875,1187600
2025-10-31,177.34791110810588,180.3810106531913,176.34014250230183,179.90158081054688,873500
2025-11-03,178.31654249259293,179.15798191854307,176.75106893239567,178.7861785888672,1192000
2025-11-04,178.08171019919428,178.08171019919428,176.44775525753784,176.99566650390625,1038400
2025-11-05,176.9271913806725,180.55711098221366,176.18359965254297,179.39280700683594,834000
2025-11-06,179.7058969390548,180.8995671945068,177.85668890879924,179.34388732910156,956300
2025-11-07,178.95251114960902,181.87798413598685,178.4926538423649,181.8486328125,768600
2025-11-10,181.82905314574305,184.31424125275052,180.6843067863276,184.18704223632812,1131300
2025-11-11,184.66647919629685,184.9697861584609,181.89755655642296,182.7292022705078,804400
2025-11-12,182.76834852760916,186.95597323752702,182.76834852760916,184.08920288085938,879900
2025-11-13,183.92288060353363,184.57841840559914,181.88777081992296,182.357421875,856700
2025-11-14,182.36719123972875,183.7369694225211,180.30273023815155,182.92489624023438,862300
2025-11-17,182.3769661167495,182.49438633665193,176.4477600781216,177.1522216796875,970700
2025-11-18,176.1151023796839,179.2851795971246,175.87049807082323,178.16978454589844,780100
2025-11-19,178.89381376263657,179.43194625815582,176.5945420882732,178.6883544921875,586500
2025-11-20,181.5551057478818,182.30849122402046,177.64143667832812,178.80575561523438,819500
2025-11-21,180.175526629515,186.35913067885102,179.3145296205981,184.5294952392578,1192100
2025-11-24,184.1772683669674,184.81323360717263,181.8290580111723,183.53150939941406,1153700
2025-11-25,185.22417895113622,188.44318026820488,184.48058716860245,187.4451904296875,830600
2025-11-26,186.75050223400285,188.17899803771633,186.06561312104282,186.1341094970703,649900
2025-11-28,186.0264785003367,187.2005762269435,185.6644539619482,186.11453247070312,418100
2025-12-01,185.85813024897155,188.86600994911404,185.21709511186017,187.5938262939453,1013300
2025-12-02,188.58988652854273,189.6253933047274,187.58397941853679,188.3433380126953,851300
2025-12-03,188.3236139819597,193.00803550983846,186.85417949588913,192.92913818359375,709500
2025-12-04,192.3176833283565,194.39855323571916,192.27824219018714,192.86996459960938,595000
2025-12-05,191.7654139120911,193.76738646165367,191.71610120410605,192.4163055419922,757600
2025-12-08,192.34727658678733,193.77726996579082,191.25260061385714,193.19540405273438,731100
2025-12-09,193.37291826626105,195.877844365453,193.37291826626105,194.9311065673828,804900
2025-12-10,194.7535875368151,202.87983154043988,193.83643433694746,201.77529907226562,1349100
2025-12-11,201.66682475444975,204.42815602928363,200.8679949412369,202.909423828125,1033000
2025-12-12,202.8995496373476,203.70822085509678,199.78317312925196,201.02577209472656,903900
2025-12-15,202.68258851006414,203.70822361557455,201.1737129429246,201.88377380371094,1250600
2025-12-16,203.03763463323867,203.08693229694666,200.26643177676507,201.2723388671875,1211000
2025-12-17,202.03170819904327,204.4774651631567,202.03170819904327,203.27430725097656,1058200
2025-12-18,203.76740779270747,205.21711423580803,199.93111357784068,200.84828186035156,1228800
2025-12-19,201.31178433621122,203.94492048821087,200.9961950357744,202.97845458984375,2945500
2025-12-22,202.45575475784372,204.81275775909398,202.45575475784372,203.9646453857422,782400
2025-12-23,204.50704118516992,205.38475322702416,203.0277502125082,203.57015991210938,707100
2025-12-24,204.14216848415157,205.32559833530385,202.41632889551744,204.3788604736328,247700
2025-12-26,204.39857634859783,204.98044228310897,202.98832605975608,204.41830444335938,378800
2025-12-29,204.63526140182265,204.64511792480556,201.33150537921725,201.85418701171875,629900
2025-12-30,202.66286716202944,202.66286716202944,200.53268450877607,200.7397918701172,496100
2025-12-31,200.9962135344628,201.607649050175,198.540599899988,198.69837951660156,787900
2026-01-02,198.1855581029512,202.09087801929164,196.86404667142284,201.2230224609375,965100
2026-01-05,201.15399533783096,208.382799305699,201.0060722541738,206.55833435058594,981500
2026-01-06,205.25656617911872,209.0632756978936,205.1382126640036,208.41238403320312,922700
2026-01-07,207.0316953846706,208.85616027032586,205.0001381897794,206.65695190429688,1208100
2026-01-08,205.8581438979256,212.51495349236868,205.8581438979256,210.66090393066406,1370200
2026-01-09,210.60173084696862,211.82460177115877,208.65892747107654,208.75753784179688,1148700
2026-01-12,206.88378111919462,208.93506649457575,206.18359178921273,208.6293487548828,1175900
2026-01-13,209.88181248751397,211.02578608104207,205.72992916225436,206.2723388671875,1145100
2026-01-14,205.44395480920625,208.08694767985884,204.57609921675208,206.89364624023438,937200
2026-01-15,206.9922613776273,210.56227889947957,206.57806169675987,209.63526916503906,1213100
2026-01-16,209.56623757851324,212.73192712969873,202.66287916416223,209.34927368164062,1848800
2026-01-20,209.0336883943865,210.93703560524648,206.71612645813724,208.78713989257812,1185600
2026-01-21,209.92126704936908,217.55441444876388,209.74374429452746,216.13429260253906,1703600
2026-01-22,216.46959290273367,219.11258572054084,213.4518415323822,214.457763671875,1356600
2026-01-23,212.34730249685828,214.1520243016507,210.5228375501674,210.86801147460938,1249000
2026-01-26,210.86801227655528,213.26445651861167,210.41435640683136,211.2920684814453,1409100
2026-01-27,212.26839873893053,214.48733520507812,211.29206127650022,214.48733520507812,1068300
2026-01-28,213.72796345092257,214.89166514002002,212.39659554059818,213.89561462402344,1262700
2026-01-29,215.2762922184561,218.43212521204867,214.64512862936294,218.3828125,1314000
2026-01-30,217.01199771763476,219.75361589705327,216.46958799549225,218.51101684570312,1516100
2026-02-02,218.12638669681897,222.97847453039017,216.69640837366606,222.4261932373047,1464200
2026-02-03,222.33742967631773,226.50902599627133,221.86406077961666,224.97056579589844,1758000
2026-02-04,226.82462792001073,232.51497171217517,226.4400128485062,229.0534210205078,1709400
2026-02-05,228.52086851408967,231.2822146467455,227.05143407772303,230.71022033691406,1676700
2026-02-06,232.90943618469336,235.24671115943318,232.25854453031923,234.72402954101562,1265800
2026-02-09,233.5208804463465,235.2565915900445,230.11851401307752,232.98834228515625,1150800
2026-02-10,231.77532501269468,234.211225469264,230.01990084413984,232.9488983154297,891200
2026-02-11,234.35914640368713,235.70037087334333,229.76347865711676,231.47946166992188,1524200
2026-02-12,232.87985685170347,234.85224490500767,225.2072685282002,228.20529174804688,1316400
2026-02-13,226.27236189037592,229.31969784821823,223.44198982417223,225.5524444580078,1520600
2026-02-17,226.4991718508838,228.92521568717393,224.5958246735082,225.20726013183594,1152500
2026-02-18,225.77927314095447,228.8857784469842,225.44397076818902,228.55047607421875,913100
2026-02-19,226.94296522519832,228.47156898036047,224.0534239422199,225.94691467285156,934600
2026-02-20,225.91733502728604,229.68458847738734,223.61950108249334,229.30984497070312,963900
2026-02-23,228.83644840455256,230.29602635452005,218.44197029908105,219.05340576171875,1829500
2026-02-24,218.24473085440786,219.14217098804914,215.02972884776455,215.50311279296875,1249100
2026-02-25,217.455775158744,220.7595310500207,217.09088819723397,219.44789123535156,1154400
2026-02-26,220.41436559258608,223.96467011802605,219.99030938300314,222.23883056640625,1471800
2026-02-27,219.6155494952145,219.6155494952145,211.28221300648113,213.984375,1988700
2026-03-02,210.51860261271688,219.20786967781288,210.51860261271688,217.97647094726562,1160000
2026-03-03,214.3220276881624,219.5554383682377,212.4352062584303,217.4600830078125,958100
2026-03-04,218.50278697923227,218.50278697923227,216.13930153268484,217.71827697753906,783900
2026-03-05,216.50675352739384,217.410425810164,212.90194407383493,214.4908447265625,1421400
2026-03-06,206.7648388593811,210.0915777040812,205.41427789698488,208.9992218017578,1542200
2026-03-09,203.36856667254455,208.54241125719227,200.24043656483838,207.2117156982422,1137600
2026-03-10,207.70824285073328,210.9456100283119,202.5939794467457,202.70321655273438,1623500
2026-03-11,201.32286601258798,202.98127288228326,198.28410760746496,201.79954528808594,1846100
2026-03-12,197.55917949070056,200.24043602621921,196.62570151359955,196.82431030273438,1249700
2026-03-13,198.38341311982023,199.43605330140477,194.53033910914894,194.89776611328125,700700
2026-03-16,196.60583816767155,199.40627212858553,195.35458914530034,196.9534149169922,1085200
2026-03-17,199.4857221828209,200.8263429118854,197.7677189838803,198.73098754882812,1091700
2026-03-18,198.4032705019247,199.5353572674141,195.16590329781133,195.70216369628906,1008500
2026-03-19,194.9573762364744,196.2979969741076,192.6038157876377,194.8779296875,1390300
2026-03-20,195.88091105792887,197.4300808578046,194.43103807814182,196.774658203125,2787100
2026-03-23,201.53141596501223,203.02100461343454,199.12821476390306,199.26724243164062,1175400
2026-03-24,197.45987087253494,203.65656520776454,197.20168095756352,202.36558532714844,1049000
2026-03-25,203.92469896265146,205.7817146918931,201.42218570542204,203.328857421875,795100
2026-03-26,201.9782930343154,204.7588615902033,201.9385773369351,204.3020477294922,1020400
2026-03-27,203.88495825414046,204.8879576275244,198.77071002911612,199.5353546142578,1123100
2026-03-30,200.84619959585035,201.98821148048478,198.73097889951663,199.73397827148438,1474000
2026-03-31,201.11432645864915,207.3904518815624,201.0944610345063,205.28517150878906,1681600
2026-04-01,206.92371334231132,209.16803653591703,205.2653065155574,207.52947998046875,741800
2026-04-02,203.8750412537838,209.16804820476304,203.4976739376201,208.70130920410156,689500
2026-04-06,209.14818386962335,210.89596248250257,208.055812766024,210.54840087890625,500500
2026-04-07,209.61492191994228,211.68048671825431,209.03894580910608,210.6377716064453,1384100
2026-04-08,217.1323608868223,218.47299670045396,215.89103704193337,217.5196533203125,1028100
2026-04-09,216.23862544857204,222.10760854060675,215.95064496828422,221.4422607421875,731800
2026-04-10,220.93578355012082,222.1771074207661,218.29425786957594,218.3935546875,777700
2026-04-13,216.83446252685096,220.3200945446543,215.86125368988795,219.75404357910156,916000
2026-04-14,218.75106231452972,220.10162332738358,217.1621616572147,218.97946166992188,1098200
2026-04-15,219.9030125652647,219.99238424880787,211.79964656066826,215.5931396484375,1646600
2026-04-16,213.9049234596998,216.64577626560916,213.7758360810314,215.4441680908203,1145400
2026-04-17,216.44716710759093,219.32703242319158,214.72916396242078,217.27139282226562,1378100
2026-04-20,216.52659610993294,220.01224319425495,215.60305843476053,218.15521240234375,999400
2026-04-21,217.53952358553664,220.57828200098552,216.55640477634984,217.38063049316406,1109600
2026-04-22,217.47994272676803,218.473001825977,215.4143779820678,216.05987548828125,853500
2026-04-23,216.6755655727552,218.41341898267095,215.19590207156185,218.17507934570312,907500
2026-04-24,217.92680954169526,217.92680954169526,213.15019784689127,213.42825317382812,699600
2026-04-27,213.70631818472165,217.63883894126644,213.70631818472165,216.40744018554688,1076000
2026-04-28,217.68849572098713,219.48593029842974,215.18598250315517,216.01022338867188,953400
2026-04-29,215.65271131009789,216.367715052835,211.20379576576067,214.0439453125,1280700
2026-04-30,212.58417118835337,217.75800067161552,211.4222786938226,217.11251831054688,937300
2026-05-01,216.9436972440694,217.67855127884056,214.59013687755072,214.93771362304688,744300
2026-05-04,213.27931417818957,215.6825154610389,211.90888772610728,212.59410095214844,929400
2026-05-05,212.90194419556127,215.49382910566626,211.62090459763795,213.984375,1111200
2026-05-06,215.90097879487408,217.9466780806653,215.82153224991686,215.91090393066406,796300
2026-05-07,214.99729962704,216.04001473432908,211.27332792449315,211.5414581298828,1069500
2026-05-08,212.28624794380846,212.3756196260728,210.31005488075866,210.6675567626953,668400
2026-05-11,211.30310933284917,211.30310933284917,205.95052151036214,206.5364227294922,1010100
2026-05-12,206.7251103313785,208.10546186960744,203.6565613594196,207.30108642578125,1052800
2026-05-13,206.9435801152933,206.9435801152933,202.08752184273055,202.6634979248047,722700
2026-05-14,204.63969251692296,207.11239993586793,203.82537679544228,204.31198120117188,734200
2026-05-15,204.72906259459828,205.08656446781106,201.4420394799113,203.47779846191406,1174300
2026-05-18,204.11335856697335,206.02004535314535,203.8353032341731,204.8383026123047,800900
2026-05-19,204.29211574534062,206.74497289232102,201.59099382763654,205.12628173828125,882000
2026-05-20,206.07962267010367,209.66456652276156,203.64663097657152,208.95948791503906,771300
2026-05-21,207.6188796386038,211.49180418549878,206.35769030035655,210.8562469482422,1667400
2026-05-22,211.27332450001302,212.82249427870164,210.68742326500018,211.70033264160156,718800
2026-05-26,211.48186606592023,214.8582608403971,211.48186606592023,213.73609924316406,872600
2026-05-27,214.69938109889347,216.01022642524015,212.653681713425,213.60702514648438,733000
2026-05-28,212.22666813517515,213.68645107982778,211.48187380593959,212.82249450683594,809200
2026-05-29,213.0111748688571,214.8284748224474,212.51464532370827,214.61000061035156,1668300
2026-06-01,211.57000732421875,213.49000549316406,210.72999572753906,211.6199951171875,935400
2026-06-02,211.0399932861328,218.05999755859375,209.74000549316406,217.2899932861328,803100
2026-06-03,216.2100067138672,216.22000122070312,213.67999267578125,214.02999877929688,988000
2026-06-04,216.94000244140625,221.7899932861328,216.77000427246094,221.72999572753906,907700
2026-06-05,222.5,224.6699981689453,221.88999938964844,222.44000244140625,1181300
2026-06-08,223.1199951171875,224.88999938964844,222.16000366210938,222.6300048828125,1178300
2026-06-09,224.22999572753906,227.1699981689453,223.1699981689453,225.42999267578125,1021900
2026-06-10,226.3000030517578,228.38999938964844,222.11000061035156,223.92999267578125,1581900
2026-06-11,224.13999938964844,228.39999389648438,222.82000732421875,227.82000732421875,1043900
2026-06-12,229.64999389648438,232.02999877929688,229.17999267578125,231.8800048828125,1027600
2026-06-15,233.22999572753906,233.22999572753906,225.63999938964844,225.94000244140625,1317900
2026-06-16,227.67999267578125,229.58999633789062,226.6199951171875,228.35000610351562,976500
2026-06-17,228.1699981689453,230.1999969482422,224.0500030517578,225.85000610351562,1095200
2026-06-18,228.05999755859375,228.25,224.75999450683594,225.1199951171875,2933400
2026-06-22,226.69000244140625,228.94000244140625,226.49000549316406,227.72999572753906,1112300
2026-06-23,228.3300018310547,231.75999450683594,226.89999389648438,231.24000549316406,1054900
2026-06-24,231.07000732421875,234.39999389648438,231.07000732421875,233.25999450683594,974900
2026-06-25,233.5800018310547,237.60000610351562,233.5800018310547,236.77000427246094,1083100
2026-06-26,237.0800018310547,238.0,235.24000549316406,237.25999450683594,1571400
2026-06-29,235.74000549316406,239.8300018310547,235.6699981689453,239.1999969482422,1101400
2026-06-30,237.9199981689453,239.47999572753906,236.94000244140625,238.00999450683594,1276100
2026-07-01,237.77999877929688,242.9499969482422,236.6199951171875,241.9499969482422,1075500
2026-07-02,243.57000732421875,243.57000732421875,237.49000549316406,238.8800048828125,728300
2026-07-06,237.19000244140625,240.91000366210938,236.5,239.9199981689453,886800
2026-07-07,240.50999450683594,242.0,239.0800018310547,239.75,717900
2026-07-08,238.4600067138672,238.4600067138672,232.0399932861328,234.6300048828125,973100
2026-07-09,236.22999572753906,239.0,235.2100067138672,237.94000244140625,719100
2026-07-10,239.14999389648438,243.0,238.50999450683594,242.33999633789062,1392700
2026-07-13,243.66000366210938,244.57000732421875,241.39999389648438,242.5500030517578,1157100
2026-07-14,242.60000610351562,246.47999572753906,240.74000549316406,241.85000610351562,1281500
2026-07-15,243.75999450683594,248.74000549316406,241.38999938964844,248.52999877929688,2098500
2026-07-16,250.8800048828125,254.35000610351562,249.8300018310547,254.0399932861328,1719800
2026-07-17,252.25,255.0,248.75,249.24000549316406,1110100
2026-07-20,250.1699981689453,250.67999267578125,247.0,249.44000244140625,1344700
2026-07-21,249.9499969482422,249.9499969482422,246.22999572753906,248.66000366210938,1113000
2026-07-22,249.05999755859375,251.0399932861328,247.13999938964844,250.72999572753906,1205100
2026-07-23,246.97999572753906,247.64999389648438,244.2899932861328,245.97000122070312,1046400
2026-07-24,246.74000549316406,249.7100067138672,245.85000610351562,249.60000610351562,1259300
2026-07-27,250.27999877929688,252.14999389648438,247.0500030517578,248.27999877929688,1089700
2026-07-28,250.13999938964844,253.5800018310547,249.11000061035156,252.61000061035156,1333200
2026-07-29,251.44000244140625,252.8800048828125,249.36000061035156,250.3300018310547,1167600
2026-07-30,250.82000732421875,251.10000610351562,246.74000549316406,247.0,1116200
2026-07-31,247.4600067138672,248.72999572753906,245.6300048828125,246.2899932861328,1152800
2026-08-03,246.67999267578125,249.72000122070312,246.30999755859375,249.47999572753906,1191500
2026-08-04,249.1999969482422,254.69000244140625,248.60000610351562,253.05999755859375,1013600
2026-08-05,254.25999450683594,254.4199981689453,251.25,251.94000244140625,1046100
2026-08-06,254.0,254.0,249.3699951171875,250.13999938964844,745200
2026-08-07,248.64999389648438,251.5,246.91000366210938,250.4499969482422,732400
2026-08-10,249.39999389648438,251.5,248.82000732421875,251.1300048828125,670000
2026-08-11,250.94000244140625,253.89999389648438,250.94000244140625,252.16000366210938,728900
2026-08-12,252.2899932861328,254.2100067138672,251.41000366210938,253.5500030517578,801800
2026-08-13,255.0,255.67999267578125,252.47000122070312,253.25,677200
2026-08-14,253.14999389648438,255.6300048828125,252.5,254.08999633789062,580500
2026-08-17,253.2100067138672,255.9499969482422,252.6300048828125,252.86000061035156,917500
2026-08-18,254.82000732421875,254.85000610351562,251.0500030517578,251.5,772400
2026-08-19,251.8300018310547,251.8300018310547,244.30999755859375,244.5500030517578,1184800
2026-08-20,243.8000030517578,244.25,238.1300048828125,238.25,1801700
2026-08-21,240.22000122070312,241.52999877929688,238.17999267578125,240.33999633789062,964600
2026-08-24,241.22000122070312,244.77000427246094,240.80999755859375,241.7899932861328,568600
2026-08-25,242.11000061035156,242.22000122070312,238.42999267578125,240.41000366210938,862900
2026-08-26,240.86000061035156,242.3300018310547,239.7899932861328,241.5399932861328,576600
2026-08-27,239.22999572753906,240.32000732421875,237.27999877929688,238.67999267578125,794300
