udi,product_id,type,air_temp_k,process_temp_k,rotational_speed_rpm,torque_nm,tool_wear_min,machine_failure,twf,hdf,pwf,osf,rnf,product_code,type_match,temp_diff,power_proxy,tool_wear_group,tool_wear_alert,failure_type_count,risk_score
1,M14860,M,298.1,308.6,1551,42.8,0,0,0,0,0,0,0,M,1,10.5,66382.79999999999,low,0,0,10.66
2,L47181,L,298.2,308.7,1408,46.3,3,0,0,0,0,0,0,L,1,10.5,65190.399999999994,low,0,0,12.56
3,L47182,L,298.1,308.5,1498,49.4,5,0,0,0,0,0,0,L,1,10.399999999999977,74001.2,low,0,0,13.96
4,L47183,L,298.2,308.6,1433,39.5,7,0,0,0,0,0,0,L,1,10.400000000000034,56603.5,low,0,0,12.78
5,L47184,L,298.2,308.7,1408,40.0,9,0,0,0,0,0,0,L,1,10.5,56320.0,low,0,0,13.7
6,M14865,M,298.1,308.6,1425,41.9,11,0,0,0,0,0,0,M,1,10.5,59707.5,low,0,0,14.88
7,L47186,L,298.1,308.6,1558,42.4,14,0,0,0,0,0,0,L,1,10.5,66059.2,low,0,0,16.18
8,L47187,L,298.1,308.6,1527,40.2,16,0,0,0,0,0,0,L,1,10.5,61385.4,low,0,0,16.54
9,M14868,M,298.3,308.7,1667,28.6,18,0,0,0,0,0,0,M,1,10.399999999999977,47676.200000000004,low,0,0,15.0
10,M14869,M,298.5,309.0,1741,28.0,21,0,0,0,0,0,0,M,1,10.5,48748.0,low,0,0,16.1
11,H29424,H,298.4,308.9,1782,23.9,24,0,0,0,0,0,0,H,1,10.5,42589.799999999996,low,0,0,16.48
12,H29425,H,298.6,309.1,1423,44.3,29,0,0,0,0,0,0,H,1,10.5,63038.899999999994,low,0,0,22.56
13,M14872,M,298.6,309.1,1339,51.1,34,0,0,0,0,0,0,M,1,10.5,68422.90000000001,low,0,0,25.92
14,M14873,M,298.6,309.2,1742,30.0,37,0,0,0,0,0,0,M,1,10.599999999999966,52260.0,low,0,0,22.92
15,L47194,L,298.6,309.2,2035,19.6,40,0,0,0,0,0,0,L,1,10.599999999999966,39886.0,low,0,0,22.04
16,L47195,L,298.6,309.2,1542,48.4,42,0,0,0,0,0,0,L,1,10.599999999999966,74632.8,low,0,0,28.6
17,M14876,M,298.6,309.2,1311,46.6,44,0,0,0,0,0,0,M,1,10.599999999999966,61092.6,low,0,0,29.04
18,M14877,M,298.7,309.2,1410,45.6,47,0,0,0,0,0,0,M,1,10.5,64296.0,low,0,0,30.02
19,H29432,H,298.8,309.2,1306,54.5,50,0,0,0,0,0,0,H,1,10.399999999999977,71177.0,low,0,0,32.98
20,M14879,M,298.9,309.3,1632,32.5,55,0,0,0,0,0,0,M,1,10.400000000000034,53040.0,mid,0,0,30.58
21,H29434,H,298.9,309.3,1375,42.7,58,0,0,0,0,0,0,H,1,10.400000000000034,58712.50000000001,mid,0,0,33.82
22,L47201,L,298.8,309.3,1450,44.8,63,0,0,0,0,0,0,L,1,10.5,64959.99999999999,mid,0,0,36.26
23,M14882,M,298.9,309.3,1581,30.7,65,0,0,0,0,0,0,M,1,10.400000000000034,48536.7,mid,0,0,34.22
24,L47203,L,299.0,309.4,1758,25.7,68,0,0,0,0,0,0,L,1,10.399999999999977,45180.6,mid,0,0,34.42
25,M14884,M,299.0,309.4,1561,37.3,70,0,0,0,0,0,0,M,1,10.399999999999977,58225.299999999996,mid,0,0,37.54
26,L47205,L,299.0,309.5,1861,23.3,73,0,0,0,0,0,0,L,1,10.5,43361.3,mid,0,0,35.96
27,L47206,L,299.1,309.5,1512,39.0,75,0,0,0,0,0,0,L,1,10.399999999999977,58968.0,mid,0,0,39.88
28,H29441,H,299.1,309.4,1811,24.6,77,0,0,0,0,0,0,H,1,10.299999999999955,44550.600000000006,mid,0,0,37.78
29,L47208,L,299.1,309.4,1439,44.2,82,0,0,0,0,0,0,L,1,10.299999999999955,63603.8,mid,0,0,43.7
30,L47209,L,299.0,309.4,1693,30.1,84,0,0,0,0,0,0,L,1,10.399999999999977,50959.3,mid,0,0,41.7
31,M14890,M,299.1,309.5,1339,48.2,86,0,0,0,0,0,0,M,1,10.399999999999977,64539.8,mid,0,0,46.12
32,L47211,L,299.0,309.4,1798,25.5,89,0,0,0,0,0,0,L,1,10.399999999999977,45849.0,mid,0,0,42.78
33,L47212,L,299.0,309.4,1419,48.3,91,0,0,0,0,0,0,L,1,10.399999999999977,68537.7,mid,0,0,48.14
34,L47213,L,298.9,309.3,1665,32.5,93,0,0,0,0,0,0,L,1,10.400000000000034,54112.5,mid,0,0,45.78
35,M14894,M,298.8,309.1,1559,34.7,95,0,0,0,0,0,0,M,1,10.300000000000011,54097.3,mid,0,0,47.0
36,M14895,M,298.8,309.2,1452,48.6,98,0,0,0,0,0,0,M,1,10.399999999999977,70567.2,mid,0,0,51.0
37,M14896,M,298.9,309.2,1581,36.7,101,0,0,0,0,0,0,M,1,10.300000000000011,58022.700000000004,mid,0,0,49.8
38,L47217,L,298.8,309.1,1439,39.2,104,0,0,0,0,0,0,L,1,10.300000000000011,56408.8,mid,0,0,51.5
39,H29452,H,298.9,309.2,1379,50.7,106,0,0,0,0,0,0,H,1,10.300000000000011,69915.3,mid,0,0,54.6
40,L47219,L,298.8,309.1,1350,52.5,111,0,0,0,0,0,0,L,1,10.300000000000011,70875.0,mid,0,0,56.96
41,L47220,L,298.8,309.1,1362,45.4,113,0,0,0,0,0,0,L,1,10.300000000000011,61834.799999999996,mid,0,0,56.34
42,L47221,L,298.8,309.1,1368,50.8,115,0,0,0,0,0,0,L,1,10.300000000000011,69494.4,mid,0,0,58.22
43,M14902,M,298.8,309.1,1368,49.1,117,0,0,0,0,0,0,M,1,10.300000000000011,67168.8,mid,0,0,58.68
44,H29457,H,298.8,309.2,1372,48.5,120,0,0,0,0,0,0,H,1,10.399999999999977,66542.0,mid,0,0,59.78
45,M14904,M,298.8,309.1,1472,47.5,125,0,0,0,0,0,0,M,1,10.300000000000011,69920.0,mid,0,0,61.56
46,L47225,L,298.8,309.1,1489,49.1,128,0,0,0,0,0,0,L,1,10.300000000000011,73109.90000000001,mid,0,0,63.08
47,M14906,M,298.7,309.0,1843,25.8,130,0,0,0,0,0,0,M,1,10.300000000000011,47549.4,mid,0,0,59.22
48,L47227,L,298.8,309.1,1418,46.3,133,0,0,0,0,0,0,L,1,10.300000000000011,65653.4,mid,0,0,64.52
49,H29462,H,298.8,309.2,1425,53.9,135,0,0,0,0,0,0,H,1,10.399999999999977,76807.5,mid,0,0,66.86
50,M14909,M,298.9,309.2,1412,44.1,140,0,0,0,0,0,0,M,1,10.300000000000011,62269.200000000004,mid,0,0,66.88
51,L47230,L,298.9,309.1,2861,4.6,143,1,0,0,1,0,0,L,1,10.200000000000045,13160.599999999999,mid,0,1,110.16
52,L47231,L,298.9,309.1,1383,54.9,145,0,0,0,0,0,0,L,1,10.200000000000045,75926.7,mid,0,0,71.02
53,H29466,H,298.8,309.0,1497,43.8,147,0,0,0,0,0,0,H,1,10.199999999999989,65568.59999999999,mid,0,0,69.6
54,L47233,L,298.7,309.0,1565,35.1,152,0,0,0,0,0,0,L,1,10.300000000000011,54931.5,high,0,0,69.88
55,L47234,L,298.7,309.0,1691,30.1,154,0,0,0,0,0,0,L,1,10.300000000000011,50899.100000000006,high,0,0,69.68
56,L47235,L,298.8,309.1,1512,40.7,156,0,0,0,0,0,0,L,1,10.300000000000011,61538.4,high,0,0,72.6
57,L47236,L,298.8,309.1,1477,42.4,158,0,0,0,0,0,0,L,1,10.300000000000011,62624.799999999996,high,0,0,73.74
58,L47237,L,298.8,309.1,1513,40.3,160,0,0,0,0,0,0,L,1,10.300000000000011,60973.899999999994,high,0,0,74.12
59,M14918,M,298.8,309.0,1661,29.5,162,0,0,0,0,0,0,M,1,10.199999999999989,48999.5,high,0,0,72.74
60,L47239,L,298.8,309.1,1378,54.4,165,0,0,0,0,0,0,L,1,10.300000000000011,74963.2,high,0,0,78.94
61,L47240,L,298.8,309.1,1393,52.6,167,0,0,0,0,0,0,L,1,10.300000000000011,73271.8,high,0,0,79.38
62,M14921,M,298.8,309.0,1592,38.2,169,0,0,0,0,0,0,M,1,10.199999999999989,60814.4,high,0,0,77.28
63,L47242,L,298.8,309.0,1829,22.9,172,0,0,0,0,0,0,L,1,10.199999999999989,41884.1,high,0,0,75.42
64,M14923,M,298.9,309.0,1812,25.9,174,0,0,0,0,0,0,M,1,10.100000000000023,46930.799999999996,high,0,0,76.8
65,L47244,L,299.0,309.1,1523,38.6,177,0,0,0,0,0,0,L,1,10.100000000000023,58787.8,high,0,0,80.54
66,L47245,L,299.0,309.1,1394,45.1,179,0,0,0,0,0,0,L,1,10.100000000000023,62869.4,high,0,0,82.64
67,M14926,M,298.9,308.9,1679,28.7,181,0,0,0,0,0,0,M,1,10.0,48187.299999999996,high,0,0,80.14
68,H29481,H,298.8,308.9,1466,44.1,184,0,0,0,0,0,0,H,1,10.099999999999966,64650.6,high,0,0,84.44
69,L47248,L,298.8,308.9,1527,32.4,189,0,0,0,0,0,0,L,1,10.099999999999966,49474.799999999996,high,0,0,84.1
70,L47249,L,298.9,309.0,1410,65.7,191,1,0,0,1,1,0,L,1,10.100000000000023,92637.0,high,0,2,141.56
71,M14930,M,298.9,309.0,1924,22.6,193,0,0,0,0,0,0,M,1,10.100000000000023,43482.4,high,0,0,83.74
72,L47251,L,298.9,309.1,1452,45.5,196,0,0,0,0,0,0,L,1,10.200000000000045,66066.0,high,0,0,89.54
73,L47252,L,298.9,309.1,1369,44.4,198,0,0,0,0,0,0,L,1,10.200000000000045,60783.6,high,0,0,90.12
74,L47253,L,299.0,309.1,1592,35.0,200,0,0,0,0,0,0,L,1,10.100000000000023,55720.0,high,1,0,89.02
75,L47254,L,298.9,309.0,1601,32.3,202,0,0,0,0,0,0,L,1,10.100000000000023,51712.299999999996,high,1,0,89.28
76,L47255,L,298.8,308.9,1379,46.7,204,0,0,0,0,0,0,L,1,10.099999999999966,64399.3,high,1,0,92.96
77,L47256,L,298.8,308.9,1461,47.9,206,0,0,0,0,0,0,L,1,10.099999999999966,69981.9,high,1,0,94.0
78,L47257,L,298.8,308.9,1455,41.3,208,1,1,0,0,0,0,L,1,10.099999999999966,60091.49999999999,high,1,1,143.48
79,L47258,L,298.8,308.9,1398,51.5,0,0,0,0,0,0,0,L,1,10.099999999999966,71997.0,low,0,0,12.32
80,L47259,L,298.8,308.9,1402,37.9,2,0,0,0,0,0,0,L,1,10.099999999999966,53135.799999999996,low,0,0,10.4
81,H29494,H,298.8,308.8,1445,49.9,4,0,0,0,0,0,0,H,1,10.0,72105.5,low,0,0,13.58
82,L47261,L,298.9,308.9,1450,47.5,9,0,0,0,0,0,0,L,1,10.0,68875.0,low,0,0,15.1
83,L47262,L,298.9,308.9,1453,40.8,11,0,0,0,0,0,0,L,1,10.0,59282.399999999994,low,0,0,14.56
84,L47263,L,299.0,309.0,1469,40.1,13,0,0,0,0,0,0,L,1,10.0,58906.9,low,0,0,15.22
85,L47264,L,298.9,308.9,1422,47.6,15,0,0,0,0,0,0,L,1,10.0,67687.2,low,0,0,17.52
86,M14945,M,299.0,309.0,1804,26.8,17,0,0,0,0,0,0,M,1,10.0,48347.200000000004,low,0,0,14.16
87,H29500,H,299.0,309.0,1436,43.9,20,0,0,0,0,0,0,H,1,10.0,63040.4,low,0,0,18.78
88,L47267,L,299.0,309.0,1544,31.8,25,0,0,0,0,0,0,L,1,10.0,49099.200000000004,low,0,0,18.36
89,M14948,M,299.0,309.0,1419,45.2,27,0,0,0,0,0,0,M,1,10.0,64138.8,low,0,0,21.84
90,M14949,M,298.9,308.9,1487,39.5,30,0,0,0,0,0,0,M,1,10.0,58736.5,low,0,0,21.9
91,L47270,L,298.9,308.9,1753,25.8,33,0,0,0,0,0,0,L,1,10.0,45227.4,low,0,0,20.36
92,L47271,L,298.9,308.9,1830,24.9,35,0,0,0,0,0,0,L,1,10.0,45567.0,low,0,0,20.98
93,M14952,M,298.9,308.9,1727,27.1,37,0,0,0,0,0,0,M,1,10.0,46801.700000000004,low,0,0,22.22
94,L47273,L,299.1,309.0,1450,43.0,40,0,0,0,0,0,0,L,1,9.899999999999977,62350.0,low,0,0,26.58
95,L47274,L,299.0,308.9,1622,31.9,42,0,0,0,0,0,0,L,1,9.899999999999977,51741.799999999996,low,0,0,25.16
96,M14955,M,299.0,309.0,1351,52.2,44,0,0,0,0,0,0,M,1,10.0,70522.2,low,0,0,30.04
97,M14956,M,299.0,309.0,1575,35.3,47,0,0,0,0,0,0,M,1,10.0,55597.49999999999,low,0,0,27.86
98,M14957,M,298.9,308.9,1750,29.9,50,0,0,0,0,0,0,M,1,10.0,52325.0,low,0,0,27.98
99,L47278,L,298.9,308.8,1529,32.7,53,0,0,0,0,0,0,L,1,9.900000000000034,49998.3,mid,0,0,29.72
100,L47279,L,298.8,308.8,1523,44.4,55,0,0,0,0,0,0,L,1,10.0,67621.2,mid,0,0,32.88
101,L47280,L,298.8,308.9,1852,25.0,57,0,0,0,0,0,0,L,1,10.099999999999966,46300.0,mid,0,0,29.82
102,L47281,L,298.8,308.8,1991,20.7,59,0,0,0,0,0,0,L,1,10.0,41213.7,mid,0,0,29.74
103,L47282,L,298.8,308.8,1555,40.6,61,0,0,0,0,0,0,L,1,10.0,63133.0,mid,0,0,34.52
104,M14963,M,298.8,308.8,1441,40.5,63,0,0,0,0,0,0,M,1,10.0,58360.5,mid,0,0,35.3
105,L47284,L,298.8,308.7,1450,43.4,66,0,0,0,0,0,0,L,1,9.899999999999977,62930.0,mid,0,0,37.06
106,L47285,L,298.8,308.7,1591,31.1,68,0,0,0,0,0,0,L,1,9.899999999999977,49480.100000000006,mid,0,0,35.4
107,L47286,L,298.8,308.7,1445,48.5,70,0,0,0,0,0,0,L,1,9.899999999999977,70082.5,mid,0,0,39.68
108,M14967,M,298.8,308.8,1497,46.8,72,0,0,0,0,0,0,M,1,10.0,70059.59999999999,mid,0,0,40.16
109,H29522,H,298.9,308.8,1621,32.7,75,0,0,0,0,0,0,H,1,9.900000000000034,53006.700000000004,mid,0,0,38.52
110,L47289,L,298.9,308.7,1572,34.1,80,0,0,0,0,0,0,L,1,9.800000000000011,53605.200000000004,mid,0,0,40.78
111,L47290,L,298.8,308.6,1872,22.5,82,0,0,0,0,0,0,L,1,9.800000000000011,42120.0,mid,0,0,39.26
112,H29525,H,298.7,308.6,1499,43.5,84,0,0,0,0,0,0,H,1,9.900000000000034,65206.5,mid,0,0,44.28
113,M14972,M,298.8,308.7,1498,39.5,89,0,0,0,0,0,0,M,1,9.899999999999977,59171.0,mid,0,0,45.48
114,M14973,M,298.8,308.6,1486,41.9,92,0,0,0,0,0,0,M,1,9.800000000000011,62263.4,mid,0,0,47.14
115,L47294,L,298.8,308.6,1680,29.4,95,0,0,0,0,0,0,L,1,9.800000000000011,49392.0,mid,0,0,45.84
116,L47295,L,298.8,308.6,1431,45.7,97,0,0,0,0,0,0,L,1,9.800000000000011,65396.700000000004,mid,0,0,49.9
117,L47296,L,298.9,308.7,1564,34.1,99,0,0,0,0,0,0,L,1,9.800000000000011,53332.4,mid,0,0,48.38
118,L47297,L,298.8,308.6,1599,33.0,101,0,0,0,0,0,0,L,1,9.800000000000011,52767.0,mid,0,0,48.96
119,M14978,M,298.8,308.6,1707,28.1,103,0,0,0,0,0,0,M,1,9.800000000000011,47966.700000000004,mid,0,0,48.78
120,L47299,L,298.7,308.5,1467,40.7,106,0,0,0,0,0,0,L,1,9.800000000000011,59706.9,mid,0,0,52.5
121,L47300,L,298.9,308.7,1433,44.7,108,0,0,0,0,0,0,L,1,9.800000000000011,64055.100000000006,mid,0,0,54.1
122,L47301,L,298.9,308.7,1558,41.2,110,0,0,0,0,0,0,L,1,9.800000000000011,64189.600000000006,mid,0,0,54.2
123,L47302,L,299.0,308.8,1310,50.7,112,0,0,0,0,0,0,L,1,9.800000000000011,66417.0,mid,0,0,56.9
124,L47303,L,298.9,308.7,1546,43.4,114,0,0,0,0,0,0,L,1,9.800000000000011,67096.4,mid,0,0,56.24
125,L47304,L,298.9,308.7,1727,29.4,116,0,0,0,0,0,0,L,1,9.800000000000011,50773.799999999996,mid,0,0,54.24
126,L47305,L,298.9,308.6,1560,32.2,118,0,0,0,0,0,0,L,1,9.700000000000045,50232.00000000001,mid,0,0,55.58
127,L47306,L,299.0,308.6,1329,60.5,120,0,0,0,0,0,0,L,1,9.600000000000023,80404.5,mid,0,0,62.02
128,L47307,L,298.9,308.6,1413,46.5,122,0,0,0,0,0,0,L,1,9.700000000000045,65704.5,mid,0,0,60.04
129,L47308,L,299.0,308.6,1587,38.6,124,0,0,0,0,0,0,L,1,9.600000000000023,61258.200000000004,mid,0,0,59.24
130,L47309,L,298.9,308.5,1559,34.3,126,0,0,0,0,0,0,L,1,9.600000000000023,53473.7,mid,0,0,59.18
131,L47310,L,298.8,308.4,1473,41.1,128,0,0,0,0,0,0,L,1,9.599999999999966,60540.3,mid,0,0,61.34
132,L47311,L,298.8,308.4,1737,27.7,130,0,0,0,0,0,0,L,1,9.599999999999966,48114.9,mid,0,0,59.46
133,M14992,M,298.7,308.4,1441,43.2,132,0,0,0,0,0,0,M,1,9.699999999999989,62251.200000000004,mid,0,0,63.38
134,M14993,M,298.7,308.4,1430,49.6,135,0,0,0,0,0,0,M,1,9.699999999999989,70928.0,mid,0,0,65.86
135,L47314,L,298.8,308.4,1369,53.0,138,0,0,0,0,0,0,L,1,9.599999999999966,72557.0,mid,0,0,67.72
136,M14995,M,298.8,308.5,1711,28.5,140,0,0,0,0,0,0,M,1,9.699999999999989,48763.5,mid,0,0,63.64
137,H29550,H,298.7,308.5,1420,45.7,143,0,0,0,0,0,0,H,1,9.800000000000011,64894.00000000001,mid,0,0,68.3
138,L47317,L,298.7,308.6,1297,55.3,148,0,0,0,0,0,0,L,1,9.900000000000034,71724.09999999999,mid,0,0,72.24
139,H29552,H,298.8,308.6,1449,49.4,150,0,0,0,0,0,0,H,1,9.800000000000011,71580.59999999999,mid,0,0,71.84
140,L47319,L,298.8,308.6,1268,55.8,155,0,0,0,0,0,0,L,1,9.800000000000011,70754.4,high,0,0,75.12
141,L47320,L,298.8,308.6,1511,36.1,157,0,0,0,0,0,0,L,1,9.800000000000011,54547.1,high,0,0,71.98
142,L47321,L,298.7,308.5,1544,35.2,159,0,0,0,0,0,0,L,1,9.800000000000011,54348.8,high,0,0,72.6
143,M15002,M,298.6,308.4,1778,28.2,161,0,0,0,0,0,0,M,1,9.799999999999955,50139.6,high,0,0,72.0
144,H29557,H,298.6,308.4,1407,50.5,164,0,0,0,0,0,0,H,1,9.799999999999955,71053.5,high,0,0,77.66
145,M15004,M,298.6,308.4,1391,42.4,169,0,0,0,0,0,0,M,1,9.799999999999955,58978.4,high,0,0,78.04
146,L47325,L,298.5,308.4,1513,33.6,172,0,0,0,0,0,0,L,1,9.899999999999977,50836.8,high,0,0,77.5
147,H29560,H,298.5,308.4,1612,36.1,174,0,0,0,0,0,0,H,1,9.899999999999977,58193.200000000004,high,0,0,78.8
148,L47327,L,298.4,308.4,1515,40.1,179,0,0,0,0,0,0,L,1,10.0,60751.5,high,0,0,81.62
149,M15008,M,298.3,308.3,1379,48.0,181,0,0,0,0,0,0,M,1,10.0,66192.0,high,0,0,84.0
150,L47329,L,298.4,308.3,1473,39.9,184,0,0,0,0,0,0,L,1,9.900000000000034,58772.7,high,0,0,83.56
151,L47330,L,298.4,308.3,1422,42.7,186,0,0,0,0,0,0,L,1,9.900000000000034,60719.4,high,0,0,84.92
152,M15011,M,298.4,308.2,1463,37.6,188,0,0,0,0,0,0,M,1,9.800000000000011,55008.8,high,0,0,84.68
153,M15012,M,298.4,308.2,1584,41.0,191,0,0,0,0,0,0,M,1,9.800000000000011,64944.0,high,0,0,86.56
154,L47333,L,298.4,308.2,1850,27.0,194,0,0,0,0,0,0,L,1,9.800000000000011,49950.0,high,0,0,84.96
155,L47334,L,298.4,308.2,1528,36.2,196,0,0,0,0,0,0,L,1,9.800000000000011,55313.600000000006,high,0,0,87.6
156,H29569,H,298.4,308.2,1987,19.8,198,0,0,0,0,0,0,H,1,9.800000000000011,39342.6,high,0,0,85.12
157,M15016,M,298.4,308.1,1495,46.0,203,0,0,0,0,0,0,M,1,9.700000000000045,68770.0,high,1,0,92.34
158,H29571,H,298.4,308.2,1478,43.5,206,0,0,0,0,0,0,H,1,9.800000000000011,64293.0,high,1,0,93.06
159,M15018,M,298.4,308.2,1499,40.0,211,0,0,0,0,0,0,M,1,9.800000000000011,59960.0,high,1,0,94.36
160,L47339,L,298.4,308.2,1471,47.0,214,0,0,0,0,0,0,L,1,9.800000000000011,69137.0,high,1,0,96.96
161,L47340,L,298.4,308.2,1282,60.7,216,1,0,0,0,1,0,L,1,9.800000000000011,77817.40000000001,high,1,1,150.5
162,L47341,L,298.3,308.1,1412,52.3,218,1,0,0,0,1,0,L,1,9.800000000000011,73847.59999999999,high,1,1,149.62
163,L47342,L,298.3,308.1,1586,35.5,0,0,0,0,0,0,0,L,1,9.800000000000011,56303.0,low,0,0,9.06
164,M15023,M,298.4,308.2,1468,43.8,2,0,0,0,0,0,0,M,1,9.800000000000011,64298.399999999994,low,0,0,11.52
165,M15024,M,298.5,308.3,1440,43.6,5,0,0,0,0,0,0,M,1,9.800000000000011,62784.0,low,0,0,12.68
166,L47345,L,298.5,308.4,1733,26.0,8,0,0,0,0,0,0,L,1,9.899999999999977,45058.0,low,0,0,10.38
167,H29580,H,298.4,308.2,1612,32.6,10,0,0,0,0,0,0,H,1,9.800000000000011,52551.200000000004,low,0,0,12.48
168,H29581,H,298.4,308.3,1458,42.9,15,0,0,0,0,0,0,H,1,9.900000000000034,62548.2,low,0,0,16.56
169,L47348,L,298.4,308.3,1433,62.3,20,1,0,0,1,0,0,L,1,9.900000000000034,89275.9,low,0,1,72.44
170,L47349,L,298.4,308.3,1318,59.1,22,0,0,0,0,0,0,L,1,9.900000000000034,77893.8,low,0,0,22.6
171,M15030,M,298.4,308.2,1610,35.0,24,0,0,0,0,0,0,M,1,9.800000000000011,56350.0,low,0,0,18.56
172,L47351,L,298.2,308.1,1462,50.8,27,0,0,0,0,0,0,L,1,9.900000000000034,74269.59999999999,low,0,0,22.94
173,M15032,M,298.1,308.0,1924,20.8,29,0,0,0,0,0,0,M,1,9.899999999999977,40019.200000000004,low,0,0,17.74
174,M15033,M,298.2,308.0,1591,33.7,32,0,0,0,0,0,0,M,1,9.800000000000011,53616.700000000004,low,0,0,21.5
175,L47354,L,298.2,308.1,1306,58.3,35,0,0,0,0,0,0,L,1,9.900000000000034,76139.8,low,0,0,27.64
176,L47355,L,298.2,308.1,1382,43.5,37,0,0,0,0,0,0,L,1,9.900000000000034,60117.0,low,0,0,25.48
177,L47356,L,298.2,308.1,1618,34.7,39,0,0,0,0,0,0,L,1,9.900000000000034,56144.600000000006,low,0,0,24.52
178,L47357,L,298.2,308.2,1988,21.4,41,0,0,0,0,0,0,L,1,10.0,42543.2,low,0,0,22.68
179,L47358,L,298.2,308.2,1436,50.2,43,0,0,0,0,0,0,L,1,10.0,72087.2,low,0,0,29.24
180,L47359,L,298.2,308.3,1304,49.8,45,0,0,0,0,0,0,L,1,10.100000000000023,64939.2,low,0,0,29.98
181,L47360,L,298.2,308.3,1475,49.9,47,0,0,0,0,0,0,L,1,10.100000000000023,73602.5,low,0,0,30.8
182,H29595,H,298.2,308.3,1824,24.2,49,0,0,0,0,0,0,H,1,10.100000000000023,44140.799999999996,low,0,0,26.46
183,M15042,M,298.1,308.2,1342,48.1,54,0,0,0,0,0,0,M,1,10.099999999999966,64550.200000000004,mid,0,0,33.24
184,L47363,L,298.1,308.2,1485,40.7,57,0,0,0,0,0,0,L,1,10.099999999999966,60439.50000000001,mid,0,0,32.96
185,L47364,L,298.2,308.2,1667,30.6,59,0,0,0,0,0,0,L,1,10.0,51010.200000000004,mid,0,0,31.72
186,L47365,L,298.2,308.2,1446,38.2,61,0,0,0,0,0,0,L,1,10.0,55237.200000000004,mid,0,0,34.04
187,L47366,L,298.1,308.3,1301,56.0,63,0,0,0,0,0,0,L,1,10.199999999999989,72856.0,mid,0,0,38.44
188,L47367,L,298.2,308.4,1379,43.1,65,0,0,0,0,0,0,L,1,10.199999999999989,59434.9,mid,0,0,36.66
189,L47368,L,298.3,308.5,1606,33.6,67,0,0,0,0,0,0,L,1,10.199999999999989,53961.600000000006,mid,0,0,35.56
190,M15049,M,298.3,308.4,1539,43.4,69,0,0,0,0,0,0,M,1,10.099999999999966,66792.59999999999,mid,0,0,38.3
191,L47370,L,298.2,308.4,1477,49.9,72,0,0,0,0,0,0,L,1,10.199999999999989,73702.3,mid,0,0,40.82
192,L47371,L,298.2,308.4,1666,34.6,74,0,0,0,0,0,0,L,1,10.199999999999989,57643.600000000006,mid,0,0,38.56
193,H29606,H,298.2,308.4,1398,51.8,76,0,0,0,0,0,0,H,1,10.199999999999989,72416.4,mid,0,0,42.8
194,H29607,H,298.2,308.4,1678,34.6,81,0,0,0,0,0,0,H,1,10.199999999999989,58058.8,mid,0,0,41.36
195,M15054,M,298.2,308.5,2678,10.7,86,1,0,0,1,0,0,M,1,10.300000000000011,28654.6,mid,0,1,88.6
196,L47375,L,298.3,308.5,1453,42.9,89,0,0,0,0,0,0,L,1,10.199999999999989,62333.7,mid,0,0,46.22
197,H29610,H,298.3,308.6,1432,49.5,91,0,0,0,0,0,0,H,1,10.300000000000011,70884.0,mid,0,0,48.36
198,M15057,M,298.4,308.6,1527,40.9,96,0,0,0,0,0,0,M,1,10.200000000000045,62454.299999999996,mid,0,0,48.62
199,L47378,L,298.4,308.7,1588,35.0,99,0,0,0,0,0,0,L,1,10.300000000000011,55580.0,mid,0,0,48.66
200,L47379,L,298.4,308.6,1433,47.1,101,0,0,0,0,0,0,L,1,10.200000000000045,67494.3,mid,0,0,51.86
201,L47380,L,298.4,308.6,1609,35.0,103,0,0,0,0,0,0,L,1,10.200000000000045,56315.0,mid,0,0,50.24
202,L47381,L,298.3,308.5,1575,41.2,105,0,0,0,0,0,0,L,1,10.199999999999989,64890.00000000001,mid,0,0,52.28
203,M15062,M,298.4,308.5,1636,35.7,107,0,0,0,0,0,0,M,1,10.100000000000023,58405.200000000004,mid,0,0,51.96
204,L47383,L,298.4,308.5,1490,37.9,110,0,0,0,0,0,0,L,1,10.100000000000023,56471.0,mid,0,0,53.6
205,L47384,L,298.4,308.5,1741,32.8,112,0,0,0,0,0,0,L,1,10.100000000000023,57104.799999999996,mid,0,0,53.38
206,M15065,M,298.5,308.6,1344,53.0,114,0,0,0,0,0,0,M,1,10.100000000000023,71232.0,mid,0,0,58.22
207,L47386,L,298.5,308.7,1609,35.3,117,0,0,0,0,0,0,L,1,10.199999999999989,56797.7,mid,0,0,55.9
208,M15067,M,298.4,308.7,1421,60.7,119,1,0,0,1,0,0,M,1,10.300000000000011,86254.7,mid,0,1,111.8
209,L47388,L,298.4,308.6,1591,36.7,122,0,0,0,0,0,0,L,1,10.200000000000045,58389.700000000004,mid,0,0,58.18
210,L47389,L,298.4,308.6,1477,44.0,124,0,0,0,0,0,0,L,1,10.200000000000045,64988.0,mid,0,0,60.44
211,L47390,L,298.4,308.7,1523,36.1,126,0,0,0,0,0,0,L,1,10.300000000000011,54980.3,mid,0,0,59.68
212,L47391,L,298.5,308.7,1575,33.9,128,0,0,0,0,0,0,L,1,10.199999999999989,53392.5,mid,0,0,60.02
213,H29626,H,298.4,308.7,1344,52.9,130,0,0,0,0,0,0,H,1,10.300000000000011,71097.59999999999,mid,0,0,64.64
214,L47393,L,298.4,308.7,1386,44.9,135,0,0,0,0,0,0,L,1,10.300000000000011,62231.4,mid,0,0,65.04
215,M15074,M,298.3,308.6,1589,37.1,137,0,0,0,0,0,0,M,1,10.300000000000011,58951.9,mid,0,0,64.28
216,L47395,L,298.3,308.6,1548,40.3,140,0,0,0,0,0,0,L,1,10.300000000000011,62384.399999999994,mid,0,0,66.12
217,L47396,L,298.3,308.6,1499,38.3,142,0,0,0,0,0,0,L,1,10.300000000000011,57411.7,mid,0,0,66.52
218,L47397,L,298.3,308.5,1664,31.6,144,0,0,0,0,0,0,L,1,10.199999999999989,52582.4,mid,0,0,65.96
219,L47398,L,298.3,308.6,1447,38.1,146,0,0,0,0,0,0,L,1,10.300000000000011,55130.700000000004,mid,0,0,68.08
220,M15079,M,298.3,308.5,1434,46.2,148,0,0,0,0,0,0,M,1,10.199999999999989,66250.8,mid,0,0,70.48
221,L47400,L,298.3,308.5,1416,52.7,151,0,0,0,0,0,0,L,1,10.199999999999989,74623.2,high,0,0,72.98
222,H29635,H,298.4,308.5,1827,24.3,153,0,0,0,0,0,0,H,1,10.100000000000023,44396.1,high,0,0,68.08
223,L47402,L,298.4,308.6,1304,45.0,158,0,0,0,0,0,0,L,1,10.200000000000045,58680.0,high,0,0,74.24
224,L47403,L,298.4,308.6,1569,34.4,160,0,0,0,0,0,0,L,1,10.200000000000045,53973.6,high,0,0,72.92
225,L47404,L,298.3,308.6,1584,29.3,162,0,0,0,0,0,0,L,1,10.300000000000011,46411.200000000004,high,0,0,72.72
226,L47405,L,298.3,308.5,1362,53.8,164,0,0,0,0,0,0,L,1,10.199999999999989,73275.59999999999,high,0,0,78.4
227,L47406,L,298.3,308.4,1329,49.2,166,0,0,0,0,0,0,L,1,10.099999999999966,65386.8,high,0,0,78.26
228,L47407,L,298.3,308.5,1539,36.1,168,0,0,0,0,0,0,L,1,10.199999999999989,55557.9,high,0,0,76.46
229,M15088,M,298.3,308.5,1629,37.1,170,0,0,0,0,0,0,M,1,10.199999999999989,60435.9,high,0,0,77.46
230,L47409,L,298.3,308.5,1538,32.2,173,0,0,0,0,0,0,L,1,10.199999999999989,49523.600000000006,high,0,0,77.68
231,L47410,L,298.3,308.6,1570,34.8,175,0,0,0,0,0,0,L,1,10.300000000000011,54635.99999999999,high,0,0,79.02
232,L47411,L,298.3,308.4,1408,43.1,177,0,0,0,0,0,0,L,1,10.099999999999966,60684.8,high,0,0,81.44
233,L47412,L,298.2,308.4,1424,47.6,179,0,0,0,0,0,0,L,1,10.199999999999989,67782.40000000001,high,0,0,83.16
234,L47413,L,298.2,308.4,1512,34.9,181,0,0,0,0,0,0,L,1,10.199999999999989,52768.799999999996,high,0,0,81.42
235,L47414,L,298.2,308.4,1478,42.9,183,0,0,0,0,0,0,L,1,10.199999999999989,63406.2,high,0,0,83.82
236,M15095,M,298.1,308.3,1680,33.7,185,0,0,0,0,0,0,M,1,10.199999999999989,56616.00000000001,high,0,0,82.78
237,L47416,L,298.1,308.3,1495,38.7,188,0,0,0,0,0,0,L,1,10.199999999999989,57856.50000000001,high,0,0,84.98
238,M15097,M,298.0,308.1,1552,36.6,190,0,0,0,0,0,0,M,1,10.100000000000023,56803.200000000004,high,0,0,85.34
239,L47418,L,297.9,308.1,1393,50.3,193,0,0,0,0,0,0,L,1,10.200000000000045,70067.9,high,0,0,89.3
240,L47419,L,298.0,308.2,1611,30.6,195,0,0,0,0,0,0,L,1,10.199999999999989,49296.600000000006,high,0,0,86.16
241,M15100,M,298.0,308.1,1339,51.6,197,0,0,0,0,0,0,M,1,10.100000000000023,69092.40000000001,high,0,0,91.14
242,L47421,L,298.0,308.1,1777,24.3,200,0,0,0,0,0,0,L,1,10.100000000000023,43181.1,high,1,0,86.88
243,L47422,L,298.0,308.2,1348,58.8,202,1,0,0,0,1,0,L,1,10.199999999999989,79262.4,high,1,1,144.6
244,L47423,L,298.0,308.2,1442,44.1,204,0,0,0,0,0,0,L,1,10.199999999999989,63592.200000000004,high,1,0,92.46
245,M15104,M,298.0,308.2,1395,49.1,206,0,0,0,0,0,0,M,1,10.199999999999989,68494.5,high,1,0,94.26
246,M15105,M,297.9,308.1,1627,31.4,209,0,0,0,0,0,0,M,1,10.200000000000045,51087.799999999996,high,1,0,91.92
247,L47426,L,297.9,308.1,1585,33.5,212,0,0,0,0,0,0,L,1,10.200000000000045,53097.5,high,1,0,93.54
248,L47427,L,298.0,308.2,1469,45.5,214,0,0,0,0,0,0,L,1,10.199999999999989,66839.5,high,1,0,96.74
249,L47428,L,298.0,308.3,1362,56.8,216,1,0,0,0,1,0,L,1,10.300000000000011,77361.59999999999,high,1,1,149.82
250,L47429,L,298.0,308.3,1405,56.2,218,1,0,0,0,1,0,L,1,10.300000000000011,78961.0,high,1,1,150.5
251,L47430,L,298.0,308.3,1662,32.7,0,0,0,0,0,0,0,L,1,10.300000000000011,54347.4,low,0,0,8.6
252,M15111,M,298.0,308.2,1466,42.6,2,0,0,0,0,0,0,M,1,10.199999999999989,62451.6,low,0,0,11.36
253,L47432,L,298.0,308.2,1620,35.8,5,0,0,0,0,0,0,L,1,10.199999999999989,57995.99999999999,low,0,0,11.2
254,L47433,L,298.0,308.2,1357,48.2,7,0,0,0,0,0,0,L,1,10.199999999999989,65407.4,low,0,0,14.48
255,L47434,L,298.0,308.2,1514,37.9,9,0,0,0,0,0,0,L,1,10.199999999999989,57380.6,low,0,0,13.22
256,L47435,L,298.0,308.2,1489,40.4,11,0,0,0,0,0,0,L,1,10.199999999999989,60155.6,low,0,0,14.52
257,L47436,L,298.1,308.3,1331,63.0,13,0,0,0,0,0,0,L,1,10.199999999999989,83853.0,low,0,0,19.84
258,L47437,L,298.0,308.0,1615,29.5,15,0,0,0,0,0,0,L,1,10.0,47642.5,low,0,0,13.9
259,L47438,L,298.1,308.2,1482,37.9,17,0,0,0,0,0,0,L,1,10.099999999999966,56167.799999999996,low,0,0,16.4
260,M15119,M,298.1,308.2,1420,63.9,19,1,0,0,1,0,0,M,1,10.099999999999966,90738.0,low,0,1,72.4
261,M15120,M,298.2,308.3,1522,49.1,22,0,0,0,0,0,0,M,1,10.100000000000023,74730.2,low,0,0,20.64
262,L47441,L,298.1,308.2,1654,32.1,25,0,0,0,0,0,0,L,1,10.099999999999966,53093.4,low,0,0,18.44
263,M15122,M,298.1,308.2,1736,26.8,27,0,0,0,0,0,0,M,1,10.099999999999966,46524.8,low,0,0,18.18
264,M15123,M,298.0,308.1,1587,32.3,30,0,0,0,0,0,0,M,1,10.100000000000023,51260.1,low,0,0,20.48
265,L47444,L,298.1,308.2,1390,47.5,33,0,0,0,0,0,0,L,1,10.099999999999966,66025.0,low,0,0,24.72
266,L47445,L,298.0,308.1,1454,37.1,35,0,0,0,0,0,0,L,1,10.100000000000023,53943.4,low,0,0,23.44
267,H29680,H,298.0,308.1,1440,43.7,37,0,0,0,0,0,0,H,1,10.100000000000023,62928.00000000001,low,0,0,25.56
268,L47447,L,297.9,308.0,1954,21.1,42,0,0,0,0,0,0,L,1,10.100000000000023,41229.4,low,0,0,23.04
269,H29682,H,297.9,308.0,1800,24.8,44,0,0,0,0,0,0,H,1,10.100000000000023,44640.0,low,0,0,24.58
270,L47449,L,298.0,308.0,1524,37.0,49,0,0,0,0,0,0,L,1,10.0,56388.0,low,0,0,29.0
271,H29684,H,298.0,308.0,1520,39.6,51,0,0,0,0,0,0,H,1,10.0,60192.0,mid,0,0,30.32
272,M15131,M,298.1,308.1,1452,40.8,56,0,0,0,0,0,0,M,1,10.0,59241.6,mid,0,0,32.56
273,L47452,L,298.1,308.1,1484,40.4,59,0,0,0,0,0,0,L,1,10.0,59953.6,mid,0,0,33.68
274,L47453,L,298.1,308.0,1426,46.0,61,0,0,0,0,0,0,L,1,9.899999999999977,65596.0,mid,0,0,35.58
275,L47454,L,298.1,308.0,1652,28.5,63,0,0,0,0,0,0,L,1,9.899999999999977,47082.0,mid,0,0,32.88
276,L47455,L,298.0,308.0,1401,54.7,65,0,0,0,0,0,0,L,1,10.0,76634.7,mid,0,0,38.94
277,M15136,M,298.0,307.9,1750,26.6,67,0,0,0,0,0,0,M,1,9.899999999999977,46550.0,mid,0,0,34.1
278,H29691,H,298.0,308.0,1479,50.7,70,0,0,0,0,0,0,H,1,10.0,74985.3,mid,0,0,40.14
279,M15138,M,298.0,308.0,1620,29.4,75,0,0,0,0,0,0,M,1,10.0,47628.0,mid,0,0,37.88
280,L47459,L,298.0,308.1,1819,23.4,78,0,0,0,0,0,0,L,1,10.100000000000023,42564.6,mid,0,0,37.9
281,M15140,M,298.1,308.1,1456,43.7,80,0,0,0,0,0,0,M,1,10.0,63627.200000000004,mid,0,0,42.74
282,L47461,L,298.1,308.0,1626,36.5,83,0,0,0,0,0,0,L,1,9.899999999999977,59349.0,mid,0,0,42.48
283,M15142,M,298.1,308.1,1390,49.8,85,0,0,0,0,0,0,M,1,10.0,69222.0,mid,0,0,45.96
284,L47463,L,298.2,308.2,1469,43.0,88,0,0,0,0,0,0,L,1,10.0,63167.0,mid,0,0,45.8
285,L47464,L,298.2,308.3,2051,19.2,90,0,0,0,0,0,0,L,1,10.100000000000023,39379.2,mid,0,0,41.86
286,L47465,L,298.2,308.3,1568,36.0,92,0,0,0,0,0,0,L,1,10.100000000000023,56448.0,mid,0,0,46.02
287,L47466,L,298.2,308.3,1589,33.2,94,0,0,0,0,0,0,L,1,10.100000000000023,52754.8,mid,0,0,46.26
288,L47467,L,298.2,308.3,1805,31.6,96,0,0,0,0,0,0,L,1,10.100000000000023,57038.0,mid,0,0,46.74
289,H29702,H,298.2,308.4,1385,42.2,98,0,0,0,0,0,0,H,1,10.199999999999989,58447.00000000001,mid,0,0,49.68
290,L47469,L,298.1,308.4,1436,46.7,103,0,0,0,0,0,0,L,1,10.299999999999955,67061.2,mid,0,0,52.6
291,L47470,L,298.1,308.4,1438,45.6,105,0,0,0,0,0,0,L,1,10.299999999999955,65572.8,mid,0,0,53.18
292,L47471,L,298.0,308.3,1473,42.6,107,0,0,0,0,0,0,L,1,10.300000000000011,62749.8,mid,0,0,53.38
293,L47472,L,298.1,308.4,1335,40.2,109,0,0,0,0,0,0,L,1,10.299999999999955,53667.00000000001,mid,0,0,53.7
294,H29707,H,298.1,308.5,1392,44.8,111,0,0,0,0,0,0,H,1,10.399999999999977,62361.6,mid,0,0,55.44
295,M15154,M,298.1,308.5,1372,51.1,116,0,0,0,0,0,0,M,1,10.399999999999977,70109.2,mid,0,0,58.7
296,M15155,M,298.1,308.6,1716,30.7,119,0,0,0,0,0,0,M,1,10.5,52681.2,mid,0,0,55.84
297,L47476,L,298.0,308.5,1395,46.2,122,0,0,0,0,0,0,L,1,10.5,64449.00000000001,mid,0,0,60.14
298,L47477,L,298.0,308.5,1713,25.3,124,0,0,0,0,0,0,L,1,10.5,43338.9,mid,0,0,56.76
299,H29712,H,297.9,308.5,2129,18.7,126,0,0,0,0,0,0,H,1,10.600000000000023,39812.299999999996,mid,0,0,56.26
300,M15159,M,297.8,308.3,1567,35.6,131,0,0,0,0,0,0,M,1,10.5,55785.200000000004,mid,0,0,61.62
301,L47480,L,297.8,308.4,1622,38.3,134,0,0,0,0,0,0,L,1,10.599999999999966,62122.6,mid,0,0,63.38
302,L47481,L,297.7,308.4,1740,27.1,136,0,0,0,0,0,0,L,1,10.699999999999989,47154.0,mid,0,0,61.96
303,H29716,H,297.8,308.4,1512,35.1,138,0,0,0,0,0,0,H,1,10.599999999999966,53071.200000000004,mid,0,0,64.34
304,M15163,M,297.8,308.4,1479,43.5,143,0,0,0,0,0,0,M,1,10.599999999999966,64336.5,mid,0,0,68.02
305,L47484,L,297.8,308.4,1737,27.5,146,0,0,0,0,0,0,L,1,10.599999999999966,47767.5,mid,0,0,66.02
306,L47485,L,297.8,308.4,2129,19.2,148,0,0,0,0,0,0,L,1,10.599999999999966,40876.799999999996,mid,0,0,65.16
307,L47486,L,297.8,308.4,1374,47.1,150,0,0,0,0,0,0,L,1,10.599999999999966,64715.4,mid,0,0,71.54
308,M15167,M,297.8,308.4,1579,36.6,152,0,0,0,0,0,0,M,1,10.599999999999966,57791.4,high,0,0,70.24
309,L47488,L,297.9,308.5,1305,47.2,155,0,0,0,0,0,0,L,1,10.600000000000023,61596.00000000001,high,0,0,73.56
310,M15169,M,297.9,308.5,1449,40.8,157,0,0,0,0,0,0,M,1,10.600000000000023,59119.2,high,0,0,73.08
311,H29724,H,298.0,308.6,1526,41.8,160,0,0,0,0,0,0,H,1,10.600000000000023,63786.799999999996,high,0,0,74.48
312,M15171,M,298.0,308.6,1453,44.1,165,0,0,0,0,0,0,M,1,10.600000000000023,64077.3,high,0,0,76.94
313,L47492,L,297.9,308.6,1468,36.0,168,0,0,0,0,0,0,L,1,10.700000000000045,52848.0,high,0,0,76.54
314,L47493,L,298.0,308.6,1313,50.8,170,0,0,0,0,0,0,L,1,10.600000000000023,66700.4,high,0,0,80.28
315,M15174,M,297.9,308.5,1300,53.0,172,0,0,0,0,0,0,M,1,10.600000000000023,68900.0,high,0,0,81.52
316,L47495,L,297.9,308.4,1646,40.6,175,0,0,0,0,0,0,L,1,10.5,66827.6,high,0,0,80.22
317,L47496,L,297.8,308.4,1714,33.2,177,0,0,0,0,0,0,L,1,10.599999999999966,56904.8,high,0,0,79.56
318,L47497,L,297.8,308.4,1685,28.4,179,0,0,0,0,0,0,L,1,10.599999999999966,47854.0,high,0,0,79.4
319,L47498,L,297.8,308.4,1512,39.9,181,0,0,0,0,0,0,L,1,10.599999999999966,60328.799999999996,high,0,0,82.5
320,L47499,L,297.8,308.4,1612,32.1,183,0,0,0,0,0,0,L,1,10.599999999999966,51745.200000000004,high,0,0,81.74
321,H29734,H,297.8,308.4,1550,38.2,185,0,0,0,0,0,0,H,1,10.599999999999966,59210.00000000001,high,0,0,83.76
322,L47501,L,297.8,308.4,1518,32.5,190,0,0,0,0,0,0,L,1,10.599999999999966,49335.0,high,0,0,84.62
323,L47502,L,297.8,308.5,1448,40.0,192,0,0,0,0,0,0,L,1,10.699999999999989,57920.0,high,0,0,86.94
324,L47503,L,297.8,308.5,1561,46.3,194,0,0,0,0,0,0,L,1,10.699999999999989,72274.29999999999,high,0,0,89.0
325,M15184,M,297.8,308.5,1488,41.9,196,0,0,0,0,0,0,M,1,10.699999999999989,62347.2,high,0,0,88.92
326,L47505,L,297.8,308.5,1699,27.8,199,0,0,0,0,0,0,L,1,10.699999999999989,47232.200000000004,high,0,0,87.3
327,L47506,L,297.7,308.5,1501,41.4,201,0,0,0,0,0,0,L,1,10.800000000000011,62141.4,high,1,0,90.84
328,L47507,L,297.7,308.5,1373,56.7,203,1,0,0,0,1,0,L,1,10.800000000000011,77849.1,high,1,1,144.7
329,H29742,H,297.6,308.4,1703,31.4,205,0,0,0,0,0,0,H,1,10.799999999999955,53474.2,high,1,0,90.44
330,H29743,H,297.7,308.5,1720,29.9,210,0,0,0,0,0,0,H,1,10.800000000000011,51428.0,high,1,0,92.14
331,M15190,M,297.6,308.4,1398,41.9,215,0,0,0,0,0,0,M,1,10.799999999999955,58576.2,high,1,0,96.54
332,M15191,M,297.6,308.4,1391,51.9,218,0,0,0,0,0,0,M,1,10.799999999999955,72192.9,high,1,0,99.74
333,M15192,M,297.6,308.3,1538,40.2,0,0,0,0,0,0,0,M,1,10.699999999999989,61827.600000000006,low,0,0,10.18
334,L47513,L,297.5,308.2,1647,31.3,3,0,0,0,0,0,0,L,1,10.699999999999989,51551.1,low,0,0,9.6
335,M15194,M,297.5,308.1,1469,44.8,5,0,0,0,0,0,0,M,1,10.600000000000023,65811.2,low,0,0,13.08
336,L47515,L,297.4,308.1,1749,25.9,8,0,0,0,0,0,0,L,1,10.700000000000045,45299.1,low,0,0,10.52
337,M15196,M,297.6,308.2,1995,20.5,10,0,0,0,0,0,0,M,1,10.599999999999966,40897.5,low,0,0,10.22
338,L47517,L,297.6,308.3,1742,27.7,13,0,0,0,0,0,0,L,1,10.699999999999989,48253.4,low,0,0,12.88
339,L47518,L,297.5,308.2,1563,38.2,15,0,0,0,0,0,0,L,1,10.699999999999989,59706.600000000006,low,0,0,15.78
340,M15199,M,297.5,308.2,1713,32.2,17,0,0,0,0,0,0,M,1,10.699999999999989,55158.600000000006,low,0,0,15.38
341,L47520,L,297.4,308.1,1474,39.4,20,0,0,0,0,0,0,L,1,10.700000000000045,58075.6,low,0,0,18.02
342,M15201,M,297.4,308.2,1530,32.6,22,0,0,0,0,0,0,M,1,10.800000000000011,49878.0,low,0,0,17.48
343,L47522,L,297.4,308.2,1471,46.5,25,0,0,0,0,0,0,L,1,10.800000000000011,68401.5,low,0,0,21.46
344,L47523,L,297.5,308.3,1388,48.6,27,0,0,0,0,0,0,L,1,10.800000000000011,67456.8,low,0,0,22.68
345,M15204,M,297.5,308.2,2448,13.8,29,0,0,0,0,0,0,M,1,10.699999999999989,33782.4,low,0,0,16.5
346,L47525,L,297.5,308.3,1585,32.9,32,0,0,0,0,0,0,L,1,10.800000000000011,52146.5,low,0,0,21.54
347,M15206,M,297.5,308.3,1459,45.2,34,0,0,0,0,0,0,M,1,10.800000000000011,65946.8,low,0,0,24.8
348,L47527,L,297.5,308.3,1544,40.8,37,0,0,0,0,0,0,L,1,10.800000000000011,62995.2,low,0,0,25.12
349,L47528,L,297.6,308.3,1617,31.7,39,0,0,0,0,0,0,L,1,10.699999999999989,51258.9,low,0,0,24.08
350,L47529,L,297.6,308.3,1595,34.3,41,0,0,0,0,0,0,L,1,10.699999999999989,54708.49999999999,low,0,0,25.4
351,H29764,H,297.6,308.3,1400,44.3,43,0,0,0,0,0,0,H,1,10.699999999999989,62019.99999999999,low,0,0,28.2
352,M15211,M,297.6,308.4,1611,31.0,48,0,0,0,0,0,0,M,1,10.799999999999955,49941.0,low,0,0,27.56
353,M15212,M,297.6,308.4,1507,46.0,51,0,0,0,0,0,0,M,1,10.799999999999955,69322.0,mid,0,0,31.76
354,H29767,H,297.5,308.3,1674,30.0,54,0,0,0,0,0,0,H,1,10.800000000000011,50220.0,mid,0,0,29.76
355,L47534,L,297.6,308.3,1658,34.3,59,0,0,0,0,0,0,L,1,10.699999999999989,56869.399999999994,mid,0,0,32.6
356,L47535,L,297.6,308.3,1623,36.9,61,0,0,0,0,0,0,L,1,10.699999999999989,59888.7,mid,0,0,33.92
357,M15216,M,297.6,308.4,1398,48.9,63,0,0,0,0,0,0,M,1,10.799999999999955,68362.2,mid,0,0,37.14
358,L47537,L,297.6,308.4,1517,34.2,66,0,0,0,0,0,0,L,1,10.799999999999955,51881.4,mid,0,0,35.4
359,M15218,M,297.6,308.3,1467,36.7,68,0,0,0,0,0,0,M,1,10.699999999999989,53838.9,mid,0,0,36.68
360,M15219,M,297.6,308.3,1567,34.6,71,0,0,0,0,0,0,M,1,10.699999999999989,54218.200000000004,mid,0,0,37.46
361,M15220,M,297.5,308.3,1521,38.2,74,0,0,0,0,0,0,M,1,10.800000000000011,58102.200000000004,mid,0,0,39.4
362,L47541,L,297.5,308.3,1596,36.8,77,0,0,0,0,0,0,L,1,10.800000000000011,58732.799999999996,mid,0,0,40.32
363,H29776,H,297.6,308.3,1640,30.9,79,0,0,0,0,0,0,H,1,10.699999999999989,50676.0,mid,0,0,39.92
364,L47543,L,297.6,308.3,1438,47.8,84,0,0,0,0,0,0,L,1,10.699999999999989,68736.4,mid,0,0,45.3
365,L47544,L,297.6,308.4,1407,55.2,86,0,0,0,0,0,0,L,1,10.799999999999955,77666.40000000001,mid,0,0,47.6
366,L47545,L,297.6,308.4,1353,57.5,88,0,0,0,0,0,0,L,1,10.799999999999955,77797.5,mid,0,0,48.86
367,M15226,M,297.6,308.5,1552,40.9,90,0,0,0,0,0,0,M,1,10.899999999999977,63476.799999999996,mid,0,0,46.36
368,M15227,M,297.6,308.4,1569,38.3,93,0,0,0,0,0,0,M,1,10.799999999999955,60092.7,mid,0,0,47.02
369,L47548,L,297.5,308.4,1489,39.5,96,0,0,0,0,0,0,L,1,10.899999999999977,58815.5,mid,0,0,48.48
370,H29783,H,297.5,308.4,1587,36.1,98,0,0,0,0,0,0,H,1,10.899999999999977,57290.700000000004,mid,0,0,48.6
371,M15230,M,297.5,308.3,1622,37.2,103,0,0,0,0,0,0,M,1,10.800000000000011,60338.4,mid,0,0,50.8
372,L47551,L,297.5,308.4,1604,38.1,106,0,0,0,0,0,0,L,1,10.899999999999977,61112.4,mid,0,0,52.2
373,M15232,M,297.4,308.3,1405,51.7,108,0,0,0,0,0,0,M,1,10.900000000000034,72638.5,mid,0,0,55.72
374,L47553,L,297.4,308.3,1412,42.0,111,0,0,0,0,0,0,L,1,10.900000000000034,59304.0,mid,0,0,54.98
375,L47554,L,297.4,308.3,1431,43.0,113,0,0,0,0,0,0,L,1,10.900000000000034,61533.0,mid,0,0,55.98
376,L47555,L,297.4,308.2,1533,37.4,115,0,0,0,0,0,0,L,1,10.800000000000011,57334.2,mid,0,0,55.64
377,M15236,M,297.4,308.2,1401,51.9,117,0,0,0,0,0,0,M,1,10.800000000000011,72711.9,mid,0,0,59.34
378,M15237,M,297.4,308.2,1424,53.9,120,0,0,0,0,0,0,M,1,10.800000000000011,76753.59999999999,mid,0,0,60.94
379,L47558,L,297.3,308.2,1754,29.4,123,0,0,0,0,0,0,L,1,10.899999999999977,51567.6,mid,0,0,57.26
380,L47559,L,297.3,308.2,1754,26.8,125,0,0,0,0,0,0,L,1,10.899999999999977,47007.200000000004,mid,0,0,57.54
381,L47560,L,297.5,308.3,2564,12.8,127,1,0,0,1,0,0,L,1,10.800000000000011,32819.200000000004,mid,0,1,105.52
382,L47561,L,297.5,308.5,1546,40.4,129,0,0,0,0,0,0,L,1,11.0,62458.399999999994,mid,0,0,61.88
383,L47562,L,297.5,308.5,1335,48.0,131,0,0,0,0,0,0,L,1,11.0,64080.0,mid,0,0,64.2
384,M15243,M,297.5,308.6,1842,27.0,133,0,0,0,0,0,0,M,1,11.100000000000023,49734.0,mid,0,0,60.82
385,L47564,L,297.5,308.5,1712,26.8,136,0,0,0,0,0,0,L,1,11.0,45881.6,mid,0,0,61.96
386,M15245,M,297.6,308.6,1414,45.4,138,0,0,0,0,0,0,M,1,11.0,64195.6,mid,0,0,66.48
387,L47566,L,297.6,308.7,1319,50.9,141,0,0,0,0,0,0,L,1,11.099999999999966,67137.09999999999,mid,0,0,68.8
388,L47567,L,297.7,308.7,1249,60.4,143,0,0,0,0,0,0,L,1,11.0,75439.59999999999,mid,0,0,71.48
389,L47568,L,297.6,308.7,1455,48.2,145,0,0,0,0,0,0,L,1,11.099999999999966,70131.0,mid,0,0,69.86
390,M15249,M,297.6,308.7,1408,54.8,147,0,0,0,0,0,0,M,1,11.099999999999966,77158.4,mid,0,0,71.98
391,L47570,L,297.6,308.7,1460,46.7,150,0,0,0,0,0,0,L,1,11.099999999999966,68182.0,mid,0,0,71.56
392,L47571,L,297.6,308.6,1491,38.1,152,0,0,0,0,0,0,L,1,11.0,56807.1,high,0,0,70.62
393,M15252,M,297.6,308.5,1490,43.4,154,0,0,0,0,0,0,M,1,10.899999999999977,64666.0,high,0,0,72.46
394,M15253,M,297.5,308.4,1350,52.2,157,0,0,0,0,0,0,M,1,10.899999999999977,70470.0,high,0,0,75.42
395,L47574,L,297.5,308.4,1528,39.9,160,0,0,0,0,0,0,L,1,10.899999999999977,60967.2,high,0,0,74.16
396,L47575,L,297.4,308.3,1571,37.7,162,0,0,0,0,0,0,L,1,10.900000000000034,59226.700000000004,high,0,0,74.52
397,L47576,L,297.4,308.3,1490,42.6,164,0,0,0,0,0,0,L,1,10.900000000000034,63474.0,high,0,0,76.3
398,M15257,M,297.4,308.3,1774,28.9,166,0,0,0,0,0,0,M,1,10.900000000000034,51268.6,high,0,0,74.36
399,H29812,H,297.4,308.3,1502,43.6,169,0,0,0,0,0,0,H,1,10.900000000000034,65487.200000000004,high,0,0,78.5
400,L47579,L,297.4,308.4,1392,49.7,174,0,0,0,0,0,0,L,1,11.0,69182.40000000001,high,0,0,81.74
401,L47580,L,297.4,308.5,2100,16.9,176,0,0,0,0,0,0,L,1,11.100000000000023,35490.0,high,0,0,76.0
402,L47581,L,297.5,308.5,1722,30.4,178,0,0,0,0,0,0,L,1,11.0,52348.799999999996,high,0,0,79.48
403,L47582,L,297.4,308.6,1678,32.3,180,0,0,0,0,0,0,L,1,11.200000000000045,54199.399999999994,high,0,0,80.7
404,L47583,L,297.3,308.6,1273,59.8,182,0,0,0,0,0,0,L,1,11.300000000000011,76125.4,high,0,0,87.02
405,L47584,L,297.3,308.6,1297,45.9,184,0,0,0,0,0,0,L,1,11.300000000000011,59532.299999999996,high,0,0,85.04
406,L47585,L,297.3,308.5,1350,57.6,186,0,0,0,0,0,0,L,1,11.199999999999989,77760.0,high,0,0,88.16
407,L47586,L,297.4,308.6,1439,51.9,188,0,0,0,0,0,0,L,1,11.200000000000045,74684.09999999999,high,0,0,87.82
408,M15267,M,297.4,308.5,1600,42.1,190,0,0,0,0,0,0,M,1,11.100000000000023,67360.0,high,0,0,86.64
409,M15268,M,297.4,308.6,1434,44.4,193,0,0,0,0,0,0,M,1,11.200000000000045,63669.6,high,0,0,88.32
410,L47589,L,297.4,308.6,1459,41.3,196,0,0,0,0,0,0,L,1,11.200000000000045,60256.7,high,0,0,88.9
411,M15270,M,297.5,308.6,1472,44.9,198,0,0,0,0,0,0,M,1,11.100000000000023,66092.8,high,0,0,90.4
412,L47591,L,297.5,308.7,1429,44.3,201,0,0,0,0,0,0,L,1,11.199999999999989,63304.7,high,1,0,91.5
413,L47592,L,297.5,308.6,1388,48.2,203,0,0,0,0,0,0,L,1,11.100000000000023,66901.6,high,1,0,93.06
414,L47593,L,297.4,308.4,1573,34.5,205,0,0,0,0,0,0,L,1,11.0,54268.5,high,1,0,91.1
415,L47594,L,297.4,308.4,1588,32.5,207,0,0,0,0,0,0,L,1,11.0,51610.0,high,1,0,91.5
416,L47595,L,297.5,308.4,1511,42.8,209,0,0,0,0,0,0,L,1,10.899999999999977,64670.799999999996,high,1,0,94.34
417,L47596,L,297.4,308.5,1495,37.8,211,0,0,0,0,0,0,L,1,11.100000000000023,56510.99999999999,high,1,0,94.18
418,L47597,L,297.4,308.4,1394,50.1,213,0,0,0,0,0,0,L,1,11.0,69839.40000000001,high,1,0,97.42
419,L47598,L,297.4,308.4,2151,17.7,0,0,0,0,0,0,0,L,1,11.0,38072.7,low,0,0,5.74
420,M15279,M,297.3,308.3,1501,38.2,2,0,0,0,0,0,0,M,1,11.0,57338.200000000004,low,0,0,10.64
421,M15280,M,297.3,308.3,1301,39.6,5,0,0,0,0,0,0,M,1,11.0,51519.6,low,0,0,12.12
422,M15281,M,297.3,308.3,1657,31.1,8,0,0,0,0,0,0,M,1,11.0,51532.700000000004,low,0,0,11.62
423,L47602,L,297.3,308.3,1333,55.2,11,0,0,0,0,0,0,L,1,11.0,73581.6,low,0,0,17.64
424,L47603,L,297.3,308.3,1484,43.9,13,0,0,0,0,0,0,L,1,11.0,65147.6,low,0,0,16.18
425,L47604,L,297.3,308.4,1430,45.7,15,0,0,0,0,0,0,L,1,11.099999999999966,65351.00000000001,low,0,0,17.36
426,M15285,M,297.3,308.4,1665,28.9,17,0,0,0,0,0,0,M,1,11.099999999999966,48118.5,low,0,0,14.8
427,L47606,L,297.4,308.5,1501,44.9,20,0,0,0,0,0,0,L,1,11.100000000000023,67394.9,low,0,0,19.2
428,M15287,M,297.5,308.5,1496,42.2,22,0,0,0,0,0,0,M,1,11.0,63131.200000000004,low,0,0,19.44
429,M15288,M,297.6,308.6,1595,36.9,25,0,0,0,0,0,0,M,1,11.0,58855.5,low,0,0,19.58
430,L47609,L,297.5,308.6,1208,62.3,28,0,0,0,0,0,0,L,1,11.100000000000023,75258.4,low,0,0,25.88
431,L47610,L,297.5,308.6,1596,37.1,30,0,0,0,0,0,0,L,1,11.100000000000023,59211.600000000006,low,0,0,21.64
432,L47611,L,297.5,308.5,1446,41.9,32,0,0,0,0,0,0,L,1,11.0,60587.4,low,0,0,23.38
433,M15292,M,297.6,308.5,1466,39.7,34,0,0,0,0,0,0,M,1,10.899999999999977,58200.200000000004,low,0,0,23.72
434,M15293,M,297.6,308.5,1848,23.7,37,0,0,0,0,0,0,M,1,10.899999999999977,43797.6,low,0,0,21.72
435,M15294,M,297.5,308.5,1484,44.7,40,0,0,0,0,0,0,M,1,11.0,66334.8,low,0,0,27.14
436,L47615,L,297.4,308.3,1493,41.2,43,0,0,0,0,0,0,L,1,10.900000000000034,61511.600000000006,low,0,0,27.62
437,L47616,L,297.3,308.3,1504,36.3,45,0,0,0,0,0,0,L,1,11.0,54595.2,low,0,0,27.46
438,L47617,L,297.3,308.3,1538,38.5,47,0,0,0,0,0,0,L,1,11.0,59213.0,low,0,0,28.7
439,L47618,L,297.4,308.4,1341,52.2,49,0,0,0,0,0,0,L,1,11.0,70000.2,low,0,0,32.24
440,M15299,M,297.4,308.3,1535,34.6,51,0,0,0,0,0,0,M,1,10.900000000000034,53111.0,mid,0,0,29.5
441,L47620,L,297.4,308.5,1389,39.2,54,0,0,0,0,0,0,L,1,11.100000000000023,54448.8,mid,0,0,31.66
442,H29855,H,297.5,308.5,1393,46.6,56,0,0,0,0,0,0,H,1,11.0,64913.8,mid,0,0,33.92
443,L47622,L,297.4,308.5,1399,61.5,61,1,0,0,1,0,0,L,1,11.100000000000023,86038.5,mid,0,1,88.92
444,H29857,H,297.4,308.5,1469,45.1,63,0,0,0,0,0,0,H,1,11.100000000000023,66251.90000000001,mid,0,0,36.44
445,L47624,L,297.4,308.4,1582,37.2,68,0,0,0,0,0,0,L,1,11.0,58850.4,mid,0,0,36.84
446,L47625,L,297.5,308.6,1793,26.7,70,0,0,0,0,0,0,L,1,11.100000000000023,47873.1,mid,0,0,35.56
447,L47626,L,297.5,308.6,1452,39.0,72,0,0,0,0,0,0,L,1,11.100000000000023,56628.0,mid,0,0,38.82
448,M15307,M,297.6,308.7,1376,59.9,74,0,0,0,0,0,0,M,1,11.099999999999966,82422.4,mid,0,0,43.8
449,L47628,L,297.5,308.6,1552,44.9,77,0,0,0,0,0,0,L,1,11.100000000000023,69684.8,mid,0,0,42.0
450,L47629,L,297.6,308.7,1622,37.9,79,0,0,0,0,0,0,L,1,11.099999999999966,61473.799999999996,mid,0,0,41.4
451,M15310,M,297.6,308.7,1419,41.7,81,0,0,0,0,0,0,M,1,11.099999999999966,59172.3,mid,0,0,42.96
452,H29865,H,297.5,308.6,1440,46.1,84,0,0,0,0,0,0,H,1,11.100000000000023,66384.0,mid,0,0,45.04
453,M15312,M,297.4,308.6,1643,31.0,89,0,0,0,0,0,0,M,1,11.200000000000045,50933.0,mid,0,0,44.04
454,L47633,L,297.4,308.7,1510,36.2,92,0,0,0,0,0,0,L,1,11.300000000000011,54662.00000000001,mid,0,0,46.3
455,L47634,L,297.4,308.7,1468,46.6,94,0,0,0,0,0,0,L,1,11.300000000000011,68408.8,mid,0,0,49.18
456,L47635,L,297.4,308.7,1429,57.4,96,0,0,0,0,0,0,L,1,11.300000000000011,82024.59999999999,mid,0,0,52.14
457,H29870,H,297.3,308.7,1478,47.6,98,0,0,0,0,0,0,H,1,11.399999999999977,70352.8,mid,0,0,51.0
458,L47637,L,297.4,308.6,1276,53.6,103,0,0,0,0,0,0,L,1,11.200000000000045,68393.6,mid,0,0,54.16
459,L47638,L,297.3,308.6,1486,42.6,105,0,0,0,0,0,0,L,1,11.300000000000011,63303.6,mid,0,0,52.78
460,L47639,L,297.4,308.6,1476,42.3,107,0,0,0,0,0,0,L,1,11.200000000000045,62434.799999999996,mid,0,0,53.5
461,H29874,H,297.3,308.6,1431,42.0,109,0,0,0,0,0,0,H,1,11.300000000000011,60102.0,mid,0,0,54.26
462,L47641,L,297.4,308.7,1402,40.2,114,0,0,0,0,0,0,L,1,11.300000000000011,56360.4,mid,0,0,55.9
463,L47642,L,297.4,308.7,1433,43.4,116,0,0,0,0,0,0,L,1,11.300000000000011,62192.2,mid,0,0,57.34
464,L47643,L,297.4,308.7,2874,4.2,118,1,0,0,1,0,0,L,1,11.300000000000011,12070.800000000001,mid,0,1,100.3
465,L47644,L,297.3,308.6,1511,35.7,120,0,0,0,0,0,0,L,1,11.300000000000011,53942.700000000004,mid,0,0,57.4
466,M15325,M,297.3,308.6,1456,42.9,122,0,0,0,0,0,0,M,1,11.300000000000011,62462.4,mid,0,0,59.64
467,L47646,L,297.2,308.5,1550,41.5,125,0,0,0,0,0,0,L,1,11.300000000000011,64325.0,mid,0,0,60.56
468,L47647,L,297.2,308.5,2182,16.5,127,0,0,0,0,0,0,L,1,11.300000000000011,36003.0,mid,0,0,56.36
469,L47648,L,297.3,308.7,1619,31.6,129,0,0,0,0,0,0,L,1,11.399999999999977,51160.4,mid,0,0,60.2
470,M15329,M,297.3,308.8,1586,32.7,131,0,0,0,0,0,0,M,1,11.5,51862.200000000004,mid,0,0,61.24
471,H29884,H,297.3,308.8,1499,44.2,134,0,0,0,0,0,0,H,1,11.5,66255.8,mid,0,0,64.74
472,H29885,H,297.3,308.8,1419,42.4,139,0,0,0,0,0,0,H,1,11.5,60165.6,mid,0,0,66.38
473,M15332,M,297.4,309.0,1497,41.8,144,0,0,0,0,0,0,M,1,11.600000000000023,62574.6,mid,0,0,68.28
474,M15333,M,297.4,309.0,1520,37.0,147,0,0,0,0,0,0,M,1,11.600000000000023,56240.0,mid,0,0,68.52
475,L47654,L,297.4,309.1,1478,49.8,150,0,0,0,0,0,0,L,1,11.700000000000045,73604.4,mid,0,0,72.3
476,L47655,L,297.4,309.1,1380,41.1,152,0,0,0,0,0,0,L,1,11.700000000000045,56718.0,high,0,0,71.36
477,L47656,L,297.4,309.0,1570,37.9,154,0,0,0,0,0,0,L,1,11.600000000000023,59503.0,high,0,0,71.5
478,H29891,H,297.4,309.0,1468,41.4,156,0,0,0,0,0,0,H,1,11.600000000000023,60775.2,high,0,0,73.0
479,L47658,L,297.4,309.0,1833,22.6,161,0,0,0,0,0,0,L,1,11.600000000000023,41425.8,high,0,0,71.24
480,M15339,M,297.4,308.9,1323,57.3,163,0,0,0,0,0,0,M,1,11.5,75807.9,high,0,0,78.96
481,L47660,L,297.4,309.0,1583,32.0,166,0,0,0,0,0,0,L,1,11.600000000000023,50656.0,high,0,0,75.12
482,M15341,M,297.3,309.0,1556,39.5,168,0,0,0,0,0,0,M,1,11.699999999999989,61462.0,high,0,0,77.44
483,L47662,L,297.3,309.0,1548,37.4,171,0,0,0,0,0,0,L,1,11.699999999999989,57895.2,high,0,0,78.22
484,L47663,L,297.4,309.0,1324,56.9,173,0,0,0,0,0,0,L,1,11.600000000000023,75335.59999999999,high,0,0,82.9
485,L47664,L,297.4,309.0,1568,33.7,175,0,0,0,0,0,0,L,1,11.600000000000023,52841.600000000006,high,0,0,79.06
486,M15345,M,297.4,309.0,1685,30.7,177,0,0,0,0,0,0,M,1,11.600000000000023,51729.5,high,0,0,79.26
487,M15346,M,297.4,309.1,1582,35.9,180,0,0,0,0,0,0,M,1,11.700000000000045,56793.799999999996,high,0,0,81.52
488,M15347,M,297.4,309.1,1463,35.0,183,0,0,0,0,0,0,M,1,11.700000000000045,51205.0,high,0,0,82.54
489,L47668,L,297.4,309.2,1584,42.8,186,0,0,0,0,0,0,L,1,11.800000000000011,67795.2,high,0,0,85.32
490,M15349,M,297.5,309.2,1347,55.8,188,0,0,0,0,0,0,M,1,11.699999999999989,75162.59999999999,high,0,0,88.7
491,L47670,L,297.4,309.2,1459,37.9,191,0,0,0,0,0,0,L,1,11.800000000000011,55296.1,high,0,0,86.34
492,L47671,L,297.4,309.2,1420,45.6,193,0,0,0,0,0,0,L,1,11.800000000000011,64752.0,high,0,0,88.68
493,L47672,L,297.5,309.3,1404,43.5,195,0,0,0,0,0,0,L,1,11.800000000000011,61074.0,high,0,0,89.06
494,L47673,L,297.5,309.3,1470,38.8,197,0,0,0,0,0,0,L,1,11.800000000000011,57035.99999999999,high,0,0,88.92
495,L47674,L,297.6,309.4,1326,49.8,199,0,0,0,0,0,0,L,1,11.799999999999955,66034.8,high,0,0,91.92
496,H29909,H,297.5,309.3,1459,49.7,201,0,0,0,0,0,0,H,1,11.800000000000011,72512.3,high,1,0,92.7
497,M15356,M,297.5,309.2,1530,40.0,206,0,0,0,0,0,0,M,1,11.699999999999989,61200.0,high,1,0,92.74
498,L47677,L,297.4,309.0,1505,39.2,209,0,0,0,0,0,0,L,1,11.600000000000023,58996.00000000001,high,1,0,93.76
499,L47678,L,297.5,309.1,1611,30.2,211,0,0,0,0,0,0,L,1,11.600000000000023,48652.2,high,1,0,92.76
500,L47679,L,297.5,309.1,1515,35.1,213,0,0,0,0,0,0,L,1,11.600000000000023,53176.5,high,1,0,94.54
501,M15360,M,297.5,309.2,1804,27.4,215,0,0,0,0,0,0,M,1,11.699999999999989,49429.6,high,1,0,93.82
502,M15361,M,297.6,309.3,1464,46.2,218,0,0,0,0,0,0,M,1,11.699999999999989,67636.8,high,1,0,98.78
503,L47682,L,297.6,309.2,1390,43.3,221,0,0,0,0,0,0,L,1,11.599999999999966,60186.99999999999,high,1,0,99.38
504,M15363,M,297.6,309.2,1442,48.1,0,0,0,0,0,0,0,M,1,11.599999999999966,69360.2,low,0,0,11.94
505,M15364,M,297.6,309.3,1529,41.9,3,0,0,0,0,0,0,M,1,11.699999999999989,64065.1,low,0,0,11.92
506,L47685,L,297.6,309.3,1610,35.0,6,0,0,0,0,0,0,L,1,11.699999999999989,56350.0,low,0,0,11.74
507,L47686,L,297.6,309.3,1543,34.3,8,0,0,0,0,0,0,L,1,11.699999999999989,52924.899999999994,low,0,0,12.4
508,H29921,H,297.8,309.4,1445,48.2,10,0,0,0,0,0,0,H,1,11.599999999999966,69649.0,low,0,0,15.96
509,L47688,L,297.7,309.3,1893,24.6,15,0,0,0,0,0,0,L,1,11.600000000000023,46567.8,low,0,0,13.24
510,M15369,M,297.6,309.3,1415,41.3,17,0,0,0,0,0,0,M,1,11.699999999999989,58439.49999999999,low,0,0,17.4
511,L47690,L,297.5,309.3,1564,37.5,20,0,0,0,0,0,0,L,1,11.800000000000011,58650.0,low,0,0,17.86
512,L47691,L,297.5,309.3,1479,39.4,22,0,0,0,0,0,0,L,1,11.800000000000011,58272.6,low,0,0,19.04
513,L47692,L,297.5,309.2,1426,44.8,24,0,0,0,0,0,0,L,1,11.699999999999989,63884.799999999996,low,0,0,20.9
514,L47693,L,297.4,309.2,1428,38.8,26,0,0,0,0,0,0,L,1,11.800000000000011,55406.399999999994,low,0,0,20.52
515,L47694,L,297.4,309.2,1620,33.2,28,0,0,0,0,0,0,L,1,11.800000000000011,53784.00000000001,low,0,0,20.2
516,L47695,L,297.5,309.2,1715,28.0,30,0,0,0,0,0,0,L,1,11.699999999999989,48020.0,low,0,0,19.94
517,L47696,L,297.5,309.3,1732,29.9,32,0,0,0,0,0,0,L,1,11.800000000000011,51786.799999999996,low,0,0,21.14
518,M15377,M,297.5,309.4,1391,58.2,34,0,0,0,0,0,0,M,1,11.899999999999977,80956.2,low,0,0,27.62
519,L47698,L,297.6,309.5,1924,20.6,37,0,0,0,0,0,0,L,1,11.899999999999977,39634.4,low,0,0,21.3
520,M15379,M,297.7,309.5,2027,19.8,39,0,0,0,0,0,0,M,1,11.800000000000011,40134.6,low,0,0,21.92
521,L47700,L,297.6,309.5,1617,36.2,42,0,0,0,0,0,0,L,1,11.899999999999977,58535.4,low,0,0,26.42
522,L47701,L,297.5,309.4,1497,35.8,44,0,0,0,0,0,0,L,1,11.899999999999977,53592.6,low,0,0,27.14
523,M15382,M,297.5,309.5,1448,43.7,46,0,0,0,0,0,0,M,1,12.0,63277.600000000006,low,0,0,29.54
524,L47703,L,297.4,309.4,1401,45.9,49,0,0,0,0,0,0,L,1,12.0,64305.9,low,0,0,31.18
525,L47704,L,297.4,309.4,1620,35.4,51,0,0,0,0,0,0,L,1,12.0,57348.0,mid,0,0,29.88
526,L47705,L,297.4,309.4,1466,45.5,53,0,0,0,0,0,0,L,1,12.0,66703.0,mid,0,0,32.7
527,L47706,L,297.6,309.5,1373,50.6,55,0,0,0,0,0,0,L,1,11.899999999999977,69473.8,mid,0,0,34.5
528,M15387,M,297.6,309.6,1592,35.8,57,0,0,0,0,0,0,M,1,12.0,56993.6,mid,0,0,32.36
529,M15388,M,297.5,309.5,1553,42.4,60,0,0,0,0,0,0,M,1,12.0,65847.2,mid,0,0,34.88
530,L47709,L,297.6,309.5,1569,36.2,63,0,0,0,0,0,0,L,1,11.899999999999977,56797.8,mid,0,0,34.82
531,M15390,M,297.6,309.5,1709,32.2,65,0,0,0,0,0,0,M,1,11.899999999999977,55029.8,mid,0,0,34.82
532,L47711,L,297.6,309.5,1549,34.9,68,0,0,0,0,0,0,L,1,11.899999999999977,54060.1,mid,0,0,36.56
533,L47712,L,297.5,309.4,1443,45.4,70,0,0,0,0,0,0,L,1,11.899999999999977,65512.2,mid,0,0,39.46
534,L47713,L,297.5,309.3,1675,29.8,72,0,0,0,0,0,0,L,1,11.800000000000011,49915.0,mid,0,0,37.12
535,L47714,L,297.5,309.3,1623,33.4,74,0,0,0,0,0,0,L,1,11.800000000000011,54208.2,mid,0,0,38.64
536,H29949,H,297.4,309.3,1365,52.4,76,0,0,0,0,0,0,H,1,11.900000000000034,71526.0,mid,0,0,43.26
537,L47716,L,297.4,309.3,1759,24.8,81,0,0,0,0,0,0,L,1,11.900000000000034,43623.200000000004,mid,0,0,39.74
538,H29951,H,297.4,309.3,1516,43.0,83,0,0,0,0,0,0,H,1,11.900000000000034,65188.0,mid,0,0,44.18
539,M15398,M,297.4,309.3,1499,36.8,88,0,0,0,0,0,0,M,1,11.900000000000034,55163.2,mid,0,0,44.94
540,M15399,M,297.4,309.3,1775,25.8,91,0,0,0,0,0,0,M,1,11.900000000000034,45795.0,mid,0,0,43.94
541,L47720,L,297.4,309.4,1473,45.5,94,0,0,0,0,0,0,L,1,12.0,67021.5,mid,0,0,49.1
542,L47721,L,297.4,309.4,1296,52.3,96,0,0,0,0,0,0,L,1,12.0,67780.8,mid,0,0,51.26
543,L47722,L,297.5,309.4,1803,24.7,98,0,0,0,0,0,0,L,1,11.899999999999977,44534.1,mid,0,0,46.52
544,H29957,H,297.5,309.3,1563,36.1,100,0,0,0,0,0,0,H,1,11.800000000000011,56424.3,mid,0,0,49.58
545,M15404,M,297.5,309.4,1831,26.6,105,0,0,0,0,0,0,M,1,11.899999999999977,48704.600000000006,mid,0,0,49.7
546,L47725,L,297.6,309.4,1958,22.1,108,0,0,0,0,0,0,L,1,11.799999999999955,43271.8,mid,0,0,49.98
547,L47726,L,297.5,309.4,1809,24.3,110,0,0,0,0,0,0,L,1,11.899999999999977,43958.700000000004,mid,0,0,51.24
548,M15407,M,297.5,309.4,1482,39.3,112,0,0,0,0,0,0,M,1,11.899999999999977,58242.6,mid,0,0,55.04
549,L47728,L,297.4,309.3,1332,53.2,115,0,0,0,0,0,0,L,1,11.900000000000034,70862.40000000001,mid,0,0,59.02
550,L47729,L,297.4,309.2,1437,40.4,117,0,0,0,0,0,0,L,1,11.800000000000011,58054.799999999996,mid,0,0,57.24
551,L47730,L,297.4,309.2,1698,29.4,119,0,0,0,0,0,0,L,1,11.800000000000011,49921.2,mid,0,0,55.84
552,L47731,L,297.4,309.2,1274,54.3,121,0,0,0,0,0,0,L,1,11.800000000000011,69178.2,mid,0,0,61.62
553,M15412,M,297.4,309.3,1622,35.0,123,0,0,0,0,0,0,M,1,11.900000000000034,56770.0,mid,0,0,58.58
554,M15413,M,297.4,309.3,1564,36.0,126,0,0,0,0,0,0,M,1,11.900000000000034,56304.0,mid,0,0,59.98
555,H29968,H,297.5,309.4,1368,45.3,129,0,0,0,0,0,0,H,1,11.899999999999977,61970.399999999994,mid,0,0,63.04
556,M15415,M,297.4,309.4,1539,42.2,134,0,0,0,0,0,0,M,1,12.0,64945.8,mid,0,0,64.44
557,L47736,L,297.5,309.4,1357,50.1,137,0,0,0,0,0,0,L,1,11.899999999999977,67985.7,mid,0,0,67.2
558,M15417,M,297.5,309.4,1433,48.3,139,0,0,0,0,0,0,M,1,11.899999999999977,69213.9,mid,0,0,67.64
559,L47738,L,297.5,309.4,1650,34.6,142,0,0,0,0,0,0,L,1,11.899999999999977,57090.0,mid,0,0,66.1
560,L47739,L,297.5,309.4,1503,40.6,144,0,0,0,0,0,0,L,1,11.899999999999977,61021.8,mid,0,0,68.1
561,L47740,L,297.5,309.4,1318,58.2,146,0,0,0,0,0,0,L,1,11.899999999999977,76707.6,mid,0,0,72.42
562,M15421,M,297.5,309.4,1678,34.4,148,0,0,0,0,0,0,M,1,11.899999999999977,57723.2,mid,0,0,68.46
563,L47742,L,297.6,309.5,1574,30.9,151,0,0,0,0,0,0,L,1,11.899999999999977,48636.6,high,0,0,68.96
564,L47743,L,297.7,309.6,1529,35.2,153,0,0,0,0,0,0,L,1,11.900000000000034,53820.8,high,0,0,70.62
565,H29978,H,297.6,309.6,1669,32.1,155,0,0,0,0,0,0,H,1,12.0,53574.9,high,0,0,70.82
566,H29979,H,297.7,309.7,1570,35.8,160,0,0,0,0,0,0,H,1,12.0,56205.99999999999,high,0,0,73.56
567,M15426,M,297.6,309.7,1541,33.7,165,0,0,0,0,0,0,M,1,12.099999999999966,51931.700000000004,high,0,0,75.16
568,M15427,M,297.7,309.7,1680,30.2,168,0,0,0,0,0,0,M,1,12.0,50736.0,high,0,0,75.64
569,L47748,L,297.8,309.7,1935,22.1,171,0,0,0,0,0,0,L,1,11.899999999999977,42763.5,high,0,0,75.2
570,M15429,M,297.7,309.6,1596,35.2,173,0,0,0,0,0,0,M,1,11.900000000000034,56179.200000000004,high,0,0,78.62
571,L47750,L,297.7,309.7,1498,41.0,176,0,0,0,0,0,0,L,1,12.0,61418.0,high,0,0,81.0
572,M15431,M,297.8,309.8,1676,29.0,178,0,0,0,0,0,0,M,1,12.0,48604.0,high,0,0,79.4
573,L47752,L,297.8,309.9,1351,49.0,181,0,0,0,0,0,0,L,1,12.099999999999966,66199.0,high,0,0,84.62
574,L47753,L,297.9,309.9,1472,45.0,183,0,0,0,0,0,0,L,1,12.0,66240.0,high,0,0,84.6
575,M15434,M,297.9,310.0,1439,41.7,185,0,0,0,0,0,0,M,1,12.100000000000023,60006.3,high,0,0,84.76
576,M15435,M,297.9,309.9,1410,55.4,188,0,0,0,0,0,0,M,1,12.0,78114.0,high,0,0,88.68
577,H29990,H,297.7,309.7,1440,51.1,191,0,0,0,0,0,0,H,1,12.0,73584.0,high,0,0,89.02
578,L47757,L,297.7,309.7,1591,37.7,196,0,0,0,0,0,0,L,1,12.0,59980.700000000004,high,0,0,88.34
579,L47758,L,297.8,309.8,1533,36.8,198,0,0,0,0,0,0,L,1,12.0,56414.399999999994,high,0,0,88.96
580,M15439,M,297.8,309.7,1700,31.3,200,0,0,0,0,0,0,M,1,11.899999999999977,53210.0,high,1,0,88.64
581,M15440,M,297.8,309.8,1798,25.5,203,0,0,0,0,0,0,M,1,12.0,45849.0,high,1,0,88.7
582,L47761,L,297.8,309.7,1394,42.9,206,0,0,0,0,0,0,L,1,11.899999999999977,59802.6,high,1,0,93.36
583,L47762,L,297.8,309.7,1341,49.2,208,0,0,0,0,0,0,L,1,11.899999999999977,65977.2,high,1,0,95.42
584,H29997,H,297.7,309.6,1697,32.2,210,0,0,0,0,0,0,H,1,11.900000000000034,54643.4,high,1,0,92.82
585,H29998,H,297.6,309.6,1419,48.2,215,0,0,0,0,0,0,H,1,12.0,68395.8,high,1,0,98.04
586,L47765,L,297.6,309.5,2001,20.5,220,0,0,0,0,0,0,L,1,11.899999999999977,41020.5,high,1,0,94.48
587,L47766,L,297.6,309.6,1501,49.8,222,1,0,0,0,1,0,L,1,12.0,74749.8,high,1,1,151.16
588,H30001,H,297.6,309.5,1623,33.1,224,0,0,0,0,0,0,H,1,11.899999999999977,53721.3,high,1,0,98.6
589,L47768,L,297.6,309.4,1628,33.4,229,0,0,0,0,0,0,L,1,11.799999999999955,54375.2,high,1,0,100.64
590,L47769,L,297.6,309.4,1491,40.2,231,0,0,0,0,0,0,L,1,11.799999999999955,59938.200000000004,high,1,0,102.8
591,L47770,L,297.5,309.4,1517,36.7,233,0,0,0,0,0,0,L,1,11.899999999999977,55673.9,high,1,0,102.92
592,H30005,H,297.5,309.3,1525,41.7,235,0,0,0,0,0,0,H,1,11.800000000000011,63592.50000000001,high,1,0,104.7
593,H30006,H,297.5,309.5,1668,27.9,240,0,0,0,0,0,0,H,1,12.0,46537.2,high,1,0,103.98
594,L47773,L,297.5,309.6,1312,50.7,0,0,0,0,0,0,0,L,1,12.100000000000023,66518.40000000001,low,0,0,12.56
595,H30008,H,297.6,309.6,1278,50.4,2,0,0,0,0,0,0,H,1,12.0,64411.2,low,0,0,13.28
596,M15455,M,297.6,309.6,1330,53.1,7,0,0,0,0,0,0,M,1,12.0,70623.0,low,0,0,15.82
597,M15456,M,297.6,309.6,1530,37.3,10,0,0,0,0,0,0,M,1,12.0,57068.99999999999,low,0,0,13.86
598,H30011,H,297.6,309.6,1428,46.6,13,0,0,0,0,0,0,H,1,12.0,66544.8,low,0,0,16.92
599,L47778,L,297.7,309.6,1480,47.9,18,0,0,0,0,0,0,L,1,11.900000000000034,70892.0,low,0,0,19.16
600,H30013,H,297.7,309.7,1616,31.1,20,0,0,0,0,0,0,H,1,12.0,50257.600000000006,low,0,0,16.62
601,L47780,L,297.8,309.7,1547,37.3,25,0,0,0,0,0,0,L,1,11.899999999999977,57703.1,low,0,0,19.84
602,L47781,L,297.9,309.7,2194,16.8,27,0,0,0,0,0,0,L,1,11.800000000000011,36859.200000000004,low,0,0,16.52
603,L47782,L,297.9,309.8,2000,21.3,29,0,0,0,0,0,0,L,1,11.900000000000034,42600.0,low,0,0,18.24
604,L47783,L,297.9,309.8,1336,71.6,31,1,0,0,1,0,0,L,1,11.900000000000034,95657.59999999999,low,0,1,79.1
605,L47784,L,297.9,309.9,1542,33.8,33,0,0,0,0,0,0,L,1,12.0,52119.6,low,0,0,22.36
606,M15465,M,297.9,309.8,1693,29.9,35,0,0,0,0,0,0,M,1,11.900000000000034,50620.7,low,0,0,22.36
607,L47786,L,297.9,309.8,1461,50.5,38,0,0,0,0,0,0,L,1,11.900000000000034,73780.5,low,0,0,27.68
608,M15467,M,298.0,309.9,1565,33.9,40,0,0,0,0,0,0,M,1,11.899999999999977,53053.5,low,0,0,25.16
609,L47788,L,298.0,309.9,1403,47.7,43,0,0,0,0,0,0,L,1,11.899999999999977,66923.1,low,0,0,29.12
610,L47789,L,298.1,309.9,1629,32.5,45,0,0,0,0,0,0,L,1,11.799999999999955,52942.5,low,0,0,26.86
611,L47790,L,298.1,310.0,1534,33.7,47,0,0,0,0,0,0,L,1,11.899999999999977,51695.8,low,0,0,27.92
612,L47791,L,298.1,310.0,1553,40.9,49,0,0,0,0,0,0,L,1,11.899999999999977,63517.7,low,0,0,30.16
613,L47792,L,298.1,309.9,1563,32.8,51,0,0,0,0,0,0,L,1,11.799999999999955,51266.399999999994,mid,0,0,29.32
614,L47793,L,298.1,309.9,1634,30.0,53,0,0,0,0,0,0,L,1,11.799999999999955,49020.0,mid,0,0,29.56
615,M15474,M,298.0,309.9,1445,45.2,55,0,0,0,0,0,0,M,1,11.899999999999977,65314.00000000001,mid,0,0,33.42
616,L47795,L,298.1,309.9,1642,30.4,58,0,0,0,0,0,0,L,1,11.799999999999955,49916.799999999996,mid,0,0,31.64
617,H30030,H,298.1,309.9,1686,29.1,60,0,0,0,0,0,0,H,1,11.799999999999955,49062.600000000006,mid,0,0,32.18
618,M15477,M,298.1,310.0,1393,43.1,65,0,0,0,0,0,0,M,1,11.899999999999977,60038.3,mid,0,0,37.0
619,H30032,H,298.2,310.0,1433,44.2,68,0,0,0,0,0,0,H,1,11.800000000000011,63338.600000000006,mid,0,0,38.4
620,L47799,L,298.3,310.0,1507,44.7,73,0,0,0,0,0,0,L,1,11.699999999999989,67362.90000000001,mid,0,0,40.48
621,M15480,M,298.3,310.1,1389,49.6,75,0,0,0,0,0,0,M,1,11.800000000000011,68894.40000000001,mid,0,0,42.28
622,L47801,L,298.3,310.1,1408,45.3,78,0,0,0,0,0,0,L,1,11.800000000000011,63782.399999999994,mid,0,0,42.62
623,M15482,M,298.4,310.2,1725,32.0,80,0,0,0,0,0,0,M,1,11.800000000000011,55200.0,mid,0,0,40.76
624,L47803,L,298.4,310.1,1926,23.7,83,0,0,0,0,0,0,L,1,11.700000000000045,45646.2,mid,0,0,40.28
625,H30038,H,298.3,310.1,1509,37.6,85,0,0,0,0,0,0,H,1,11.800000000000011,56738.4,mid,0,0,43.88
626,L47805,L,298.3,310.1,1545,36.3,90,0,0,0,0,0,0,L,1,11.800000000000011,56083.49999999999,mid,0,0,45.62
627,L47806,L,298.4,310.1,1533,35.2,92,0,0,0,0,0,0,L,1,11.700000000000045,53961.600000000006,mid,0,0,46.18
628,L47807,L,298.4,310.1,1455,42.2,94,0,0,0,0,0,0,L,1,11.700000000000045,61401.00000000001,mid,0,0,48.38
629,M15488,M,298.4,310.1,1335,57.8,96,0,0,0,0,0,0,M,1,11.700000000000045,77163.0,mid,0,0,52.3
630,L47809,L,298.3,310.1,1523,45.9,99,0,0,0,0,0,0,L,1,11.800000000000011,69905.7,mid,0,0,51.14
631,L47810,L,298.3,310.0,1460,47.6,101,0,0,0,0,0,0,L,1,11.699999999999989,69496.0,mid,0,0,52.26
632,L47811,L,298.4,310.0,1554,37.3,103,0,0,0,0,0,0,L,1,11.600000000000023,57964.2,mid,0,0,50.98
633,H30046,H,298.3,310.0,1419,47.1,105,0,0,0,0,0,0,H,1,11.699999999999989,66834.90000000001,mid,0,0,53.76
634,L47813,L,298.3,310.0,1442,43.9,110,0,0,0,0,0,0,L,1,11.699999999999989,63303.799999999996,mid,0,0,55.12
635,L47814,L,298.3,309.9,1507,41.6,112,0,0,0,0,0,0,L,1,11.599999999999966,62691.200000000004,mid,0,0,55.44
636,L47815,L,298.3,310.0,1858,23.9,114,0,0,0,0,0,0,L,1,11.699999999999989,44406.2,mid,0,0,52.72
637,L47816,L,298.3,309.9,1463,43.9,116,0,0,0,0,0,0,L,1,11.599999999999966,64225.7,mid,0,0,57.5
638,L47817,L,298.2,309.7,1585,37.4,118,0,0,0,0,0,0,L,1,11.5,59279.0,mid,0,0,56.98
639,L47818,L,298.0,309.6,1536,37.3,120,0,0,0,0,0,0,L,1,11.600000000000023,57292.799999999996,mid,0,0,57.78
640,L47819,L,298.0,309.6,1403,51.3,122,0,0,0,0,0,0,L,1,11.600000000000023,71973.9,mid,0,0,61.38
641,M15500,M,297.9,309.6,1515,38.8,124,0,0,0,0,0,0,M,1,11.700000000000045,58781.99999999999,mid,0,0,59.7
642,L47821,L,297.9,309.5,1390,47.9,127,0,0,0,0,0,0,L,1,11.600000000000023,66581.0,mid,0,0,62.7
643,M15502,M,297.8,309.4,1226,58.7,129,0,0,0,0,0,0,M,1,11.599999999999966,71966.2,mid,0,0,65.66
644,M15503,M,297.8,309.4,1495,36.5,132,0,0,0,0,0,0,M,1,11.599999999999966,54567.5,mid,0,0,62.42
645,H30058,H,297.7,309.4,1608,30.2,135,0,0,0,0,0,0,H,1,11.699999999999989,48561.6,mid,0,0,62.38
646,L47825,L,297.7,309.4,1392,44.1,140,0,0,0,0,0,0,L,1,11.699999999999989,61387.200000000004,mid,0,0,67.16
647,M15506,M,297.7,309.4,1461,43.7,142,0,0,0,0,0,0,M,1,11.699999999999989,63845.700000000004,mid,0,0,67.88
648,L47827,L,297.7,309.3,1559,36.9,145,0,0,0,0,0,0,L,1,11.600000000000023,57527.1,mid,0,0,67.7
649,H30062,H,297.7,309.3,1400,48.9,147,0,0,0,0,0,0,H,1,11.600000000000023,68460.0,mid,0,0,70.9
650,M15509,M,297.7,309.2,1732,28.8,152,0,0,0,0,0,0,M,1,11.5,49881.6,high,0,0,68.86
651,L47830,L,297.6,309.2,1611,33.1,155,0,0,0,0,0,0,L,1,11.599999999999966,53324.100000000006,high,0,0,70.94
652,L47831,L,297.6,309.1,1503,38.9,157,0,0,0,0,0,0,L,1,11.5,58466.7,high,0,0,72.88
653,L47832,L,297.7,309.2,1391,44.5,159,0,0,0,0,0,0,L,1,11.5,61899.5,high,0,0,74.8
654,L47833,L,297.8,309.3,2015,20.1,161,0,0,0,0,0,0,L,1,11.5,40501.5,high,0,0,70.72
655,L47834,L,297.8,309.2,1683,30.9,163,0,0,0,0,0,0,L,1,11.399999999999977,52004.7,high,0,0,73.66
656,L47835,L,297.7,309.1,1435,38.8,165,0,0,0,0,0,0,L,1,11.400000000000034,55677.99999999999,high,0,0,76.04
657,M15516,M,297.7,309.1,1732,28.1,167,0,0,0,0,0,0,M,1,11.400000000000034,48669.200000000004,high,0,0,74.7
658,L47837,L,297.7,309.2,1365,58.6,170,0,0,0,0,0,0,L,1,11.5,79989.0,high,0,0,82.02
659,L47838,L,297.7,309.1,1562,36.8,172,0,0,0,0,0,0,L,1,11.400000000000034,57481.6,high,0,0,78.44
660,L47839,L,297.6,309.1,1449,49.1,174,0,0,0,0,0,0,L,1,11.5,71145.90000000001,high,0,0,81.72
661,M15520,M,297.7,309.2,1700,27.4,176,0,0,0,0,0,0,M,1,11.5,46580.0,high,0,0,78.18
662,M15521,M,297.6,309.0,1427,45.6,179,0,0,0,0,0,0,M,1,11.399999999999977,65071.200000000004,high,0,0,83.0
663,M15522,M,297.6,308.9,1479,38.1,182,0,0,0,0,0,0,M,1,11.299999999999955,56349.9,high,0,0,82.68
664,L47843,L,297.5,308.9,1469,44.0,185,0,0,0,0,0,0,L,1,11.399999999999977,64636.0,high,0,0,85.08
665,L47844,L,297.5,308.9,1390,47.4,187,0,0,0,0,0,0,L,1,11.399999999999977,65886.0,high,0,0,86.56
666,L47845,L,297.5,308.9,1729,28.1,189,0,0,0,0,0,0,L,1,11.399999999999977,48584.9,high,0,0,83.5
667,L47846,L,297.5,309.0,1470,43.5,191,0,0,0,0,0,0,L,1,11.5,63945.0,high,0,0,87.4
668,L47847,L,297.5,308.9,1459,48.5,193,0,0,0,0,0,0,L,1,11.399999999999977,70761.5,high,0,0,89.18
669,L47848,L,297.5,308.9,1738,24.0,195,0,0,0,0,0,0,L,1,11.399999999999977,41712.0,high,0,0,85.08
670,H30083,H,297.5,308.9,1471,37.7,197,0,0,0,0,0,0,H,1,11.399999999999977,55456.700000000004,high,0,0,88.62
671,L47850,L,297.6,309.0,1822,25.4,202,0,0,0,0,0,0,L,1,11.399999999999977,46278.799999999996,high,1,0,88.16
672,L47851,L,297.5,308.9,1554,34.8,204,0,0,0,0,0,0,L,1,11.399999999999977,54079.2,high,1,0,90.84
673,M15532,M,297.6,308.9,1433,43.2,206,0,0,0,0,0,0,M,1,11.299999999999955,61905.600000000006,high,1,0,93.3
674,L47853,L,297.6,308.9,1449,47.7,209,0,0,0,0,0,0,L,1,11.299999999999955,69117.3,high,1,0,95.4
675,L47854,L,297.8,309.0,1456,41.2,0,0,0,0,0,0,0,L,1,11.199999999999989,59987.200000000004,low,0,0,10.48
676,M15535,M,297.8,309.1,1424,45.5,2,0,0,0,0,0,0,M,1,11.300000000000011,64792.0,low,0,0,12.16
677,H30090,H,297.9,309.2,1577,34.7,5,0,0,0,0,0,0,H,1,11.300000000000011,54721.9,low,0,0,11.2
678,L47857,L,297.9,309.2,1478,39.7,10,0,0,0,0,0,0,L,1,11.300000000000011,58676.600000000006,low,0,0,14.2
679,M15538,M,297.8,309.2,1295,61.2,12,0,0,0,0,0,0,M,1,11.399999999999977,79254.0,low,0,0,19.32
680,L47859,L,297.8,309.2,1372,47.3,15,0,0,0,0,0,0,L,1,11.399999999999977,64895.6,low,0,0,17.74
681,M15540,M,297.8,309.1,1432,42.6,17,0,0,0,0,0,0,M,1,11.300000000000011,61003.200000000004,low,0,0,17.58
682,M15541,M,297.7,309.0,1656,33.2,20,0,0,0,0,0,0,M,1,11.300000000000011,54979.200000000004,low,0,0,16.9
683,H30096,H,297.8,309.0,1410,48.8,23,0,0,0,0,0,0,H,1,11.199999999999989,68808.0,low,0,0,21.2
684,L47863,L,297.7,309.0,1874,24.4,28,0,0,0,0,0,0,L,1,11.300000000000011,45725.6,low,0,0,18.34
685,L47864,L,297.7,309.0,1538,43.2,30,0,0,0,0,0,0,L,1,11.300000000000011,66441.6,low,0,0,22.9
686,M15545,M,297.7,309.0,1636,29.7,32,0,0,0,0,0,0,M,1,11.300000000000011,48589.2,low,0,0,21.0
687,M15546,M,297.7,309.0,1504,40.4,35,0,0,0,0,0,0,M,1,11.300000000000011,60761.6,low,0,0,24.34
688,M15547,M,297.7,309.0,1531,42.4,38,0,0,0,0,0,0,M,1,11.300000000000011,64914.4,low,0,0,25.94
689,H30102,H,297.6,309.0,1735,26.4,41,0,0,0,0,0,0,H,1,11.399999999999977,45804.0,low,0,0,23.96
690,H30103,H,297.6,309.0,1354,55.6,46,0,0,0,0,0,0,H,1,11.399999999999977,75282.40000000001,low,0,0,31.8
691,H30104,H,297.6,309.0,1413,40.2,51,0,0,0,0,0,0,H,1,11.399999999999977,56802.600000000006,mid,0,0,30.72
692,L47871,L,297.7,309.1,1563,39.3,56,0,0,0,0,0,0,L,1,11.400000000000034,61425.899999999994,mid,0,0,32.54
693,L47872,L,297.7,309.1,1479,42.1,58,0,0,0,0,0,0,L,1,11.400000000000034,62265.9,mid,0,0,33.9
694,L47873,L,297.7,309.1,1477,38.3,60,0,0,0,0,0,0,L,1,11.400000000000034,56569.1,mid,0,0,33.94
695,L47874,L,297.6,309.1,1394,50.0,62,0,0,0,0,0,0,L,1,11.5,69700.0,mid,0,0,37.1
696,L47875,L,297.6,309.0,1487,45.4,64,0,0,0,0,0,0,L,1,11.399999999999977,67509.8,mid,0,0,36.96
697,M15556,M,297.6,309.0,1815,25.3,66,0,0,0,0,0,0,M,1,11.399999999999977,45919.5,mid,0,0,33.74
698,M15557,M,297.6,308.8,1453,39.7,69,0,0,0,0,0,0,M,1,11.199999999999989,57684.100000000006,mid,0,0,37.78
699,L47878,L,297.6,308.8,1539,40.2,72,0,0,0,0,0,0,L,1,11.199999999999989,61867.8,mid,0,0,39.08
700,H30113,H,297.5,308.7,1416,39.2,74,0,0,0,0,0,0,H,1,11.199999999999989,55507.200000000004,mid,0,0,39.68
701,M15560,M,297.6,308.8,1683,31.6,79,0,0,0,0,0,0,M,1,11.199999999999989,53182.8,mid,0,0,40.16
702,L47881,L,297.7,308.8,1515,40.1,82,0,0,0,0,0,0,L,1,11.100000000000023,60751.5,mid,0,0,43.04
703,M15562,M,297.7,308.9,1531,48.3,84,0,0,0,0,0,0,M,1,11.199999999999989,73947.3,mid,0,0,45.5
704,H30117,H,297.7,308.9,1479,40.9,87,0,0,0,0,0,0,H,1,11.199999999999989,60491.1,mid,0,0,45.22
705,L47884,L,297.7,308.9,1516,33.7,92,0,0,0,0,0,0,L,1,11.199999999999989,51089.200000000004,mid,0,0,45.78
706,L47885,L,297.7,309.0,1507,38.2,94,0,0,0,0,0,0,L,1,11.300000000000011,57567.4,mid,0,0,47.5
707,M15566,M,297.8,309.0,1434,43.3,96,0,0,0,0,0,0,M,1,11.199999999999989,62092.2,mid,0,0,49.3
708,L47887,L,297.7,308.9,1838,27.3,99,0,0,0,0,0,0,L,1,11.199999999999989,50177.4,mid,0,0,47.3
709,M15568,M,297.6,308.8,1416,45.9,101,0,0,0,0,0,0,M,1,11.199999999999989,64994.4,mid,0,0,51.82
710,M15569,M,297.6,308.8,1357,49.7,104,0,0,0,0,0,0,M,1,11.199999999999989,67442.90000000001,mid,0,0,53.78
711,M15570,M,297.5,308.7,1697,28.1,107,0,0,0,0,0,0,M,1,11.199999999999989,47685.700000000004,mid,0,0,50.66
712,L47891,L,297.5,308.7,1443,46.2,110,0,0,0,0,0,0,L,1,11.199999999999989,66666.6,mid,0,0,55.48
713,L47892,L,297.5,308.7,1453,37.6,112,0,0,0,0,0,0,L,1,11.199999999999989,54632.8,mid,0,0,54.56
714,L47893,L,297.4,308.6,1439,46.4,114,0,0,0,0,0,0,L,1,11.200000000000045,66769.59999999999,mid,0,0,57.12
715,L47894,L,297.4,308.6,1609,36.2,116,0,0,0,0,0,0,L,1,11.200000000000045,58245.8,mid,0,0,55.88
716,L47895,L,297.4,308.6,1324,59.1,118,0,0,0,0,0,0,L,1,11.200000000000045,78248.40000000001,mid,0,0,61.26
717,H30130,H,297.4,308.6,1420,45.8,120,0,0,0,0,0,0,H,1,11.200000000000045,65035.99999999999,mid,0,0,59.4
718,L47897,L,297.4,308.7,1545,36.9,125,0,0,0,0,0,0,L,1,11.300000000000011,57010.5,mid,0,0,59.64
719,L47898,L,297.5,308.8,1477,39.0,127,0,0,0,0,0,0,L,1,11.300000000000011,57603.0,mid,0,0,60.86
720,L47899,L,297.4,308.8,1447,58.1,129,0,0,0,0,0,0,L,1,11.400000000000034,84070.7,mid,0,0,65.5
721,L47900,L,297.4,308.9,1809,23.8,131,0,0,0,0,0,0,L,1,11.5,43054.200000000004,mid,0,0,59.46
722,L47901,L,297.5,308.9,1696,30.9,133,0,0,0,0,0,0,L,1,11.399999999999977,52406.399999999994,mid,0,0,61.66
723,L47902,L,297.5,308.9,1427,44.7,135,0,0,0,0,0,0,L,1,11.399999999999977,63786.9,mid,0,0,65.22
724,M15583,M,297.4,308.9,1500,46.3,137,0,0,0,0,0,0,M,1,11.5,69450.0,mid,0,0,66.36
725,L47904,L,297.5,308.9,1390,44.6,140,0,0,0,0,0,0,L,1,11.399999999999977,61994.0,mid,0,0,67.2
726,L47905,L,297.4,308.8,1640,34.2,142,0,0,0,0,0,0,L,1,11.400000000000034,56088.00000000001,mid,0,0,65.92
727,M15586,M,297.4,308.8,1628,37.4,144,0,0,0,0,0,0,M,1,11.400000000000034,60887.2,mid,0,0,67.36
728,H30141,H,297.3,308.6,1499,37.6,147,0,0,0,0,0,0,H,1,11.300000000000011,56362.4,mid,0,0,68.58
729,M15588,M,297.4,308.7,1425,50.3,152,0,0,0,0,0,0,M,1,11.300000000000011,71677.5,high,0,0,73.12
730,L47909,L,297.3,308.6,1586,37.7,155,0,0,0,0,0,0,L,1,11.300000000000011,59792.200000000004,high,0,0,71.8
731,M15590,M,297.3,308.6,1471,50.7,157,0,0,0,0,0,0,M,1,11.300000000000011,74579.7,high,0,0,75.2
732,M15591,M,297.3,308.6,1431,53.0,160,0,0,0,0,0,0,M,1,11.300000000000011,75843.0,high,0,0,76.86
733,L47912,L,297.2,308.6,1924,22.1,163,0,0,0,0,0,0,L,1,11.400000000000034,42520.4,high,0,0,71.9
734,M15593,M,297.1,308.4,1421,42.0,165,0,0,0,0,0,0,M,1,11.299999999999955,59682.0,high,0,0,76.66
735,H30148,H,297.0,308.4,1305,54.6,168,0,0,0,0,0,0,H,1,11.399999999999977,71253.0,high,0,0,80.4
736,L47915,L,296.9,308.4,1557,32.4,173,0,0,0,0,0,0,L,1,11.5,50446.799999999996,high,0,0,77.98
737,L47916,L,296.9,308.3,1555,38.2,175,0,0,0,0,0,0,L,1,11.400000000000034,59401.00000000001,high,0,0,79.92
738,H30151,H,296.9,308.3,1474,39.2,177,0,0,0,0,0,0,H,1,11.400000000000034,57780.8,high,0,0,80.92
739,L47918,L,296.8,308.3,1506,45.9,182,0,0,0,0,0,0,L,1,11.5,69125.4,high,0,0,84.28
740,L47919,L,296.9,308.4,1390,41.8,184,0,0,0,0,0,0,L,1,11.5,58101.99999999999,high,0,0,84.26
741,M15600,M,296.9,308.4,1450,46.9,186,0,0,0,0,0,0,M,1,11.5,68005.0,high,0,0,86.08
742,L47921,L,296.9,308.3,1513,38.8,189,0,0,0,0,0,0,L,1,11.400000000000034,58704.399999999994,high,0,0,85.64
743,L47922,L,296.8,308.2,1643,34.7,191,0,0,0,0,0,0,L,1,11.399999999999977,57012.100000000006,high,0,0,85.62
744,L47923,L,296.8,308.2,1361,53.8,193,0,0,0,0,0,0,L,1,11.399999999999977,73221.8,high,0,0,90.24
745,L47924,L,296.7,308.1,1450,40.9,195,0,0,0,0,0,0,L,1,11.400000000000034,59305.0,high,0,0,88.46
746,L47925,L,296.7,308.0,1451,50.7,197,0,0,0,0,0,0,L,1,11.300000000000011,73565.7,high,0,0,91.2
747,L47926,L,296.8,308.1,1289,62.0,199,1,0,0,0,1,0,L,1,11.300000000000011,79918.0,high,0,1,144.26
748,L47927,L,296.8,308.1,1356,48.3,201,0,0,0,0,0,0,L,1,11.300000000000011,65494.799999999996,high,1,0,92.32
749,H30162,H,296.7,308.1,1528,46.3,203,0,0,0,0,0,0,H,1,11.400000000000034,70746.4,high,1,0,92.74
750,L47929,L,296.6,308.0,1978,22.3,208,0,0,0,0,0,0,L,1,11.399999999999977,44109.4,high,1,0,89.94
751,L47930,L,296.7,308.0,1535,36.8,210,0,0,0,0,0,0,L,1,11.300000000000011,56487.99999999999,high,1,0,93.62
752,M15611,M,296.8,308.1,1843,24.2,212,0,0,0,0,0,0,M,1,11.300000000000011,44600.6,high,1,0,91.9
753,L47932,L,296.9,308.1,1422,48.7,215,0,0,0,0,0,0,L,1,11.200000000000045,69251.40000000001,high,1,0,97.98
754,L47933,L,296.8,308.0,1536,40.4,217,0,0,0,0,0,0,L,1,11.199999999999989,62054.399999999994,high,1,0,97.12
755,M15614,M,296.9,308.1,1483,44.3,219,0,0,0,0,0,0,M,1,11.200000000000045,65696.9,high,1,0,98.7
756,H30169,H,296.8,308.1,1492,43.7,222,0,0,0,0,0,0,H,1,11.300000000000011,65200.4,high,1,0,99.8
757,L47936,L,296.8,308.0,1584,40.4,227,0,0,0,0,0,0,L,1,11.199999999999989,63993.6,high,1,0,101.12
758,L47937,L,296.9,308.1,1555,33.7,229,0,0,0,0,0,0,L,1,11.200000000000045,52403.50000000001,high,1,0,100.58
759,L47938,L,296.8,308.0,1497,41.7,231,0,0,0,0,0,0,L,1,11.199999999999989,62424.9,high,1,0,102.98
760,M15619,M,296.7,307.8,1537,36.3,233,0,0,0,0,0,0,M,1,11.100000000000023,55793.1,high,1,0,102.68
761,L47940,L,296.7,307.8,1505,39.4,236,0,0,0,0,0,0,L,1,11.100000000000023,59297.0,high,1,0,104.5
762,L47941,L,296.7,307.8,1646,34.6,238,0,0,0,0,0,0,L,1,11.100000000000023,56951.600000000006,high,1,0,104.34
763,M15622,M,296.7,307.8,1286,60.5,0,0,0,0,0,0,0,M,1,11.100000000000023,77803.0,low,0,0,14.32
764,L47943,L,296.7,307.8,1400,47.5,3,0,0,0,0,0,0,L,1,11.100000000000023,66500.0,low,0,0,12.92
765,L47944,L,296.8,307.9,1337,56.5,5,0,0,0,0,0,0,L,1,11.099999999999966,75540.5,low,0,0,15.52
766,L47945,L,296.9,308.0,1332,53.9,7,0,0,0,0,0,0,L,1,11.100000000000023,71794.8,low,0,0,15.8
767,L47946,L,296.8,308.0,1561,38.3,9,0,0,0,0,0,0,L,1,11.199999999999989,59786.299999999996,low,0,0,13.5
768,L47947,L,296.9,308.0,1546,31.1,11,0,0,0,0,0,0,L,1,11.100000000000023,48080.600000000006,low,0,0,12.84
769,L47948,L,296.9,308.0,1713,29.3,13,0,0,0,0,0,0,L,1,11.100000000000023,50190.9,low,0,0,13.28
770,L47949,L,296.9,308.0,1343,44.5,15,0,0,0,0,0,0,L,1,11.100000000000023,59763.5,low,0,0,17.12
771,L47950,L,296.8,308.0,1391,54.4,17,0,0,0,0,0,0,L,1,11.199999999999989,75670.4,low,0,0,19.92
772,H30185,H,296.8,308.0,1311,58.6,19,0,0,0,0,0,0,H,1,11.199999999999989,76824.6,low,0,0,21.56
773,H30186,H,296.8,308.0,1453,51.0,24,0,0,0,0,0,0,H,1,11.199999999999989,74103.0,low,0,0,22.04
774,L47953,L,296.8,308.0,1510,39.4,29,0,0,0,0,0,0,L,1,11.199999999999989,59494.0,low,0,0,21.72
775,L47954,L,296.8,307.9,1448,48.8,31,0,0,0,0,0,0,L,1,11.099999999999966,70662.4,low,0,0,24.38
776,L47955,L,296.7,307.8,1453,46.0,33,0,0,0,0,0,0,L,1,11.100000000000023,66838.0,low,0,0,24.62
777,L47956,L,296.7,307.8,1468,39.2,35,0,0,0,0,0,0,L,1,11.100000000000023,57545.600000000006,low,0,0,24.06
778,L47957,L,296.7,307.8,1382,47.5,37,0,0,0,0,0,0,L,1,11.100000000000023,65645.0,low,0,0,26.52
779,L47958,L,296.7,308.0,1580,32.2,39,0,0,0,0,0,0,L,1,11.300000000000011,50876.00000000001,low,0,0,24.3
780,L47959,L,296.8,308.0,1666,29.8,41,0,0,0,0,0,0,L,1,11.199999999999989,49646.8,low,0,0,24.6
781,M15640,M,296.9,308.0,1409,50.7,43,0,0,0,0,0,0,M,1,11.100000000000023,71436.3,low,0,0,29.56
782,L47961,L,296.8,308.0,1675,29.7,46,0,0,0,0,0,0,L,1,11.199999999999989,49747.5,low,0,0,26.58
783,L47962,L,296.8,307.9,1698,30.8,48,0,0,0,0,0,0,L,1,11.099999999999966,52298.4,low,0,0,27.58
784,H30197,H,296.7,307.9,1579,33.4,50,0,0,0,0,0,0,H,1,11.199999999999989,52738.6,low,0,0,28.92
785,L47964,L,296.7,307.9,1743,27.9,55,0,0,0,0,0,0,L,1,11.199999999999989,48629.7,mid,0,0,29.82
786,M15645,M,296.9,308.0,1497,44.8,57,0,0,0,0,0,0,M,1,11.100000000000023,67065.59999999999,mid,0,0,33.98
787,L47966,L,296.9,308.1,1741,28.8,60,0,0,0,0,0,0,L,1,11.200000000000045,50140.8,mid,0,0,32.0
788,L47967,L,296.9,308.1,1435,45.3,62,0,0,0,0,0,0,L,1,11.200000000000045,65005.49999999999,mid,0,0,36.1
789,M15648,M,296.9,308.1,1440,46.3,64,0,0,0,0,0,0,M,1,11.200000000000045,66672.0,mid,0,0,37.1
790,M15649,M,296.9,308.0,1641,33.3,67,0,0,0,0,0,0,M,1,11.100000000000023,54645.299999999996,mid,0,0,35.68
791,L47970,L,296.8,307.9,1420,45.4,70,0,0,0,0,0,0,L,1,11.099999999999966,64468.0,mid,0,0,39.3
792,L47971,L,296.8,307.9,1611,35.4,72,0,0,0,0,0,0,L,1,11.099999999999966,57029.399999999994,mid,0,0,38.1
793,L47972,L,296.8,307.8,1373,42.9,74,0,0,0,0,0,0,L,1,11.0,58901.7,mid,0,0,40.38
794,M15653,M,296.8,307.9,1683,31.8,76,0,0,0,0,0,0,M,1,11.099999999999966,53519.4,mid,0,0,38.98
795,H30208,H,296.9,307.9,1547,32.6,79,0,0,0,0,0,0,H,1,11.0,50432.200000000004,mid,0,0,40.32
796,L47975,L,296.9,307.8,1605,37.0,84,0,0,0,0,0,0,L,1,10.900000000000034,59385.0,mid,0,0,43.18
797,M15656,M,296.9,307.9,2010,18.9,86,0,0,0,0,0,0,M,1,11.0,37989.0,mid,0,0,40.38
798,L47977,L,296.8,307.7,1565,40.1,89,0,0,0,0,0,0,L,1,10.899999999999977,62756.5,mid,0,0,45.8
799,M15658,M,296.9,307.8,1828,24.6,91,0,0,0,0,0,0,M,1,10.900000000000034,44968.8,mid,0,0,43.5
800,M15659,M,297.0,307.8,1579,34.1,94,0,0,0,0,0,0,M,1,10.800000000000011,53843.9,mid,0,0,46.58
801,M15660,M,297.0,307.9,1882,24.2,97,0,0,0,0,0,0,M,1,10.899999999999977,45544.4,mid,0,0,45.82
802,L47981,L,296.9,307.8,1285,52.1,100,0,0,0,0,0,0,L,1,10.900000000000034,66948.5,mid,0,0,52.6
803,L47982,L,296.9,307.8,1571,35.0,102,0,0,0,0,0,0,L,1,10.900000000000034,54985.0,mid,0,0,49.98
804,H30217,H,296.9,307.8,1549,37.8,104,0,0,0,0,0,0,H,1,10.900000000000034,58552.2,mid,0,0,51.34
805,M15664,M,296.9,307.8,1544,37.6,109,0,0,0,0,0,0,M,1,10.900000000000034,58054.4,mid,0,0,53.3
806,M15665,M,297.0,307.9,1412,47.4,112,0,0,0,0,0,0,M,1,10.899999999999977,66928.8,mid,0,0,56.46
807,M15666,M,297.0,307.9,1422,53.0,115,0,0,0,0,0,0,M,1,10.899999999999977,75366.0,mid,0,0,58.78
808,L47987,L,297.0,307.7,1867,22.8,118,0,0,0,0,0,0,L,1,10.699999999999989,42567.6,mid,0,0,53.9
809,L47988,L,296.9,307.7,1424,43.3,120,0,0,0,0,0,0,L,1,10.800000000000011,61659.2,mid,0,0,58.82
810,L47989,L,296.9,307.6,1452,45.7,122,0,0,0,0,0,0,L,1,10.700000000000045,66356.40000000001,mid,0,0,60.08
811,L47990,L,296.9,307.7,1550,39.7,124,0,0,0,0,0,0,L,1,10.800000000000011,61535.00000000001,mid,0,0,59.7
812,L47991,L,296.8,307.6,1588,37.6,126,0,0,0,0,0,0,L,1,10.800000000000011,59708.8,mid,0,0,60.08
813,L47992,L,296.8,307.6,1338,44.4,128,0,0,0,0,0,0,L,1,10.800000000000011,59407.2,mid,0,0,62.24
814,L47993,L,296.8,307.6,1513,40.0,130,0,0,0,0,0,0,L,1,10.800000000000011,60520.0,mid,0,0,62.16
815,M15674,M,296.8,307.5,1470,45.9,132,0,0,0,0,0,0,M,1,10.699999999999989,67473.0,mid,0,0,64.12
816,M15675,M,296.8,307.5,1516,36.7,135,0,0,0,0,0,0,M,1,10.699999999999989,55637.200000000004,mid,0,0,63.48
817,L47996,L,296.8,307.6,1434,48.3,138,0,0,0,0,0,0,L,1,10.800000000000011,69262.2,mid,0,0,67.02
818,L47997,L,296.8,307.6,1368,52.0,140,0,0,0,0,0,0,L,1,10.800000000000011,71136.0,mid,0,0,68.56
819,L47998,L,296.8,307.6,1304,48.7,142,0,0,0,0,0,0,L,1,10.800000000000011,63504.8,mid,0,0,68.7
820,L47999,L,296.8,307.6,1398,46.7,144,0,0,0,0,0,0,L,1,10.800000000000011,65286.600000000006,mid,0,0,69.1
821,L48000,L,296.7,307.6,1516,37.4,146,0,0,0,0,0,0,L,1,10.900000000000034,56698.4,mid,0,0,68.06
822,L48001,L,296.7,307.6,1474,41.7,148,0,0,0,0,0,0,L,1,10.900000000000034,61465.8,mid,0,0,69.72
823,M15682,M,296.7,307.6,1547,34.7,150,0,0,0,0,0,0,M,1,10.900000000000034,53680.9,mid,0,0,69.12
824,M15683,M,296.6,307.5,1482,39.9,153,0,0,0,0,0,0,M,1,10.899999999999977,59131.799999999996,high,0,0,71.36
825,L48004,L,296.6,307.4,1436,42.8,156,0,0,0,0,0,0,L,1,10.799999999999955,61460.799999999996,high,0,0,73.12
826,L48005,L,296.6,307.3,1474,40.0,158,0,0,0,0,0,0,L,1,10.699999999999989,58960.0,high,0,0,73.34
827,L48006,L,296.5,307.2,1481,38.2,160,0,0,0,0,0,0,L,1,10.699999999999989,56574.200000000004,high,0,0,73.78
828,L48007,L,296.5,307.3,1501,42.1,162,0,0,0,0,0,0,L,1,10.800000000000011,63192.1,high,0,0,75.38
829,L48008,L,296.5,307.3,1566,37.2,164,0,0,0,0,0,0,L,1,10.800000000000011,58255.200000000004,high,0,0,75.2
830,L48009,L,296.5,307.3,1579,34.5,166,0,0,0,0,0,0,L,1,10.800000000000011,54475.5,high,0,0,75.46
831,L48010,L,296.6,307.4,1631,35.0,168,0,0,0,0,0,0,L,1,10.799999999999955,57085.0,high,0,0,76.36
832,M15691,M,296.6,307.4,1544,42.3,170,0,0,0,0,0,0,M,1,10.799999999999955,65311.2,high,0,0,78.62
833,L48012,L,296.6,307.4,1521,38.6,173,0,0,0,0,0,0,L,1,10.799999999999955,58710.6,high,0,0,79.08
834,L48013,L,296.6,307.4,1616,28.0,175,0,0,0,0,0,0,L,1,10.799999999999955,45248.0,high,0,0,77.76
835,H30248,H,296.6,307.4,1333,50.2,177,0,0,0,0,0,0,H,1,10.799999999999955,66916.6,high,0,0,83.0
836,M15695,M,296.7,307.4,1533,32.5,182,0,0,0,0,0,0,M,1,10.699999999999989,49822.5,high,0,0,81.44
837,L48016,L,296.6,307.4,1368,45.1,185,0,0,0,0,0,0,L,1,10.799999999999955,61696.8,high,0,0,85.18
838,L48017,L,296.6,307.4,1465,47.8,187,0,0,0,0,0,0,L,1,10.799999999999955,70027.0,high,0,0,86.52
839,H30252,H,296.6,307.4,1406,41.5,189,0,0,0,0,0,0,H,1,10.799999999999955,58349.0,high,0,0,86.06
840,M15699,M,296.5,307.4,1565,43.5,194,0,0,0,0,0,0,M,1,10.899999999999977,68077.5,high,0,0,88.48
841,L48020,L,296.6,307.5,1582,37.9,197,0,0,0,0,0,0,L,1,10.899999999999977,59957.799999999996,high,0,0,88.56
842,L48021,L,296.6,307.5,1439,45.5,199,0,0,0,0,0,0,L,1,10.899999999999977,65474.5,high,0,0,90.88
843,M15702,M,296.6,307.5,1566,35.0,201,0,0,0,0,0,0,M,1,10.899999999999977,54810.0,high,1,0,89.58
844,L48023,L,296.6,307.5,1485,42.7,204,0,0,0,0,0,0,L,1,10.899999999999977,63409.50000000001,high,1,0,92.32
845,L48024,L,296.5,307.5,1566,35.1,206,0,0,0,0,0,0,L,1,11.0,54966.600000000006,high,1,0,91.62
846,L48025,L,296.3,307.3,1439,41.5,208,0,0,0,0,0,0,L,1,11.0,59718.5,high,1,0,93.7
847,M15706,M,296.4,307.4,1416,50.0,210,0,0,0,0,0,0,M,1,11.0,70800.0,high,1,0,96.2
848,L48027,L,296.4,307.4,2833,5.6,213,1,0,0,1,0,0,L,1,11.0,15864.8,high,1,1,138.52
849,L48028,L,296.3,307.4,1465,47.1,215,0,0,0,0,0,0,L,1,11.099999999999966,69001.5,high,1,0,97.64
850,H30263,H,296.4,307.4,1586,35.5,0,0,0,0,0,0,0,H,1,11.0,56303.0,low,0,0,9.3
851,L48030,L,296.3,307.3,1567,31.4,5,0,0,0,0,0,0,L,1,11.0,49203.799999999996,low,0,0,10.48
852,M15711,M,296.2,307.2,1389,48.6,7,0,0,0,0,0,0,M,1,11.0,67505.40000000001,low,0,0,14.72
853,M15712,M,296.3,307.3,1368,49.5,10,0,0,0,0,0,0,M,1,11.0,67716.0,low,0,0,16.1
854,L48033,L,296.3,307.3,1444,49.0,13,0,0,0,0,0,0,L,1,11.0,70756.0,low,0,0,17.2
855,M15714,M,296.3,307.3,1498,41.6,15,0,0,0,0,0,0,M,1,11.0,62316.8,low,0,0,16.52
856,L48035,L,296.1,307.2,1615,30.8,18,0,0,0,0,0,0,L,1,11.099999999999966,49742.0,low,0,0,15.58
857,L48036,L,296.1,307.1,1898,22.7,20,0,0,0,0,0,0,L,1,11.0,43084.6,low,0,0,14.74
858,M15717,M,296.1,307.1,1350,53.3,22,0,0,0,0,0,0,M,1,11.0,71955.0,low,0,0,21.66
859,M15718,M,296.2,307.0,1516,37.6,25,0,0,0,0,0,0,M,1,10.800000000000011,57001.6,low,0,0,19.68
860,H30273,H,296.2,307.0,1542,40.6,28,0,0,0,0,0,0,H,1,10.800000000000011,62605.200000000004,low,0,0,21.48
861,H30274,H,296.1,306.9,1541,32.6,33,0,0,0,0,0,0,H,1,10.799999999999955,50236.600000000006,low,0,0,21.88
862,M15721,M,296.1,306.9,1951,23.3,38,0,0,0,0,0,0,M,1,10.799999999999955,45458.3,low,0,0,22.02
863,H30276,H,296.1,306.8,1645,31.0,41,0,0,0,0,0,0,H,1,10.699999999999989,50995.0,low,0,0,24.74
864,L48043,L,296.0,306.7,1416,44.2,46,0,0,0,0,0,0,L,1,10.699999999999989,62587.200000000004,low,0,0,29.38
865,M15724,M,296.0,306.7,2044,22.3,48,0,0,0,0,0,0,M,1,10.699999999999989,45581.200000000004,low,0,0,25.8
866,L48045,L,295.9,306.6,1414,50.2,51,0,0,0,0,0,0,L,1,10.700000000000045,70982.8,mid,0,0,32.58
867,L48046,L,295.9,306.6,1678,26.7,53,0,0,0,0,0,0,L,1,10.700000000000045,44802.6,mid,0,0,28.68
868,H30281,H,295.9,306.5,1594,33.2,55,0,0,0,0,0,0,H,1,10.600000000000023,52920.8,mid,0,0,30.76
869,M15728,M,295.8,306.5,1514,37.7,60,0,0,0,0,0,0,M,1,10.699999999999989,57077.8,mid,0,0,33.68
870,L48049,L,295.8,306.5,1358,49.2,63,0,0,0,0,0,0,L,1,10.699999999999989,66813.6,mid,0,0,37.18
871,L48050,L,295.8,306.4,1325,56.2,65,0,0,0,0,0,0,L,1,10.599999999999966,74465.0,mid,0,0,39.36
872,L48051,L,295.8,306.4,1339,53.2,67,0,0,0,0,0,0,L,1,10.599999999999966,71234.8,mid,0,0,39.56
873,M15732,M,295.8,306.4,1335,51.7,69,0,0,0,0,0,0,M,1,10.599999999999966,69019.5,mid,0,0,40.06
874,L48053,L,295.9,306.4,1892,21.7,72,0,0,0,0,0,0,L,1,10.5,41056.4,mid,0,0,35.24
875,L48054,L,295.9,306.4,1575,28.5,74,0,0,0,0,0,0,L,1,10.5,44887.5,mid,0,0,37.4
876,M15735,M,295.8,306.3,1444,45.5,76,0,0,0,0,0,0,M,1,10.5,65702.0,mid,0,0,41.6
877,L48056,L,295.7,306.3,1915,22.4,79,0,0,0,0,0,0,L,1,10.600000000000023,42896.0,mid,0,0,38.2
878,M15737,M,295.6,306.2,1584,33.6,81,0,0,0,0,0,0,M,1,10.599999999999966,53222.4,mid,0,0,41.24
879,M15738,M,295.7,306.3,1685,34.9,84,0,0,0,0,0,0,M,1,10.600000000000023,58806.5,mid,0,0,42.7
880,L48059,L,295.8,306.3,1337,54.6,87,0,0,0,0,0,0,L,1,10.5,73000.2,mid,0,0,47.82
881,M15740,M,295.8,306.3,1235,76.2,89,1,0,0,1,0,0,M,1,10.5,94107.0,mid,0,1,102.94
882,L48061,L,295.7,306.2,1464,46.2,92,0,0,0,0,0,0,L,1,10.5,67636.8,mid,0,0,48.14
883,M15742,M,295.7,306.2,1739,25.9,94,0,0,0,0,0,0,M,1,10.5,45040.1,mid,0,0,44.88
884,L48063,L,295.7,306.3,1490,34.3,97,0,0,0,0,0,0,L,1,10.600000000000023,51106.99999999999,mid,0,0,47.78
885,L48064,L,295.8,306.4,1356,48.0,99,0,0,0,0,0,0,L,1,10.599999999999966,65088.0,mid,0,0,51.32
886,L48065,L,295.7,306.2,1397,52.0,101,0,0,0,0,0,0,L,1,10.5,72644.0,mid,0,0,52.9
887,L48066,L,295.7,306.2,1458,40.6,103,0,0,0,0,0,0,L,1,10.5,59194.8,mid,0,0,51.42
888,H30301,H,295.7,306.2,2161,16.5,105,0,0,0,0,0,0,H,1,10.5,35656.5,mid,0,0,47.4
889,M15748,M,295.6,306.1,1651,28.1,110,0,0,0,0,0,0,M,1,10.5,46393.100000000006,mid,0,0,51.72
890,L48069,L,295.6,306.1,1389,46.2,113,0,0,0,0,0,0,L,1,10.5,64171.8,mid,0,0,56.54
891,L48070,L,295.6,306.0,1370,52.4,115,0,0,0,0,0,0,L,1,10.399999999999977,71788.0,mid,0,0,58.56
892,L48071,L,295.7,306.1,1408,47.9,117,0,0,0,0,0,0,L,1,10.400000000000034,67443.2,mid,0,0,58.46
893,L48072,L,295.7,306.1,1343,54.4,119,0,0,0,0,0,0,L,1,10.400000000000034,73059.2,mid,0,0,60.56
894,M15753,M,295.7,306.2,1423,42.5,121,0,0,0,0,0,0,M,1,10.5,60477.5,mid,0,0,59.0
895,L48074,L,295.6,306.2,1426,48.6,124,0,0,0,0,0,0,L,1,10.599999999999966,69303.6,mid,0,0,61.44
896,M15755,M,295.6,306.2,1435,51.6,126,0,0,0,0,0,0,M,1,10.599999999999966,74046.0,mid,0,0,62.84
897,L48076,L,295.5,306.1,1573,35.1,129,0,0,0,0,0,0,L,1,10.600000000000023,55212.3,mid,0,0,60.74
898,L48077,L,295.6,306.2,1612,31.2,131,0,0,0,0,0,0,L,1,10.599999999999966,50294.4,mid,0,0,60.76
899,L48078,L,295.6,306.2,1446,49.9,133,0,0,0,0,0,0,L,1,10.599999999999966,72155.4,mid,0,0,65.3
900,H30313,H,295.6,306.2,1329,55.3,135,0,0,0,0,0,0,H,1,10.599999999999966,73493.7,mid,0,0,67.18
901,L48080,L,295.6,306.2,1569,35.1,140,0,0,0,0,0,0,L,1,10.599999999999966,55071.9,mid,0,0,65.14
902,H30315,H,295.6,306.1,1256,62.3,142,0,0,0,0,0,0,H,1,10.5,78248.8,mid,0,0,71.36
903,L48082,L,295.6,306.1,1383,48.7,147,0,0,0,0,0,0,L,1,10.5,67352.1,mid,0,0,70.64
904,L48083,L,295.7,306.2,2270,14.6,149,1,0,0,1,0,0,L,1,10.5,33142.0,mid,0,1,114.62
905,H30318,H,295.7,306.2,1458,49.8,151,0,0,0,0,0,0,H,1,10.5,72608.4,high,0,0,72.46
906,L48085,L,295.6,306.1,1474,41.2,156,0,0,0,0,0,0,L,1,10.5,60728.8,high,0,0,72.74
907,M15766,M,295.6,306.1,1462,49.2,158,0,0,0,0,0,0,M,1,10.5,71930.40000000001,high,0,0,75.14
908,M15767,M,295.6,306.1,1669,29.0,161,0,0,0,0,0,0,M,1,10.5,48401.0,high,0,0,72.3
909,M15768,M,295.5,306.1,1822,24.3,164,0,0,0,0,0,0,M,1,10.600000000000023,44274.6,high,0,0,72.58
910,L48089,L,295.5,306.0,1456,39.2,167,0,0,0,0,0,0,L,1,10.5,57075.200000000004,high,0,0,76.74
911,L48090,L,295.5,306.0,1546,35.9,169,0,0,0,0,0,0,L,1,10.5,55501.399999999994,high,0,0,76.88
912,M15771,M,295.6,306.1,1490,42.7,171,0,0,0,0,0,0,M,1,10.5,63623.00000000001,high,0,0,79.04
913,L48092,L,295.6,306.0,1569,40.4,174,0,0,0,0,0,0,L,1,10.399999999999977,63387.6,high,0,0,79.76
914,L48093,L,295.5,306.0,1621,29.5,176,0,0,0,0,0,0,L,1,10.5,47819.5,high,0,0,78.4
915,M15774,M,295.4,305.9,1518,40.6,178,0,0,0,0,0,0,M,1,10.5,61630.8,high,0,0,81.42
916,M15775,M,295.4,305.8,1526,38.2,181,0,0,0,0,0,0,M,1,10.400000000000034,58293.200000000004,high,0,0,82.12
917,M15776,M,295.3,305.8,1589,36.2,184,0,0,0,0,0,0,M,1,10.5,57521.8,high,0,0,82.94
918,L48097,L,295.3,305.7,1475,51.0,187,0,0,0,0,0,0,L,1,10.399999999999977,75225.0,high,0,0,87.08
919,M15778,M,295.3,305.7,1473,38.5,189,0,0,0,0,0,0,M,1,10.399999999999977,56710.5,high,0,0,85.38
920,L48099,L,295.4,305.8,1407,50.7,192,0,0,0,0,0,0,L,1,10.400000000000034,71334.90000000001,high,0,0,89.02
921,M15780,M,295.5,305.9,1518,44.1,194,0,0,0,0,0,0,M,1,10.399999999999977,66943.8,high,0,0,88.5
922,H30335,H,295.5,305.9,1593,37.2,197,0,0,0,0,0,0,H,1,10.399999999999977,59259.600000000006,high,0,0,88.32
923,M15782,M,295.5,305.9,1380,52.4,202,0,0,0,0,0,0,M,1,10.399999999999977,72312.0,high,1,0,93.36
924,M15783,M,295.5,306.0,1423,45.3,205,0,0,0,0,0,0,M,1,10.5,64461.899999999994,high,1,0,93.16
925,L48104,L,295.5,306.0,1800,27.6,208,0,0,0,0,0,0,L,1,10.5,49680.0,high,1,0,90.82
926,H30339,H,295.6,306.1,1623,30.9,210,0,0,0,0,0,0,H,1,10.5,50150.7,high,1,0,92.28
927,L48106,L,295.6,306.1,1372,55.6,215,1,0,0,0,1,0,L,1,10.5,76283.2,high,1,1,149.22
928,H30341,H,295.6,306.0,1396,52.4,0,0,0,0,0,0,0,H,1,10.399999999999977,73150.4,low,0,0,12.56
929,L48108,L,295.6,306.0,1949,21.9,5,0,0,0,0,0,0,L,1,10.399999999999977,42683.1,low,0,0,8.46
930,L48109,L,295.6,306.0,1419,51.1,7,0,0,0,0,0,0,L,1,10.399999999999977,72510.90000000001,low,0,0,15.1
931,M15790,M,295.5,305.9,1453,47.3,9,0,0,0,0,0,0,M,1,10.399999999999977,68726.9,low,0,0,15.14
932,L48111,L,295.5,305.9,1542,36.2,12,0,0,0,0,0,0,L,1,10.399999999999977,55820.4,low,0,0,14.12
933,L48112,L,295.6,306.0,1363,50.0,14,0,0,0,0,0,0,L,1,10.399999999999977,68150.0,low,0,0,17.68
934,L48113,L,295.5,306.0,1597,37.2,16,0,0,0,0,0,0,L,1,10.5,59408.4,low,0,0,15.94
935,M15794,M,295.5,306.0,1326,50.8,18,0,0,0,0,0,0,M,1,10.5,67360.8,low,0,0,19.46
936,M15795,M,295.5,306.0,1641,36.6,21,0,0,0,0,0,0,M,1,10.5,60060.600000000006,low,0,0,17.82
937,M15796,M,295.6,306.1,1418,46.2,24,0,0,0,0,0,0,M,1,10.5,65511.600000000006,low,0,0,20.94
938,L48117,L,295.6,306.2,1263,61.8,27,0,0,0,0,0,0,L,1,10.599999999999966,78053.4,low,0,0,25.28
939,L48118,L,295.6,306.2,1823,25.8,29,0,0,0,0,0,0,L,1,10.599999999999966,47033.4,low,0,0,18.88
940,L48119,L,295.5,306.1,1488,40.7,31,0,0,0,0,0,0,L,1,10.600000000000023,60561.600000000006,low,0,0,22.66
941,L48120,L,295.6,306.2,1443,48.9,33,0,0,0,0,0,0,L,1,10.599999999999966,70562.7,low,0,0,25.1
942,L48121,L,295.6,306.2,1650,28.2,35,0,0,0,0,0,0,L,1,10.599999999999966,46530.0,low,0,0,21.76
943,M15802,M,295.7,306.3,1462,44.3,37,0,0,0,0,0,0,M,1,10.600000000000023,64766.6,low,0,0,25.78
944,M15803,M,295.6,306.2,1477,45.0,40,0,0,0,0,0,0,M,1,10.599999999999966,66465.0,low,0,0,27.12
945,M15804,M,295.7,306.3,1712,28.5,43,0,0,0,0,0,0,M,1,10.600000000000023,48792.0,low,0,0,25.02
946,M15805,M,295.7,306.3,1347,50.4,46,0,0,0,0,0,0,M,1,10.600000000000023,67888.8,low,0,0,30.6
947,L48126,L,295.6,306.2,1287,54.8,49,0,0,0,0,0,0,L,1,10.599999999999966,70527.59999999999,low,0,0,32.68
948,L48127,L,295.6,306.2,1428,44.5,51,0,0,0,0,0,0,L,1,10.599999999999966,63546.0,mid,0,0,31.42
949,M15808,M,295.6,306.3,1426,45.5,53,0,0,0,0,0,0,M,1,10.699999999999989,64883.0,mid,0,0,32.44
950,L48129,L,295.6,306.3,1636,32.7,56,0,0,0,0,0,0,L,1,10.699999999999989,53497.200000000004,mid,0,0,31.08
951,L48130,L,295.6,306.2,1424,42.5,58,0,0,0,0,0,0,L,1,10.599999999999966,60520.0,mid,0,0,33.82
952,H30365,H,295.6,306.3,1509,35.8,60,0,0,0,0,0,0,H,1,10.699999999999989,54022.2,mid,0,0,33.3
953,L48132,L,295.5,306.2,1448,48.9,65,0,0,0,0,0,0,L,1,10.699999999999989,70807.2,mid,0,0,37.92
954,L48133,L,295.5,306.1,1650,32.8,67,0,0,0,0,0,0,L,1,10.600000000000023,54119.99999999999,mid,0,0,35.48
955,H30368,H,295.6,306.2,1414,42.5,69,0,0,0,0,0,0,H,1,10.599999999999966,60095.0,mid,0,0,38.22
956,L48135,L,295.6,306.3,1911,20.9,74,0,0,0,0,0,0,L,1,10.699999999999989,39939.899999999994,mid,0,0,35.92
957,H30370,H,295.6,306.2,1632,32.2,76,0,0,0,0,0,0,H,1,10.599999999999966,52550.4,mid,0,0,38.96
958,M15817,M,295.7,306.4,1387,40.1,81,0,0,0,0,0,0,M,1,10.699999999999989,55618.700000000004,mid,0,0,42.56
959,L48138,L,295.8,306.4,1399,47.6,84,0,0,0,0,0,0,L,1,10.599999999999966,66592.40000000001,mid,0,0,45.24
960,L48139,L,295.8,306.5,1505,35.2,86,0,0,0,0,0,0,L,1,10.699999999999989,52976.00000000001,mid,0,0,43.58
961,L48140,L,295.8,306.5,1534,37.9,88,0,0,0,0,0,0,L,1,10.699999999999989,58138.6,mid,0,0,44.92
962,L48141,L,295.8,306.5,1493,40.5,90,0,0,0,0,0,0,L,1,10.699999999999989,60466.5,mid,0,0,46.24
963,M15822,M,295.8,306.6,1480,43.2,92,0,0,0,0,0,0,M,1,10.800000000000011,63936.00000000001,mid,0,0,47.6
964,L48143,L,295.8,306.6,1621,31.6,95,0,0,0,0,0,0,L,1,10.800000000000011,51223.600000000006,mid,0,0,46.48
965,L48144,L,295.7,306.5,1737,26.2,97,0,0,0,0,0,0,L,1,10.800000000000011,45509.4,mid,0,0,46.2
966,L48145,L,295.8,306.6,1508,46.5,99,0,0,0,0,0,0,L,1,10.800000000000011,70122.0,mid,0,0,51.06
967,M15826,M,295.8,306.5,1641,32.2,101,0,0,0,0,0,0,M,1,10.699999999999989,52840.200000000004,mid,0,0,48.98
968,M15827,M,295.9,306.6,1532,38.6,104,0,0,0,0,0,0,M,1,10.700000000000045,59135.200000000004,mid,0,0,51.46
969,L48148,L,295.9,306.7,1547,40.9,107,0,0,0,0,0,0,L,1,10.800000000000011,63272.299999999996,mid,0,0,53.14
970,L48149,L,295.9,306.6,1412,41.0,109,0,0,0,0,0,0,L,1,10.700000000000045,57892.0,mid,0,0,53.94
971,L48150,L,295.8,306.5,1568,35.1,111,0,0,0,0,0,0,L,1,10.699999999999989,55036.8,mid,0,0,53.56
972,L48151,L,295.9,306.6,1557,41.1,113,0,0,0,0,0,0,L,1,10.700000000000045,63992.700000000004,mid,0,0,55.56
973,L48152,L,295.8,306.6,1644,35.2,115,0,0,0,0,0,0,L,1,10.800000000000011,57868.8,mid,0,0,55.2
974,L48153,L,295.9,306.6,1679,30.4,117,0,0,0,0,0,0,L,1,10.700000000000045,51041.6,mid,0,0,55.02
975,L48154,L,296.0,306.6,1511,35.2,119,0,0,0,0,0,0,L,1,10.600000000000023,53187.200000000004,mid,0,0,56.76
976,M15835,M,296.0,306.6,1628,36.8,121,0,0,0,0,0,0,M,1,10.600000000000023,59910.399999999994,mid,0,0,57.88
977,M15836,M,296.0,306.6,1392,51.3,124,0,0,0,0,0,0,M,1,10.600000000000023,71409.59999999999,mid,0,0,61.98
978,L48157,L,296.0,306.7,1917,21.0,127,0,0,0,0,0,0,L,1,10.699999999999989,40257.0,mid,0,0,57.14
979,M15838,M,296.2,306.8,1526,42.3,129,0,0,0,0,0,0,M,1,10.600000000000023,64549.799999999996,mid,0,0,62.18
980,L48159,L,296.2,306.8,1389,53.3,132,0,0,0,0,0,0,L,1,10.600000000000023,74033.7,mid,0,0,65.58
981,L48160,L,296.1,306.7,1409,42.8,134,0,0,0,0,0,0,L,1,10.599999999999966,60305.2,mid,0,0,64.28
982,L48161,L,296.2,306.8,1655,31.1,136,0,0,0,0,0,0,L,1,10.600000000000023,51470.5,mid,0,0,62.74
983,L48162,L,296.2,306.9,1516,39.1,138,0,0,0,0,0,0,L,1,10.699999999999989,59275.6,mid,0,0,65.16
984,L48163,L,296.2,306.9,1526,34.9,140,0,0,0,0,0,0,L,1,10.699999999999989,53257.4,mid,0,0,65.12
985,L48164,L,296.3,307.1,1419,48.6,142,0,0,0,0,0,0,L,1,10.800000000000011,68963.40000000001,mid,0,0,68.68
986,L48165,L,296.4,307.2,1748,25.3,144,0,0,0,0,0,0,L,1,10.800000000000011,44224.4,mid,0,0,64.82
987,H30400,H,296.4,307.1,1638,32.5,146,0,0,0,0,0,0,H,1,10.700000000000045,53235.0,mid,0,0,67.04
988,M15847,M,296.3,307.1,1534,33.8,151,0,0,0,0,0,0,M,1,10.800000000000011,51849.2,high,0,0,69.32
989,H30402,H,296.3,307.1,1774,25.9,154,0,0,0,0,0,0,H,1,10.800000000000011,45946.6,high,0,0,68.94
990,M15849,M,296.2,307.0,2119,18.3,159,0,0,0,0,0,0,M,1,10.800000000000011,38777.700000000004,high,0,0,69.42
991,L48170,L,296.2,307.0,1414,48.3,162,0,0,0,0,0,0,L,1,10.800000000000011,68296.2,high,0,0,76.62
992,M15851,M,296.1,307.0,1523,42.0,164,0,0,0,0,0,0,M,1,10.899999999999977,63966.0,high,0,0,76.18
993,L48172,L,296.1,307.1,1651,35.7,167,0,0,0,0,0,0,L,1,11.0,58940.700000000004,high,0,0,76.14
994,M15853,M,296.1,307.1,1485,36.0,169,0,0,0,0,0,0,M,1,11.0,53460.0,high,0,0,77.0
995,M15854,M,296.2,307.2,1168,63.4,172,0,0,0,0,0,0,M,1,11.0,74051.2,high,0,0,83.68
996,L48175,L,296.3,307.3,1566,35.8,175,0,0,0,0,0,0,L,1,11.0,56062.799999999996,high,0,0,79.36
997,M15856,M,296.3,307.2,1286,51.1,177,0,0,0,0,0,0,M,1,10.899999999999977,65714.6,high,0,0,83.2
998,M15857,M,296.3,307.2,1446,45.9,180,0,0,0,0,0,0,M,1,10.899999999999977,66371.4,high,0,0,83.36
999,M15858,M,296.4,307.2,2071,19.4,183,0,0,0,0,0,0,M,1,10.800000000000011,40177.399999999994,high,0,0,79.24
1000,L48179,L,296.3,307.1,1560,33.2,186,0,0,0,0,0,0,L,1,10.800000000000011,51792.00000000001,high,0,0,83.2
1001,L48180,L,296.3,307.1,1654,29.6,188,0,0,0,0,0,0,L,1,10.800000000000011,48958.4,high,0,0,83.28
1002,L48181,L,296.3,307.1,1662,32.9,190,0,0,0,0,0,0,L,1,10.800000000000011,54679.799999999996,high,0,0,84.74
1003,L48182,L,296.3,307.2,1646,35.0,192,0,0,0,0,0,0,L,1,10.899999999999977,57610.0,high,0,0,85.98
1004,L48183,L,296.2,307.1,1444,46.7,194,0,0,0,0,0,0,L,1,10.900000000000034,67434.8,high,0,0,89.12
1005,H30418,H,296.3,307.2,1424,42.0,196,0,0,0,0,0,0,H,1,10.899999999999977,59808.0,high,0,0,88.98
1006,L48185,L,296.2,307.2,1382,52.0,201,0,0,0,0,0,0,L,1,11.0,71864.0,high,1,0,93.0
1007,L48186,L,296.2,307.1,1413,53.4,203,0,0,0,0,0,0,L,1,10.900000000000034,75454.2,high,1,0,94.06
1008,M15867,M,296.2,307.2,1633,31.1,0,0,0,0,0,0,0,M,1,11.0,50786.3,low,0,0,8.42
1009,L48188,L,296.2,307.1,1441,41.7,3,0,0,0,0,0,0,L,1,10.900000000000034,60089.700000000004,low,0,0,11.72
1010,M15869,M,296.2,307.2,1385,44.0,5,0,0,0,0,0,0,M,1,11.0,60940.0,low,0,0,13.0
1011,M15870,M,296.2,307.2,1552,34.8,8,0,0,0,0,0,0,M,1,11.0,54009.6,low,0,0,12.36
1012,M15871,M,296.2,307.3,1451,42.8,11,0,0,0,0,0,0,M,1,11.100000000000023,62102.799999999996,low,0,0,15.18
1013,M15872,M,296.1,307.1,1433,38.5,14,0,0,0,0,0,0,M,1,11.0,55170.5,low,0,0,15.5
1014,M15873,M,296.1,307.2,1619,29.7,17,0,0,0,0,0,0,M,1,11.099999999999966,48084.299999999996,low,0,0,14.96
1015,L48194,L,296.2,307.2,1445,41.8,20,0,0,0,0,0,0,L,1,11.0,60400.99999999999,low,0,0,18.56
1016,L48195,L,296.2,307.2,1356,43.6,22,0,0,0,0,0,0,L,1,11.0,59121.6,low,0,0,19.72
1017,M15876,M,296.3,307.2,1319,68.3,24,1,0,0,1,0,0,M,1,10.899999999999977,90087.7,low,0,1,75.44
1018,L48197,L,296.3,307.2,1637,31.6,27,0,0,0,0,0,0,L,1,10.899999999999977,51729.200000000004,low,0,0,19.3
1019,L48198,L,296.3,307.2,1291,58.6,29,0,0,0,0,0,0,L,1,10.899999999999977,75652.6,low,0,0,25.5
1020,L48199,L,296.3,307.3,1398,52.7,31,0,0,0,0,0,0,L,1,11.0,73674.6,low,0,0,25.14
1021,L48200,L,296.3,307.3,1372,57.7,33,0,0,0,0,0,0,L,1,11.0,79164.40000000001,low,0,0,26.94
1022,M15881,M,296.3,307.2,1454,42.5,35,0,0,0,0,0,0,M,1,10.899999999999977,61795.0,low,0,0,24.68
1023,L48202,L,296.2,307.2,1515,36.5,38,0,0,0,0,0,0,L,1,11.0,55297.5,low,0,0,24.7
1024,L48203,L,296.2,307.3,1881,24.3,40,0,0,0,0,0,0,L,1,11.100000000000023,45708.3,low,0,0,23.08
1025,L48204,L,296.2,307.3,1711,29.9,42,0,0,0,0,0,0,L,1,11.100000000000023,51158.899999999994,low,0,0,25.0
1026,L48205,L,296.2,307.3,1475,37.0,44,0,0,0,0,0,0,L,1,11.100000000000023,54575.0,low,0,0,27.22
1027,L48206,L,296.4,307.4,1512,36.8,46,0,0,0,0,0,0,L,1,11.0,55641.6,low,0,0,27.96
1028,M15887,M,296.3,307.4,1335,50.5,48,0,0,0,0,0,0,M,1,11.099999999999966,67417.5,low,0,0,31.52
1029,L48208,L,296.3,307.4,1472,39.9,51,0,0,0,0,0,0,L,1,11.099999999999966,58732.799999999996,mid,0,0,30.6
1030,M15889,M,296.2,307.3,1477,35.2,53,0,0,0,0,0,0,M,1,11.100000000000023,51990.4,mid,0,0,30.46
1031,L48210,L,296.3,307.4,1760,28.4,56,0,0,0,0,0,0,L,1,11.099999999999966,49984.0,mid,0,0,30.3
1032,L48211,L,296.4,307.5,1549,36.1,58,0,0,0,0,0,0,L,1,11.100000000000023,55918.9,mid,0,0,32.64
1033,L48212,L,296.3,307.4,1648,34.0,60,0,0,0,0,0,0,L,1,11.099999999999966,56032.0,mid,0,0,33.02
1034,H30447,H,296.4,307.5,1556,38.0,62,0,0,0,0,0,0,H,1,11.100000000000023,59128.0,mid,0,0,34.62
1035,M15894,M,296.3,307.4,1958,19.1,67,0,0,0,0,0,0,M,1,11.099999999999966,37397.8,mid,0,0,32.84
1036,L48215,L,296.4,307.4,1403,48.4,70,0,0,0,0,0,0,L,1,11.0,67905.2,mid,0,0,39.88
1037,M15896,M,296.4,307.5,1684,31.4,72,0,0,0,0,0,0,M,1,11.100000000000023,52877.6,mid,0,0,37.3
1038,H30451,H,296.4,307.5,1596,35.1,75,0,0,0,0,0,0,H,1,11.100000000000023,56019.600000000006,mid,0,0,39.24
1039,L48218,L,296.6,307.6,1498,41.1,80,0,0,0,0,0,0,L,1,11.0,61567.8,mid,0,0,42.42
1040,L48219,L,296.7,307.7,1524,36.8,82,0,0,0,0,0,0,L,1,11.0,56083.2,mid,0,0,42.36
1041,L48220,L,296.7,307.7,1502,43.9,84,0,0,0,0,0,0,L,1,11.0,65937.8,mid,0,0,44.58
1042,L48221,L,296.6,307.6,1809,25.1,86,0,0,0,0,0,0,L,1,11.0,45405.9,mid,0,0,41.62
1043,L48222,L,296.6,307.6,1542,37.4,88,0,0,0,0,0,0,L,1,11.0,57670.799999999996,mid,0,0,44.88
1044,L48223,L,296.5,307.6,1431,45.2,90,0,0,0,0,0,0,L,1,11.100000000000023,64681.200000000004,mid,0,0,47.26
1045,L48224,L,296.5,307.6,1512,43.6,92,0,0,0,0,0,0,L,1,11.100000000000023,65923.2,mid,0,0,47.74
1046,H30459,H,296.4,307.5,1403,52.8,94,0,0,0,0,0,0,H,1,11.100000000000023,74078.4,mid,0,0,50.38
1047,L48226,L,296.4,307.5,1331,47.8,99,0,0,0,0,0,0,L,1,11.100000000000023,63621.799999999996,mid,0,0,51.38
1048,M15907,M,296.6,307.7,1474,52.6,101,0,0,0,0,0,0,M,1,11.099999999999966,77532.40000000001,mid,0,0,53.14
1049,L48228,L,296.5,307.6,1607,33.5,104,0,0,0,0,0,0,L,1,11.100000000000023,53834.5,mid,0,0,50.52
1050,L48229,L,296.5,307.6,1415,44.2,106,0,0,0,0,0,0,L,1,11.100000000000023,62543.00000000001,mid,0,0,53.46
1051,L48230,L,296.6,307.6,1671,28.8,108,0,0,0,0,0,0,L,1,11.0,48124.8,mid,0,0,51.16
1052,L48231,L,296.6,307.7,1556,37.7,110,0,0,0,0,0,0,L,1,11.099999999999966,58661.200000000004,mid,0,0,53.76
1053,L48232,L,296.7,307.7,1927,23.9,112,0,0,0,0,0,0,L,1,11.0,46055.299999999996,mid,0,0,51.78
1054,M15913,M,296.7,307.7,1597,32.1,114,0,0,0,0,0,0,M,1,11.0,51263.700000000004,mid,0,0,54.22
1055,H30468,H,296.8,307.8,1627,30.5,117,0,0,0,0,0,0,H,1,11.0,49623.5,mid,0,0,55.1
1056,L48235,L,296.8,307.8,1480,39.4,122,0,0,0,0,0,0,L,1,11.0,58312.0,mid,0,0,58.88
1057,L48236,L,296.8,307.8,1565,39.5,124,0,0,0,0,0,0,L,1,11.0,61817.5,mid,0,0,59.7
1058,L48237,L,296.8,307.8,1573,36.4,126,0,0,0,0,0,0,L,1,11.0,57257.2,mid,0,0,59.88
1059,L48238,L,296.7,307.8,1605,31.3,128,0,0,0,0,0,0,L,1,11.100000000000023,50236.5,mid,0,0,59.68
1060,M15919,M,296.7,307.9,1874,21.3,130,0,0,0,0,0,0,M,1,11.199999999999989,39916.200000000004,mid,0,0,58.5
1061,H30474,H,296.7,307.9,1424,53.8,133,0,0,0,0,0,0,H,1,11.199999999999989,76611.2,mid,0,0,66.2
1062,L48241,L,296.7,307.9,1420,50.1,138,0,0,0,0,0,0,L,1,11.199999999999989,71142.0,mid,0,0,67.46
1063,L48242,L,296.8,307.9,1372,49.0,140,0,0,0,0,0,0,L,1,11.099999999999966,67228.0,mid,0,0,68.02
1064,M15923,M,296.8,307.8,1664,32.8,142,0,0,0,0,0,0,M,1,11.0,54579.2,mid,0,0,65.56
1065,M15924,M,296.8,307.9,1409,44.3,145,0,0,0,0,0,0,M,1,11.099999999999966,62418.7,mid,0,0,69.08
1066,L48245,L,296.8,307.9,1718,25.2,148,0,0,0,0,0,0,L,1,11.099999999999966,43293.6,mid,0,0,66.46
1067,M15926,M,296.9,307.8,1544,40.3,150,0,0,0,0,0,0,M,1,10.900000000000034,62223.2,mid,0,0,70.24
1068,L48247,L,296.9,307.8,1466,45.7,153,0,0,0,0,0,0,L,1,10.900000000000034,66996.2,high,0,0,72.52
1069,L48248,L,296.8,307.8,1394,47.7,155,0,0,0,0,0,0,L,1,11.0,66493.8,high,0,0,73.74
1070,M15929,M,296.9,307.8,1840,24.6,157,0,0,0,0,0,0,M,1,10.900000000000034,45264.0,high,0,0,69.9
1071,M15930,M,296.9,307.8,1477,37.2,160,0,0,0,0,0,0,M,1,10.900000000000034,54944.4,high,0,0,73.62
1072,L48251,L,296.9,307.8,1425,49.1,163,0,0,0,0,0,0,L,1,10.900000000000034,69967.5,high,0,0,77.2
1073,M15932,M,297.0,307.9,1414,46.2,165,0,0,0,0,0,0,M,1,10.899999999999977,65326.8,high,0,0,77.42
1074,L48253,L,297.0,307.8,1414,47.5,168,0,0,0,0,0,0,L,1,10.800000000000011,67165.0,high,0,0,78.86
1075,L48254,L,297.0,307.9,1595,31.7,170,0,0,0,0,0,0,L,1,10.899999999999977,50561.5,high,0,0,76.52
1076,H30489,H,296.9,307.8,1345,54.5,172,0,0,0,0,0,0,H,1,10.900000000000034,73302.5,high,0,0,81.88
1077,L48256,L,296.9,307.7,1653,35.9,177,0,0,0,0,0,0,L,1,10.800000000000011,59342.7,high,0,0,80.14
1078,L48257,L,296.8,307.6,1547,36.5,179,0,0,0,0,0,0,L,1,10.800000000000011,56465.5,high,0,0,81.06
1079,H30492,H,296.9,307.7,1656,30.8,181,0,0,0,0,0,0,H,1,10.800000000000011,51004.8,high,0,0,80.72
1080,L48259,L,297.0,307.7,1731,28.5,186,0,0,0,0,0,0,L,1,10.699999999999989,49333.5,high,0,0,82.24
1081,L48260,L,297.0,307.8,1774,28.0,188,0,0,0,0,0,0,L,1,10.800000000000011,49672.0,high,0,0,82.96
1082,L48261,L,297.0,307.8,1521,40.2,190,0,0,0,0,0,0,L,1,10.800000000000011,61144.200000000004,high,0,0,86.2
1083,H30496,H,297.1,307.9,1420,39.8,192,0,0,0,0,0,0,H,1,10.799999999999955,56515.99999999999,high,0,0,86.92
1084,L48263,L,297.0,307.8,1683,32.3,197,0,0,0,0,0,0,L,1,10.800000000000011,54360.899999999994,high,0,0,87.42
1085,M15944,M,297.0,307.7,1498,47.1,199,0,0,0,0,0,0,M,1,10.699999999999989,70555.8,high,0,0,91.16
1086,L48265,L,297.0,307.8,1385,56.4,202,1,0,0,0,1,0,L,1,10.800000000000011,78114.0,high,1,1,144.24
1087,L48266,L,297.0,307.9,1455,49.0,204,0,0,0,0,0,0,L,1,10.899999999999977,71295.0,high,1,0,93.58
1088,H30501,H,296.9,307.8,1549,35.8,206,1,1,0,0,0,0,H,1,10.900000000000034,55454.2,high,1,1,141.74
1089,M15948,M,296.9,307.8,1392,43.9,0,0,0,0,0,0,0,M,1,10.900000000000034,61108.799999999996,low,0,0,10.96
1090,M15949,M,296.9,307.7,2008,17.5,3,0,0,0,0,0,0,M,1,10.800000000000011,35140.0,low,0,0,6.86
1091,L48270,L,296.9,307.7,1464,41.4,6,0,0,0,0,0,0,L,1,10.800000000000011,60609.6,low,0,0,12.84
1092,L48271,L,297.0,307.7,1447,46.4,8,0,0,0,0,0,0,L,1,10.699999999999989,67140.8,low,0,0,14.62
1093,M15952,M,296.9,307.6,1685,32.0,10,0,0,0,0,0,0,M,1,10.700000000000045,53920.0,low,0,0,12.54
1094,M15953,M,296.8,307.5,1443,39.2,13,0,0,0,0,0,0,M,1,10.699999999999989,56565.600000000006,low,0,0,15.18
1095,L48274,L,296.9,307.5,1354,44.4,16,0,0,0,0,0,0,L,1,10.600000000000023,60117.6,low,0,0,17.4
1096,L48275,L,296.9,307.5,2721,9.3,18,1,0,0,1,0,0,L,1,10.600000000000023,25305.300000000003,low,0,1,61.18
1097,L48276,L,297.0,307.6,1680,35.8,20,0,0,0,0,0,0,L,1,10.600000000000023,60143.99999999999,low,0,0,17.28
1098,H30511,H,296.9,307.5,1397,48.3,22,0,0,0,0,0,0,H,1,10.600000000000023,67475.09999999999,low,0,0,20.58
1099,M15958,M,296.9,307.4,1521,37.9,27,0,0,0,0,0,0,M,1,10.5,57645.9,low,0,0,20.48
1100,M15959,M,296.8,307.4,1472,43.9,30,0,0,0,0,0,0,M,1,10.599999999999966,64620.799999999996,low,0,0,22.9
1101,H30514,H,296.8,307.5,1695,30.0,33,0,0,0,0,0,0,H,1,10.699999999999989,50850.0,low,0,0,21.34
1102,H30515,H,296.7,307.5,1607,33.6,38,0,0,0,0,0,0,H,1,10.800000000000011,53995.200000000004,low,0,0,24.08
1103,L48282,L,296.8,307.5,1347,54.8,43,0,0,0,0,0,0,L,1,10.699999999999989,73815.59999999999,low,0,0,30.3
1104,M15963,M,296.7,307.4,1540,38.7,45,0,0,0,0,0,0,M,1,10.699999999999989,59598.00000000001,low,0,0,27.88
1105,L48284,L,296.6,307.4,1389,42.7,48,0,0,0,0,0,0,L,1,10.799999999999955,59310.3,low,0,0,29.9
1106,M15965,M,296.6,307.5,1734,27.0,50,0,0,0,0,0,0,M,1,10.899999999999977,46818.0,low,0,0,27.58
1107,L48286,L,296.7,307.6,1540,38.6,53,0,0,0,0,0,0,L,1,10.900000000000034,59444.0,mid,0,0,31.1
1108,M15967,M,296.7,307.5,1515,42.1,55,0,0,0,0,0,0,M,1,10.800000000000011,63781.5,mid,0,0,32.58
1109,L48288,L,296.6,307.4,1504,45.8,58,0,0,0,0,0,0,L,1,10.799999999999955,68883.2,mid,0,0,34.52
1110,L48289,L,296.6,307.5,1557,35.1,60,0,0,0,0,0,0,L,1,10.899999999999977,54650.700000000004,mid,0,0,33.2
1111,L48290,L,296.5,307.4,1292,52.5,62,0,0,0,0,0,0,L,1,10.899999999999977,67830.0,mid,0,0,37.48
1112,H30525,H,296.5,307.4,1432,49.2,64,0,0,0,0,0,0,H,1,10.899999999999977,70454.40000000001,mid,0,0,37.62
1113,M15972,M,296.5,307.4,1350,55.6,69,0,0,0,0,0,0,M,1,10.899999999999977,75060.0,mid,0,0,40.9
1114,M15973,M,296.6,307.4,1790,25.8,72,0,0,0,0,0,0,M,1,10.799999999999955,46182.0,mid,0,0,36.12
1115,H30528,H,296.4,307.3,1540,37.4,75,0,0,0,0,0,0,H,1,10.900000000000034,57596.0,mid,0,0,39.66
1116,M15975,M,296.4,307.3,2077,19.1,80,0,0,0,0,0,0,M,1,10.900000000000034,39670.700000000004,mid,0,0,38.0
1117,L48296,L,296.4,307.3,1487,37.5,83,0,0,0,0,0,0,L,1,10.900000000000034,55762.5,mid,0,0,42.88
1118,L48297,L,296.5,307.4,1523,40.7,85,0,0,0,0,0,0,L,1,10.899999999999977,61986.100000000006,mid,0,0,44.32
1119,L48298,L,296.5,307.5,1443,41.8,87,0,0,0,0,0,0,L,1,11.0,60317.399999999994,mid,0,0,45.36
1120,L48299,L,296.5,307.5,1340,59.1,89,0,0,0,0,0,0,L,1,11.0,79194.0,mid,0,0,49.62
1121,H30534,H,296.6,307.7,1654,31.0,91,0,0,0,0,0,0,H,1,11.099999999999966,51274.0,mid,0,0,44.82
1122,L48301,L,296.6,307.6,1459,40.2,96,0,0,0,0,0,0,L,1,11.0,58651.8,mid,0,0,48.64
1123,L48302,L,296.5,307.6,1541,38.5,98,0,0,0,0,0,0,L,1,11.100000000000023,59328.5,mid,0,0,49.12
1124,H30537,H,296.6,307.7,1386,62.3,100,1,0,0,1,0,0,H,1,11.099999999999966,86347.8,mid,0,1,104.68
1125,M15984,M,296.7,307.8,1258,69.0,105,1,0,0,1,0,0,M,1,11.100000000000023,86802.0,mid,0,1,108.02
1126,M15985,M,296.7,307.8,1375,51.4,108,0,0,0,0,0,0,M,1,11.100000000000023,70675.0,mid,0,0,55.7
1127,L48306,L,296.8,307.9,1706,30.8,111,0,0,0,0,0,0,L,1,11.099999999999966,52544.8,mid,0,0,52.78
1128,M15987,M,296.7,307.8,1672,32.4,113,0,0,0,0,0,0,M,1,11.100000000000023,54172.799999999996,mid,0,0,53.9
1129,M15988,M,296.8,307.9,1843,25.2,116,0,0,0,0,0,0,M,1,11.099999999999966,46443.6,mid,0,0,53.66
1130,L48309,L,296.7,307.9,1690,29.6,119,0,0,0,0,0,0,L,1,11.199999999999989,50024.0,mid,0,0,55.76
1131,L48310,L,296.8,307.9,1413,46.5,121,0,0,0,0,0,0,L,1,11.099999999999966,65704.5,mid,0,0,59.92
1132,L48311,L,296.8,307.9,1489,33.4,123,0,0,0,0,0,0,L,1,11.099999999999966,49732.6,mid,0,0,58.1
1133,L48312,L,296.8,307.9,1271,61.4,125,0,0,0,0,0,0,L,1,11.099999999999966,78039.4,mid,0,0,64.5
1134,M15993,M,296.8,307.9,1418,47.9,127,0,0,0,0,0,0,M,1,11.099999999999966,67922.2,mid,0,0,62.6
1135,M15994,M,296.9,307.8,1426,50.7,130,0,0,0,0,0,0,M,1,10.900000000000034,72298.2,mid,0,0,64.32
1136,L48315,L,296.9,307.9,1535,39.2,133,0,0,0,0,0,0,L,1,11.0,60172.00000000001,mid,0,0,63.24
1137,L48316,L,296.9,307.8,1557,38.1,135,0,0,0,0,0,0,L,1,10.900000000000034,59321.700000000004,mid,0,0,63.8
1138,L48317,L,296.9,307.8,1653,29.7,137,0,0,0,0,0,0,L,1,10.900000000000034,49094.1,mid,0,0,62.92
1139,L48318,L,296.9,307.9,1435,41.6,139,0,0,0,0,0,0,L,1,11.0,59696.0,mid,0,0,66.12
1140,M15999,M,297.0,307.9,1569,33.3,141,0,0,0,0,0,0,M,1,10.899999999999977,52247.7,mid,0,0,65.24
1141,M16000,M,296.9,307.9,1385,44.8,144,0,0,0,0,0,0,M,1,11.0,62047.99999999999,mid,0,0,68.76
1142,L48321,L,297.0,307.9,1635,31.6,147,0,0,0,0,0,0,L,1,10.899999999999977,51666.0,mid,0,0,67.3
1143,L48322,L,296.9,307.9,1423,43.9,149,0,0,0,0,0,0,L,1,11.0,62469.7,mid,0,0,70.58
1144,L48323,L,297.0,307.9,1479,39.2,151,0,0,0,0,0,0,L,1,10.899999999999977,57976.8,high,0,0,70.42
1145,L48324,L,297.0,307.9,1296,69.1,153,1,0,0,1,0,0,L,1,10.899999999999977,89553.59999999999,high,0,1,127.2
1146,L48325,L,297.0,307.8,1553,33.3,155,0,0,0,0,0,0,L,1,10.800000000000011,51714.899999999994,high,0,0,70.82
1147,L48326,L,297.0,307.9,1529,42.2,157,0,0,0,0,0,0,L,1,10.899999999999977,64523.8,high,0,0,73.42
1148,M16007,M,297.1,308.0,1690,25.6,159,0,0,0,0,0,0,M,1,10.899999999999977,43264.0,high,0,0,70.9
1149,L48328,L,297.1,308.0,1348,58.0,162,0,0,0,0,0,0,L,1,10.899999999999977,78184.0,high,0,0,78.58
1150,L48329,L,297.2,308.1,1446,38.5,164,0,0,0,0,0,0,L,1,10.900000000000034,55671.0,high,0,0,75.48
1151,L48330,L,297.1,307.9,1456,50.0,166,0,0,0,0,0,0,L,1,10.799999999999955,72800.0,high,0,0,78.56
1152,L48331,L,297.0,307.9,1350,47.7,168,0,0,0,0,0,0,L,1,10.899999999999977,64395.00000000001,high,0,0,78.92
1153,L48332,L,297.1,307.9,1507,38.3,170,0,0,0,0,0,0,L,1,10.799999999999955,57718.1,high,0,0,77.82
1154,H30567,H,297.0,307.9,1448,45.6,172,0,0,0,0,0,0,H,1,10.899999999999977,66028.8,high,0,0,80.1
1155,L48334,L,296.9,307.9,1626,29.9,177,0,0,0,0,0,0,L,1,11.0,48617.399999999994,high,0,0,78.98
1156,H30569,H,297.0,307.9,1846,27.3,179,0,0,0,0,0,0,H,1,10.899999999999977,50395.8,high,0,0,79.24
1157,H30570,H,297.0,307.8,1404,40.7,184,0,0,0,0,0,0,H,1,10.800000000000011,57142.8,high,0,0,83.9
1158,L48337,L,297.0,307.8,1583,37.2,189,0,0,0,0,0,0,L,1,10.800000000000011,58887.600000000006,high,0,0,85.2
1159,L48338,L,297.0,307.9,1436,47.7,191,0,0,0,0,0,0,L,1,10.899999999999977,68497.2,high,0,0,88.12
1160,L48339,L,297.0,307.8,1609,35.6,193,0,0,0,0,0,0,L,1,10.800000000000011,57280.4,high,0,0,86.48
1161,H30574,H,297.0,307.7,1834,23.8,195,0,0,0,0,0,0,H,1,10.699999999999989,43649.200000000004,high,0,0,84.9
1162,L48341,L,297.0,307.8,1316,61.2,200,1,0,0,0,1,0,L,1,10.800000000000011,80539.2,high,1,1,144.4
1163,L48342,L,296.9,307.8,1400,57.1,202,1,0,0,0,1,0,L,1,10.900000000000034,79940.0,high,1,1,144.4
1164,L48343,L,296.9,307.9,1367,47.1,204,0,0,0,0,0,0,L,1,11.0,64385.700000000004,high,1,0,93.22
1165,L48344,L,297.1,308.1,1754,30.3,206,0,0,0,0,0,0,L,1,11.0,53146.200000000004,high,1,0,90.66
1166,L48345,L,297.1,308.1,1487,34.6,208,0,0,0,0,0,0,L,1,11.0,51450.200000000004,high,1,0,92.32
1167,M16026,M,297.1,308.1,1506,37.7,210,0,0,0,0,0,0,M,1,11.0,56776.200000000004,high,1,0,93.74
1168,L48347,L,297.0,308.1,1362,52.5,213,1,0,0,0,1,0,L,1,11.100000000000023,71505.0,high,1,1,147.92
1169,L48348,L,297.1,308.1,1584,36.8,215,0,0,0,0,0,0,L,1,11.0,58291.2,high,1,0,95.56
1170,L48349,L,297.0,308.1,1355,43.7,217,0,0,0,0,0,0,L,1,11.100000000000023,59213.50000000001,high,1,0,97.76
1171,M16030,M,297.1,308.1,1823,24.3,219,0,0,0,0,0,0,M,1,11.0,44298.9,high,1,0,94.66
1172,H30585,H,297.0,308.1,1517,41.4,222,0,0,0,0,0,0,H,1,11.100000000000023,62803.799999999996,high,1,0,99.3
1173,L48352,L,297.1,308.1,1446,36.6,227,0,0,0,0,0,0,L,1,11.0,52923.6,high,1,0,100.32
1174,H30587,H,297.1,308.0,1559,38.8,229,0,0,0,0,0,0,H,1,10.899999999999977,60489.2,high,1,0,101.54
1175,M16034,M,297.1,308.1,1352,44.4,0,0,0,0,0,0,0,M,1,11.0,60028.799999999996,low,0,0,11.08
1176,M16035,M,297.2,308.3,1578,37.8,3,0,0,0,0,0,0,M,1,11.100000000000023,59648.399999999994,low,0,0,10.98
1177,M16036,M,297.2,308.3,1429,42.0,6,0,0,0,0,0,0,M,1,11.100000000000023,60018.0,low,0,0,13.02
1178,M16037,M,297.2,308.3,1604,39.4,9,0,0,0,0,0,0,M,1,11.100000000000023,63197.6,low,0,0,13.7
1179,L48358,L,297.3,308.5,1398,60.4,12,0,0,0,0,0,0,L,1,11.199999999999989,84439.2,low,0,0,19.12
1180,L48359,L,297.3,308.4,1441,43.4,14,0,0,0,0,0,0,L,1,11.099999999999966,62539.4,low,0,0,16.5
1181,H30594,H,297.3,308.4,1531,35.6,16,0,0,0,0,0,0,H,1,11.099999999999966,54503.6,low,0,0,15.74
1182,L48361,L,297.2,308.3,1379,52.1,21,0,0,0,0,0,0,L,1,11.100000000000023,71845.90000000001,low,0,0,21.04
1183,L48362,L,297.3,308.3,1410,48.1,23,0,0,0,0,0,0,L,1,11.0,67821.0,low,0,0,21.02
1184,L48363,L,297.3,308.4,1513,40.5,25,0,0,0,0,0,0,L,1,11.099999999999966,61276.5,low,0,0,20.32
1185,L48364,L,297.3,308.5,1497,47.5,27,0,0,0,0,0,0,L,1,11.199999999999989,71107.5,low,0,0,22.54
1186,L48365,L,297.3,308.4,1491,46.5,29,0,0,0,0,0,0,L,1,11.099999999999966,69331.5,low,0,0,23.12
1187,L48366,L,297.3,308.4,1417,47.8,31,0,0,0,0,0,0,L,1,11.099999999999966,67732.59999999999,low,0,0,24.18
1188,M16047,M,297.4,308.6,1522,38.0,33,0,0,0,0,0,0,M,1,11.200000000000045,57836.0,low,0,0,23.04
1189,L48368,L,297.3,308.4,1339,52.1,36,0,0,0,0,0,0,L,1,11.099999999999966,69761.90000000001,low,0,0,27.04
1190,M16049,M,297.2,308.3,1794,27.5,38,0,0,0,0,0,0,M,1,11.100000000000023,49335.0,low,0,0,22.92
1191,L48370,L,297.2,308.4,1460,42.1,41,0,0,0,0,0,0,L,1,11.199999999999989,61466.0,low,0,0,27.06
1192,M16051,M,297.2,308.3,1776,28.0,43,0,0,0,0,0,0,M,1,11.100000000000023,49728.0,low,0,0,25.02
1193,M16052,M,297.2,308.3,1431,43.7,46,0,0,0,0,0,0,M,1,11.100000000000023,62534.700000000004,low,0,0,29.36
1194,L48373,L,297.1,308.2,1347,50.8,49,0,0,0,0,0,0,L,1,11.099999999999966,68427.59999999999,low,0,0,31.98
1195,M16054,M,297.0,308.1,1507,43.1,51,0,0,0,0,0,0,M,1,11.100000000000023,64951.700000000004,mid,0,0,31.24
1196,M16055,M,297.0,308.0,1408,47.9,54,0,0,0,0,0,0,M,1,11.0,67443.2,mid,0,0,33.38
1197,M16056,M,297.0,307.9,1493,34.7,57,0,0,0,0,0,0,M,1,10.899999999999977,51807.100000000006,mid,0,0,31.92
1198,M16057,M,296.9,307.9,1441,47.6,60,0,0,0,0,0,0,M,1,11.0,68591.6,mid,0,0,35.72
1199,H30612,H,296.9,307.9,1557,36.5,63,0,0,0,0,0,0,H,1,11.0,56830.5,mid,0,0,34.7
1200,M16059,M,296.9,307.9,1979,20.4,68,0,0,0,0,0,0,M,1,11.0,40371.6,mid,0,0,33.48
1201,M16060,M,296.9,308.0,1430,55.9,71,0,0,0,0,0,0,M,1,11.100000000000023,79937.0,mid,0,0,41.8
1202,L48381,L,296.9,308.0,1658,41.0,74,0,0,0,0,0,0,L,1,11.100000000000023,67978.0,mid,0,0,40.02
1203,M16062,M,297.0,308.1,1355,51.4,76,0,0,0,0,0,0,M,1,11.100000000000023,69647.0,mid,0,0,42.9
1204,H30617,H,297.0,308.1,1410,47.6,79,0,0,0,0,0,0,H,1,11.100000000000023,67116.0,mid,0,0,43.34
1205,L48384,L,296.9,308.0,1521,34.5,84,0,0,0,0,0,0,L,1,11.100000000000023,52474.5,mid,0,0,42.72
1206,L48385,L,296.8,308.0,1371,54.5,86,0,0,0,0,0,0,L,1,11.199999999999989,74719.5,mid,0,0,47.54
1207,H30620,H,296.9,308.0,1318,53.5,88,0,0,0,0,0,0,H,1,11.100000000000023,70513.0,mid,0,0,48.12
1208,M16067,M,297.0,308.1,1573,34.9,93,0,0,0,0,0,0,M,1,11.100000000000023,54897.7,mid,0,0,46.4
1209,L48388,L,297.0,308.1,1489,44.1,96,0,0,0,0,0,0,L,1,11.100000000000023,65664.90000000001,mid,0,0,49.44
1210,H30623,H,297.0,308.1,2540,13.3,98,0,0,0,0,0,0,H,1,11.100000000000023,33782.0,mid,0,0,44.08
1211,L48390,L,297.0,308.1,1537,39.0,103,0,0,0,0,0,0,L,1,11.100000000000023,59943.0,mid,0,0,51.22
1212,H30625,H,296.9,308.0,1416,46.9,105,0,0,0,0,0,0,H,1,11.100000000000023,66410.4,mid,0,0,53.6
1213,L48392,L,296.9,307.9,1359,56.5,110,0,0,0,0,0,0,L,1,11.0,76783.5,mid,0,0,57.5
1214,M16073,M,296.8,307.8,1551,38.9,112,0,0,0,0,0,0,M,1,11.0,60333.899999999994,mid,0,0,54.78
1215,M16074,M,296.8,307.8,1694,33.0,115,0,0,0,0,0,0,M,1,11.0,55902.0,mid,0,0,54.8
1216,L48395,L,296.8,307.9,1709,28.4,118,0,0,0,0,0,0,L,1,11.099999999999966,48535.6,mid,0,0,55.1
1217,L48396,L,296.9,308.0,1514,41.0,120,0,0,0,0,0,0,L,1,11.100000000000023,62074.0,mid,0,0,58.42
1218,L48397,L,297.0,308.1,1455,43.5,122,0,0,0,0,0,0,L,1,11.100000000000023,63292.5,mid,0,0,59.72
1219,M16078,M,297.0,308.2,1702,30.7,124,0,0,0,0,0,0,M,1,11.199999999999989,52251.4,mid,0,0,57.98
1220,M16079,M,296.9,308.1,1357,41.8,127,0,0,0,0,0,0,M,1,11.200000000000045,56722.6,mid,0,0,61.4
1221,L48400,L,297.0,308.2,1577,29.4,130,0,0,0,0,0,0,L,1,11.199999999999989,46363.799999999996,mid,0,0,60.12
1222,M16081,M,297.0,308.3,1399,46.4,132,0,0,0,0,0,1,M,1,11.300000000000011,64913.6,mid,0,1,64.34
1223,L48402,L,297.0,308.3,1399,59.0,135,0,0,0,0,0,0,L,1,11.300000000000011,82541.0,mid,0,0,68.06
1224,L48403,L,297.0,308.3,1492,48.1,137,0,0,0,0,0,0,L,1,11.300000000000011,71765.2,mid,0,0,66.68
1225,L48404,L,297.1,308.3,1763,25.7,139,0,0,0,0,0,0,L,1,11.199999999999989,45309.1,mid,0,0,62.98
1226,H30639,H,297.1,308.3,1492,41.5,141,0,0,0,0,0,0,H,1,11.199999999999989,61918.0,mid,0,0,66.94
1227,L48406,L,297.1,308.4,1488,42.5,146,0,0,0,0,0,0,L,1,11.299999999999955,63240.0,mid,0,0,69.16
1228,L48407,L,297.1,308.4,1422,42.1,148,0,0,0,0,0,0,L,1,11.299999999999955,59866.200000000004,mid,0,0,69.88
1229,M16088,M,297.1,308.4,1583,38.2,150,0,0,0,0,0,0,M,1,11.299999999999955,60470.600000000006,mid,0,0,69.9
1230,L48409,L,297.1,308.4,1304,53.5,153,0,0,0,0,0,0,L,1,11.299999999999955,69764.0,high,0,0,74.16
1231,M16090,M,297.1,308.4,1880,23.5,155,0,0,0,0,0,0,M,1,11.299999999999955,44180.0,high,0,0,68.96
1232,M16091,M,297.2,308.5,1604,40.7,158,0,0,0,0,0,0,M,1,11.300000000000011,65282.8,high,0,0,73.6
1233,L48412,L,297.2,308.6,1500,37.1,161,0,0,0,0,0,0,L,1,11.400000000000034,55650.0,high,0,0,74.1
1234,M16093,M,297.2,308.5,1364,55.6,163,0,0,0,0,0,0,M,1,11.300000000000011,75838.40000000001,high,0,0,78.58
1235,H30648,H,297.2,308.5,2440,14.0,166,0,0,0,0,0,0,H,1,11.300000000000011,34160.0,high,0,0,71.46
1236,H30649,H,297.1,308.4,1654,31.4,171,0,0,0,0,0,0,H,1,11.299999999999955,51935.6,high,0,0,76.94
1237,H30650,H,297.1,308.4,1359,46.6,176,0,0,0,0,0,0,H,1,11.299999999999955,63329.4,high,0,0,81.98
1238,M16097,M,297.1,308.4,1502,37.3,181,0,0,0,0,0,0,M,1,11.299999999999955,56024.6,high,0,0,82.12
1239,M16098,M,297.1,308.4,1615,32.6,184,0,0,0,0,0,0,M,1,11.299999999999955,52649.0,high,0,0,82.38
1240,H30653,H,297.2,308.5,1482,39.3,187,0,0,0,0,0,0,H,1,11.300000000000011,58242.6,high,0,0,84.92
1241,L48420,L,297.2,308.6,1636,31.3,192,0,0,0,0,0,0,L,1,11.400000000000034,51206.8,high,0,0,85.34
1242,M16101,M,297.1,308.5,1621,32.4,194,0,0,0,0,0,0,M,1,11.399999999999977,52520.399999999994,high,0,0,86.36
1243,L48422,L,297.1,308.4,1468,44.4,197,0,0,0,0,0,0,L,1,11.299999999999955,65179.2,high,0,0,89.94
1244,M16103,M,297.1,308.4,1432,53.4,199,0,0,0,0,0,0,M,1,11.299999999999955,76468.8,high,0,0,92.54
1245,L48424,L,297.1,308.4,1726,28.4,202,0,0,0,0,0,0,L,1,11.299999999999955,49018.399999999994,high,1,0,88.74
1246,M16105,M,297.1,308.4,1588,33.4,204,0,0,0,0,0,0,M,1,11.299999999999955,53039.2,high,1,0,90.54
1247,H30660,H,297.2,308.5,1653,33.3,207,0,0,0,0,0,0,H,1,11.300000000000011,55044.899999999994,high,1,0,91.72
1248,L48427,L,297.2,308.5,1513,42.9,212,0,0,0,0,0,0,L,1,11.300000000000011,64907.7,high,1,0,95.64
1249,L48428,L,297.2,308.6,1489,40.2,214,0,0,0,0,0,0,L,1,11.400000000000034,59857.8,high,1,0,95.92
1250,L48429,L,297.3,308.7,1467,36.8,216,0,0,0,0,0,0,L,1,11.399999999999977,53985.6,high,1,0,96.04
1251,L48430,L,297.3,308.7,1549,36.1,218,0,0,0,0,0,0,L,1,11.399999999999977,55918.9,high,1,0,96.7
1252,M16111,M,297.4,308.8,1359,48.7,220,0,0,0,0,0,0,M,1,11.400000000000034,66183.3,high,1,0,100.02
1253,L48432,L,297.5,308.8,1533,41.5,223,0,0,0,0,0,0,L,1,11.300000000000011,63619.5,high,1,0,99.76
1254,L48433,L,297.5,308.8,1309,57.3,0,0,0,0,0,0,0,L,1,11.300000000000011,75005.7,low,0,0,13.72
1255,H30668,H,297.5,308.8,1430,49.4,2,0,0,0,0,0,0,H,1,11.300000000000011,70642.0,low,0,0,12.94
1256,H30669,H,297.5,308.9,1419,50.7,7,0,0,0,0,0,0,H,1,11.399999999999977,71943.3,low,0,0,15.22
1257,M16116,M,297.5,308.9,1535,37.7,12,0,0,0,0,0,0,M,1,11.399999999999977,57869.50000000001,low,0,0,14.62
1258,L48437,L,297.5,308.9,1466,43.0,15,0,0,0,0,0,0,L,1,11.399999999999977,63038.0,low,0,0,16.88
1259,L48438,L,297.5,308.9,1427,50.4,17,0,0,0,0,0,0,L,1,11.399999999999977,71920.8,low,0,0,19.16
1260,M16119,M,297.5,308.9,1280,48.5,19,0,0,0,0,0,0,M,1,11.399999999999977,62080.0,low,0,0,19.58
1261,L48440,L,297.6,309.0,1528,33.8,22,0,0,0,0,0,0,L,1,11.399999999999977,51646.399999999994,low,0,0,17.84
1262,H30675,H,297.6,309.0,1885,25.2,24,0,0,0,0,0,0,H,1,11.399999999999977,47502.0,low,0,0,16.92
1263,H30676,H,297.8,309.2,1648,33.0,29,0,0,0,0,0,0,H,1,11.399999999999977,54384.0,low,0,0,20.48
1264,L48443,L,297.8,309.2,1400,56.9,34,0,0,0,0,0,0,L,1,11.399999999999977,79660.0,low,0,0,27.26
1265,M16124,M,297.8,309.3,2243,15.7,36,0,0,0,0,0,0,M,1,11.5,35215.1,low,0,0,19.84
1266,L48445,L,297.9,309.4,1558,35.7,39,0,0,0,0,0,0,L,1,11.5,55620.600000000006,low,0,0,25.04
1267,L48446,L,298.0,309.6,1633,34.8,41,0,0,0,0,0,0,L,1,11.600000000000023,56828.399999999994,low,0,0,25.68
1268,M16127,M,298.1,309.6,1549,38.7,43,0,0,0,0,0,0,M,1,11.5,59946.3,low,0,0,27.24
1269,L48448,L,298.0,309.5,1496,45.8,46,0,0,0,0,0,0,L,1,11.5,68516.8,low,0,0,29.86
1270,L48449,L,298.1,309.5,1467,41.8,48,0,0,0,0,0,0,L,1,11.399999999999977,61320.6,low,0,0,29.84
1271,M16130,M,298.0,309.4,1276,65.9,50,0,0,0,0,0,0,M,1,11.399999999999977,84088.40000000001,low,0,0,35.46
1272,H30685,H,298.0,309.4,1490,40.5,53,0,0,0,0,0,0,H,1,11.399999999999977,60345.0,mid,0,0,31.58
1273,H30686,H,298.0,309.4,1562,38.1,58,0,0,0,0,0,0,H,1,11.399999999999977,59512.200000000004,mid,0,0,33.1
1274,L48453,L,298.1,309.4,1397,48.2,63,0,0,0,0,0,0,L,1,11.299999999999955,67335.40000000001,mid,0,0,37.1
1275,H30688,H,298.1,309.5,1530,40.2,65,0,0,0,0,0,0,H,1,11.399999999999977,61506.00000000001,mid,0,0,36.32
1276,M16135,M,298.1,309.4,1362,47.6,70,0,0,0,0,0,0,M,1,11.299999999999955,64831.200000000004,mid,0,0,39.78
1277,M16136,M,298.2,309.4,1693,34.4,73,0,0,0,0,0,0,M,1,11.199999999999989,58239.2,mid,0,0,38.32
1278,M16137,M,298.2,309.4,1408,46.5,76,0,0,0,0,0,0,M,1,11.199999999999989,65472.0,mid,0,0,41.94
1279,L48458,L,298.2,309.4,1398,52.9,79,0,0,0,0,0,0,L,1,11.199999999999989,73954.2,mid,0,0,44.42
1280,M16139,M,298.3,309.6,1531,40.1,81,0,0,0,0,0,0,M,1,11.300000000000011,61393.1,mid,0,0,42.68
1281,H30694,H,298.3,309.5,1521,37.1,84,0,0,0,0,0,0,H,1,11.199999999999989,56429.1,mid,0,0,43.26
1282,H30695,H,298.3,309.5,1427,54.3,89,0,0,0,0,0,0,H,1,11.199999999999989,77486.09999999999,mid,0,0,48.7
1283,L48462,L,298.3,309.4,1546,36.1,94,0,0,0,0,0,0,L,1,11.099999999999966,55810.600000000006,mid,0,0,47.04
1284,L48463,L,298.3,309.4,1356,45.4,96,0,0,0,0,0,0,L,1,11.099999999999966,61562.4,mid,0,0,49.7
1285,L48464,L,298.4,309.5,2153,15.3,98,1,0,0,1,0,0,L,1,11.100000000000023,32940.9,mid,0,1,94.48
1286,M16145,M,298.5,309.6,1492,41.7,100,0,0,0,0,0,0,M,1,11.100000000000023,62216.4,mid,0,0,50.56
1287,L48466,L,298.5,309.6,1582,40.3,103,0,0,0,0,0,0,L,1,11.100000000000023,63754.6,mid,0,0,51.48
1288,L48467,L,298.5,309.6,1419,41.5,105,0,0,0,0,0,0,L,1,11.100000000000023,58888.5,mid,0,0,52.52
1289,M16148,M,298.5,309.6,1441,48.2,107,0,0,0,0,0,0,M,1,11.100000000000023,69456.2,mid,0,0,54.66
1290,M16149,M,298.6,309.7,1635,32.2,110,0,0,0,0,0,0,M,1,11.099999999999966,52647.00000000001,mid,0,0,52.66
1291,L48470,L,298.6,309.7,1429,45.8,113,0,0,0,0,0,0,L,1,11.099999999999966,65448.2,mid,0,0,56.58
1292,M16151,M,298.6,309.7,1675,28.4,115,0,0,0,0,0,0,M,1,11.099999999999966,47570.0,mid,0,0,53.9
1293,M16152,M,298.7,309.7,1868,23.8,118,0,0,0,0,0,0,M,1,11.0,44458.4,mid,0,0,54.16
1294,H30707,H,298.7,309.8,1582,33.4,121,0,0,0,0,0,0,H,1,11.100000000000023,52838.799999999996,mid,0,0,57.3
1295,L48474,L,298.8,309.9,1486,40.3,126,0,0,0,0,0,0,L,1,11.099999999999966,59885.799999999996,mid,0,0,60.68
1296,L48475,L,298.7,309.8,1402,54.3,128,0,0,0,0,0,0,L,1,11.100000000000023,76128.59999999999,mid,0,0,64.28
1297,L48476,L,298.7,309.9,1621,34.1,130,0,0,0,0,0,0,L,1,11.199999999999989,55276.100000000006,mid,0,0,61.06
1298,L48477,L,298.8,309.9,1428,42.4,132,0,0,0,0,0,0,L,1,11.099999999999966,60547.2,mid,0,0,63.5
1299,M16158,M,298.7,309.8,1343,53.6,134,0,0,0,0,0,0,M,1,11.100000000000023,71984.8,mid,0,0,66.54
1300,M16159,M,298.7,309.9,1458,40.2,137,0,0,0,0,0,0,M,1,11.199999999999989,58611.600000000006,mid,0,0,65.08
1301,L48480,L,298.7,309.8,1322,57.0,140,0,0,0,0,0,0,L,1,11.100000000000023,75354.0,mid,0,0,69.62
1302,L48481,L,298.7,309.9,1483,32.8,142,0,0,0,0,0,0,L,1,11.199999999999989,48642.399999999994,mid,0,0,65.6
1303,L48482,L,298.6,309.8,1505,45.7,144,0,0,0,0,0,1,L,1,11.199999999999989,68778.5,mid,0,1,68.98
1304,L48483,L,298.7,309.9,1593,42.5,146,0,0,0,0,0,0,L,1,11.199999999999989,67702.5,mid,0,0,69.14
1305,L48484,L,298.8,310.0,2098,19.6,148,0,0,0,0,0,0,L,1,11.199999999999989,41120.8,mid,0,0,65.36
1306,L48485,L,298.8,310.0,1672,30.4,150,0,0,0,0,0,0,L,1,11.199999999999989,50828.799999999996,mid,0,0,68.32
1307,L48486,L,298.8,310.0,1487,41.4,152,0,0,0,0,0,0,L,1,11.199999999999989,61561.799999999996,high,0,0,71.32
1308,L48487,L,298.8,310.0,1423,42.1,154,0,0,0,0,0,0,L,1,11.199999999999989,59908.3,high,0,0,72.26
1309,L48488,L,298.9,310.1,1750,25.0,156,0,0,0,0,0,0,L,1,11.200000000000045,43750.0,high,0,0,69.64
1310,L48489,L,298.9,310.2,1654,31.1,158,0,0,0,0,0,0,L,1,11.300000000000011,51439.4,high,0,0,71.68
1311,L48490,L,298.9,310.2,1498,50.2,160,0,0,0,0,0,0,L,1,11.300000000000011,75199.6,high,0,0,76.3
1312,L48491,L,298.9,310.1,1587,30.2,162,0,0,0,0,0,0,L,1,11.200000000000045,47927.4,high,0,0,73.08
1313,L48492,L,298.9,310.1,1473,42.6,164,0,0,0,0,0,0,L,1,11.200000000000045,62749.8,high,0,0,76.36
1314,L48493,L,298.9,310.2,1359,56.9,166,0,0,0,0,0,0,L,1,11.300000000000011,77327.09999999999,high,0,0,80.04
1315,M16174,M,299.0,310.3,1635,34.5,168,0,0,0,0,0,0,M,1,11.300000000000011,56407.5,high,0,0,76.36
1316,L48495,L,299.0,310.3,1520,45.0,171,0,0,0,0,0,0,L,1,11.300000000000011,68400.0,high,0,0,79.66
1317,L48496,L,299.0,310.3,1507,36.7,173,0,0,0,0,0,0,L,1,11.300000000000011,55306.9,high,0,0,78.8
1318,L48497,L,299.0,310.3,1428,46.3,175,0,0,0,0,0,0,L,1,11.300000000000011,66116.4,high,0,0,81.52
1319,M16178,M,299.0,310.3,1582,33.3,177,0,0,0,0,0,0,M,1,11.300000000000011,52680.6,high,0,0,79.72
1320,L48499,L,299.0,310.3,1929,24.4,180,0,0,0,0,0,0,L,1,11.300000000000011,47067.6,high,0,0,79.14
1321,M16180,M,299.0,310.3,1540,38.1,182,0,0,0,0,0,0,M,1,11.300000000000011,58674.0,high,0,0,82.68
1322,L48501,L,298.9,310.2,1362,53.0,185,0,0,0,0,0,0,L,1,11.300000000000011,72186.0,high,0,0,86.86
1323,H30736,H,298.9,310.1,1452,49.9,187,0,0,0,0,0,0,H,1,11.200000000000045,72454.8,high,0,0,87.02
1324,L48503,L,298.9,310.1,1361,51.7,192,0,0,0,0,0,0,L,1,11.200000000000045,70363.7,high,0,0,89.38
1325,M16184,M,298.8,310.1,1243,74.5,194,1,0,0,1,1,0,M,1,11.300000000000011,92603.5,high,0,2,144.76
1326,H30739,H,298.8,310.1,1567,36.8,197,0,0,0,0,0,0,H,1,11.300000000000011,57665.6,high,0,0,88.42
1327,L48506,L,298.9,310.2,1411,46.5,202,0,0,0,0,0,0,L,1,11.300000000000011,65611.5,high,1,0,92.36
1328,L48507,L,298.8,310.2,1814,26.8,204,0,0,0,0,0,0,L,1,11.399999999999977,48615.200000000004,high,1,0,89.24
1329,M16188,M,298.8,310.1,1719,28.8,206,0,0,0,0,0,0,M,1,11.300000000000011,49507.200000000004,high,1,0,90.42
1330,H30743,H,298.8,310.2,1663,30.4,209,0,0,0,0,0,0,H,1,11.399999999999977,50555.2,high,1,0,91.96
1331,L48510,L,298.9,310.2,1696,30.2,214,0,0,0,0,0,0,L,1,11.300000000000011,51219.2,high,1,0,93.9
1332,H30745,H,298.9,310.2,1771,26.8,216,0,0,0,0,0,0,H,1,11.300000000000011,47462.8,high,1,0,94.02
1333,L48512,L,299.0,310.3,1868,24.0,221,0,0,0,0,0,0,L,1,11.300000000000011,44832.0,high,1,0,95.46
1334,M16193,M,299.0,310.3,1558,35.4,223,0,0,0,0,0,0,M,1,11.300000000000011,55153.2,high,1,0,98.54
1335,L48514,L,299.0,310.4,1365,49.1,226,1,0,0,0,1,0,L,1,11.399999999999977,67021.5,high,1,1,152.5
1336,L48515,L,299.0,310.4,1371,53.8,228,1,0,0,0,1,0,L,1,11.399999999999977,73759.8,high,1,1,154.24
1337,L48516,L,298.9,310.3,1583,32.6,230,0,0,0,0,0,0,L,1,11.400000000000034,51605.8,high,1,0,100.8
1338,H30751,H,298.7,310.2,1613,36.0,0,0,0,0,0,0,0,H,1,11.5,58068.0,low,0,0,9.5
1339,L48518,L,298.6,310.1,1721,27.2,5,0,0,0,0,0,0,L,1,11.5,46811.2,low,0,0,9.74
1340,M16199,M,298.6,310.2,1668,31.5,7,0,0,0,0,0,0,M,1,11.599999999999966,52542.0,low,0,0,11.42
1341,L48520,L,298.6,310.2,1569,36.3,10,0,0,0,0,0,0,L,1,11.599999999999966,56954.7,low,0,0,13.58
1342,M16201,M,298.6,310.2,1328,50.5,12,0,0,0,0,0,0,M,1,11.599999999999966,67064.0,low,0,0,17.22
1343,M16202,M,298.6,310.1,1596,33.0,15,0,0,0,0,0,0,M,1,11.5,52668.0,low,0,0,14.9
1344,L48523,L,298.5,310.2,1676,32.7,18,0,0,0,0,0,0,L,1,11.699999999999989,54805.200000000004,low,0,0,16.08
1345,L48524,L,298.5,310.1,1809,28.9,20,0,0,0,0,0,0,L,1,11.600000000000023,52280.1,low,0,0,16.1
1346,L48525,L,298.5,310.0,1804,26.1,22,0,0,0,0,0,0,L,1,11.5,47084.4,low,0,0,16.32
1347,L48526,L,298.6,310.1,1533,33.9,24,0,0,0,0,0,0,L,1,11.5,51968.7,low,0,0,18.68
1348,L48527,L,298.7,310.2,1717,27.3,26,0,0,0,0,0,0,L,1,11.5,46874.1,low,0,0,18.16
1349,L48528,L,298.7,310.2,1363,45.5,28,0,0,0,0,0,0,L,1,11.5,62016.5,low,0,0,22.6
1350,L48529,L,298.7,310.2,1402,45.9,30,0,0,0,0,0,0,L,1,11.5,64351.799999999996,low,0,0,23.48
1351,L48530,L,298.7,310.2,1436,47.5,32,0,0,0,0,0,0,L,1,11.5,68210.0,low,0,0,24.6
1352,L48531,L,298.7,310.2,1525,43.7,34,0,0,0,0,0,0,L,1,11.5,66642.5,low,0,0,24.64
1353,M16212,M,298.7,310.2,1598,33.3,36,0,0,0,0,0,0,M,1,11.5,53213.399999999994,low,0,0,23.36
1354,M16213,M,298.6,310.1,1444,48.1,39,0,0,0,0,0,0,M,1,11.5,69456.40000000001,low,0,0,27.52
1355,L48534,L,298.6,310.0,1334,48.0,42,0,0,0,0,0,0,L,1,11.399999999999977,64032.0,low,0,0,28.68
1356,M16215,M,298.6,310.0,1681,35.5,44,0,0,0,0,0,0,M,1,11.399999999999977,59675.5,low,0,0,26.98
1357,L48536,L,298.6,309.9,1593,37.4,47,0,0,0,0,0,0,L,1,11.299999999999955,59578.2,low,0,0,28.54
1358,L48537,L,298.6,309.9,1461,45.7,49,0,0,0,0,0,0,L,1,11.299999999999955,66767.7,low,0,0,31.0
1359,M16218,M,298.7,310.1,1693,31.9,51,0,0,0,0,0,0,M,1,11.400000000000034,54006.7,mid,0,0,29.06
1360,L48539,L,298.7,310.2,1404,50.3,54,0,0,0,0,0,0,L,1,11.5,70621.2,mid,0,0,33.96
1361,H30774,H,298.8,310.2,1707,27.6,56,0,0,0,0,0,0,H,1,11.399999999999977,47113.200000000004,mid,0,0,30.2
1362,M16221,M,298.6,310.1,1458,41.9,61,0,0,0,0,0,0,M,1,11.5,61090.2,mid,0,0,35.08
1363,L48542,L,298.6,310.0,1517,41.2,64,0,0,0,0,0,0,L,1,11.399999999999977,62500.4,mid,0,0,36.12
1364,L48543,L,298.7,310.1,1433,54.6,66,0,0,0,0,0,0,L,1,11.400000000000034,78241.8,mid,0,0,39.6
1365,L48544,L,298.7,310.2,1566,33.1,68,0,0,0,0,0,0,L,1,11.5,51834.600000000006,mid,0,0,36.12
1366,L48545,L,298.7,310.1,1676,33.5,70,0,0,0,0,0,0,L,1,11.400000000000034,56146.0,mid,0,0,36.98
1367,M16226,M,298.7,310.1,1368,56.8,72,0,0,0,0,0,0,M,1,11.400000000000034,77702.4,mid,0,0,42.44
1368,M16227,M,298.8,310.2,1581,37.5,75,0,0,0,0,0,0,M,1,11.399999999999977,59287.5,mid,0,0,39.78
1369,H30782,H,298.8,310.3,1708,27.1,78,0,0,0,0,0,0,H,1,11.5,46286.8,mid,0,0,38.92
1370,M16229,M,298.7,310.3,1481,41.5,83,0,0,0,0,0,0,M,1,11.600000000000023,61461.5,mid,0,0,43.82
1371,L48550,L,298.7,310.3,1451,40.0,86,0,0,0,0,0,0,L,1,11.600000000000023,58040.0,mid,0,0,44.72
1372,M16231,M,298.7,310.3,1495,38.7,88,0,0,0,0,0,0,M,1,11.600000000000023,57856.50000000001,mid,0,0,45.26
1373,M16232,M,298.8,310.3,1573,41.8,91,0,0,0,0,0,0,M,1,11.5,65751.4,mid,0,0,47.06
1374,M16233,M,298.8,310.3,1366,59.0,94,0,0,0,0,0,0,M,1,11.5,80594.0,mid,0,0,51.7
1375,L48554,L,298.8,310.3,1553,36.8,97,0,0,0,0,0,0,L,1,11.5,57150.399999999994,mid,0,0,48.46
1376,M16235,M,298.8,310.3,1528,37.1,99,0,0,0,0,0,0,M,1,11.5,56688.8,mid,0,0,49.32
1377,M16236,M,298.8,310.2,1527,31.2,102,0,0,0,0,0,0,M,1,11.399999999999977,47642.4,mid,0,0,49.32
1378,L48557,L,298.8,310.2,1461,46.7,105,0,0,0,0,0,0,L,1,11.399999999999977,68228.7,mid,0,0,53.62
1379,H30792,H,298.8,310.2,1455,44.9,107,0,0,0,0,0,0,H,1,11.399999999999977,65329.5,mid,0,0,54.06
1380,L48559,L,298.7,310.1,1620,34.8,112,0,0,0,0,0,0,L,1,11.400000000000034,56375.99999999999,mid,0,0,54.04
1381,L48560,L,298.7,310.1,1786,27.7,114,0,0,0,0,0,0,L,1,11.400000000000034,49472.2,mid,0,0,53.42
1382,M16241,M,298.8,310.2,1583,35.7,116,0,0,0,0,0,0,M,1,11.399999999999977,56513.100000000006,mid,0,0,55.82
1383,L48562,L,298.8,310.1,1653,30.3,119,0,0,0,0,0,0,L,1,11.300000000000011,50085.9,mid,0,0,55.92
1384,M16243,M,298.9,310.2,1331,49.0,121,0,0,0,0,0,0,M,1,11.300000000000011,65219.0,mid,0,0,60.46
1385,L48564,L,298.9,310.3,1484,43.8,124,0,0,0,0,0,0,L,1,11.400000000000034,64999.2,mid,0,0,60.64
1386,M16245,M,298.9,310.2,1603,36.1,126,0,0,0,0,0,0,M,1,11.300000000000011,57868.3,mid,0,0,59.88
1387,L48566,L,298.9,310.2,1445,40.0,129,0,0,0,0,0,0,L,1,11.300000000000011,57800.0,mid,0,0,61.86
1388,L48567,L,298.9,310.1,1823,26.1,131,0,0,0,0,0,0,L,1,11.200000000000045,47580.3,mid,0,0,59.86
1389,H30802,H,298.9,310.1,1491,45.3,133,0,0,0,0,0,0,H,1,11.200000000000045,67542.3,mid,0,0,64.5
1390,L48569,L,298.9,310.2,1533,42.8,138,0,0,0,0,0,0,L,1,11.300000000000011,65612.4,mid,0,0,66.02
1391,L48570,L,298.9,310.2,1409,54.8,140,0,0,0,0,0,0,L,1,11.300000000000011,77213.2,mid,0,0,69.22
1392,L48571,L,298.9,310.2,2737,8.8,142,1,0,0,1,0,0,L,1,11.300000000000011,24085.600000000002,mid,0,1,110.82
1393,M16252,M,299.0,310.3,1494,46.6,144,0,0,0,0,0,0,M,1,11.300000000000011,69620.40000000001,mid,0,0,69.18
1394,L48573,L,299.1,310.4,1594,33.3,147,0,0,0,0,0,0,L,1,11.299999999999955,53080.2,mid,0,0,67.72
1395,L48574,L,299.1,310.4,1527,44.0,149,0,0,0,0,0,0,L,1,11.299999999999955,67188.0,mid,0,0,70.66
1396,L48575,L,299.1,310.4,1452,39.7,151,0,0,0,0,0,0,L,1,11.299999999999955,57644.4,high,0,0,70.6
1397,L48576,L,299.0,310.3,1483,39.2,153,0,0,0,0,0,0,L,1,11.300000000000011,58133.600000000006,high,0,0,71.3
1398,L48577,L,299.1,310.2,1569,38.2,155,0,0,0,0,0,0,L,1,11.099999999999966,59935.8,high,0,0,71.86
1399,L48578,L,299.1,310.3,1472,46.6,157,0,0,0,0,0,0,L,1,11.199999999999989,68595.2,high,0,0,74.36
1400,L48579,L,299.0,310.2,1533,43.5,159,0,0,0,0,0,0,L,1,11.199999999999989,66685.5,high,0,0,74.54
1401,H30814,H,298.9,310.1,1366,62.7,161,0,0,0,0,0,0,H,1,11.200000000000045,85648.2,high,0,0,79.18
1402,H30815,H,298.9,310.2,1532,37.7,166,0,0,0,0,0,0,H,1,11.300000000000011,57756.4,high,0,0,76.2
1403,M16262,M,298.9,310.1,1313,56.8,171,0,0,0,0,0,0,M,1,11.200000000000045,74578.4,high,0,0,82.0
1404,L48583,L,299.0,310.2,1372,48.0,174,0,0,0,0,0,0,L,1,11.199999999999989,65856.0,high,0,0,81.44
1405,M16264,M,298.9,310.1,1555,40.6,176,0,0,0,0,0,0,M,1,11.200000000000045,63133.0,high,0,0,80.76
1406,L48585,L,298.9,310.1,1394,42.7,179,0,0,0,0,0,0,L,1,11.200000000000045,59523.8,high,0,0,82.38
1407,L48586,L,298.9,310.1,1442,48.0,181,0,0,0,0,0,0,L,1,11.200000000000045,69216.0,high,0,0,84.24
1408,L48587,L,298.9,310.0,1564,33.8,183,0,0,0,0,0,0,L,1,11.100000000000023,52863.2,high,0,0,82.18
1409,L48588,L,298.9,310.0,1452,48.9,185,0,0,0,0,0,0,L,1,11.100000000000023,71002.8,high,0,0,86.0
1410,L48589,L,298.9,310.1,1466,42.5,187,0,0,0,0,0,0,L,1,11.200000000000045,62305.0,high,0,0,85.54
1411,M16270,M,298.9,310.1,1469,53.2,189,0,0,0,0,0,0,M,1,11.200000000000045,78150.8,high,0,0,88.48
1412,L48591,L,298.9,310.1,1944,23.4,192,0,0,0,0,0,0,L,1,11.200000000000045,45489.6,high,0,0,83.72
1413,M16272,M,298.8,309.9,1415,53.2,194,0,0,0,0,0,0,M,1,11.099999999999966,75278.0,high,0,0,90.46
1414,M16273,M,298.7,309.8,1528,36.7,197,0,0,0,0,0,0,M,1,11.100000000000023,56077.600000000006,high,0,0,88.36
1415,M16274,M,298.7,309.8,1570,42.1,200,0,0,0,0,0,0,M,1,11.100000000000023,66097.0,high,1,0,90.64
1416,L48595,L,298.7,309.9,1617,33.0,203,0,0,0,0,0,0,L,1,11.199999999999989,53361.0,high,1,0,90.04
1417,M16276,M,298.7,309.9,2083,18.2,205,0,0,0,0,0,0,M,1,11.199999999999989,37910.6,high,1,0,87.88
1418,L48597,L,298.7,309.9,1541,38.5,208,0,0,0,0,0,0,L,1,11.199999999999989,59328.5,high,1,0,93.14
1419,L48598,L,298.8,309.9,1320,47.4,210,0,0,0,0,0,0,L,1,11.099999999999966,62568.0,high,1,0,95.7
1420,L48599,L,298.7,309.8,1354,53.3,212,1,0,0,0,1,0,L,1,11.100000000000023,72168.2,high,1,1,147.68
1421,M16280,M,298.8,309.9,1495,35.2,214,0,0,0,0,0,0,M,1,11.099999999999966,52624.00000000001,high,1,0,94.86
1422,L48601,L,298.7,309.8,1589,31.8,217,0,0,0,0,0,0,L,1,11.100000000000023,50530.200000000004,high,1,0,95.38
1423,L48602,L,298.7,309.8,1530,35.5,0,0,0,0,0,0,0,L,1,11.100000000000023,54315.0,low,0,0,9.32
1424,L48603,L,298.7,309.8,1539,33.4,2,0,0,0,0,0,0,L,1,11.100000000000023,51402.6,low,0,0,9.7
1425,L48604,L,298.7,309.7,1462,46.8,4,0,0,0,0,0,0,L,1,11.0,68421.59999999999,low,0,0,13.16
1426,L48605,L,298.6,309.7,1356,54.0,6,0,0,0,0,0,0,L,1,11.099999999999966,73224.0,low,0,0,15.42
1427,M16286,M,298.7,309.7,1622,34.6,8,0,0,0,0,0,0,M,1,11.0,56121.200000000004,low,0,0,12.32
1428,L48607,L,298.7,309.8,1394,40.3,11,0,0,0,0,0,0,L,1,11.100000000000023,56178.2,low,0,0,14.68
1429,L48608,L,298.8,309.9,1568,33.7,13,0,0,0,0,0,0,L,1,11.099999999999966,52841.600000000006,low,0,0,14.16
1430,M16289,M,298.9,310.0,1456,43.8,15,0,0,0,0,0,0,M,1,11.100000000000023,63772.799999999996,low,0,0,16.98
1431,L48610,L,298.9,310.0,1378,49.3,18,0,0,0,0,0,0,L,1,11.100000000000023,67935.4,low,0,0,19.28
1432,M16291,M,298.9,309.9,1404,41.4,20,0,0,0,0,0,0,M,1,11.0,58125.6,low,0,0,18.48
1433,L48612,L,298.8,309.8,1437,42.8,23,0,0,0,0,0,0,L,1,11.0,61503.6,low,0,0,19.96
1434,L48613,L,298.8,309.8,1363,44.0,25,0,0,0,0,0,0,L,1,11.0,59972.0,low,0,0,21.0
1435,M16294,M,298.8,309.8,1377,49.6,27,0,0,0,0,0,0,M,1,11.0,68299.2,low,0,0,22.92
1436,H30849,H,298.8,309.9,1526,42.1,30,0,0,0,0,0,0,H,1,11.099999999999966,64244.6,low,0,0,22.64
1437,H30850,H,298.8,309.8,1510,44.2,35,0,0,0,0,0,0,H,1,11.0,66742.0,low,0,0,25.04
1438,H30851,H,298.8,309.9,1439,45.2,40,1,0,0,0,0,0,H,1,11.099999999999966,65042.8,low,0,0,77.26
1439,L48618,L,298.8,309.9,1482,39.1,45,0,0,0,0,0,0,L,1,11.099999999999966,57946.200000000004,low,0,0,28.04
1440,M16299,M,298.8,309.8,1534,37.0,47,0,0,0,0,0,0,M,1,11.0,56758.0,low,0,0,28.4
1441,M16300,M,298.8,309.9,1741,27.7,50,0,0,0,0,0,0,M,1,11.099999999999966,48225.7,low,0,0,27.76
1442,L48621,L,298.8,309.9,1550,38.8,53,0,0,0,0,0,0,L,1,11.099999999999966,60139.99999999999,mid,0,0,31.18
1443,M16302,M,298.8,310.0,1486,38.5,55,0,0,0,0,0,0,M,1,11.199999999999989,57211.0,mid,0,0,31.94
1444,L48623,L,298.9,310.1,1602,38.2,58,0,0,0,0,0,0,L,1,11.200000000000045,61196.4,mid,0,0,33.08
1445,L48624,L,299.0,310.2,1477,37.9,60,0,0,0,0,0,0,L,1,11.199999999999989,55978.299999999996,mid,0,0,33.82
1446,L48625,L,299.0,310.1,1618,29.2,62,0,0,0,0,0,0,L,1,11.100000000000023,47245.6,mid,0,0,32.86
1447,M16306,M,299.0,310.2,1628,35.8,64,0,0,0,0,0,0,M,1,11.199999999999989,58282.399999999994,mid,0,0,35.0
1448,M16307,M,299.0,310.3,1662,33.6,67,0,0,0,0,0,0,M,1,11.300000000000011,55843.200000000004,mid,0,0,35.78
1449,M16308,M,299.0,310.3,1657,31.0,70,0,0,0,0,0,0,M,1,11.300000000000011,51367.0,mid,0,0,36.46
1450,H30863,H,299.0,310.4,1677,30.8,73,0,0,0,0,0,0,H,1,11.399999999999977,51651.6,mid,0,0,37.64
1451,M16310,M,299.0,310.3,1447,39.9,78,0,0,0,0,0,0,M,1,11.300000000000011,57735.299999999996,mid,0,0,41.44
1452,L48631,L,298.9,310.4,1831,25.4,81,0,0,0,0,0,0,L,1,11.5,46507.399999999994,mid,0,0,39.78
1453,L48632,L,299.0,310.3,1584,34.4,83,0,0,0,0,0,0,L,1,11.300000000000011,54489.6,mid,0,0,42.34
1454,L48633,L,299.1,310.4,1450,40.9,85,0,0,0,0,0,0,L,1,11.299999999999955,59305.0,mid,0,0,44.44
1455,L48634,L,299.1,310.4,1428,46.9,87,0,0,0,0,0,0,L,1,11.299999999999955,66973.2,mid,0,0,46.44
1456,L48635,L,299.0,310.4,1382,53.0,89,0,0,0,0,0,0,L,1,11.399999999999977,73246.0,mid,0,0,48.48
1457,L48636,L,299.0,310.3,1501,43.0,91,0,0,0,0,0,0,L,1,11.300000000000011,64543.0,mid,0,0,47.26
1458,L48637,L,299.0,310.3,1475,42.4,93,0,0,0,0,0,0,L,1,11.300000000000011,62540.0,mid,0,0,47.94
1459,L48638,L,298.9,310.3,1364,54.0,95,0,0,0,0,0,0,L,1,11.400000000000034,73656.0,mid,0,0,51.08
1460,L48639,L,299.0,310.3,1472,36.1,97,0,0,0,0,0,0,L,1,11.300000000000011,53139.200000000004,mid,0,0,48.28
1461,L48640,L,299.0,310.3,1437,47.8,99,0,0,0,0,0,0,L,1,11.300000000000011,68688.59999999999,mid,0,0,51.42
1462,L48641,L,298.9,310.2,1491,45.1,101,0,0,0,0,0,0,L,1,11.300000000000011,67244.1,mid,0,0,51.68
1463,L48642,L,298.9,310.2,1706,27.6,103,0,0,0,0,0,0,L,1,11.300000000000011,47085.600000000006,mid,0,0,48.98
1464,L48643,L,298.8,310.1,1607,39.5,105,0,0,0,0,0,0,L,1,11.300000000000011,63476.5,mid,0,0,52.16
1465,L48644,L,298.8,310.0,1412,46.3,107,0,0,0,0,0,0,L,1,11.199999999999989,65375.6,mid,0,0,54.3
1466,L48645,L,298.7,309.8,1546,40.9,109,0,0,0,0,0,0,L,1,11.100000000000023,63231.399999999994,mid,0,0,54.0
1467,L48646,L,298.7,309.8,1365,50.5,111,0,0,0,0,0,0,L,1,11.100000000000023,68932.5,mid,0,0,56.72
1468,L48647,L,298.6,309.8,1544,30.2,113,0,0,0,0,0,0,L,1,11.199999999999989,46628.799999999996,mid,0,0,53.48
1469,M16328,M,298.6,309.8,1419,44.9,115,0,0,0,0,0,0,M,1,11.199999999999989,63713.1,mid,0,0,57.22
1470,L48649,L,298.6,309.8,1497,41.6,118,0,0,0,0,0,0,L,1,11.199999999999989,62275.200000000004,mid,0,0,57.76
1471,L48650,L,298.5,309.7,1437,42.6,120,0,0,0,0,0,0,L,1,11.199999999999989,61216.200000000004,mid,0,0,58.76
1472,L48651,L,298.5,309.6,1421,53.6,122,0,0,0,0,0,0,L,1,11.100000000000023,76165.6,mid,0,0,61.74
1473,M16332,M,298.5,309.6,1438,44.5,124,0,0,0,0,0,0,M,1,11.100000000000023,63991.0,mid,0,0,60.72
1474,M16333,M,298.5,309.5,1315,48.9,127,0,0,0,0,0,0,M,1,11.0,64303.5,mid,0,0,62.78
1475,M16334,M,298.5,309.5,1366,61.9,130,0,0,0,0,0,0,M,1,11.0,84555.4,mid,0,0,66.58
1476,M16335,M,298.4,309.5,1519,35.4,133,0,0,0,0,0,0,M,1,11.100000000000023,53772.6,mid,0,0,62.5
1477,L48656,L,298.4,309.5,1692,28.3,136,0,0,0,0,0,0,L,1,11.100000000000023,47883.6,mid,0,0,62.28
1478,L48657,L,298.3,309.4,1570,35.6,138,0,0,0,0,0,0,L,1,11.099999999999966,55892.0,mid,0,0,64.54
1479,L48658,L,298.3,309.4,1568,35.8,140,0,0,0,0,0,0,L,1,11.099999999999966,56134.399999999994,mid,0,0,65.38
1480,L48659,L,298.2,309.3,1355,43.8,142,0,0,0,0,0,0,L,1,11.100000000000023,59348.99999999999,mid,0,0,67.78
1481,M16340,M,298.2,309.3,2056,18.7,144,0,0,0,0,0,0,M,1,11.100000000000023,38447.2,mid,0,0,63.56
1482,M16341,M,298.2,309.2,1332,60.2,147,0,0,0,0,0,0,M,1,11.0,80186.40000000001,mid,0,0,73.04
1483,M16342,M,298.1,309.1,1448,52.5,150,0,0,0,0,0,0,M,1,11.0,76020.0,mid,0,0,72.7
1484,L48663,L,298.0,308.9,1578,35.6,153,0,0,0,0,0,0,L,1,10.899999999999977,56176.8,high,0,0,70.5
1485,M16344,M,298.0,309.0,1562,39.2,155,0,0,0,0,0,0,M,1,11.0,61230.4,high,0,0,72.04
1486,M16345,M,298.1,309.0,1976,19.3,158,0,0,0,0,0,0,M,1,10.899999999999977,38136.8,high,0,0,69.24
1487,M16346,M,298.2,309.2,1524,34.6,161,0,0,0,0,0,0,M,1,11.0,52730.4,high,0,0,73.52
1488,L48667,L,298.2,309.1,1429,48.5,164,0,0,0,0,0,0,L,1,10.900000000000034,69306.5,high,0,0,77.48
1489,L48668,L,298.2,309.1,1568,36.3,166,0,0,0,0,0,0,L,1,10.900000000000034,56918.399999999994,high,0,0,75.84
1490,M16349,M,298.2,309.0,1723,26.6,168,0,0,0,0,0,0,M,1,10.800000000000011,45831.8,high,0,0,74.68
1491,L48670,L,298.2,309.0,1341,43.8,171,0,0,0,0,0,0,L,1,10.800000000000011,58735.799999999996,high,0,0,79.32
1492,M16351,M,298.1,308.9,1353,46.2,173,0,0,0,0,0,0,M,1,10.799999999999955,62508.600000000006,high,0,0,80.6
1493,M16352,M,298.0,308.7,1479,58.5,176,1,0,0,1,0,0,M,1,10.699999999999989,86521.5,high,0,1,134.24
1494,L48673,L,298.0,308.8,1496,44.9,179,0,0,0,0,0,0,L,1,10.800000000000011,67170.4,high,0,0,82.74
1495,M16354,M,298.0,308.7,1377,48.5,181,0,0,0,0,0,0,M,1,10.699999999999989,66784.5,high,0,0,84.24
1496,H30909,H,297.9,308.5,1383,44.6,184,0,0,0,0,0,0,H,1,10.600000000000023,61681.8,high,0,0,84.64
1497,L48676,L,298.0,308.7,1268,69.4,189,1,0,0,1,1,0,L,1,10.699999999999989,87999.20000000001,high,0,2,141.62
1498,L48677,L,298.0,308.7,1629,34.3,191,0,0,0,0,0,0,L,1,10.699999999999989,55874.7,high,0,0,85.4
1499,L48678,L,298.0,308.8,1790,27.2,193,0,0,0,0,0,0,L,1,10.800000000000011,48688.0,high,0,0,84.8
1500,M16359,M,298.1,308.8,2206,16.3,195,0,0,0,0,0,0,M,1,10.699999999999989,35957.8,high,0,0,83.4
1501,M16360,M,298.0,308.7,2101,17.4,198,0,0,0,0,0,0,M,1,10.699999999999989,36557.399999999994,high,0,0,84.82
1502,M16361,M,298.0,308.7,1436,48.2,201,0,0,0,0,0,0,M,1,10.699999999999989,69215.2,high,1,0,92.18
1503,L48682,L,298.0,308.7,1462,48.2,204,0,0,0,0,0,0,L,1,10.699999999999989,70468.40000000001,high,1,0,93.38
1504,L48683,L,298.0,308.7,1771,26.2,206,0,0,0,0,0,0,L,1,10.699999999999989,46400.2,high,1,0,89.78
1505,L48684,L,298.0,308.7,1506,47.0,208,0,0,0,0,0,0,L,1,10.699999999999989,70782.0,high,1,0,94.74
1506,L48685,L,298.0,308.7,1626,36.7,210,0,0,0,0,0,0,L,1,10.699999999999989,59674.200000000004,high,1,0,93.48
1507,L48686,L,298.0,308.8,1610,33.7,212,0,0,0,0,0,0,L,1,10.800000000000011,54257.00000000001,high,1,0,93.7
1508,M16367,M,298.0,308.6,1376,55.7,214,0,0,0,0,0,0,M,1,10.600000000000023,76643.2,high,1,0,98.86
1509,M16368,M,298.0,308.6,1507,37.3,217,0,0,0,0,0,0,M,1,10.600000000000023,56211.1,high,1,0,96.38
1510,L48689,L,298.0,308.5,1429,37.7,220,1,1,0,0,0,0,L,1,10.5,53873.3,high,1,1,147.64
1511,M16370,M,298.1,308.7,1547,38.9,0,0,0,0,0,0,0,M,1,10.599999999999966,60178.299999999996,low,0,0,9.9
1512,L48691,L,298.1,308.7,1642,30.3,3,0,0,0,0,0,0,L,1,10.599999999999966,49752.6,low,0,0,9.38
1513,H30926,H,298.0,308.7,1503,36.3,5,0,0,0,0,0,0,H,1,10.699999999999989,54558.899999999994,low,0,0,11.4
1514,L48693,L,298.1,308.7,1568,32.9,10,0,0,0,0,0,0,L,1,10.599999999999966,51587.2,low,0,0,12.7
1515,M16374,M,298.1,308.8,1628,37.6,12,0,0,0,0,0,0,M,1,10.699999999999989,61212.8,low,0,0,14.46
1516,M16375,M,298.2,308.9,1614,35.5,15,0,0,0,0,0,0,M,1,10.699999999999989,57297.0,low,0,0,15.24
1517,L48696,L,298.2,308.9,1278,54.0,18,0,0,0,0,0,0,L,1,10.699999999999989,69012.0,low,0,0,20.14
1518,M16377,M,298.2,308.9,1408,38.8,20,0,0,0,0,0,0,M,1,10.699999999999989,54630.399999999994,low,0,0,17.9
1519,H30932,H,298.2,309.0,1371,55.7,23,0,0,0,0,0,0,H,1,10.800000000000011,76364.7,low,0,0,22.5
1520,M16379,M,298.2,308.9,1512,38.5,28,0,0,0,0,0,0,M,1,10.699999999999989,58212.0,low,0,0,21.04
1521,L48700,L,298.3,309.1,1472,40.1,31,0,0,0,0,0,0,L,1,10.800000000000011,59027.200000000004,low,0,0,22.58
1522,M16381,M,298.2,308.9,1585,34.3,33,0,0,0,0,0,0,M,1,10.699999999999989,54365.49999999999,low,0,0,22.2
1523,H30936,H,298.2,309.0,1562,37.7,36,0,0,0,0,0,0,H,1,10.800000000000011,58887.4,low,0,0,24.1
1524,L48703,L,298.3,309.0,1519,36.9,41,0,0,0,0,0,0,L,1,10.699999999999989,56051.1,low,0,0,25.92
1525,L48704,L,298.2,309.0,1601,35.8,43,0,0,0,0,0,0,L,1,10.800000000000011,57315.799999999996,low,0,0,26.52
1526,L48705,L,298.2,309.0,2449,13.8,45,0,0,0,0,0,0,L,1,10.800000000000011,33796.200000000004,low,0,0,22.92
1527,L48706,L,298.1,309.0,1787,27.6,47,0,0,0,0,0,0,L,1,10.899999999999977,49321.200000000004,low,0,0,26.5
1528,H30941,H,298.1,309.1,1425,44.5,49,0,0,0,0,0,0,H,1,11.0,63412.5,low,0,0,30.7
1529,L48708,L,298.1,309.0,1559,34.0,54,0,0,0,0,0,0,L,1,10.899999999999977,53006.0,mid,0,0,30.58
1530,L48709,L,298.1,309.0,1557,36.0,56,0,0,0,0,0,0,L,1,10.899999999999977,56052.0,mid,0,0,31.78
1531,L48710,L,298.1,309.0,1497,40.5,58,0,0,0,0,0,0,L,1,10.899999999999977,60628.5,mid,0,0,33.48
1532,H30945,H,298.1,309.0,1438,41.4,60,0,0,0,0,0,0,H,1,10.899999999999977,59533.2,mid,0,0,34.46
1533,M16392,M,298.1,308.9,1417,39.2,65,0,0,0,0,0,0,M,1,10.799999999999955,55546.4,mid,0,0,36.0
1534,M16393,M,298.0,308.9,1339,51.4,68,0,0,0,0,0,0,M,1,10.899999999999977,68824.59999999999,mid,0,0,39.66
1535,L48714,L,298.0,308.8,1757,29.1,71,0,0,0,0,0,0,L,1,10.800000000000011,51128.700000000004,mid,0,0,36.38
1536,L48715,L,298.0,308.8,1581,36.1,73,0,0,0,0,0,0,L,1,10.800000000000011,57074.100000000006,mid,0,0,38.58
1537,M16396,M,298.2,308.9,1326,54.4,75,0,0,0,0,0,0,M,1,10.699999999999989,72134.4,mid,0,0,43.02
1538,M16397,M,298.4,309.1,1467,39.6,78,0,0,0,0,0,0,M,1,10.700000000000045,58093.200000000004,mid,0,0,41.26
1539,L48718,L,298.4,309.1,1798,29.6,81,0,0,0,0,0,0,L,1,10.700000000000045,53220.8,mid,0,0,40.46
1540,M16399,M,298.5,309.2,1449,46.4,83,0,0,0,0,0,0,M,1,10.699999999999989,67233.59999999999,mid,0,0,44.62
1541,M16400,M,298.4,309.1,1525,39.3,86,0,0,0,0,0,0,M,1,10.700000000000045,59932.49999999999,mid,0,0,44.4
1542,L48721,L,298.4,309.0,2304,15.1,89,0,0,0,0,0,0,L,1,10.600000000000023,34790.4,mid,0,0,40.74
1543,L48722,L,298.3,308.9,1379,54.7,91,0,0,0,0,0,0,L,1,10.599999999999966,75431.3,mid,0,0,49.46
1544,L48723,L,298.4,308.9,1628,34.9,93,0,0,0,0,0,0,L,1,10.5,56817.2,mid,0,0,46.28
1545,L48724,L,298.4,309.0,1474,52.7,95,0,0,0,0,0,0,L,1,10.600000000000023,77679.8,mid,0,0,50.66
1546,M16405,M,298.4,309.0,1544,38.8,97,0,0,0,0,0,0,M,1,10.600000000000023,59907.2,mid,0,0,48.68
1547,L48726,L,298.4,308.9,1391,48.4,100,0,0,0,0,0,0,L,1,10.5,67324.4,mid,0,0,51.78
1548,L48727,L,298.3,308.9,1348,55.5,102,0,0,0,0,0,0,L,1,10.599999999999966,74814.0,mid,0,0,54.02
1549,M16408,M,298.3,308.8,1349,52.1,104,0,0,0,0,0,0,M,1,10.5,70282.90000000001,mid,0,0,54.12
1550,L48729,L,298.4,308.9,1706,29.5,107,0,0,0,0,0,0,L,1,10.5,50327.0,mid,0,0,50.8
1551,L48730,L,298.4,308.9,1638,32.4,109,0,0,0,0,0,0,L,1,10.5,53071.2,mid,0,0,52.18
1552,L48731,L,298.4,308.8,1458,40.1,111,0,0,0,0,0,0,L,1,10.400000000000034,58465.8,mid,0,0,54.5
1553,L48732,L,298.5,308.9,1781,27.8,113,0,0,0,0,0,0,L,1,10.399999999999977,49511.8,mid,0,0,52.84
1554,L48733,L,298.5,308.8,1332,59.1,115,0,0,0,0,0,0,L,1,10.300000000000011,78721.2,mid,0,0,59.88
1555,M16414,M,298.4,308.7,1584,31.7,117,0,0,0,0,0,0,M,1,10.300000000000011,50212.799999999996,mid,0,0,55.2
1556,L48735,L,298.4,308.6,1491,42.0,120,0,0,0,0,0,0,L,1,10.200000000000045,62622.0,mid,0,0,58.44
1557,H30970,H,298.4,308.5,1398,47.1,122,0,0,0,0,0,0,H,1,10.100000000000023,65845.8,mid,0,0,60.24
1558,L48737,L,298.3,308.4,1585,30.6,127,0,0,0,0,0,0,L,1,10.099999999999966,48501.0,mid,0,0,58.94
1559,M16418,M,298.2,308.3,1476,43.5,129,0,0,0,0,0,0,M,1,10.100000000000023,64206.0,mid,0,0,62.32
1560,L48739,L,298.2,308.3,1458,41.8,132,0,0,0,0,0,0,L,1,10.100000000000023,60944.399999999994,mid,0,0,63.18
1561,M16420,M,298.2,308.4,1510,39.9,134,0,0,0,0,0,0,M,1,10.199999999999989,60249.0,mid,0,0,63.62
1562,L48741,L,298.2,308.4,1388,53.8,137,0,0,0,0,0,0,L,1,10.199999999999989,74674.4,mid,0,0,67.6
1563,L48742,L,298.2,308.3,2216,16.8,139,0,0,0,0,0,0,L,1,10.100000000000023,37228.8,mid,0,0,60.98
1564,L48743,L,298.2,308.3,1402,51.0,141,0,0,0,0,0,0,L,1,10.100000000000023,71502.0,mid,0,0,68.62
1565,M16424,M,298.0,308.2,2090,19.0,143,0,0,0,0,0,0,M,1,10.199999999999989,39710.0,mid,0,0,63.04
1566,L48745,L,298.0,308.2,1459,42.1,146,0,0,0,0,0,0,L,1,10.199999999999989,61423.9,mid,0,0,68.86
1567,M16426,M,298.0,308.1,1403,44.8,148,0,0,0,0,0,0,M,1,10.100000000000023,62854.399999999994,mid,0,0,70.18
1568,L48747,L,298.1,308.2,1521,39.3,151,0,0,0,0,0,0,L,1,10.099999999999966,59775.299999999996,high,0,0,70.28
1569,L48748,L,298.2,308.2,1407,47.1,153,0,0,0,0,0,0,L,1,10.0,66269.7,high,0,0,72.62
1570,M16429,M,298.1,308.2,1654,35.3,155,0,0,0,0,0,0,M,1,10.099999999999966,58386.2,high,0,0,71.08
1571,L48750,L,298.2,308.4,1452,43.5,158,0,0,0,0,0,0,L,1,10.199999999999989,63162.0,high,0,0,73.94
1572,L48751,L,298.3,308.4,1528,37.3,160,0,0,0,0,0,0,L,1,10.099999999999966,56994.399999999994,high,0,0,73.48
1573,L48752,L,298.2,308.3,1230,59.6,162,0,0,0,0,0,0,L,1,10.100000000000023,73308.0,high,0,0,78.74
1574,L48753,L,298.2,308.2,1466,42.4,164,0,0,0,0,0,0,L,1,10.0,62158.4,high,0,0,76.08
1575,L48754,L,298.2,308.2,1478,50.1,166,0,0,0,0,0,0,L,1,10.0,74047.8,high,0,0,78.42
1576,L48755,L,298.2,308.3,2057,18.0,168,0,0,0,0,0,0,L,1,10.100000000000023,37026.0,high,0,0,72.82
1577,L48756,L,298.3,308.4,1490,41.7,170,0,0,0,0,0,0,L,1,10.099999999999966,62133.00000000001,high,0,0,78.36
1578,L48757,L,298.3,308.4,1484,43.4,172,0,0,0,0,0,0,L,1,10.099999999999966,64405.6,high,0,0,79.5
1579,L48758,L,298.3,308.4,1593,37.0,174,0,0,0,0,0,0,L,1,10.099999999999966,58941.0,high,0,0,79.02
1580,L48759,L,298.3,308.3,1444,43.8,176,0,0,0,0,0,0,L,1,10.0,63247.2,high,0,0,81.16
1581,M16440,M,298.3,308.4,1444,47.5,178,0,0,0,0,0,0,M,1,10.099999999999966,68590.0,high,0,0,82.72
1582,M16441,M,298.2,308.3,1560,33.0,181,0,0,0,0,0,0,M,1,10.100000000000023,51480.0,high,0,0,81.02
1583,H30996,H,298.1,308.3,1530,42.0,184,0,0,0,0,0,0,H,1,10.199999999999989,64260.0,high,0,0,84.04
1584,L48763,L,298.2,308.4,1310,61.0,189,1,0,0,0,1,0,L,1,10.199999999999989,79910.0,high,0,1,139.84
1585,M16444,M,298.2,308.3,1639,33.3,191,0,0,0,0,0,0,M,1,10.100000000000023,54578.7,high,0,0,85.08
1586,L48765,L,298.2,308.3,1400,48.7,194,0,0,0,0,0,0,L,1,10.100000000000023,68180.0,high,0,0,89.36
1587,M16446,M,298.3,308.4,1486,44.2,196,0,0,0,0,0,0,M,1,10.099999999999966,65681.2,high,0,0,89.26
1588,M16447,M,298.2,308.3,1448,43.3,199,0,0,0,0,0,0,M,1,10.100000000000023,62698.399999999994,high,0,0,90.28
1589,L48768,L,298.2,308.3,1688,32.0,202,0,0,0,0,0,0,L,1,10.100000000000023,54016.0,high,1,0,89.22
1590,M16449,M,298.1,308.3,1453,41.5,204,0,0,0,0,0,0,M,1,10.199999999999989,60299.5,high,1,0,91.94
1591,L48770,L,298.2,308.4,1497,37.7,207,0,0,0,0,0,0,L,1,10.199999999999989,56436.9,high,1,0,92.38
1592,L48771,L,298.2,308.4,1355,49.4,209,0,0,0,0,0,0,L,1,10.199999999999989,66937.0,high,1,0,95.52
1593,L48772,L,298.1,308.4,1592,38.2,211,0,0,0,0,0,0,L,1,10.299999999999955,60814.4,high,1,0,94.1
1594,L48773,L,298.0,308.3,1544,34.7,213,0,0,0,0,0,0,L,1,10.300000000000011,53576.8,high,1,0,94.2
1595,M16454,M,298.0,308.2,1373,51.2,215,0,0,0,0,0,0,M,1,10.199999999999989,70297.6,high,1,0,98.28
1596,L48775,L,298.0,308.2,1365,52.9,218,1,0,0,0,1,0,L,1,10.199999999999989,72208.5,high,1,1,149.82
1597,L48776,L,298.0,308.1,1877,24.3,0,0,0,0,0,0,0,L,1,10.100000000000023,45611.1,low,0,0,6.88
1598,L48777,L,297.9,308.1,1531,40.8,2,0,0,0,0,0,0,L,1,10.200000000000045,62464.799999999996,low,0,0,11.0
1599,L48778,L,297.9,308.0,1501,36.7,4,0,0,0,0,0,0,L,1,10.100000000000023,55086.700000000004,low,0,0,10.96
1600,L48779,L,297.9,308.0,1490,46.2,6,0,0,0,0,0,0,L,1,10.100000000000023,68838.0,low,0,0,13.66
1601,M16460,M,297.8,307.8,1543,43.7,8,0,0,0,0,0,0,M,1,10.0,67429.1,low,0,0,13.94
1602,L48781,L,297.8,307.8,1597,38.2,11,0,0,0,0,0,0,L,1,10.0,61005.4,low,0,0,14.04
1603,H31016,H,297.8,307.9,1600,33.5,13,0,0,0,0,0,0,H,1,10.099999999999966,53600.0,low,0,0,13.92
1604,M16463,M,297.8,307.8,1622,32.1,18,0,0,0,0,0,0,M,1,10.0,52066.200000000004,low,0,0,15.62
1605,L48784,L,297.8,307.8,1452,39.8,21,0,0,0,0,0,0,L,1,10.0,57789.6,low,0,0,18.36
1606,L48785,L,297.8,307.8,1396,42.5,23,0,0,0,0,0,0,L,1,10.0,59330.0,low,0,0,19.7
1607,L48786,L,297.8,307.7,1505,39.7,25,0,0,0,0,0,0,L,1,9.899999999999977,59748.50000000001,low,0,0,19.92
1608,L48787,L,297.8,307.8,1412,48.3,27,0,0,0,0,0,0,L,1,10.0,68199.59999999999,low,0,0,22.46
1609,L48788,L,297.8,307.7,1393,38.0,29,0,0,0,0,0,0,L,1,9.899999999999977,52934.0,low,0,0,21.18
1610,L48789,L,297.7,307.7,1581,34.9,31,0,0,0,0,0,0,L,1,10.0,55176.899999999994,low,0,0,21.38
1611,L48790,L,297.8,307.8,1573,37.9,33,0,0,0,0,0,0,L,1,10.0,59616.7,low,0,0,22.78
1612,M16471,M,297.8,307.9,1726,27.3,35,0,0,0,0,0,0,M,1,10.099999999999966,47119.8,low,0,0,21.48
1613,M16472,M,297.9,307.9,1540,39.8,38,0,0,0,0,0,0,M,1,10.0,61291.99999999999,low,0,0,25.16
1614,L48793,L,297.9,308.0,1296,62.9,41,0,0,0,0,0,0,L,1,10.100000000000023,81518.4,low,0,0,31.0
1615,M16474,M,297.8,307.9,1802,25.8,43,0,0,0,0,0,0,M,1,10.099999999999966,46491.6,low,0,0,24.38
1616,L48795,L,297.8,307.9,1447,48.6,46,0,0,0,0,0,0,L,1,10.099999999999966,70324.2,low,0,0,30.14
1617,H31030,H,297.8,307.8,1662,30.7,48,0,0,0,0,0,0,H,1,10.0,51023.4,low,0,0,27.34
1618,L48797,L,297.8,307.8,1563,34.3,53,0,0,0,0,0,0,L,1,10.0,53610.899999999994,mid,0,0,30.06
1619,L48798,L,297.9,307.8,1286,59.5,55,0,0,0,0,0,0,L,1,9.900000000000034,76517.0,mid,0,0,35.88
1620,L48799,L,297.9,307.7,1590,34.6,57,0,0,0,0,0,0,L,1,9.800000000000011,55014.0,mid,0,0,31.68
1621,L48800,L,297.9,307.7,1492,43.7,59,0,0,0,0,0,0,L,1,9.800000000000011,65200.4,mid,0,0,34.3
1622,L48801,L,297.7,307.6,1844,21.9,61,0,0,0,0,0,0,L,1,9.900000000000034,40383.6,mid,0,0,30.76
1623,H31036,H,297.7,307.6,1538,38.3,63,0,0,0,0,0,0,H,1,9.900000000000034,58905.399999999994,mid,0,0,34.84
1624,L48803,L,297.7,307.6,1921,22.9,68,0,0,0,0,0,0,L,1,9.900000000000034,43990.899999999994,mid,0,0,33.76
1625,M16484,M,297.8,307.8,1310,57.9,70,0,0,0,0,0,0,M,1,10.0,75849.0,mid,0,0,41.58
1626,L48805,L,297.9,307.8,1365,46.9,73,0,0,0,0,0,0,L,1,9.900000000000034,64018.5,mid,0,0,40.56
1627,M16486,M,297.9,307.8,1303,59.3,75,0,0,0,0,0,0,M,1,9.900000000000034,77267.9,mid,0,0,43.84
1628,L48807,L,297.9,307.8,1499,37.5,78,0,0,0,0,0,0,L,1,9.900000000000034,56212.5,mid,0,0,40.68
1629,L48808,L,297.9,307.8,1451,38.2,80,0,0,0,0,0,0,L,1,9.900000000000034,55428.200000000004,mid,0,0,41.62
1630,M16489,M,297.9,307.9,1336,54.4,82,0,0,0,0,0,0,M,1,10.0,72678.4,mid,0,0,45.68
1631,L48810,L,297.9,307.9,1412,44.5,85,0,0,0,0,0,0,L,1,10.0,62834.0,mid,0,0,44.9
1632,L48811,L,298.0,308.0,1433,39.2,87,0,0,0,0,0,0,L,1,10.0,56173.600000000006,mid,0,0,44.64
1633,L48812,L,297.9,307.9,1426,43.6,89,0,0,0,0,0,0,L,1,10.0,62173.6,mid,0,0,46.32
1634,L48813,L,297.9,307.9,1476,45.2,91,0,0,0,0,0,0,L,1,10.0,66715.2,mid,0,0,47.44
1635,H31048,H,297.9,307.9,1406,58.5,93,0,0,0,0,0,0,H,1,10.0,82251.0,mid,0,0,50.9
1636,L48815,L,297.8,307.8,1383,56.5,98,0,0,0,0,0,0,L,1,10.0,78139.5,mid,0,0,52.5
1637,L48816,L,297.9,307.8,1505,37.3,100,0,0,0,0,0,0,L,1,9.900000000000034,56136.49999999999,mid,0,0,49.44
1638,L48817,L,297.9,307.8,1665,33.9,102,0,0,0,0,0,0,L,1,9.900000000000034,56443.5,mid,0,0,49.56
1639,L48818,L,297.9,307.8,1397,45.0,104,0,0,0,0,0,0,L,1,9.900000000000034,62865.0,mid,0,0,52.58
1640,M16499,M,297.9,307.8,1450,43.5,106,0,0,0,0,0,0,M,1,9.900000000000034,63075.0,mid,0,0,53.08
1641,L48820,L,298.0,307.8,1567,36.4,109,0,0,0,0,0,0,L,1,9.800000000000011,57038.799999999996,mid,0,0,52.84
1642,M16501,M,298.0,308.0,1555,37.0,111,0,0,0,0,0,0,M,1,10.0,57535.0,mid,0,0,53.8
1643,H31056,H,298.0,307.8,1588,35.4,114,0,0,0,0,0,0,H,1,9.800000000000011,56215.2,mid,0,0,54.64
1644,L48823,L,298.0,307.8,1453,37.7,119,0,0,0,0,0,0,L,1,9.800000000000011,54778.100000000006,mid,0,0,57.1
1645,L48824,L,298.0,307.8,1622,33.3,121,0,0,0,0,0,0,L,1,9.800000000000011,54012.6,mid,0,0,57.02
1646,L48825,L,297.9,307.8,1538,38.5,123,0,0,0,0,0,0,L,1,9.900000000000034,59213.0,mid,0,0,58.88
1647,M16506,M,297.9,307.7,1527,42.8,125,0,0,0,0,0,0,M,1,9.800000000000011,65355.6,mid,0,0,60.52
1648,L48827,L,297.8,307.8,1761,28.9,128,0,0,0,0,0,0,L,1,10.0,50892.899999999994,mid,0,0,58.98
1649,L48828,L,297.9,307.8,1373,50.2,130,0,0,0,0,0,0,L,1,9.900000000000034,68924.6,mid,0,0,64.02
1650,H31063,H,298.0,307.9,1482,37.8,132,0,0,0,0,0,0,H,1,9.899999999999977,56019.6,mid,0,0,62.34
1651,M16510,M,298.0,307.9,1417,51.0,137,0,0,0,0,0,0,M,1,9.899999999999977,72267.0,mid,0,0,66.98
1652,L48831,L,298.0,307.8,1414,51.7,140,0,0,0,0,0,0,L,1,9.800000000000011,73103.8,mid,0,0,68.3
1653,H31066,H,297.9,307.8,1635,34.0,142,0,0,0,0,0,0,H,1,9.900000000000034,55590.0,mid,0,0,65.58
1654,L48833,L,298.0,307.8,1386,57.3,147,0,0,0,0,0,0,L,1,9.800000000000011,79417.8,mid,0,0,72.22
1655,L48834,L,298.2,308.1,1379,62.3,149,0,0,0,0,0,0,L,1,9.900000000000034,85911.7,mid,0,0,74.04
1656,M16515,M,298.2,308.0,1577,35.9,151,0,0,0,0,0,0,M,1,9.800000000000011,56614.299999999996,high,0,0,69.54
1657,L48836,L,298.2,308.1,1532,42.5,154,0,0,0,0,0,0,L,1,9.900000000000034,65110.0,high,0,0,72.08
1658,M16517,M,298.1,308.0,1374,48.8,156,0,0,0,0,0,0,M,1,9.899999999999977,67051.2,high,0,0,74.14
1659,H31072,H,298.1,308.0,1570,35.3,159,0,0,0,0,0,0,H,1,9.899999999999977,55420.99999999999,high,0,0,72.64
1660,L48839,L,298.1,308.0,1697,31.0,164,0,0,0,0,0,0,L,1,9.899999999999977,52607.0,high,0,0,73.78
1661,L48840,L,298.2,308.0,1499,44.1,166,0,0,0,0,0,0,L,1,9.800000000000011,66105.90000000001,high,0,0,77.18
1662,M16521,M,298.2,308.0,1411,47.2,168,0,0,0,0,0,0,M,1,9.800000000000011,66599.2,high,0,0,78.6
1663,H31076,H,298.2,307.9,1462,45.5,171,0,0,0,0,0,0,H,1,9.699999999999989,66521.0,high,0,0,79.44
1664,M16523,M,298.1,307.9,1759,28.6,176,0,0,0,0,0,0,M,1,9.799999999999955,50307.4,high,0,0,78.08
1665,L48844,L,298.2,308.0,1535,38.0,179,0,0,0,0,0,0,L,1,9.800000000000011,58330.0,high,0,0,81.16
1666,H31079,H,298.2,307.9,1491,39.7,181,0,0,0,0,0,0,H,1,9.699999999999989,59192.700000000004,high,0,0,82.28
1667,L48846,L,298.2,307.9,1551,36.0,186,0,0,0,0,0,0,L,1,9.699999999999989,55836.0,high,0,0,83.54
1668,L48847,L,298.2,307.9,1769,27.2,188,0,0,0,0,0,0,L,1,9.699999999999989,48116.799999999996,high,0,0,82.58
1669,L48848,L,298.2,307.9,1551,34.1,190,0,0,0,0,0,0,L,1,9.699999999999989,52889.100000000006,high,0,0,84.76
1670,L48849,L,298.2,307.9,1544,31.4,192,0,0,0,0,0,0,L,1,9.699999999999989,48481.6,high,0,0,85.02
1671,L48850,L,298.2,307.8,1528,31.1,194,0,0,0,0,0,0,L,1,9.600000000000023,47520.8,high,0,0,85.74
1672,L48851,L,298.1,307.9,1614,35.8,196,0,0,0,0,0,0,L,1,9.799999999999955,57781.2,high,0,0,87.52
1673,L48852,L,298.1,307.8,1432,49.8,198,0,0,0,0,0,0,L,1,9.699999999999989,71313.59999999999,high,0,0,91.1
1674,M16533,M,298.1,307.8,1384,43.7,200,0,0,0,0,0,0,M,1,9.699999999999989,60480.8,high,1,0,90.68
1675,L48854,L,298.1,307.8,1540,37.8,203,0,0,0,0,0,0,L,1,9.699999999999989,58211.99999999999,high,1,0,90.7
1676,L48855,L,298.0,307.7,1407,43.9,205,0,0,0,0,0,0,L,1,9.699999999999989,61767.299999999996,high,1,0,92.72
1677,H31090,H,297.9,307.6,1418,43.0,207,0,0,0,0,0,0,H,1,9.700000000000045,60974.0,high,1,0,93.34
1678,M16537,M,297.9,307.5,1647,30.8,212,0,0,0,0,0,0,M,1,9.600000000000023,50727.6,high,1,0,92.88
1679,L48858,L,298.0,307.5,1644,32.8,215,0,0,0,0,0,0,L,1,9.5,53923.2,high,1,0,94.46
1680,L48859,L,298.0,307.5,1792,27.9,217,0,0,0,0,0,0,L,1,9.5,49996.799999999996,high,1,0,94.28
1681,M16540,M,297.9,307.4,1610,34.6,219,0,0,0,0,0,0,M,1,9.5,55706.0,high,1,0,96.42
1682,M16541,M,297.8,307.3,1804,26.0,222,0,0,0,0,0,0,M,1,9.5,46904.0,high,1,0,95.9
1683,H31096,H,297.9,307.4,1604,36.1,225,1,1,0,0,0,0,H,1,9.5,57904.4,high,1,1,149.12
1684,M16543,M,297.9,307.4,1403,52.8,0,0,0,0,0,0,0,M,1,9.5,74078.4,low,0,0,12.46
1685,L48864,L,297.8,307.3,1438,44.5,3,0,0,0,0,0,0,L,1,9.5,63991.0,low,0,0,12.0
1686,L48865,L,297.9,307.3,1824,26.3,5,0,0,0,0,0,0,L,1,9.400000000000034,47971.200000000004,low,0,0,9.14
1687,H31100,H,297.9,307.3,1663,28.7,7,0,0,0,0,0,0,H,1,9.400000000000034,47728.1,low,0,0,10.42
1688,L48867,L,297.9,307.3,1502,36.7,12,0,0,0,0,0,0,L,1,9.400000000000034,55123.4,low,0,0,14.02
1689,L48868,L,297.9,307.4,1606,35.5,14,0,0,0,0,0,0,L,1,9.5,57013.0,low,0,0,14.6
1690,L48869,L,297.9,307.5,1561,37.7,16,0,0,0,0,0,0,L,1,9.600000000000023,58849.700000000004,low,0,0,15.86
1691,M16550,M,297.9,307.4,1435,42.9,18,0,0,0,0,0,0,M,1,9.5,61561.5,low,0,0,17.68
1692,L48871,L,297.9,307.5,1602,38.3,21,0,0,0,0,0,0,L,1,9.600000000000023,61356.6,low,0,0,17.98
1693,M16552,M,298.1,307.6,1764,27.7,23,0,0,0,0,0,0,M,1,9.5,48862.799999999996,low,0,0,16.64
1694,H31107,H,298.0,307.5,1683,27.8,26,0,0,0,0,0,0,H,1,9.5,46787.4,low,0,0,17.86
1695,L48874,L,298.0,307.5,1618,35.2,31,0,0,0,0,0,0,L,1,9.5,56953.600000000006,low,0,0,21.34
1696,L48875,L,298.0,307.6,1509,41.6,33,0,0,0,0,0,0,L,1,9.600000000000023,62774.4,low,0,0,23.44
1697,L48876,L,297.9,307.6,1550,39.0,35,0,0,0,0,0,0,L,1,9.700000000000045,60450.0,low,0,0,23.74
1698,M16557,M,297.9,307.6,1519,44.0,37,0,0,0,0,0,0,M,1,9.700000000000045,66836.0,low,0,0,25.54
1699,L48878,L,297.9,307.6,1481,38.0,40,0,0,0,0,0,0,L,1,9.700000000000045,56278.0,low,0,0,25.54
1700,L48879,L,298.1,307.7,1289,48.3,42,0,0,0,0,0,0,L,1,9.599999999999966,62258.7,low,0,0,28.38
1701,M16560,M,298.0,307.6,1844,23.8,44,0,0,0,0,0,0,M,1,9.600000000000023,43887.200000000004,low,0,0,24.28
1702,L48881,L,298.0,307.7,1479,42.5,47,0,0,0,0,0,0,L,1,9.699999999999989,62857.5,low,0,0,29.24
1703,L48882,L,298.0,307.7,1430,47.3,49,0,0,0,0,0,0,L,1,9.699999999999989,67639.0,low,0,0,31.0
1704,M16563,M,298.1,307.8,1636,36.7,51,0,0,0,0,0,0,M,1,9.699999999999989,60041.200000000004,mid,0,0,29.68
1705,M16564,M,298.1,307.8,1503,44.7,54,0,0,0,0,0,0,M,1,9.699999999999989,67184.1,mid,0,0,32.48
1706,M16565,M,298.1,307.8,1608,32.6,57,0,0,0,0,0,0,M,1,9.699999999999989,52420.8,mid,0,0,31.26
1707,L48886,L,298.2,307.8,1521,42.9,60,0,0,0,0,0,0,L,1,9.600000000000023,65250.9,mid,0,0,34.5
1708,L48887,L,298.2,307.8,1439,41.6,62,0,0,0,0,0,0,L,1,9.600000000000023,59862.4,mid,0,0,35.04
1709,L48888,L,298.2,307.8,1627,31.5,64,0,0,0,0,0,0,L,1,9.600000000000023,51250.5,mid,0,0,33.82
1710,L48889,L,298.2,307.8,1749,26.1,66,0,0,0,0,0,0,L,1,9.600000000000023,45648.9,mid,0,0,33.54
1711,L48890,L,298.2,307.8,1530,35.9,68,0,0,0,0,0,0,L,1,9.600000000000023,54927.0,mid,0,0,36.3
1712,L48891,L,298.2,307.8,1355,51.3,70,0,0,0,0,0,0,L,1,9.600000000000023,69511.5,mid,0,0,40.18
1713,L48892,L,298.3,307.9,1551,33.8,72,0,0,0,0,0,0,L,1,9.599999999999966,52423.799999999996,mid,0,0,37.48
1714,L48893,L,298.2,307.8,1515,46.7,74,0,0,0,0,0,0,L,1,9.600000000000023,70750.5,mid,0,0,40.86
1715,L48894,L,298.2,307.8,1388,48.6,76,0,0,0,0,0,0,L,1,9.600000000000023,67456.8,mid,0,0,42.04
1716,L48895,L,298.2,307.8,1585,34.6,78,0,0,0,0,0,0,L,1,9.600000000000023,54841.0,mid,0,0,40.04
1717,L48896,L,298.1,307.7,1523,37.7,80,0,0,0,0,0,0,L,1,9.599999999999966,57417.100000000006,mid,0,0,41.46
1718,L48897,L,298.2,307.6,1369,54.5,82,0,0,0,0,0,0,L,1,9.400000000000034,74610.5,mid,0,0,45.58
1719,M16578,M,298.2,307.7,1681,31.0,84,0,0,0,0,0,0,M,1,9.5,52111.0,mid,0,0,41.7
1720,L48899,L,298.2,307.7,1503,38.3,87,0,0,0,0,0,0,L,1,9.5,57564.899999999994,mid,0,0,44.36
1721,L48900,L,298.2,307.7,1459,44.5,89,0,0,0,0,0,0,L,1,9.5,64925.5,mid,0,0,46.4
1722,L48901,L,298.2,307.7,1688,32.4,91,0,0,0,0,0,0,L,1,9.5,54691.2,mid,0,0,44.78
1723,M16582,M,298.2,307.7,1952,21.6,93,0,0,0,0,0,0,M,1,9.5,42163.200000000004,mid,0,0,43.42
1724,L48903,L,298.2,307.8,2029,19.9,96,0,0,0,0,0,0,L,1,9.600000000000023,40377.1,mid,0,0,44.3
1725,M16584,M,298.3,307.8,1457,52.5,98,0,0,0,0,0,0,M,1,9.5,76492.5,mid,0,0,51.6
1726,M16585,M,298.3,307.8,1392,50.4,101,0,0,0,0,0,0,M,1,9.5,70156.8,mid,0,0,52.38
1727,L48906,L,298.3,307.8,1906,22.1,104,0,0,0,0,0,0,L,1,9.5,42122.600000000006,mid,0,0,47.92
1728,M16587,M,298.3,307.7,1602,33.4,106,0,0,0,0,0,0,M,1,9.399999999999977,53506.799999999996,mid,0,0,50.96
1729,L48908,L,298.3,307.7,1465,49.4,109,0,0,0,0,0,0,L,1,9.399999999999977,72371.0,mid,0,0,55.36
1730,M16589,M,298.3,307.7,1439,43.8,111,0,0,0,0,0,0,M,1,9.399999999999977,63028.2,mid,0,0,55.04
1731,M16590,M,298.3,307.8,1330,55.4,114,0,0,0,0,0,0,M,1,9.5,73682.0,mid,0,0,58.58
1732,M16591,M,298.3,307.9,1485,42.0,117,0,0,0,0,0,0,M,1,9.599999999999966,62370.0,mid,0,0,57.12
1733,H31146,H,298.4,307.9,1700,28.2,120,0,0,0,0,0,0,H,1,9.5,47940.0,mid,0,0,55.54
1734,L48913,L,298.4,308.0,1515,42.8,125,0,0,0,0,0,0,L,1,9.600000000000023,64841.99999999999,mid,0,0,60.48
1735,M16594,M,298.5,308.1,1501,39.2,127,0,0,0,0,0,0,M,1,9.600000000000023,58839.200000000004,mid,0,0,60.56
1736,L48915,L,298.4,308.0,1380,47.6,130,0,0,0,0,0,0,L,1,9.600000000000023,65688.0,mid,0,0,63.44
1737,L48916,L,298.4,307.9,1544,35.9,132,0,0,0,0,0,0,L,1,9.5,55429.6,mid,0,0,61.88
1738,L48917,L,298.4,307.9,1743,27.3,134,0,0,0,0,0,0,L,1,9.5,47583.9,mid,0,0,60.96
1739,H31152,H,298.4,307.9,1948,21.4,136,0,0,0,0,0,0,H,1,9.5,41687.2,mid,0,0,60.58
1740,H31153,H,298.5,307.9,1260,54.2,141,0,0,0,0,0,0,H,1,9.399999999999977,68292.0,mid,0,0,69.12
1741,M16600,M,298.5,307.9,1640,33.1,146,0,0,0,0,0,0,M,1,9.399999999999977,54284.0,mid,0,0,66.9
1742,M16601,M,298.5,308.0,1363,49.2,149,0,0,0,0,0,0,M,1,9.5,67059.6,mid,0,0,71.34
1743,L48922,L,298.5,308.0,1379,49.6,152,0,0,0,0,0,0,L,1,9.5,68398.40000000001,high,0,0,72.62
1744,M16603,M,298.5,308.0,1713,25.8,154,0,0,0,0,0,0,M,1,9.5,44195.4,high,0,0,68.66
1745,M16604,M,298.5,308.0,1461,51.9,157,0,0,0,0,0,0,M,1,9.5,75825.9,high,0,0,75.08
1746,L48925,L,298.5,308.0,1624,29.8,160,0,0,0,0,0,0,L,1,9.5,48395.200000000004,high,0,0,71.86
1747,L48926,L,298.4,308.0,1526,41.1,162,0,0,0,0,0,0,L,1,9.600000000000023,62718.6,high,0,0,74.94
1748,L48927,L,298.4,307.9,2381,14.2,164,0,0,0,0,0,0,L,1,9.5,33810.2,high,0,0,70.34
1749,H31162,H,298.4,307.7,1626,31.1,166,0,0,0,0,0,1,H,1,9.300000000000011,50568.600000000006,high,0,1,74.48
1750,L48929,L,298.3,307.7,1576,33.8,171,0,0,0,0,0,0,L,1,9.399999999999977,53268.799999999996,high,0,0,77.04
1751,M16610,M,298.4,307.8,1617,31.6,173,0,0,0,0,0,0,M,1,9.400000000000034,51097.200000000004,high,0,0,77.4
1752,L48931,L,298.3,307.6,1942,20.6,176,0,0,0,0,0,0,L,1,9.300000000000011,40005.200000000004,high,0,0,76.38
1753,L48932,L,298.2,307.6,1492,37.2,178,0,0,0,0,0,0,L,1,9.400000000000034,55502.4,high,0,0,80.52
1754,L48933,L,298.2,307.5,1470,51.3,180,0,0,0,0,0,0,L,1,9.300000000000011,75411.0,high,0,0,84.12
1755,M16614,M,298.0,307.4,1463,46.5,182,0,0,0,0,0,0,M,1,9.399999999999977,68029.5,high,0,0,83.98
1756,L48935,L,298.0,307.3,1424,46.5,185,0,0,0,0,0,0,L,1,9.300000000000011,66216.0,high,0,0,85.16
1757,M16616,M,298.1,307.4,1363,60.1,187,0,0,0,0,0,0,M,1,9.299999999999955,81916.3,high,0,0,88.68
1758,M16617,M,298.1,307.4,1335,56.2,190,0,0,0,0,0,0,M,1,9.299999999999955,75027.0,high,0,0,89.1
1759,L48938,L,298.1,307.4,1608,33.9,193,0,0,0,0,0,0,L,1,9.299999999999955,54511.2,high,0,0,85.84
1760,H31173,H,298.0,307.4,1606,35.2,195,0,0,0,0,0,0,H,1,9.399999999999977,56531.200000000004,high,0,0,86.92
1761,L48940,L,298.1,307.5,1684,33.1,200,0,0,0,0,0,0,L,1,9.399999999999977,55740.4,high,1,0,88.5
1762,L48941,L,298.1,307.6,1950,20.3,202,0,0,0,0,0,0,L,1,9.5,39585.0,high,1,0,86.76
1763,H31176,H,298.2,307.6,1460,48.6,204,0,0,0,0,0,0,H,1,9.400000000000034,70956.0,high,1,0,93.2
1764,L48943,L,298.2,307.6,1511,31.0,209,1,1,0,0,0,0,L,1,9.400000000000034,46841.0,high,1,1,141.68
1765,H31178,H,298.2,307.6,1318,55.7,0,0,0,0,0,0,0,H,1,9.400000000000034,73412.6,low,0,0,13.02
1766,L48945,L,298.2,307.6,1368,51.8,5,0,0,0,0,0,0,L,1,9.400000000000034,70862.4,low,0,0,14.24
1767,M16626,M,298.3,307.7,1717,27.1,7,0,0,0,0,0,0,M,1,9.399999999999977,46530.700000000004,low,0,0,10.1
1768,M16627,M,298.3,307.7,1520,41.4,10,0,0,0,0,0,0,M,1,9.399999999999977,62928.0,low,0,0,14.16
1769,M16628,M,298.3,307.8,1485,42.0,13,0,0,0,0,0,0,M,1,9.5,62370.0,low,0,0,15.5
1770,L48949,L,298.4,307.9,1981,23.2,16,0,0,0,0,0,0,L,1,9.5,45959.2,low,0,0,12.94
1771,H31184,H,298.4,307.9,1605,31.0,18,0,0,0,0,0,0,H,1,9.5,49755.0,low,0,0,15.3
1772,L48951,L,298.4,307.9,1446,45.3,23,0,0,0,0,0,0,L,1,9.5,65503.799999999996,low,0,0,20.16
1773,L48952,L,298.4,308.0,1508,47.9,25,0,0,0,0,0,0,L,1,9.600000000000023,72233.2,low,0,0,21.5
1774,L48953,L,298.5,308.0,1384,59.5,27,0,0,0,0,0,0,L,1,9.5,82348.0,low,0,0,24.6
1775,M16634,M,298.5,308.0,1519,37.3,29,0,0,0,0,0,0,M,1,9.5,56658.7,low,0,0,20.96
1776,L48955,L,298.5,308.0,1404,48.1,32,0,0,0,0,0,0,L,1,9.5,67532.40000000001,low,0,0,24.32
1777,L48956,L,298.5,308.1,1564,31.1,34,0,0,0,0,0,0,L,1,9.600000000000023,48640.4,low,0,0,21.74
1778,H31191,H,298.6,308.2,1555,36.8,36,0,0,0,0,0,0,H,1,9.599999999999966,57223.99999999999,low,0,0,23.68
1779,L48958,L,298.6,308.2,1325,54.0,41,0,0,0,0,0,0,L,1,9.599999999999966,71550.0,low,0,0,29.12
1780,M16639,M,298.6,308.2,1488,44.0,43,0,0,0,0,0,0,M,1,9.599999999999966,65472.0,low,0,0,27.92
1781,L48960,L,298.5,308.2,1595,32.3,46,0,0,0,0,0,0,L,1,9.699999999999989,51518.49999999999,low,0,0,26.8
1782,L48961,L,298.5,308.1,1662,28.6,48,0,0,0,0,0,0,L,1,9.600000000000023,47533.200000000004,low,0,0,26.84
1783,L48962,L,298.4,308.0,1571,37.4,50,0,0,0,0,0,0,L,1,9.600000000000023,58755.399999999994,low,0,0,29.4
1784,H31197,H,298.3,308.0,1553,41.0,52,0,0,0,0,0,0,H,1,9.699999999999989,63673.0,mid,0,0,30.94
1785,L48964,L,298.3,308.0,2886,3.8,57,1,0,0,1,0,0,L,1,9.699999999999989,10966.8,mid,0,1,75.5
1786,L48965,L,298.2,308.0,1538,38.2,59,0,0,0,0,0,0,L,1,9.800000000000011,58751.600000000006,mid,0,0,33.2
1787,L48966,L,298.4,308.2,1618,33.0,61,0,0,0,0,0,0,L,1,9.800000000000011,53394.0,mid,0,0,32.96
1788,L48967,L,298.4,308.2,1364,45.9,63,0,0,0,0,0,0,L,1,9.800000000000011,62607.6,mid,0,0,36.34
1789,L48968,L,298.3,308.0,1442,47.3,65,0,0,0,0,0,0,L,1,9.699999999999989,68206.59999999999,mid,0,0,37.4
1790,L48969,L,298.2,307.9,1313,67.3,67,1,0,0,1,0,0,L,1,9.699999999999989,88364.9,mid,0,1,92.2
1791,L48970,L,298.2,307.9,1847,23.6,69,0,0,0,0,0,0,L,1,9.699999999999989,43589.200000000004,mid,0,0,34.26
1792,L48971,L,298.1,307.8,1524,40.8,71,0,0,0,0,0,0,L,1,9.699999999999989,62179.2,mid,0,0,38.5
1793,M16652,M,298.1,307.7,1445,48.0,73,0,0,0,0,0,0,M,1,9.599999999999966,69360.0,mid,0,0,40.72
1794,L48973,L,298.1,307.8,1761,28.2,76,0,0,0,0,0,0,L,1,9.699999999999989,49660.2,mid,0,0,37.98
1795,M16654,M,298.1,307.8,1514,43.5,78,0,0,0,0,0,0,M,1,9.699999999999989,65859.0,mid,0,0,41.84
1796,M16655,M,298.1,307.7,1498,38.3,81,0,0,0,0,0,0,M,1,9.599999999999966,57373.399999999994,mid,0,0,41.98
1797,H31210,H,298.1,307.6,1542,37.1,84,0,0,0,0,0,0,H,1,9.5,57208.200000000004,mid,0,0,42.92
1798,M16657,M,298.0,307.6,1508,41.8,89,0,0,0,0,0,0,M,1,9.600000000000023,63034.399999999994,mid,0,0,45.88
1799,M16658,M,298.0,307.5,1431,52.9,92,0,0,0,0,0,0,M,1,9.5,75699.9,mid,0,0,49.28
1800,M16659,M,298.0,307.5,1427,45.1,95,0,0,0,0,0,0,M,1,9.5,64357.700000000004,mid,0,0,48.92
1801,M16660,M,298.0,307.5,1524,36.3,98,0,0,0,0,0,0,M,1,9.5,55321.2,mid,0,0,48.36
1802,M16661,M,298.0,307.5,1427,43.6,101,0,0,0,0,0,0,M,1,9.5,62217.200000000004,mid,0,0,51.02
1803,H31216,H,298.1,307.6,1496,44.1,104,0,0,0,0,0,0,H,1,9.5,65973.6,mid,0,0,52.32
1804,L48983,L,298.1,307.7,1388,40.3,109,0,0,0,0,0,0,L,1,9.599999999999966,55936.399999999994,mid,0,0,53.58
1805,L48984,L,298.1,307.7,1495,48.1,111,0,0,0,0,0,0,L,1,9.599999999999966,71909.5,mid,0,0,55.94
1806,H31219,H,298.1,307.7,1376,56.2,113,0,0,0,0,0,0,H,1,9.599999999999966,77331.2,mid,0,0,58.36
1807,H31220,H,298.0,307.6,1593,32.2,118,0,0,0,0,0,0,H,1,9.600000000000023,51294.600000000006,mid,0,0,55.56
1808,L48987,L,298.0,307.6,1654,28.9,123,0,0,0,0,0,0,L,1,9.600000000000023,47800.6,mid,0,0,56.9
1809,L48988,L,298.1,307.7,2567,12.8,125,1,0,0,1,0,0,L,1,9.599999999999966,32857.6,mid,0,1,104.48
1810,L48989,L,298.1,307.7,1767,27.0,127,0,0,0,0,0,0,L,1,9.599999999999966,47709.0,mid,0,0,58.12
1811,L48990,L,298.1,307.6,1364,53.8,129,0,0,0,0,0,0,L,1,9.5,73383.2,mid,0,0,64.26
1812,M16671,M,298.1,307.8,1569,31.2,131,0,0,0,0,0,0,M,1,9.699999999999989,48952.799999999996,mid,0,0,60.58
1813,L48992,L,298.2,307.8,1476,36.8,134,0,0,0,0,0,0,L,1,9.600000000000023,54316.799999999996,mid,0,0,62.88
1814,L48993,L,298.1,307.7,1479,45.0,136,0,0,0,0,0,0,L,1,9.599999999999966,66555.0,mid,0,0,65.32
1815,L48994,L,298.1,307.7,1650,34.1,138,0,0,0,0,0,0,L,1,9.599999999999966,56265.0,mid,0,0,63.94
1816,M16675,M,298.1,307.6,1565,36.3,140,0,0,0,0,0,0,M,1,9.5,56809.49999999999,mid,0,0,65.16
1817,L48996,L,298.1,307.6,1460,46.5,143,0,0,0,0,0,0,L,1,9.5,67890.0,mid,0,0,68.4
1818,L48997,L,298.1,307.7,1664,27.6,145,0,0,0,0,0,0,L,1,9.599999999999966,45926.4,mid,0,0,65.44
1819,M16678,M,298.1,307.7,1435,40.9,147,0,0,0,0,0,0,M,1,9.599999999999966,58691.5,mid,0,0,68.9
1820,M16679,M,298.1,307.6,2066,19.2,150,0,0,0,0,0,0,M,1,9.5,39667.2,mid,0,0,65.74
1821,L49000,L,298.1,307.5,1493,43.7,153,0,0,0,0,0,0,L,1,9.399999999999977,65244.100000000006,high,0,0,71.82
1822,L49001,L,298.1,307.6,1354,43.3,155,0,0,0,0,0,0,L,1,9.5,58628.2,high,0,0,72.56
1823,L49002,L,298.1,307.6,1488,39.4,157,0,0,0,0,0,0,L,1,9.5,58627.2,high,0,0,72.58
1824,L49003,L,298.1,307.7,1414,48.7,159,0,0,0,0,0,0,L,1,9.599999999999966,68861.8,high,0,0,75.26
1825,L49004,L,298.1,307.5,1391,57.4,161,0,0,0,0,0,0,L,1,9.399999999999977,79843.4,high,0,0,77.76
1826,M16685,M,298.0,307.5,1784,27.8,163,0,0,0,0,0,0,M,1,9.5,49595.200000000004,high,0,0,72.66
1827,H31240,H,297.8,307.3,1516,40.1,166,0,0,0,0,0,0,H,1,9.5,60791.6,high,0,0,76.32
1828,M16687,M,297.9,307.3,1420,47.8,171,0,0,0,0,0,0,M,1,9.400000000000034,67876.0,high,0,0,79.84
1829,L49008,L,297.8,307.2,1351,56.3,174,0,0,0,0,0,0,L,1,9.399999999999977,76061.3,high,0,0,82.74
1830,L49009,L,297.8,307.2,1880,23.0,176,0,0,0,0,0,0,L,1,9.399999999999977,43240.0,high,0,0,76.88
1831,L49010,L,297.8,307.3,1859,24.0,178,0,0,0,0,0,0,L,1,9.5,44616.0,high,0,0,77.9
1832,M16691,M,297.8,307.3,1315,54.0,180,0,0,0,0,0,0,M,1,9.5,71010.0,high,0,0,84.7
1833,M16692,M,297.8,307.4,1330,51.7,183,0,0,0,0,0,0,M,1,9.599999999999966,68761.0,high,0,0,85.46
1834,L49013,L,297.8,307.3,1327,61.0,186,1,0,0,0,1,0,L,1,9.5,80947.0,high,0,1,138.5
1835,L49014,L,297.8,307.2,1498,38.1,188,0,0,0,0,0,0,L,1,9.399999999999977,57073.8,high,0,0,84.7
1836,H31249,H,297.8,307.3,1555,35.8,190,0,0,0,0,0,0,H,1,9.5,55668.99999999999,high,0,0,85.06
1837,L49016,L,297.7,307.2,1518,35.8,195,0,0,0,0,0,0,L,1,9.5,54344.399999999994,high,0,0,87.06
1838,L49017,L,297.7,307.2,1392,43.0,197,0,0,0,0,0,0,L,1,9.5,59856.0,high,0,0,89.3
1839,M16698,M,297.8,307.2,1456,39.6,199,0,0,0,0,0,0,M,1,9.399999999999977,57657.6,high,0,0,89.4
1840,L49019,L,297.7,307.1,1715,30.2,0,0,0,0,0,0,0,L,1,9.400000000000034,51793.0,low,0,0,7.92
1841,M16700,M,297.7,307.2,1405,43.7,2,0,0,0,0,0,0,M,1,9.5,61398.50000000001,low,0,0,11.44
1842,L49021,L,297.7,307.2,1668,37.8,5,0,0,0,0,0,0,L,1,9.5,63050.399999999994,low,0,0,11.46
1843,H31256,H,297.7,307.1,1855,22.5,7,0,0,0,0,0,0,H,1,9.400000000000034,41737.5,low,0,0,9.18
1844,L49023,L,297.6,307.1,1496,39.2,12,0,0,0,0,0,0,L,1,9.5,58643.200000000004,low,0,0,14.54
1845,M16704,M,297.6,307.1,1471,44.9,14,0,0,0,0,0,0,M,1,9.5,66047.9,low,0,0,16.48
1846,L49025,L,297.7,307.2,1444,40.0,17,0,0,0,0,0,0,L,1,9.5,57760.0,low,0,0,16.7
1847,H31260,H,297.7,307.3,1514,38.6,19,0,0,0,0,0,0,H,1,9.600000000000023,58440.4,low,0,0,17.24
1848,L49027,L,297.8,307.3,1412,50.7,24,0,0,0,0,0,0,L,1,9.5,71588.40000000001,low,0,0,21.64
1849,H31262,H,297.7,307.2,1429,44.1,26,0,0,0,0,0,0,H,1,9.5,63018.9,low,0,0,21.12
1850,L49029,L,297.7,307.2,1668,32.7,31,0,0,0,0,0,0,L,1,9.5,54543.600000000006,low,0,0,20.84
1851,M16710,M,297.7,307.2,1372,52.8,33,0,0,0,0,0,0,M,1,9.5,72441.59999999999,low,0,0,25.66
1852,M16711,M,297.7,307.3,1365,49.2,36,0,0,0,0,0,0,M,1,9.600000000000023,67158.0,low,0,0,26.16
1853,M16712,M,297.6,307.1,1526,39.1,39,0,0,0,0,0,0,M,1,9.5,59666.6,low,0,0,25.32
1854,L49033,L,297.6,307.2,1486,40.6,42,0,0,0,0,0,0,L,1,9.599999999999966,60331.6,low,0,0,26.84
1855,M16714,M,297.6,307.2,1470,42.6,44,0,0,0,0,0,0,M,1,9.599999999999966,62622.0,low,0,0,28.04
1856,H31269,H,297.7,307.3,1249,62.8,47,0,0,0,0,0,0,H,1,9.600000000000023,78437.2,low,0,0,33.28
1857,M16716,M,297.8,307.4,1752,26.1,52,0,0,0,0,0,0,M,1,9.599999999999966,45727.200000000004,mid,0,0,27.94
1858,L49037,L,297.7,307.4,1643,36.5,55,0,0,0,0,0,0,L,1,9.699999999999989,59969.5,mid,0,0,31.24
1859,M16718,M,297.8,307.4,1488,36.1,57,0,0,0,0,0,0,M,1,9.599999999999966,53716.8,mid,0,0,31.94
1860,L49039,L,297.8,307.4,1355,45.8,60,0,0,0,0,0,0,L,1,9.599999999999966,62058.99999999999,mid,0,0,35.08
1861,L49040,L,297.8,307.6,1607,30.3,62,0,0,0,0,0,0,L,1,9.800000000000011,48692.1,mid,0,0,32.82
1862,M16721,M,297.9,307.6,1609,30.3,64,0,0,0,0,0,0,M,1,9.700000000000045,48752.700000000004,mid,0,0,33.6
1863,L49042,L,297.9,307.7,1517,44.4,67,0,0,0,0,0,0,L,1,9.800000000000011,67354.8,mid,0,0,37.64
1864,M16723,M,297.9,307.7,1517,39.5,69,0,0,0,0,0,0,M,1,9.800000000000011,59921.5,mid,0,0,37.46
1865,L49044,L,297.9,307.7,1546,37.6,72,0,0,0,0,0,0,L,1,9.800000000000011,58129.600000000006,mid,0,0,38.28
1866,L49045,L,297.9,307.7,1567,34.7,74,0,0,0,0,0,0,L,1,9.800000000000011,54374.9,mid,0,0,38.5
1867,M16726,M,298.1,307.9,1662,28.9,76,0,0,0,0,0,0,M,1,9.799999999999955,48031.799999999996,mid,0,0,38.14
1868,L49047,L,298.1,307.9,1502,41.8,79,0,0,0,0,0,0,L,1,9.799999999999955,62783.6,mid,0,0,41.92
1869,L49048,L,298.3,308.0,1361,56.9,81,0,0,0,0,0,0,L,1,9.699999999999989,77440.9,mid,0,0,45.72
1870,M16729,M,298.3,308.1,1630,32.7,83,0,0,0,0,0,0,M,1,9.800000000000011,53301.00000000001,mid,0,0,41.7
1871,L49050,L,298.3,308.0,1486,42.3,86,0,0,0,0,0,0,L,1,9.699999999999989,62857.799999999996,mid,0,0,44.8
1872,L49051,L,298.3,308.1,1840,21.5,88,0,0,0,0,0,0,L,1,9.800000000000011,39560.0,mid,0,0,41.46
1873,L49052,L,298.3,308.1,1326,58.4,90,0,0,0,0,0,0,L,1,9.800000000000011,77438.4,mid,0,0,49.64
1874,L49053,L,298.4,308.1,1367,57.8,92,0,0,0,0,0,0,L,1,9.700000000000045,79012.59999999999,mid,0,0,50.3
1875,L49054,L,298.4,308.1,1598,32.7,94,0,0,0,0,0,0,L,1,9.700000000000045,52254.600000000006,mid,0,0,46.08
1876,L49055,L,298.3,308.0,1363,50.1,96,0,0,0,0,0,0,L,1,9.699999999999989,68286.3,mid,0,0,50.36
1877,L49056,L,298.3,308.0,1242,62.0,98,0,0,0,0,0,0,L,1,9.699999999999989,77004.0,mid,0,0,53.54
1878,M16737,M,298.2,307.8,1566,33.8,100,0,0,0,0,0,0,M,1,9.600000000000023,52930.799999999996,mid,0,0,48.68
1879,M16738,M,298.1,307.7,1424,47.7,103,0,0,0,0,0,0,M,1,9.599999999999966,67924.8,mid,0,0,52.66
1880,M16739,M,298.2,307.7,1608,33.8,106,0,0,0,0,0,0,M,1,9.5,54350.399999999994,mid,0,0,51.06
1881,L49060,L,298.1,307.7,1705,29.1,109,0,0,0,0,0,0,L,1,9.599999999999966,49615.5,mid,0,0,51.34
1882,L49061,L,298.0,307.6,1548,45.8,111,0,0,0,0,0,0,L,1,9.600000000000023,70898.4,mid,0,0,55.48
1883,M16742,M,298.0,307.6,1581,43.4,113,0,0,0,0,0,0,M,1,9.600000000000023,68615.4,mid,0,0,55.8
1884,M16743,M,298.0,307.6,1472,46.7,116,0,0,0,0,0,0,M,1,9.600000000000023,68742.40000000001,mid,0,0,57.66
1885,M16744,M,298.0,307.6,1792,26.0,119,0,0,0,0,0,0,M,1,9.600000000000023,46592.0,mid,0,0,54.72
1886,L49065,L,298.0,307.6,1683,32.8,122,0,0,0,0,0,0,L,1,9.600000000000023,55202.399999999994,mid,0,0,57.28
1887,L49066,L,297.9,307.6,1503,40.7,124,0,0,0,0,0,0,L,1,9.700000000000045,61172.100000000006,mid,0,0,59.68
1888,M16747,M,297.9,307.5,1642,32.4,126,0,0,0,0,0,0,M,1,9.600000000000023,53200.799999999996,mid,0,0,58.8
1889,M16748,M,297.8,307.4,1902,24.3,129,0,0,0,0,0,0,M,1,9.599999999999966,46218.6,mid,0,0,58.38
1890,H31303,H,297.7,307.4,1432,40.2,132,0,0,0,0,0,0,H,1,9.699999999999989,57566.4,mid,0,0,62.78
1891,L49070,L,297.8,307.4,1512,40.8,137,0,0,0,0,0,0,L,1,9.599999999999966,61689.6,mid,0,0,64.88
1892,L49071,L,297.7,307.4,1764,29.0,139,0,0,0,0,0,0,L,1,9.699999999999989,51156.0,mid,0,0,63.34
1893,M16752,M,297.8,307.4,1438,43.6,141,0,0,0,0,0,0,M,1,9.599999999999966,62696.8,mid,0,0,67.04
1894,L49073,L,297.8,307.5,1631,29.9,144,0,0,0,0,0,0,L,1,9.699999999999989,48766.899999999994,mid,0,0,65.52
1895,H31308,H,297.9,307.5,1880,23.3,146,0,0,0,0,0,0,H,1,9.600000000000023,43804.0,mid,0,0,64.98
1896,L49075,L,297.9,307.6,1344,54.3,151,0,0,0,0,0,0,L,1,9.700000000000045,72979.2,high,0,0,73.2
1897,L49076,L,297.9,307.5,1574,35.8,153,0,0,0,0,0,0,L,1,9.600000000000023,56349.2,high,0,0,70.28
1898,L49077,L,297.8,307.4,1418,41.2,155,0,0,0,0,0,0,L,1,9.599999999999966,58421.600000000006,high,0,0,72.16
1899,L49078,L,297.8,307.5,1372,54.1,157,0,0,0,0,0,0,L,1,9.699999999999989,74225.2,high,0,0,75.56
1900,L49079,L,297.8,307.5,1388,40.0,159,0,0,0,0,0,0,L,1,9.699999999999989,55520.0,high,0,0,73.54
1901,H31314,H,297.9,307.6,1493,36.0,161,0,0,0,0,0,0,H,1,9.700000000000045,53748.0,high,0,0,73.54
1902,M16761,M,297.9,307.6,1505,40.1,166,0,0,0,0,0,0,M,1,9.700000000000045,60350.5,high,0,0,76.36
1903,L49082,L,298.0,307.6,1694,29.1,169,0,0,0,0,0,0,L,1,9.600000000000023,49295.4,high,0,0,75.34
1904,L49083,L,297.9,307.6,1968,20.4,171,0,0,0,0,0,0,L,1,9.700000000000045,40147.2,high,0,0,74.42
1905,M16764,M,298.0,307.6,1569,35.6,173,0,0,0,0,0,0,M,1,9.600000000000023,55856.4,high,0,0,78.24
1906,L49085,L,297.9,307.6,1687,29.1,176,0,0,0,0,0,0,L,1,9.700000000000045,49091.700000000004,high,0,0,78.16
1907,L49086,L,297.9,307.6,1430,52.4,178,0,0,0,0,0,0,L,1,9.700000000000045,74932.0,high,0,0,83.62
1908,L49087,L,297.9,307.6,1504,42.4,180,0,0,0,0,0,0,L,1,9.700000000000045,63769.6,high,0,0,82.42
1909,L49088,L,297.9,307.6,1977,20.2,182,0,0,0,0,0,0,L,1,9.700000000000045,39935.4,high,0,0,78.78
1910,L49089,L,298.0,307.7,1435,45.6,184,0,0,0,0,0,0,L,1,9.699999999999989,65436.0,high,0,0,84.66
1911,H31324,H,298.0,307.7,1547,36.8,186,0,0,0,0,0,0,H,1,9.699999999999989,56929.6,high,0,0,83.7
1912,M16771,M,298.1,307.8,1316,57.2,191,0,0,0,0,0,0,M,1,9.699999999999989,75275.2,high,0,0,89.78
1913,M16772,M,298.0,307.7,1621,34.9,194,0,0,0,0,0,0,M,1,9.699999999999989,56572.899999999994,high,0,0,86.52
1914,M16773,M,298.0,307.8,1492,40.2,197,0,0,0,0,0,0,M,1,9.800000000000011,59978.4,high,0,0,88.8
1915,L49094,L,298.0,307.7,1643,32.3,200,0,0,0,0,0,0,L,1,9.699999999999989,53068.899999999994,high,1,0,88.4
1916,L49095,L,298.0,307.7,1492,38.7,202,0,0,0,0,0,0,L,1,9.699999999999989,57740.4,high,1,0,90.48
1917,L49096,L,298.0,307.7,1387,50.8,204,0,0,0,0,0,0,L,1,9.699999999999989,70459.59999999999,high,1,0,93.7
1918,M16777,M,298.1,307.9,1463,47.3,206,0,0,0,0,0,0,M,1,9.799999999999955,69199.9,high,1,0,93.82
1919,M16778,M,298.1,307.9,1496,40.0,0,0,0,0,0,0,0,M,1,9.799999999999955,59840.0,low,0,0,9.96
1920,L49099,L,298.2,308.0,1658,30.0,3,0,0,0,0,0,0,L,1,9.800000000000011,49740.0,low,0,0,9.16
1921,L49100,L,298.1,307.9,2161,17.5,5,0,0,0,0,0,0,L,1,9.799999999999955,37817.5,low,0,0,7.46
1922,L49101,L,298.1,307.9,1665,32.0,7,0,0,0,0,0,0,L,1,9.799999999999955,53280.0,low,0,0,11.16
1923,L49102,L,298.0,307.8,1716,26.6,9,0,0,0,0,0,0,L,1,9.800000000000011,45645.600000000006,low,0,0,10.88
1924,L49103,L,298.0,307.7,1529,34.1,11,0,0,0,0,0,0,L,1,9.699999999999989,52138.9,low,0,0,13.16
1925,L49104,L,297.9,307.7,1353,50.7,13,0,0,0,0,0,0,L,1,9.800000000000011,68597.1,low,0,0,17.3
1926,L49105,L,297.9,307.7,1537,37.7,15,0,0,0,0,0,0,L,1,9.800000000000011,57944.9,low,0,0,15.5
1927,L49106,L,298.0,307.7,1606,30.8,17,0,0,0,0,0,0,L,1,9.699999999999989,49464.8,low,0,0,14.9
1928,H31341,H,298.0,307.8,1314,47.8,19,0,0,0,0,0,0,H,1,9.800000000000011,62809.2,low,0,0,19.12
1929,L49108,L,298.0,307.8,1623,29.9,24,0,0,0,0,0,0,L,1,9.800000000000011,48527.7,low,0,0,17.54
1930,M16789,M,298.0,307.8,1483,50.9,26,0,0,0,0,0,0,M,1,9.800000000000011,75484.7,low,0,0,22.54
1931,M16790,M,298.1,307.9,1569,37.0,29,0,0,0,0,0,0,M,1,9.799999999999955,58053.0,low,0,0,20.96
1932,M16791,M,298.2,308.0,1969,21.7,32,0,0,0,0,0,0,M,1,9.800000000000011,42727.299999999996,low,0,0,19.1
1933,M16792,M,298.1,308.0,1686,29.3,35,0,0,0,0,0,0,M,1,9.899999999999977,49399.8,low,0,0,21.84
1934,L49113,L,298.1,308.0,1638,35.1,38,0,0,0,0,0,0,L,1,9.899999999999977,57493.8,low,0,0,24.2
1935,L49114,L,298.1,307.9,1698,33.3,40,0,0,0,0,0,0,L,1,9.799999999999955,56543.399999999994,low,0,0,24.62
1936,M16795,M,298.1,307.9,1377,55.1,42,0,0,0,0,0,0,M,1,9.799999999999955,75872.7,low,0,0,29.78
1937,M16796,M,298.1,308.0,2129,18.4,45,0,0,0,0,0,0,M,1,9.899999999999977,39173.6,low,0,0,23.66
1938,L49117,L,298.2,308.0,1411,42.4,48,0,0,0,0,0,0,L,1,9.800000000000011,59826.4,low,0,0,29.64
1939,L49118,L,298.1,307.9,1517,40.8,50,0,0,0,0,0,0,L,1,9.799999999999955,61893.6,low,0,0,30.12
1940,M16799,M,298.1,307.9,1303,53.9,52,0,0,0,0,0,0,M,1,9.799999999999955,70231.7,mid,0,0,33.54
1941,L49120,L,298.1,307.9,1578,35.6,55,0,0,0,0,0,0,L,1,9.799999999999955,56176.8,mid,0,0,31.08
1942,L49121,L,298.1,307.9,1425,58.2,57,0,0,0,0,0,0,L,1,9.799999999999955,82935.0,mid,0,0,36.4
1943,L49122,L,298.1,308.0,1456,42.4,59,0,0,0,0,0,0,L,1,9.899999999999977,61734.4,mid,0,0,34.06
1944,L49123,L,298.1,308.0,1704,30.9,61,0,0,0,0,0,0,L,1,9.899999999999977,52653.6,mid,0,0,32.56
1945,L49124,L,298.1,308.1,1791,27.3,63,0,0,0,0,0,0,L,1,10.0,48894.3,mid,0,0,32.66
1946,L49125,L,298.1,308.1,1616,32.8,65,0,0,0,0,0,0,L,1,10.0,53004.799999999996,mid,0,0,34.56
1947,L49126,L,298.2,308.1,1622,34.9,67,0,0,0,0,0,0,L,1,9.900000000000034,56607.799999999996,mid,0,0,35.76
1948,L49127,L,298.2,308.1,1462,49.9,69,0,0,0,0,0,0,L,1,9.900000000000034,72953.8,mid,0,0,39.56
1949,L49128,L,298.1,308.1,1410,45.8,71,0,0,0,0,0,0,L,1,10.0,64577.99999999999,mid,0,0,39.56
1950,M16809,M,298.1,308.0,1543,41.9,73,0,0,0,0,0,0,M,1,9.899999999999977,64651.7,mid,0,0,39.56
1951,M16810,M,298.0,307.9,1479,47.6,76,0,0,0,0,0,0,M,1,9.899999999999977,70400.40000000001,mid,0,0,41.9
1952,L49131,L,298.0,307.8,1839,22.7,79,0,0,0,0,0,0,L,1,9.800000000000011,41745.299999999996,mid,0,0,38.1
1953,L49132,L,298.0,307.8,1266,60.5,81,0,0,0,0,0,0,L,1,9.800000000000011,76593.0,mid,0,0,46.46
1954,L49133,L,297.9,307.7,1593,34.9,83,0,0,0,0,0,0,L,1,9.800000000000011,55595.7,mid,0,0,42.14
1955,L49134,L,297.9,307.8,1459,46.9,85,0,0,0,0,0,0,L,1,9.900000000000034,68427.09999999999,mid,0,0,45.36
1956,L49135,L,297.9,307.7,1308,55.2,87,0,0,0,0,0,0,L,1,9.800000000000011,72201.6,mid,0,0,47.8
1957,M16816,M,297.9,307.7,1364,46.8,89,0,0,0,0,0,0,M,1,9.800000000000011,63835.2,mid,0,0,46.92
1958,H31371,H,297.9,307.7,1618,35.9,92,0,0,0,0,0,0,H,1,9.800000000000011,58086.2,mid,0,0,45.94
1959,H31372,H,297.9,307.7,1464,43.2,97,0,0,0,0,0,0,H,1,9.800000000000011,63244.8,mid,0,0,49.4
1960,M16819,M,297.8,307.6,1352,49.4,102,0,0,0,0,0,0,M,1,9.800000000000011,66788.8,mid,0,0,52.64
1961,L49140,L,297.8,307.6,1446,51.4,105,0,0,0,0,0,0,L,1,9.800000000000011,74324.4,mid,0,0,54.24
1962,L49141,L,297.8,307.5,1448,51.2,107,0,0,0,0,0,0,L,1,9.699999999999989,74137.6,mid,0,0,54.98
1963,L49142,L,297.8,307.5,1391,48.6,109,0,0,0,0,0,0,L,1,9.699999999999989,67602.6,mid,0,0,55.26
1964,L49143,L,297.7,307.5,1379,43.3,111,0,0,0,0,0,0,L,1,9.800000000000011,59710.7,mid,0,0,55.02
1965,M16824,M,297.8,307.5,1405,46.9,113,0,0,0,0,0,0,M,1,9.699999999999989,65894.5,mid,0,0,56.52
1966,L49145,L,297.8,307.5,1581,33.1,116,0,0,0,0,0,0,L,1,9.699999999999989,52331.100000000006,mid,0,0,54.96
1967,L49146,L,297.9,307.6,1515,40.5,118,0,0,0,0,0,0,L,1,9.700000000000045,61357.5,mid,0,0,57.24
1968,L49147,L,297.9,307.6,1589,37.8,120,0,0,0,0,0,0,L,1,9.700000000000045,60064.2,mid,0,0,57.5
1969,L49148,L,298.0,307.6,1281,50.8,122,0,0,0,0,0,0,L,1,9.600000000000023,65074.799999999996,mid,0,0,60.88
1970,H31383,H,297.8,307.5,1631,31.3,124,0,0,0,0,0,0,H,1,9.699999999999989,51050.3,mid,0,0,57.8
1971,M16830,M,297.9,307.6,1202,67.0,129,0,0,0,0,0,0,M,1,9.700000000000045,80534.0,mid,0,0,66.94
1972,L49151,L,297.9,307.6,1298,52.7,132,0,0,0,0,0,0,L,1,9.700000000000045,68404.6,mid,0,0,65.28
1973,L49152,L,297.9,307.6,1612,30.7,134,0,0,0,0,0,0,L,1,9.700000000000045,49488.4,mid,0,0,61.68
1974,L49153,L,297.9,307.6,1747,25.3,136,0,0,0,0,0,0,L,1,9.700000000000045,44199.1,mid,0,0,61.4
1975,L49154,L,298.0,307.6,1450,48.7,138,0,0,0,0,0,0,L,1,9.600000000000023,70615.0,mid,0,0,66.86
1976,L49155,L,298.0,307.7,1422,45.6,140,0,0,0,0,0,0,L,1,9.699999999999989,64843.200000000004,mid,0,0,67.06
1977,M16836,M,298.1,307.7,1419,47.4,142,0,0,0,0,0,0,M,1,9.599999999999966,67260.59999999999,mid,0,0,68.2
1978,M16837,M,298.1,307.7,1633,30.7,145,0,0,0,0,0,0,M,1,9.599999999999966,50133.1,mid,0,0,66.06
1979,L49158,L,298.0,307.7,1442,43.6,148,0,0,0,0,0,0,L,1,9.699999999999989,62871.200000000004,mid,0,0,69.86
1980,H31393,H,298.0,307.6,1420,45.8,150,0,0,0,0,0,0,H,1,9.600000000000023,65035.99999999999,mid,0,0,71.08
1981,M16840,M,298.0,307.6,1301,58.5,155,0,0,0,0,0,0,M,1,9.600000000000023,76108.5,high,0,0,75.62
1982,L49161,L,298.0,307.6,1385,45.0,158,0,0,0,0,0,0,L,1,9.600000000000023,62325.0,high,0,0,74.12
1983,M16842,M,298.0,307.7,1487,41.3,160,0,0,0,0,0,0,M,1,9.699999999999989,61413.1,high,0,0,74.2
1984,M16843,M,298.0,307.6,1459,44.4,163,0,0,0,0,0,0,M,1,9.600000000000023,64779.6,high,0,0,76.0
1985,M16844,M,298.0,307.5,1387,45.5,166,0,0,0,0,0,0,M,1,9.5,63108.5,high,0,0,77.4
1986,L49165,L,298.1,307.7,1537,40.8,169,0,0,0,0,0,0,L,1,9.599999999999966,62709.6,high,0,0,77.68
1987,L49166,L,298.1,307.6,1498,42.9,171,0,0,0,0,0,0,L,1,9.5,64264.2,high,0,0,78.88
1988,M16847,M,298.2,307.8,1599,31.2,173,0,0,0,0,0,0,M,1,9.600000000000023,49888.799999999996,high,0,0,77.36
1989,H31402,H,298.3,307.9,1420,39.2,176,0,0,0,0,0,0,H,1,9.599999999999966,55664.00000000001,high,0,0,80.16
1990,L49169,L,298.2,307.9,1785,23.4,181,0,0,0,0,0,0,L,1,9.699999999999989,41769.0,high,0,0,79.02
1991,L49170,L,298.2,307.8,1423,48.1,183,0,0,0,0,0,0,L,1,9.600000000000023,68446.3,high,0,0,84.74
1992,M16851,M,298.2,307.8,1583,36.6,185,0,0,0,0,0,0,M,1,9.600000000000023,57937.8,high,0,0,83.24
1993,L49172,L,298.2,307.8,1375,46.6,188,0,0,0,0,0,0,L,1,9.600000000000023,64075.0,high,0,0,86.44
1994,M16853,M,298.3,308.0,1463,42.5,190,0,0,0,0,0,0,M,1,9.699999999999989,62177.5,high,0,0,86.44
1995,M16854,M,298.2,307.9,1403,45.1,193,0,0,0,0,0,0,M,1,9.699999999999989,63275.3,high,0,0,88.16
1996,L49175,L,298.3,308.0,1451,47.1,196,0,0,0,0,0,0,L,1,9.699999999999989,68342.1,high,0,0,89.76
1997,M16856,M,298.4,308.0,1416,38.2,198,1,1,0,0,0,0,M,1,9.600000000000023,54091.200000000004,high,0,1,138.76
1998,L49177,L,298.3,308.1,1672,41.3,0,0,0,0,0,0,0,L,1,9.800000000000011,69053.59999999999,low,0,0,10.22
1999,H31412,H,298.3,308.0,1637,30.8,2,0,0,0,0,0,0,H,1,9.699999999999989,50419.6,low,0,0,8.9
2000,L49179,L,298.4,308.0,1540,37.8,7,0,0,0,0,0,0,L,1,9.600000000000023,58211.99999999999,low,0,0,12.28
2001,L49180,L,298.4,308.1,1279,53.1,9,0,0,0,0,0,0,L,1,9.700000000000045,67914.90000000001,low,0,0,16.16
2002,L49181,L,298.4,308.2,1604,34.9,11,0,0,0,0,0,0,L,1,9.800000000000011,55979.6,low,0,0,13.34
2003,L49182,L,298.5,308.2,1654,27.1,13,0,0,0,0,0,0,L,1,9.699999999999989,44823.4,low,0,0,12.56
2004,M16863,M,298.5,308.2,1564,37.5,15,0,0,0,0,0,0,M,1,9.699999999999989,58650.0,low,0,0,15.44
2005,L49184,L,298.5,308.2,1451,47.5,18,0,0,0,0,0,0,L,1,9.699999999999989,68922.5,low,0,0,18.64
2006,L49185,L,298.5,308.3,1504,38.0,20,0,0,0,0,0,0,L,1,9.800000000000011,57152.0,low,0,0,17.56
2007,M16866,M,298.5,308.3,1381,50.5,22,0,0,0,0,0,0,M,1,9.800000000000011,69740.5,low,0,0,20.86
2008,L49187,L,298.6,308.4,1562,34.4,25,0,0,0,0,0,0,L,1,9.799999999999955,53732.799999999996,low,0,0,18.84
2009,L49188,L,298.5,308.3,1811,24.7,27,0,0,0,0,0,0,L,1,9.800000000000011,44731.7,low,0,0,17.7
2010,M16869,M,298.6,308.3,1717,28.7,29,0,0,0,0,0,0,M,1,9.699999999999989,49277.9,low,0,0,19.28
2011,L49190,L,298.6,308.3,1278,60.5,32,0,0,0,0,0,0,L,1,9.699999999999989,77319.0,low,0,0,26.84
2012,L49191,L,298.7,308.5,1616,30.2,34,0,0,0,0,0,0,L,1,9.800000000000011,48803.2,low,0,0,21.6
2013,L49192,L,298.6,308.4,1397,46.4,36,0,0,0,0,0,0,L,1,9.799999999999955,64820.799999999996,low,0,0,25.64
2014,L49193,L,298.6,308.4,1485,42.9,38,0,0,0,0,0,0,L,1,9.799999999999955,63706.5,low,0,0,25.74
2015,L49194,L,298.6,308.4,1310,59.7,40,0,0,0,0,0,0,L,1,9.799999999999955,78207.0,low,0,0,29.9
2016,L49195,L,298.5,308.2,1301,66.3,42,1,0,0,1,0,0,L,1,9.699999999999989,86256.3,low,0,1,82.0
2017,L49196,L,298.5,308.3,1458,44.0,44,0,0,0,0,0,0,L,1,9.800000000000011,64152.0,low,0,0,28.36
2018,L49197,L,298.7,308.5,1483,42.5,46,0,0,0,0,0,0,L,1,9.800000000000011,63027.5,low,0,0,28.86
2019,L49198,L,298.7,308.5,1375,46.4,48,0,0,0,0,0,0,L,1,9.800000000000011,63800.0,low,0,0,30.44
2020,M16879,M,298.7,308.5,1660,27.0,50,0,0,0,0,0,0,M,1,9.800000000000011,44820.0,low,0,0,27.36
2021,H31434,H,298.7,308.4,1560,33.3,53,0,0,0,0,0,0,H,1,9.699999999999989,51947.99999999999,mid,0,0,29.8
2022,L49201,L,298.7,308.5,1480,42.2,58,0,0,0,0,0,0,L,1,9.800000000000011,62456.00000000001,mid,0,0,33.6
2023,L49202,L,298.7,308.4,1373,46.9,60,0,0,0,0,0,0,L,1,9.699999999999989,64393.7,mid,0,0,35.32
2024,L49203,L,298.7,308.5,1444,54.2,62,0,0,0,0,0,0,L,1,9.800000000000011,78264.8,mid,0,0,37.6
2025,M16884,M,298.7,308.6,1722,24.7,64,0,0,0,0,0,0,M,1,9.900000000000034,42533.4,mid,0,0,32.52
2026,L49205,L,298.7,308.5,1469,39.9,67,0,0,0,0,0,0,L,1,9.800000000000011,58613.1,mid,0,0,36.74
2027,M16886,M,298.7,308.5,1360,52.9,69,0,0,0,0,0,0,M,1,9.800000000000011,71944.0,mid,0,0,40.14
2028,L49207,L,298.7,308.4,1750,25.8,72,0,0,0,0,0,0,L,1,9.699999999999989,45150.0,mid,0,0,35.9
2029,M16888,M,298.7,308.3,1349,46.6,74,0,0,0,0,0,0,M,1,9.600000000000023,62863.4,mid,0,0,40.84
2030,L49209,L,298.7,308.5,1668,35.2,77,0,0,0,0,0,0,L,1,9.800000000000011,58713.600000000006,mid,0,0,39.8
2031,L49210,L,298.9,308.6,1400,49.5,79,0,0,0,0,0,0,L,1,9.700000000000045,69300.0,mid,0,0,43.44
2032,L49211,L,298.8,308.6,1331,62.8,81,0,0,0,0,0,0,L,1,9.800000000000011,83586.8,mid,0,0,46.92
2033,L49212,L,298.8,308.5,1444,42.2,83,0,0,0,0,0,0,L,1,9.699999999999989,60936.8,mid,0,0,43.58
2034,H31447,H,298.8,308.5,1359,47.6,85,0,0,0,0,0,0,H,1,9.699999999999989,64688.4,mid,0,0,45.46
2035,M16894,M,298.8,308.5,1425,47.4,90,0,0,0,0,0,0,M,1,9.699999999999989,67545.0,mid,0,0,47.42
2036,M16895,M,298.9,308.6,1469,34.2,93,0,0,0,0,0,0,M,1,9.700000000000045,50239.8,mid,0,0,45.98
2037,L49216,L,299.0,308.7,1892,22.8,96,0,0,0,0,0,0,L,1,9.699999999999989,43137.6,mid,0,0,44.9
2038,H31451,H,299.0,308.7,1940,19.9,98,0,0,0,0,0,0,H,1,9.699999999999989,38606.0,mid,0,0,45.12
2039,L49218,L,299.0,308.8,1405,55.2,103,0,0,0,0,0,0,L,1,9.800000000000011,77556.0,mid,0,0,54.2
2040,M16899,M,299.0,308.9,1449,39.6,105,0,0,0,0,0,0,M,1,9.899999999999977,57380.4,mid,0,0,51.9
2041,L49220,L,299.1,308.9,1686,29.6,108,0,0,0,0,0,0,L,1,9.799999999999955,49905.600000000006,mid,0,0,51.08
2042,L49221,L,299.1,308.9,1680,27.2,110,0,0,0,0,0,0,L,1,9.799999999999955,45696.0,mid,0,0,51.4
2043,M16902,M,299.1,308.9,1397,52.4,112,0,0,0,0,0,0,M,1,9.799999999999955,73202.8,mid,0,0,57.24
2044,M16903,M,299.2,309.0,1597,30.3,115,0,0,0,0,0,0,M,1,9.800000000000011,48389.1,mid,0,0,54.02
2045,L49224,L,299.3,309.1,1470,41.1,118,0,0,0,0,0,0,L,1,9.800000000000011,60417.0,mid,0,0,57.38
2046,M16905,M,299.3,309.1,1703,31.3,120,0,0,0,0,0,0,M,1,9.800000000000011,53303.9,mid,0,0,56.22
2047,L49226,L,299.3,309.1,1388,45.5,123,0,0,0,0,0,0,L,1,9.800000000000011,63154.0,mid,0,0,60.26
2048,L49227,L,299.3,309.2,1775,24.2,125,0,0,0,0,0,0,L,1,9.899999999999977,42955.0,mid,0,0,56.82
2049,L49228,L,299.3,309.2,1465,41.5,127,0,0,0,0,0,0,L,1,9.899999999999977,60797.5,mid,0,0,61.08
2050,M16909,M,299.3,309.2,1586,37.9,129,0,0,0,0,0,0,M,1,9.899999999999977,60109.399999999994,mid,0,0,61.16
2051,M16910,M,299.5,309.3,1675,29.2,132,0,0,0,0,0,0,M,1,9.800000000000011,48910.0,mid,0,0,60.6
2052,M16911,M,299.4,309.2,1470,44.4,135,0,0,0,0,0,0,M,1,9.800000000000011,65268.0,mid,0,0,64.84
2053,L49232,L,299.5,309.3,1477,40.4,138,0,0,0,0,0,0,L,1,9.800000000000011,59670.799999999996,mid,0,0,65.24
2054,L49233,L,299.5,309.3,1382,61.0,140,0,0,0,0,0,0,L,1,9.800000000000011,84302.0,mid,0,0,70.16
2055,M16914,M,299.6,309.4,1605,29.8,142,0,0,0,0,0,0,M,1,9.799999999999955,47829.0,mid,0,0,64.72
2056,L49235,L,299.6,309.4,1643,32.9,145,0,0,0,0,0,0,L,1,9.799999999999955,54054.7,mid,0,0,66.54
2057,L49236,L,299.5,309.3,1333,54.1,147,0,0,0,0,0,0,L,1,9.800000000000011,72115.3,mid,0,0,71.58
2058,L49237,L,299.5,309.3,1520,42.3,149,0,0,0,0,0,0,L,1,9.800000000000011,64295.99999999999,mid,0,0,70.02
2059,M16918,M,299.5,309.3,1902,24.0,151,0,0,0,0,0,0,M,1,9.800000000000011,45648.0,high,0,0,67.16
2060,H31473,H,299.5,309.4,1386,44.4,154,0,0,0,0,0,0,H,1,9.899999999999977,61538.4,high,0,0,72.46
2061,L49240,L,299.6,309.5,1803,27.7,159,0,0,0,0,0,0,L,1,9.899999999999977,49943.1,high,0,0,71.12
2062,L49241,L,299.7,309.6,1359,50.7,161,0,0,0,0,0,0,L,1,9.900000000000034,68901.3,high,0,0,76.52
2063,M16922,M,299.7,309.6,1477,42.7,163,0,0,0,0,0,0,M,1,9.900000000000034,63067.9,high,0,0,75.72
2064,L49243,L,299.7,309.6,1321,53.4,166,0,0,0,0,0,0,L,1,9.900000000000034,70541.4,high,0,0,79.06
2065,L49244,L,299.6,309.5,1453,41.4,168,0,0,0,0,0,0,L,1,9.899999999999977,60154.2,high,0,0,77.46
2066,L49245,L,299.7,309.6,1419,45.1,170,0,0,0,0,0,0,L,1,9.900000000000034,63996.9,high,0,0,79.0
2067,L49246,L,299.7,309.6,1512,36.2,172,0,0,0,0,0,0,L,1,9.900000000000034,54734.4,high,0,0,78.02
2068,L49247,L,299.7,309.6,1553,36.8,174,0,0,0,0,0,0,L,1,9.900000000000034,57150.399999999994,high,0,0,78.94
2069,M16928,M,299.7,309.6,1534,39.1,176,0,0,0,0,0,0,M,1,9.900000000000034,59979.4,high,0,0,80.2
2070,H31483,H,299.7,309.6,1553,41.0,179,0,0,0,0,0,0,H,1,9.900000000000034,63673.0,high,0,0,81.78
2071,L49250,L,299.7,309.5,1352,49.7,184,0,0,0,0,0,0,L,1,9.800000000000011,67194.40000000001,high,0,0,85.5
2072,M16931,M,299.7,309.6,1313,60.0,186,0,0,0,0,0,0,M,1,9.900000000000034,78780.0,high,0,0,88.38
2073,L49252,L,299.6,309.5,1570,35.5,189,0,0,0,0,0,1,L,1,9.899999999999977,55735.0,high,0,1,84.68
2074,L49253,L,299.6,309.4,1677,31.1,191,0,0,0,0,0,0,L,1,9.799999999999955,52154.700000000004,high,0,0,84.58
2075,L49254,L,299.5,309.4,1602,31.5,193,0,0,0,0,0,0,L,1,9.899999999999977,50463.0,high,0,0,85.48
2076,L49255,L,299.5,309.4,1390,58.8,195,1,0,0,0,1,0,L,1,9.899999999999977,81732.0,high,0,1,141.74
2077,L49256,L,299.4,309.3,1544,36.0,197,0,0,0,0,0,0,L,1,9.900000000000034,55584.0,high,0,0,87.98
2078,L49257,L,299.4,309.4,1701,31.2,199,0,0,0,0,0,0,L,1,10.0,53071.2,high,0,0,87.84
2079,M16938,M,299.4,309.3,1692,28.4,201,0,0,0,0,0,0,M,1,9.900000000000034,48052.799999999996,high,1,0,88.06
2080,M16939,M,299.3,309.3,1523,37.9,204,0,0,0,0,0,0,M,1,10.0,57721.7,high,1,0,91.18
2081,L49260,L,299.3,309.2,2280,15.4,207,0,0,0,0,0,0,L,1,9.899999999999977,35112.0,high,1,0,87.86
2082,M16941,M,299.4,309.3,1485,47.1,209,0,0,0,0,0,0,M,1,9.900000000000034,69943.5,high,1,0,95.0
2083,H31496,H,299.4,309.2,1513,36.1,212,0,0,0,0,0,0,H,1,9.800000000000011,54619.3,high,1,0,93.98
2084,H31497,H,299.4,309.3,1743,28.2,0,0,0,0,0,0,0,H,1,9.900000000000034,49152.6,low,0,0,7.62
2085,L49264,L,299.5,309.3,1442,46.2,5,0,0,0,0,0,0,L,1,9.800000000000011,66620.40000000001,low,0,0,13.2
2086,L49265,L,299.5,309.3,1462,46.7,7,0,0,0,0,0,0,L,1,9.800000000000011,68275.40000000001,low,0,0,14.1
2087,H31500,H,299.4,309.3,1439,49.7,9,0,0,0,0,0,0,H,1,9.900000000000034,71518.3,low,0,0,15.52
2088,L49267,L,299.5,309.3,1577,36.6,14,0,0,0,0,0,0,L,1,9.800000000000011,57718.200000000004,low,0,0,14.88
2089,L49268,L,299.6,309.4,1331,46.4,16,0,0,0,0,0,0,L,1,9.799999999999955,61758.4,low,0,0,17.64
2090,L49269,L,299.5,309.3,1941,22.5,18,0,0,0,0,0,0,L,1,9.800000000000011,43672.5,low,0,0,13.66
2091,L49270,L,299.5,309.2,1393,47.3,20,0,0,0,0,0,0,L,1,9.699999999999989,65888.9,low,0,0,19.4
2092,L49271,L,299.4,309.2,1433,42.1,22,0,0,0,0,0,0,L,1,9.800000000000011,60329.3,low,0,0,19.18
2093,L49272,L,299.4,309.2,1444,48.2,24,0,0,0,0,0,0,L,1,9.800000000000011,69600.8,low,0,0,21.2
2094,L49273,L,299.4,309.2,1564,39.0,26,0,0,0,0,0,0,L,1,9.800000000000011,60996.0,low,0,0,20.16
2095,L49274,L,299.4,309.3,1377,43.6,28,0,0,0,0,0,0,L,1,9.900000000000034,60037.200000000004,low,0,0,21.9
2096,L49275,L,299.4,309.3,1525,41.5,30,0,0,0,0,0,0,L,1,9.900000000000034,63287.5,low,0,0,22.28
2097,M16956,M,299.5,309.4,1387,56.2,32,0,0,0,0,0,0,M,1,9.899999999999977,77949.40000000001,low,0,0,26.02
2098,M16957,M,299.4,309.4,1326,47.5,35,0,0,0,0,0,0,M,1,10.0,62985.0,low,0,0,25.5
2099,L49278,L,299.4,309.3,1401,59.0,38,0,0,0,0,0,0,L,1,9.900000000000034,82659.0,low,0,0,28.98
2100,L49279,L,299.4,309.3,1596,31.8,40,0,0,0,0,0,0,L,1,9.900000000000034,50752.8,low,0,0,24.34
2101,M16960,M,299.3,309.3,1471,46.0,42,0,0,0,0,0,0,M,1,10.0,67666.0,low,0,0,28.0
2102,L49281,L,299.3,309.3,1528,37.8,45,0,0,0,0,0,0,L,1,10.0,57758.399999999994,low,0,0,27.56
2103,L49282,L,299.3,309.3,1325,62.0,47,0,0,0,0,0,0,L,1,10.0,82150.0,low,0,0,33.2
2104,M16963,M,299.3,309.1,1376,46.7,49,0,0,0,0,0,0,M,1,9.800000000000011,64259.200000000004,low,0,0,30.9
2105,M16964,M,299.3,309.1,1600,35.3,52,0,0,0,0,0,0,M,1,9.800000000000011,56479.99999999999,mid,0,0,29.82
2106,L49285,L,299.3,309.1,1495,44.0,55,0,0,0,0,0,0,L,1,9.800000000000011,65780.0,mid,0,0,32.76
2107,L49286,L,299.4,309.1,1645,28.6,57,0,0,0,0,0,0,L,1,9.700000000000045,47047.0,mid,0,0,30.46
2108,M16967,M,299.4,309.1,1417,47.3,59,0,0,0,0,0,0,M,1,9.700000000000045,67024.09999999999,mid,0,0,35.0
2109,H31522,H,299.4,309.0,1415,51.7,62,0,0,0,0,0,0,H,1,9.600000000000023,73155.5,mid,0,0,37.06
2110,M16969,M,299.3,309.0,1496,43.4,67,0,0,0,0,0,0,M,1,9.699999999999989,64926.4,mid,0,0,37.42
2111,H31524,H,299.3,309.0,1508,35.0,70,0,0,0,0,0,0,H,1,9.699999999999989,52780.0,mid,0,0,36.94
2112,L49291,L,299.4,309.0,1436,47.9,75,0,0,0,0,0,0,L,1,9.600000000000023,68784.4,mid,0,0,41.5
2113,L49292,L,299.5,309.1,1852,22.6,77,0,0,0,0,0,0,L,1,9.600000000000023,41855.200000000004,mid,0,0,37.24
2114,L49293,L,299.5,309.1,1863,22.5,79,0,0,0,0,0,0,L,1,9.600000000000023,41917.5,mid,0,0,38.02
2115,H31528,H,299.4,309.1,1373,44.1,81,0,0,0,0,0,0,H,1,9.700000000000045,60549.3,mid,0,0,43.16
2116,L49295,L,299.4,309.0,1404,47.3,86,0,0,0,0,0,0,L,1,9.600000000000023,66409.2,mid,0,0,45.78
2117,M16976,M,299.4,309.0,1381,44.9,88,0,0,0,0,0,0,M,1,9.600000000000023,62006.9,mid,0,0,46.1
2118,H31531,H,299.4,308.9,1762,29.3,91,0,0,0,0,0,0,H,1,9.5,51626.6,mid,0,0,44.16
2119,H31532,H,299.3,308.9,1429,43.0,96,0,0,0,0,0,0,H,1,9.599999999999966,61447.0,mid,0,0,48.92
2120,M16979,M,299.3,308.9,1858,24.7,101,0,0,0,0,0,0,M,1,9.599999999999966,45892.6,mid,0,0,47.26
2121,H31534,H,299.2,308.8,1908,21.3,104,0,0,0,0,0,0,H,1,9.600000000000023,40640.4,mid,0,0,47.78
2122,M16981,M,299.2,308.8,1503,37.4,109,0,0,0,0,0,0,M,1,9.600000000000023,56212.2,mid,0,0,53.0
2123,M16982,M,299.2,308.8,1523,38.9,112,0,0,0,0,0,0,M,1,9.600000000000023,59244.7,mid,0,0,54.5
2124,L49303,L,299.3,309.0,1491,38.4,115,0,0,0,0,0,0,L,1,9.699999999999989,57254.4,mid,0,0,55.62
2125,L49304,L,299.2,308.9,1430,39.1,117,0,0,0,0,0,0,L,1,9.699999999999989,55913.0,mid,0,0,56.56
2126,L49305,L,299.3,308.9,1258,69.4,119,1,0,0,1,0,0,L,1,9.599999999999966,87305.20000000001,mid,0,1,113.4
2127,L49306,L,299.3,309.0,1449,46.5,121,0,0,0,0,0,0,L,1,9.699999999999989,67378.5,mid,0,0,59.64
2128,H31541,H,299.3,309.0,1425,40.6,123,0,0,0,0,0,0,H,1,9.699999999999989,57855.0,mid,0,0,59.26
2129,L49308,L,299.4,309.0,1800,24.3,128,0,0,0,0,0,0,L,1,9.600000000000023,43740.0,mid,0,0,57.98
2130,H31543,H,299.4,309.0,1607,33.7,130,0,0,0,0,0,0,H,1,9.600000000000023,54155.9,mid,0,0,60.66
2131,L49310,L,299.4,309.0,1391,58.2,135,0,0,0,0,0,0,L,1,9.600000000000023,80956.2,mid,0,0,67.56
2132,L49311,L,299.4,309.1,1432,45.4,137,0,0,0,0,0,0,L,1,9.700000000000045,65012.799999999996,mid,0,0,65.82
2133,L49312,L,299.4,309.0,1660,28.4,139,0,0,0,0,0,0,L,1,9.600000000000023,47144.0,mid,0,0,63.2
2134,H31547,H,299.3,309.0,1732,29.7,141,0,0,0,0,0,0,H,1,9.699999999999989,51440.4,mid,0,0,64.28
2135,L49314,L,299.3,309.0,1473,46.3,146,0,0,0,0,0,0,L,1,9.699999999999989,68199.9,mid,0,0,69.6
2136,L49315,L,299.3,309.0,1511,47.8,148,0,0,0,0,0,0,L,1,9.699999999999989,72225.8,mid,0,0,70.7
2137,L49316,L,299.2,308.9,1588,41.5,150,0,0,0,0,0,0,L,1,9.699999999999989,65902.0,mid,0,0,70.24
2138,L49317,L,299.3,308.9,1623,31.1,152,0,0,0,0,0,0,L,1,9.599999999999966,50475.3,high,0,0,68.94
2139,L49318,L,299.3,309.0,1734,30.6,154,0,0,0,0,0,0,L,1,9.699999999999989,53060.4,high,0,0,69.66
2140,L49319,L,299.3,309.0,1415,47.6,156,0,0,0,0,0,0,L,1,9.699999999999989,67354.0,high,0,0,73.86
2141,L49320,L,299.3,309.0,1419,46.6,158,0,0,0,0,0,0,L,1,9.699999999999989,66125.40000000001,high,0,0,74.46
2142,M17001,M,299.3,308.9,1577,34.9,160,0,0,0,0,0,0,M,1,9.599999999999966,55037.299999999996,high,0,0,72.9
2143,L49322,L,299.3,308.9,1376,60.3,163,0,0,0,0,0,0,L,1,9.599999999999966,82972.8,high,0,0,79.18
2144,M17003,M,299.3,308.8,1442,49.0,165,0,0,0,0,0,0,M,1,9.5,70658.0,high,0,0,77.7
2145,L49324,L,299.4,308.9,1451,40.5,168,0,0,0,0,0,0,L,1,9.5,58765.5,high,0,0,77.2
2146,L49325,L,299.3,308.8,1550,45.8,170,0,0,0,0,0,0,L,1,9.5,70990.0,high,0,0,79.06
2147,L49326,L,299.3,308.8,1647,32.9,172,0,0,0,0,0,0,L,1,9.5,54186.299999999996,high,0,0,77.28
2148,L49327,L,299.4,308.9,1550,33.7,174,0,0,0,0,0,0,L,1,9.5,52235.00000000001,high,0,0,78.24
2149,L49328,L,299.4,308.9,1583,34.1,176,0,0,0,0,0,0,L,1,9.5,53980.3,high,0,0,79.12
2150,L49329,L,299.4,309.0,1613,32.2,178,0,0,0,0,0,0,L,1,9.600000000000023,51938.600000000006,high,0,0,79.56
2151,H31564,H,299.3,308.8,1636,35.5,180,0,0,0,0,0,0,H,1,9.5,58078.0,high,0,0,81.0
2152,M17011,M,299.3,308.7,1289,51.5,185,0,0,0,0,0,0,M,1,9.399999999999977,66383.5,high,0,0,86.18
2153,M17012,M,299.3,308.8,1648,28.4,188,0,0,0,0,0,0,M,1,9.5,46803.2,high,0,0,82.78
2154,H31567,H,299.3,308.8,1397,45.4,191,0,0,0,0,0,0,H,1,9.5,63423.799999999996,high,0,0,87.38
2155,M17014,M,299.3,308.9,1767,24.8,196,0,0,0,0,0,0,M,1,9.599999999999966,43821.6,high,0,0,85.28
2156,L49335,L,299.3,308.8,1341,47.7,199,0,0,0,0,0,0,L,1,9.5,63965.700000000004,high,0,0,91.04
2157,M17016,M,299.4,308.9,1457,41.5,201,0,0,0,0,0,0,M,1,9.5,60465.5,high,1,0,90.6
2158,M17017,M,299.4,309.0,1939,19.8,204,0,0,0,0,0,0,M,1,9.600000000000023,38392.200000000004,high,1,0,87.48
2159,M17018,M,299.5,309.0,1399,49.7,207,0,0,0,0,0,0,M,1,9.5,69530.3,high,1,0,94.64
2160,M17019,M,299.5,309.0,1602,31.3,210,0,0,0,0,0,0,M,1,9.5,50142.6,high,1,0,92.16
2161,L49340,L,299.4,309.0,1507,41.0,213,0,0,0,0,0,0,L,1,9.600000000000023,61787.0,high,1,0,95.32
2162,L49341,L,299.4,309.1,1464,40.5,215,0,0,0,0,0,0,L,1,9.700000000000045,59292.0,high,1,0,96.04
2163,L49342,L,299.5,309.1,1336,42.1,217,0,0,0,0,0,0,L,1,9.600000000000023,56245.6,high,1,0,97.14
2164,L49343,L,299.6,309.2,1422,39.8,219,0,0,0,0,0,0,L,1,9.599999999999966,56595.6,high,1,0,97.48
2165,L49344,L,299.6,309.2,1540,36.7,221,0,0,0,0,0,0,L,1,9.599999999999966,56518.00000000001,high,1,0,97.66
2166,L49345,L,299.5,309.1,1476,47.8,223,0,0,0,0,0,0,L,1,9.600000000000023,70552.8,high,1,0,100.68
2167,M17026,M,299.6,309.2,1867,23.4,225,1,1,0,0,0,0,M,1,9.599999999999966,43687.799999999996,high,1,1,146.6
2168,H31581,H,299.6,309.1,1588,41.3,0,0,0,0,0,0,0,H,1,9.5,65584.4,low,0,0,10.16
2169,M17028,M,299.5,309.1,1420,49.5,5,0,0,0,0,0,0,M,1,9.600000000000023,70290.0,low,0,0,13.82
2170,L49349,L,299.5,309.1,1415,49.2,8,0,0,0,0,0,0,L,1,9.600000000000023,69618.0,low,0,0,14.96
2171,M17030,M,299.4,309.1,1500,43.3,10,0,0,0,0,0,0,M,1,9.700000000000045,64949.99999999999,low,0,0,14.6
2172,L49351,L,299.5,309.1,1502,44.6,13,0,0,0,0,0,0,L,1,9.600000000000023,66989.2,low,0,0,16.04
2173,L49352,L,299.5,309.2,1816,23.0,15,0,0,0,0,0,0,L,1,9.699999999999989,41768.0,low,0,0,12.54
2174,M17033,M,299.5,309.2,1495,41.6,17,0,0,0,0,0,0,M,1,9.699999999999989,62192.0,low,0,0,17.06
2175,L49354,L,299.6,309.2,1572,33.4,20,0,0,0,0,0,0,L,1,9.599999999999966,52504.799999999996,low,0,0,16.6
2176,M17035,M,299.5,309.2,1590,35.9,22,0,0,0,0,0,0,M,1,9.699999999999989,57081.0,low,0,0,17.92
2177,M17036,M,299.6,309.3,1387,48.3,25,0,0,0,0,0,0,M,1,9.699999999999989,66992.09999999999,low,0,0,21.6
2178,M17037,M,299.6,309.2,1393,47.7,28,0,0,0,0,0,0,M,1,9.599999999999966,66446.1,low,0,0,22.66
2179,L49358,L,299.6,309.2,1602,37.3,31,0,0,0,0,0,0,L,1,9.599999999999966,59754.6,low,0,0,21.78
2180,L49359,L,299.6,309.2,1601,33.3,33,0,0,0,0,0,0,L,1,9.599999999999966,53313.299999999996,low,0,0,21.78
2181,H31594,H,299.6,309.2,1597,36.3,35,0,0,0,0,0,0,H,1,9.599999999999966,57971.1,low,0,0,23.18
2182,H31595,H,299.5,309.1,1548,44.3,40,0,0,0,0,0,0,H,1,9.600000000000023,68576.4,low,0,0,26.78
2183,M17042,M,299.5,309.2,1314,61.8,45,0,0,0,0,0,0,M,1,9.699999999999989,81205.2,low,0,0,32.3
2184,M17043,M,299.6,309.3,1577,39.8,48,0,0,0,0,0,0,M,1,9.699999999999989,62764.6,low,0,0,29.1
2185,L49364,L,299.8,309.4,1475,43.4,51,0,0,0,0,0,0,L,1,9.599999999999966,64015.0,mid,0,0,31.0
2186,L49365,L,299.8,309.4,1630,32.4,53,0,0,0,0,0,0,L,1,9.599999999999966,52812.0,mid,0,0,29.6
2187,L49366,L,299.7,309.4,1445,42.9,55,0,0,0,0,0,0,L,1,9.699999999999989,61990.5,mid,0,0,32.52
2188,M17047,M,299.8,309.4,1439,47.4,57,0,0,0,0,0,0,M,1,9.599999999999966,68208.59999999999,mid,0,0,34.2
2189,L49368,L,299.7,309.3,1420,44.1,60,0,0,0,0,0,0,L,1,9.600000000000023,62622.0,mid,0,0,34.74
2190,H31603,H,299.7,309.2,1554,41.6,62,0,0,0,0,0,0,H,1,9.5,64646.4,mid,0,0,35.02
2191,M17050,M,299.6,309.1,1471,44.3,67,0,0,0,0,0,0,M,1,9.5,65165.299999999996,mid,0,0,37.56
2192,L49371,L,299.6,309.0,1648,33.6,70,0,0,0,0,0,0,L,1,9.399999999999977,55372.8,mid,0,0,36.6
2193,L49372,L,299.6,309.0,1472,48.8,72,0,0,0,0,0,0,L,1,9.399999999999977,71833.59999999999,mid,0,0,40.44
2194,M17053,M,299.5,308.9,1448,42.9,74,0,0,0,0,0,0,M,1,9.399999999999977,62119.2,mid,0,0,40.06
2195,M17054,M,299.6,308.9,1568,35.3,77,0,0,0,0,0,0,M,1,9.299999999999955,55350.399999999994,mid,0,0,39.72
2196,L49375,L,299.6,308.9,1613,30.8,80,0,0,0,0,0,0,L,1,9.299999999999955,49680.4,mid,0,0,40.02
2197,M17056,M,299.7,308.9,1551,35.4,82,0,0,0,0,0,0,M,1,9.199999999999989,54905.399999999994,mid,0,0,41.72
2198,L49377,L,299.7,309.0,1412,49.2,85,0,0,0,0,0,0,L,1,9.300000000000011,69470.40000000001,mid,0,0,45.7
2199,M17058,M,299.7,308.9,1478,41.0,87,0,0,0,0,0,0,M,1,9.199999999999989,60598.0,mid,0,0,44.84
2200,M17059,M,299.8,309.1,1268,58.0,90,0,0,0,0,0,0,M,1,9.300000000000011,73544.0,mid,0,0,49.46
2201,L49380,L,299.8,309.1,1546,35.6,93,0,0,0,0,0,0,L,1,9.300000000000011,55037.600000000006,mid,0,0,46.18
2202,L49381,L,299.8,309.0,1567,36.1,95,0,0,0,0,0,0,L,1,9.199999999999989,56568.700000000004,mid,0,0,47.06
2203,M17062,M,299.9,309.2,1548,35.7,97,0,0,0,0,0,0,M,1,9.300000000000011,55263.600000000006,mid,0,0,47.8
2204,L49383,L,299.8,309.0,1614,30.8,100,0,0,0,0,0,0,L,1,9.199999999999989,49711.200000000004,mid,0,0,48.0
2205,M17064,M,299.7,309.1,1352,46.1,102,0,0,0,0,0,0,M,1,9.400000000000034,62327.200000000004,mid,0,0,51.9
2206,L49385,L,299.9,309.2,1624,34.6,105,0,0,0,0,0,0,L,1,9.300000000000011,56190.4,mid,0,0,50.78
2207,L49386,L,299.9,309.2,1436,52.0,107,0,0,0,0,0,0,L,1,9.300000000000011,74672.0,mid,0,0,55.06
2208,L49387,L,299.8,309.2,1591,37.5,109,0,0,0,0,0,0,L,1,9.399999999999977,59662.5,mid,0,0,52.98
2209,H31622,H,299.8,309.2,1435,42.6,111,0,0,0,0,0,0,H,1,9.399999999999977,61131.0,mid,0,0,54.8
2210,L49389,L,299.8,309.3,1386,49.4,116,0,0,0,0,0,0,L,1,9.5,68468.4,mid,0,0,58.18
2211,L49390,L,299.7,309.2,1401,54.1,118,0,0,0,0,0,0,L,1,9.5,75794.1,mid,0,0,59.92
2212,M17071,M,299.6,309.0,1245,64.0,120,0,0,0,0,0,0,M,1,9.399999999999977,79680.0,mid,0,0,62.68
2213,L49392,L,299.7,309.1,1475,40.0,123,0,0,0,0,0,0,L,1,9.400000000000034,59000.0,mid,0,0,59.08
2214,L49393,L,299.7,309.1,1473,39.4,125,0,0,0,0,0,0,L,1,9.400000000000034,58036.2,mid,0,0,59.76
2215,H31628,H,299.7,309.2,1355,44.8,127,0,0,0,0,0,0,H,1,9.5,60703.99999999999,mid,0,0,61.66
2216,H31629,H,299.7,309.2,1468,49.6,132,0,0,0,0,0,0,H,1,9.5,72812.8,mid,0,0,64.62
2217,L49396,L,299.7,309.2,1645,30.8,137,0,0,0,0,0,0,L,1,9.5,50666.0,mid,0,0,62.86
2218,L49397,L,299.7,309.1,1347,55.3,139,0,0,0,0,0,0,L,1,9.400000000000034,74489.09999999999,mid,0,0,68.54
2219,L49398,L,299.7,309.1,1713,33.5,141,0,0,0,0,0,0,L,1,9.400000000000034,57385.5,mid,0,0,64.98
2220,M17079,M,299.6,309.1,1435,48.4,143,0,0,0,0,0,0,M,1,9.5,69454.0,mid,0,0,68.78
2221,M17080,M,299.6,309.0,1736,26.1,146,0,0,0,0,0,0,M,1,9.399999999999977,45309.600000000006,mid,0,0,65.5
2222,L49401,L,299.6,309.0,1372,60.4,149,0,0,0,0,0,0,L,1,9.399999999999977,82868.8,mid,0,0,73.56
2223,L49402,L,299.7,309.0,1605,33.0,151,0,0,0,0,0,0,L,1,9.300000000000011,52965.0,high,0,0,68.86
2224,L49403,L,299.6,309.0,1413,48.5,153,0,0,0,0,0,0,L,1,9.399999999999977,68530.5,high,0,0,72.78
2225,M17084,M,299.7,309.0,1645,31.9,155,0,0,0,0,0,0,M,1,9.300000000000011,52475.5,high,0,0,70.24
2226,M17085,M,299.7,309.0,1465,49.0,158,0,0,0,0,0,0,M,1,9.300000000000011,71785.0,high,0,0,74.86
2227,M17086,M,299.6,308.9,1685,27.8,161,0,0,0,0,0,0,M,1,9.299999999999955,46843.0,high,0,0,71.82
2228,L49407,L,299.5,308.8,1965,20.4,164,0,0,0,0,0,0,L,1,9.300000000000011,40086.0,high,0,0,71.54
2229,H31642,H,299.4,308.6,1542,41.8,166,0,0,0,0,0,0,H,1,9.200000000000045,64455.6,high,0,0,76.6
2230,L49409,L,299.4,308.7,1681,30.8,171,0,0,0,0,0,0,L,1,9.300000000000011,51774.8,high,0,0,76.42
2231,L49410,L,299.5,308.7,1446,45.7,173,0,0,0,0,0,0,L,1,9.199999999999989,66082.2,high,0,0,80.18
2232,L49411,L,299.4,308.6,1415,56.4,175,0,0,0,0,0,0,L,1,9.200000000000045,79806.0,high,0,0,83.12
2233,L49412,L,299.5,308.6,1672,30.5,177,0,0,0,0,0,0,L,1,9.100000000000023,50996.0,high,0,0,78.72
2234,L49413,L,299.5,308.7,2549,13.0,179,1,0,0,1,0,0,L,1,9.199999999999989,33137.0,high,0,1,126.04
2235,L49414,L,299.4,308.6,1492,40.5,181,0,0,0,0,0,0,L,1,9.200000000000045,60426.0,high,0,0,82.34
2236,M17095,M,299.4,308.6,1455,42.7,183,0,0,0,0,0,0,M,1,9.200000000000045,62128.50000000001,high,0,0,83.58
2237,M17096,M,299.3,308.5,1422,43.1,186,0,0,0,0,0,0,M,1,9.199999999999989,61288.200000000004,high,0,0,84.86
2238,L49417,L,299.3,308.6,1403,50.6,189,0,0,0,0,0,0,L,1,9.300000000000011,70991.8,high,0,0,87.58
2239,L49418,L,299.3,308.6,1474,49.6,191,0,0,0,0,0,0,L,1,9.300000000000011,73110.40000000001,high,0,0,88.18
2240,L49419,L,299.2,308.6,1381,50.0,193,0,0,0,0,0,0,L,1,9.400000000000034,69050.0,high,0,0,89.08
2241,L49420,L,299.2,308.5,1457,44.7,195,0,0,0,0,0,0,L,1,9.300000000000011,65127.9,high,0,0,88.8
2242,L49421,L,299.2,308.4,1711,28.9,197,0,0,0,0,0,0,L,1,9.199999999999989,49447.899999999994,high,0,0,86.42
2243,L49422,L,299.2,308.4,1667,29.0,199,0,0,0,0,0,0,L,1,9.199999999999989,48343.0,high,0,0,87.24
2244,L49423,L,299.2,308.4,1465,35.0,201,0,0,0,0,0,0,L,1,9.199999999999989,51275.0,high,1,0,89.24
2245,M17104,M,299.3,308.4,1542,37.5,203,1,1,0,0,0,0,M,1,9.099999999999966,57825.0,high,1,1,140.52
2246,M17105,M,299.3,308.4,1438,42.3,0,0,0,0,0,0,0,M,1,9.099999999999966,60827.399999999994,low,0,0,10.28
2247,L49426,L,299.3,308.4,1406,47.4,3,0,0,0,0,0,0,L,1,9.099999999999966,66644.4,low,0,0,12.5
2248,M17107,M,299.2,308.4,1396,48.5,5,0,0,0,0,0,0,M,1,9.199999999999989,67706.0,low,0,0,13.54
2249,M17108,M,299.3,308.5,1304,60.6,8,0,0,0,0,0,0,M,1,9.199999999999989,79022.40000000001,low,0,0,17.16
2250,L49429,L,299.2,308.5,1442,46.5,11,0,0,0,0,0,0,L,1,9.300000000000011,67053.0,low,0,0,15.56
2251,M17110,M,299.2,308.4,1396,48.7,13,0,0,0,0,0,0,M,1,9.199999999999989,67985.2,low,0,0,16.78
2252,H31665,H,299.1,308.3,1424,43.4,16,0,0,0,0,0,0,H,1,9.199999999999989,61801.6,low,0,0,16.92
2253,H31666,H,299.1,308.3,1451,42.8,21,0,0,0,0,0,0,H,1,9.199999999999989,62102.799999999996,low,0,0,18.8
2254,L49433,L,299.2,308.4,1386,54.1,26,0,0,0,0,0,0,L,1,9.199999999999989,74982.6,low,0,0,23.06
2255,L49434,L,299.1,308.3,1325,46.9,28,0,0,0,0,0,0,L,1,9.199999999999989,62142.5,low,0,0,22.42
2256,L49435,L,299.1,308.3,1559,33.7,30,0,0,0,0,0,0,L,1,9.199999999999989,52538.3,low,0,0,20.58
2257,L49436,L,299.1,308.3,1489,38.1,32,0,0,0,0,0,0,L,1,9.199999999999989,56730.9,low,0,0,22.26
2258,L49437,L,299.1,308.3,1892,25.2,34,0,0,0,0,0,0,L,1,9.199999999999989,47678.4,low,0,0,20.48
2259,L49438,L,299.1,308.2,1319,60.3,36,0,0,0,0,0,0,L,1,9.099999999999966,79535.7,low,0,0,28.28
2260,L49439,L,299.1,308.3,1431,52.3,38,0,0,0,0,0,0,L,1,9.199999999999989,74841.3,low,0,0,27.5
2261,H31674,H,299.1,308.3,1521,36.5,40,0,0,0,0,0,0,H,1,9.199999999999989,55516.5,low,0,0,25.14
2262,M17121,M,299.1,308.2,1435,45.2,45,0,0,0,0,0,0,M,1,9.099999999999966,64862.00000000001,low,0,0,28.86
2263,L49442,L,299.1,308.3,1533,42.4,48,0,0,0,0,0,0,L,1,9.199999999999989,64999.2,low,0,0,29.52
2264,M17123,M,299.2,308.4,1529,43.0,50,0,0,0,0,0,0,M,1,9.199999999999989,65747.0,low,0,0,30.44
2265,M17124,M,299.2,308.4,1415,43.5,53,0,0,0,0,0,0,M,1,9.199999999999989,61552.5,mid,0,0,31.74
2266,M17125,M,299.2,308.4,1330,51.2,56,0,0,0,0,0,0,M,1,9.199999999999989,68096.0,mid,0,0,34.48
2267,L49446,L,299.2,308.5,1381,60.6,59,0,0,0,0,0,0,L,1,9.300000000000011,83688.6,mid,0,0,37.58
2268,L49447,L,299.2,308.5,1370,52.4,61,0,0,0,0,0,0,L,1,9.300000000000011,71788.0,mid,0,0,36.74
2269,L49448,L,299.2,308.5,1438,46.6,63,0,0,0,0,0,0,L,1,9.300000000000011,67010.8,mid,0,0,36.38
2270,L49449,L,299.3,308.6,1314,48.2,65,0,0,0,0,0,0,L,1,9.300000000000011,63334.8,mid,0,0,37.5
2271,L49450,L,299.3,308.6,1437,48.1,67,0,0,0,0,0,0,L,1,9.300000000000011,69119.7,mid,0,0,38.28
2272,L49451,L,299.2,308.5,1821,26.1,69,0,0,0,0,0,0,L,1,9.300000000000011,47528.100000000006,mid,0,0,34.68
2273,M17132,M,299.3,308.6,1448,52.1,71,0,0,0,0,0,0,M,1,9.300000000000011,75440.8,mid,0,0,40.68
2274,L49453,L,299.3,308.5,1589,32.7,74,0,0,0,0,0,0,L,1,9.199999999999989,51960.3,mid,0,0,37.98
2275,L49454,L,299.3,308.6,1520,33.7,76,0,0,0,0,0,0,L,1,9.300000000000011,51224.00000000001,mid,0,0,39.0
2276,L49455,L,299.3,308.6,1605,37.0,78,0,0,0,0,0,0,L,1,9.300000000000011,59385.0,mid,0,0,40.46
2277,L49456,L,299.3,308.7,1393,54.2,80,0,0,0,0,0,0,L,1,9.399999999999977,75500.6,mid,0,0,44.72
2278,H31691,H,299.3,308.7,1408,44.4,82,0,0,0,0,0,0,H,1,9.399999999999977,62515.2,mid,0,0,43.56
2279,M17138,M,299.3,308.7,1459,35.6,87,0,0,0,0,0,0,M,1,9.399999999999977,51940.4,mid,0,0,43.8
2280,L49459,L,299.4,308.7,1525,39.0,90,0,0,0,0,0,0,L,1,9.300000000000011,59475.0,mid,0,0,45.66
2281,L49460,L,299.4,308.8,1390,57.0,92,0,0,0,0,0,0,L,1,9.400000000000034,79230.0,mid,0,0,50.08
2282,L49461,L,299.3,308.7,1536,38.9,94,0,0,0,0,0,0,L,1,9.399999999999977,59750.399999999994,mid,0,0,47.26
2283,L49462,L,299.4,308.7,1459,47.6,96,0,0,0,0,0,0,L,1,9.300000000000011,69448.40000000001,mid,0,0,49.78
2284,L49463,L,299.2,308.5,1387,51.1,98,0,0,0,0,0,0,L,1,9.300000000000011,70875.7,mid,0,0,51.28
2285,L49464,L,299.2,308.5,1378,53.4,100,0,0,0,0,0,0,L,1,9.300000000000011,73585.2,mid,0,0,52.54
2286,L49465,L,299.4,308.7,1381,56.7,102,0,0,0,0,0,0,L,1,9.300000000000011,78302.7,mid,0,0,54.0
2287,M17146,M,299.4,308.7,1289,60.5,104,0,0,0,0,0,0,M,1,9.300000000000011,77984.5,mid,0,0,55.56
2288,L49467,L,299.4,308.6,1746,26.8,107,0,0,0,0,0,0,L,1,9.200000000000045,46792.8,mid,0,0,50.0
2289,M17148,M,299.4,308.6,1541,39.1,109,0,0,0,0,0,0,M,1,9.200000000000045,60253.100000000006,mid,0,0,53.26
2290,L49469,L,299.4,308.7,1504,37.8,112,0,0,0,0,0,0,L,1,9.300000000000011,56851.2,mid,0,0,54.22
2291,M17150,M,299.5,308.7,1321,51.9,114,0,0,0,0,0,0,M,1,9.199999999999989,68559.9,mid,0,0,57.82
2292,M17151,M,299.5,308.8,1886,20.9,117,0,0,0,0,0,0,M,1,9.300000000000011,39417.399999999994,mid,0,0,52.84
2293,L49472,L,299.6,308.9,1422,53.2,120,0,0,0,0,0,0,L,1,9.299999999999955,75650.40000000001,mid,0,0,60.5
2294,L49473,L,299.5,308.9,1520,38.3,122,0,0,0,0,0,0,L,1,9.399999999999977,58215.99999999999,mid,0,0,58.34
2295,L49474,L,299.4,308.8,1627,32.6,124,0,0,0,0,0,0,L,1,9.400000000000034,53040.200000000004,mid,0,0,58.0
2296,L49475,L,299.4,308.7,1512,37.2,126,0,0,0,0,0,0,L,1,9.300000000000011,56246.4,mid,0,0,59.7
2297,L49476,L,299.4,308.7,1553,42.7,128,0,0,0,0,0,0,L,1,9.300000000000011,66313.1,mid,0,0,61.6
2298,L49477,L,299.3,308.7,1802,26.0,130,0,0,0,0,0,0,L,1,9.399999999999977,46852.0,mid,0,0,59.08
2299,L49478,L,299.3,308.6,1482,37.6,132,0,0,0,0,0,0,L,1,9.300000000000011,55723.200000000004,mid,0,0,62.18
2300,L49479,L,299.4,308.7,1446,62.9,134,1,0,0,1,0,0,L,1,9.300000000000011,90953.4,mid,0,1,118.04
2301,L49480,L,299.3,308.6,1371,50.5,136,0,0,0,0,0,0,L,1,9.300000000000011,69235.5,mid,0,0,66.36
2302,M17161,M,299.2,308.6,1586,35.7,138,0,0,0,0,0,0,M,1,9.400000000000034,56620.200000000004,mid,0,0,64.22
2303,L49482,L,299.2,308.5,1515,39.8,141,0,0,0,0,0,0,L,1,9.300000000000011,60296.99999999999,mid,0,0,66.22
2304,L49483,L,299.2,308.5,1374,53.6,143,0,0,0,0,0,0,L,1,9.300000000000011,73646.40000000001,mid,0,0,69.78
2305,L49484,L,299.1,308.5,1455,39.8,145,0,0,0,0,0,0,L,1,9.399999999999977,57908.99999999999,mid,0,0,67.84
2306,H31719,H,299.2,308.5,1342,47.5,147,0,0,0,0,0,0,H,1,9.300000000000011,63745.0,mid,0,0,70.16
2307,L49486,L,299.1,308.6,1260,57.8,152,0,0,0,0,0,0,L,1,9.5,72828.0,high,0,0,74.26
2308,H31721,H,299.0,308.5,1623,33.5,154,0,0,0,0,0,0,H,1,9.5,54370.5,high,0,0,70.2
2309,L49488,L,299.1,308.5,1371,55.5,159,0,0,0,0,0,0,L,1,9.399999999999977,76090.5,high,0,0,76.58
2310,L49489,L,299.1,308.6,1611,31.4,161,0,0,0,0,0,0,L,1,9.5,50585.399999999994,high,0,0,72.58
2311,M17170,M,299.0,308.4,1535,47.5,163,0,0,0,0,0,0,M,1,9.399999999999977,72912.5,high,0,0,76.58
2312,M17171,M,299.1,308.6,1491,38.5,166,0,0,0,0,0,0,M,1,9.5,57403.5,high,0,0,76.0
2313,M17172,M,299.1,308.6,1441,36.2,169,0,0,0,0,0,0,M,1,9.5,52164.200000000004,high,0,0,76.74
2314,M17173,M,299.1,308.8,1725,26.6,172,0,0,0,0,0,0,M,1,9.699999999999989,45885.0,high,0,0,76.06
2315,L49494,L,299.2,308.9,1368,47.2,175,0,0,0,0,0,0,L,1,9.699999999999989,64569.600000000006,high,0,0,81.38
2316,L49495,L,299.2,308.9,1526,37.9,177,0,0,0,0,0,0,L,1,9.699999999999989,57835.4,high,0,0,80.32
2317,L49496,L,299.2,308.8,1542,39.2,179,0,0,0,0,0,0,L,1,9.600000000000023,60446.4,high,0,0,81.36
2318,L49497,L,299.2,308.8,1605,31.1,181,0,0,0,0,0,0,L,1,9.600000000000023,49915.5,high,0,0,80.54
2319,L49498,L,299.2,308.8,1405,51.4,183,0,0,0,0,0,0,L,1,9.600000000000023,72217.0,high,0,0,85.4
2320,M17179,M,299.2,308.8,1700,33.5,185,0,0,0,0,0,0,M,1,9.600000000000023,56950.0,high,0,0,82.62
2321,H31734,H,299.2,308.8,1440,39.1,188,0,0,0,0,0,0,H,1,9.600000000000023,56304.0,high,0,0,84.94
2322,M17181,M,299.2,308.8,1314,52.5,193,0,0,0,0,0,0,M,1,9.600000000000023,68985.0,high,0,0,89.62
2323,L49502,L,299.2,308.7,1514,41.9,196,0,0,0,0,0,0,L,1,9.5,63436.6,high,0,0,88.68
2324,M17183,M,299.2,308.7,1401,47.0,198,0,0,0,0,0,0,M,1,9.5,65847.0,high,0,0,90.5
2325,L49504,L,299.3,308.8,1636,29.9,201,0,0,0,0,0,0,L,1,9.5,48916.399999999994,high,1,0,88.28
2326,L49505,L,299.3,308.8,1603,33.9,203,0,0,0,0,0,0,L,1,9.5,54341.7,high,1,0,89.88
2327,M17186,M,299.4,308.7,1487,52.6,205,0,0,0,0,0,0,M,1,9.300000000000011,78216.2,high,1,0,94.38
2328,M17187,M,299.3,308.7,1420,50.3,208,0,0,0,0,0,0,M,1,9.399999999999977,71426.0,high,1,0,95.14
2329,L49508,L,299.3,308.7,1579,36.3,211,0,0,0,0,0,0,L,1,9.399999999999977,57317.7,high,1,0,93.54
2330,L49509,L,299.3,308.7,1484,40.5,213,0,0,0,0,0,0,L,1,9.399999999999977,60102.0,high,1,0,95.18
2331,M17190,M,299.3,308.7,1390,49.3,215,0,0,0,0,0,0,M,1,9.399999999999977,68527.0,high,1,0,97.74
2332,L49511,L,299.3,308.6,1384,53.6,218,1,0,0,0,1,0,L,1,9.300000000000011,74182.40000000001,high,1,1,149.78
2333,L49512,L,299.2,308.5,1378,50.4,220,1,0,0,0,1,0,L,1,9.300000000000011,69451.2,high,1,1,149.94
2334,L49513,L,299.2,308.5,1445,45.2,222,0,0,0,0,0,0,L,1,9.300000000000011,65314.00000000001,high,1,0,99.7
2335,L49514,L,299.2,308.4,1445,43.5,224,0,0,0,0,0,0,L,1,9.199999999999989,62857.5,high,1,0,100.14
2336,L49515,L,299.2,308.4,1509,39.4,0,0,0,0,0,0,0,L,1,9.199999999999989,59454.6,low,0,0,9.72
2337,L49516,L,299.2,308.4,1434,46.8,2,0,0,0,0,0,0,L,1,9.199999999999989,67111.2,low,0,0,12.0
2338,L49517,L,299.2,308.4,1877,23.9,4,0,0,0,0,0,0,L,1,9.199999999999989,44860.299999999996,low,0,0,8.22
2339,L49518,L,299.3,308.3,1651,28.0,6,0,0,0,0,0,0,L,1,9.0,46228.0,low,0,0,9.8
2340,L49519,L,299.2,308.2,1466,41.3,8,0,0,0,0,0,0,L,1,9.0,60545.799999999996,low,0,0,13.26
2341,L49520,L,299.1,308.1,1479,40.7,10,0,0,0,0,0,0,L,1,9.0,60195.3,low,0,0,13.94
2342,L49521,L,299.1,308.2,1409,46.4,12,0,0,0,0,0,0,L,1,9.099999999999966,65377.6,low,0,0,15.9
2343,M17202,M,299.2,308.2,1674,28.2,14,0,0,0,0,0,0,M,1,9.0,47206.799999999996,low,0,0,13.04
2344,L49523,L,299.1,308.3,1305,61.4,17,0,0,0,0,0,0,L,1,9.199999999999989,80127.0,low,0,0,20.92
2345,M17204,M,299.2,308.3,1755,26.4,19,0,0,0,0,0,0,M,1,9.100000000000023,46332.0,low,0,0,14.7
2346,L49525,L,299.2,308.4,1475,38.7,22,0,0,0,0,0,0,L,1,9.199999999999989,57082.50000000001,low,0,0,18.38
2347,L49526,L,299.2,308.4,1402,47.7,24,0,0,0,0,0,0,L,1,9.199999999999989,66875.40000000001,low,0,0,20.98
2348,L49527,L,299.2,308.3,1410,43.0,26,0,0,0,0,0,0,L,1,9.100000000000023,60630.0,low,0,0,20.82
2349,L49528,L,299.2,308.4,1436,41.8,28,0,0,0,0,0,0,L,1,9.199999999999989,60024.799999999996,low,0,0,21.4
2350,M17209,M,299.3,308.5,1386,42.2,30,0,0,0,0,0,0,M,1,9.199999999999989,58489.200000000004,low,0,0,22.28
2351,L49530,L,299.3,308.6,1744,26.4,33,0,0,0,0,0,0,L,1,9.300000000000011,46041.6,low,0,0,20.34
2352,L49531,L,299.2,308.4,1393,48.4,35,0,0,0,0,0,0,L,1,9.199999999999989,67421.2,low,0,0,25.52
2353,M17212,M,299.3,308.5,1422,45.4,37,0,0,0,0,0,0,M,1,9.199999999999989,64558.799999999996,low,0,0,25.72
2354,L49533,L,299.2,308.4,1841,22.8,40,0,0,0,0,0,0,L,1,9.199999999999989,41974.8,low,0,0,22.4
2355,L49534,L,299.3,308.6,1433,37.7,42,0,0,0,0,0,0,L,1,9.300000000000011,54024.100000000006,low,0,0,26.2
2356,M17215,M,299.3,308.5,1305,60.6,44,0,0,0,0,0,0,M,1,9.199999999999989,79083.0,low,0,0,31.56
2357,H31770,H,299.3,308.6,1498,39.5,47,0,0,0,0,0,0,H,1,9.300000000000011,59171.0,low,0,0,28.56
2358,L49537,L,299.3,308.5,1772,26.1,52,0,0,0,0,0,0,L,1,9.199999999999989,46249.200000000004,mid,0,0,27.86
2359,M17218,M,299.2,308.4,1381,42.5,54,0,0,0,0,0,0,M,1,9.199999999999989,58692.5,mid,0,0,31.94
2360,L49539,L,299.3,308.5,1413,38.5,57,0,0,0,0,0,0,L,1,9.199999999999989,54400.5,mid,0,0,32.34
2361,H31774,H,299.2,308.4,1388,53.2,59,0,0,0,0,0,0,H,1,9.199999999999989,73841.6,mid,0,0,36.08
2362,M17221,M,299.2,308.6,1631,35.4,64,0,0,0,0,0,0,M,1,9.400000000000034,57737.399999999994,mid,0,0,34.56
2363,H31776,H,299.3,308.6,1520,41.4,67,0,0,0,0,0,0,H,1,9.300000000000011,62928.0,mid,0,0,36.94
2364,L49543,L,299.3,308.5,1510,45.4,72,0,0,0,0,0,0,L,1,9.199999999999989,68554.0,mid,0,0,39.72
2365,L49544,L,299.2,308.5,1366,49.7,74,0,0,0,0,0,0,L,1,9.300000000000011,67890.2,mid,0,0,41.4
2366,L49545,L,299.4,308.5,1845,22.9,76,0,0,0,0,0,0,L,1,9.100000000000023,42250.5,mid,0,0,36.8
2367,L49546,L,299.3,308.5,1485,44.7,78,0,0,0,0,0,0,L,1,9.199999999999989,66379.5,mid,0,0,41.98
2368,M17227,M,299.3,308.5,1496,39.4,80,0,0,0,0,0,0,M,1,9.199999999999989,58942.4,mid,0,0,41.72
2369,M17228,M,299.3,308.4,1468,42.2,83,0,0,0,0,0,0,M,1,9.099999999999966,61949.600000000006,mid,0,0,43.46
2370,M17229,M,299.2,308.4,1856,22.7,86,0,0,0,0,0,0,M,1,9.199999999999989,42131.2,mid,0,0,40.78
2371,L49550,L,299.2,308.4,1620,34.1,89,0,0,0,0,0,0,L,1,9.199999999999989,55242.0,mid,0,0,44.26
2372,L49551,L,299.3,308.5,1409,44.8,91,0,0,0,0,0,0,L,1,9.199999999999989,63123.2,mid,0,0,47.2
2373,M17232,M,299.3,308.5,1404,49.4,93,0,0,0,0,0,0,M,1,9.199999999999989,69357.59999999999,mid,0,0,48.92
2374,L49553,L,299.2,308.4,1350,51.3,96,0,0,0,0,0,0,L,1,9.199999999999989,69255.0,mid,0,0,50.5
2375,M17234,M,299.2,308.4,1538,38.0,98,0,0,0,0,0,0,M,1,9.199999999999989,58444.0,mid,0,0,48.64
2376,M17235,M,299.2,308.4,1476,32.7,101,0,0,0,0,0,0,M,1,9.199999999999989,48265.200000000004,mid,0,0,48.78
2377,M17236,M,299.2,308.3,1364,51.8,104,0,0,0,0,0,0,M,1,9.100000000000023,70655.2,mid,0,0,53.78
2378,M17237,M,299.2,308.3,1582,45.5,107,0,0,0,0,0,0,M,1,9.100000000000023,71981.0,mid,0,0,53.72
2379,L49558,L,299.1,308.2,1348,56.1,110,0,0,0,0,0,0,L,1,9.099999999999966,75622.8,mid,0,0,57.04
2380,H31793,H,299.1,308.2,1450,46.1,112,0,0,0,0,0,0,H,1,9.099999999999966,66845.0,mid,0,0,55.84
2381,L49560,L,299.0,308.1,1242,60.9,117,0,0,0,0,0,0,L,1,9.100000000000023,75637.8,mid,0,0,60.8
2382,L49561,L,299.1,308.2,1493,34.9,119,0,0,0,0,0,0,L,1,9.099999999999966,52105.7,mid,0,0,56.4
2383,L49562,L,299.1,308.3,1601,31.4,121,0,0,0,0,0,0,L,1,9.199999999999989,50271.399999999994,mid,0,0,56.52
2384,L49563,L,299.1,308.2,1568,33.3,123,0,0,0,0,0,0,L,1,9.099999999999966,52214.399999999994,mid,0,0,57.68
2385,M17244,M,299.1,308.3,1506,38.0,125,0,0,0,0,0,0,M,1,9.199999999999989,57228.0,mid,0,0,59.44
2386,L49565,L,299.1,308.3,1524,34.1,128,0,0,0,0,0,0,L,1,9.199999999999989,51968.4,mid,0,0,59.86
2387,L49566,L,299.1,308.4,1543,37.9,130,0,0,0,0,0,0,L,1,9.299999999999955,58479.7,mid,0,0,61.44
2388,M17247,M,299.2,308.5,1474,47.2,132,0,0,0,0,0,0,M,1,9.300000000000011,69572.8,mid,0,0,64.1
2389,M17248,M,299.2,308.5,1526,37.3,135,0,0,0,0,0,0,M,1,9.300000000000011,56919.799999999996,mid,0,0,63.32
2390,L49569,L,299.2,308.5,1867,27.0,138,0,0,0,0,0,0,L,1,9.300000000000011,50409.0,mid,0,0,62.46
2391,L49570,L,299.2,308.5,1487,41.2,140,0,0,0,0,0,0,L,1,9.300000000000011,61264.4,mid,0,0,66.1
2392,L49571,L,299.2,308.4,1580,32.6,142,0,0,0,0,0,0,L,1,9.199999999999989,51508.0,mid,0,0,65.16
2393,L49572,L,299.2,308.5,1340,50.0,144,0,0,0,0,0,0,L,1,9.300000000000011,67000.0,mid,0,0,69.46
2394,L49573,L,299.2,308.5,1544,41.6,146,0,0,0,0,0,0,L,1,9.300000000000011,64230.4,mid,0,0,68.58
2395,L49574,L,299.2,308.5,1488,40.3,148,0,0,0,0,0,0,L,1,9.300000000000011,59966.399999999994,mid,0,0,69.12
2396,M17255,M,299.2,308.5,1742,28.9,150,0,0,0,0,0,0,M,1,9.300000000000011,50343.799999999996,mid,0,0,67.64
2397,M17256,M,299.1,308.5,1592,34.2,153,0,0,0,0,0,0,M,1,9.399999999999977,54446.4,high,0,0,69.92
2398,L49577,L,299.2,308.6,1582,38.8,156,0,0,0,0,0,0,L,1,9.400000000000034,61381.6,high,0,0,72.04
2399,L49578,L,299.2,308.5,1490,43.2,158,0,0,0,0,0,0,L,1,9.300000000000011,64368.00000000001,high,0,0,73.7
2400,M17259,M,299.2,308.5,1594,35.8,160,0,0,0,0,0,0,M,1,9.300000000000011,57065.2,high,0,0,73.02
2401,H31814,H,299.2,308.6,1462,55.0,163,0,0,0,0,0,0,H,1,9.400000000000034,80410.0,high,0,0,78.08
2402,M17261,M,299.2,308.6,1367,47.6,168,0,0,0,0,0,0,M,1,9.400000000000034,65069.200000000004,high,0,0,78.6
2403,L49582,L,299.2,308.7,1325,51.0,171,0,0,0,0,0,0,L,1,9.5,67575.0,high,0,0,80.5
2404,H31817,H,299.2,308.7,1448,51.4,173,0,0,0,0,0,0,H,1,9.5,74427.2,high,0,0,81.38
2405,M17264,M,299.1,308.7,2008,20.3,178,0,0,0,0,0,0,M,1,9.599999999999966,40762.4,high,0,0,77.18
2406,L49585,L,299.1,308.7,1498,38.9,181,0,0,0,0,0,0,L,1,9.599999999999966,58272.2,high,0,0,82.1
2407,L49586,L,299.1,308.6,1437,41.6,183,0,0,0,0,0,0,L,1,9.5,59779.200000000004,high,0,0,83.42
2408,M17267,M,299.1,308.6,1499,45.1,185,0,0,0,0,0,0,M,1,9.5,67604.90000000001,high,0,0,84.92
2409,L49588,L,299.0,308.4,1356,52.6,188,0,0,0,0,0,0,L,1,9.399999999999977,71325.6,high,0,0,87.6
2410,L49589,L,299.1,308.5,1539,46.8,190,0,0,0,0,0,0,L,1,9.399999999999977,72025.2,high,0,0,87.24
2411,L49590,L,299.1,308.5,1689,32.1,192,0,0,0,0,0,0,L,1,9.399999999999977,54216.9,high,0,0,85.1
2412,L49591,L,299.0,308.5,1559,38.1,194,0,0,0,0,0,0,L,1,9.5,59397.9,high,0,0,87.12
2413,L49592,L,299.1,308.6,1408,46.7,196,0,0,0,0,0,0,L,1,9.5,65753.6,high,0,0,89.64
2414,L49593,L,299.0,308.5,1886,23.0,198,0,0,0,0,0,0,L,1,9.5,43378.0,high,0,0,85.7
2415,L49594,L,299.1,308.5,1415,43.4,0,0,0,0,0,0,0,L,1,9.399999999999977,61411.0,low,0,0,10.56
2416,M17275,M,299.1,308.5,1587,35.6,2,0,0,0,0,0,0,M,1,9.399999999999977,56497.200000000004,low,0,0,9.8
2417,L49596,L,299.0,308.4,1571,38.6,5,0,0,0,0,0,0,L,1,9.399999999999977,60640.600000000006,low,0,0,11.6
2418,L49597,L,298.9,308.3,1576,36.6,7,0,0,0,0,0,0,L,1,9.400000000000034,57681.600000000006,low,0,0,12.0
2419,L49598,L,298.9,308.3,1660,34.4,9,0,0,0,0,0,0,L,1,9.400000000000034,57104.0,low,0,0,12.36
2420,M17279,M,298.9,308.2,1328,49.2,11,0,0,0,0,0,0,M,1,9.300000000000011,65337.600000000006,low,0,0,16.1
2421,H31834,H,298.8,308.2,1450,44.7,14,0,0,0,0,0,0,H,1,9.399999999999977,64815.00000000001,low,0,0,16.42
2422,L49601,L,298.9,308.2,2384,15.0,19,0,0,0,0,0,0,L,1,9.300000000000011,35760.0,low,0,0,12.46
2423,L49602,L,298.8,308.2,1443,53.4,21,0,0,0,0,0,0,L,1,9.399999999999977,77056.2,low,0,0,20.96
2424,M17283,M,298.9,308.2,2022,20.0,23,0,0,0,0,0,0,M,1,9.300000000000011,40440.0,low,0,0,15.06
2425,L49604,L,298.9,308.2,1828,23.8,26,0,0,0,0,0,0,L,1,9.300000000000011,43506.4,low,0,0,17.02
2426,L49605,L,298.8,308.1,1472,53.5,28,0,0,0,0,0,0,L,1,9.300000000000011,78752.0,low,0,0,23.76
2427,M17286,M,298.9,308.2,1372,63.6,30,1,0,0,1,0,0,M,1,9.300000000000011,87259.2,low,0,1,76.58
2428,L49607,L,298.9,308.3,1855,23.8,33,0,0,0,0,0,0,L,1,9.400000000000034,44149.0,low,0,0,19.84
2429,M17288,M,299.0,308.3,1377,47.2,35,0,0,0,0,0,0,M,1,9.300000000000011,64994.4,low,0,0,25.3
2430,L49609,L,298.9,308.3,1432,48.9,38,0,0,0,0,0,0,L,1,9.400000000000034,70024.8,low,0,0,26.86
2431,M17290,M,298.9,308.2,1335,47.8,40,0,0,0,0,0,0,M,1,9.300000000000011,63812.99999999999,low,0,0,27.42
2432,M17291,M,298.9,308.2,1411,51.3,43,0,0,0,0,0,0,M,1,9.300000000000011,72384.3,low,0,0,29.32
2433,L49612,L,298.9,308.2,1510,43.5,46,0,0,0,0,0,0,L,1,9.300000000000011,65685.0,low,0,0,28.96
2434,L49613,L,299.0,308.3,1441,44.0,48,0,0,0,0,0,0,L,1,9.300000000000011,63404.0,low,0,0,29.86
2435,M17294,M,299.0,308.2,1358,42.7,50,0,0,0,0,0,0,M,1,9.199999999999989,57986.600000000006,low,0,0,30.38
2436,L49615,L,298.9,308.2,1686,30.4,53,0,0,0,0,0,0,L,1,9.300000000000011,51254.399999999994,mid,0,0,29.14
2437,H31850,H,299.0,308.2,1662,30.4,55,0,0,0,0,0,0,H,1,9.199999999999989,50524.799999999996,mid,0,0,29.92
2438,L49617,L,299.1,308.3,1426,40.1,60,0,0,0,0,0,0,L,1,9.199999999999989,57182.6,mid,0,0,33.86
2439,M17298,M,299.1,308.4,1330,53.6,62,0,0,0,0,0,0,M,1,9.299999999999955,71288.0,mid,0,0,37.38
2440,L49619,L,299.1,308.4,1693,31.6,65,0,0,0,0,0,0,L,1,9.299999999999955,53498.8,mid,0,0,34.18
2441,L49620,L,299.1,308.4,1426,47.9,67,0,0,0,0,0,0,L,1,9.299999999999955,68305.4,mid,0,0,38.24
2442,L49621,L,299.1,308.5,1676,31.0,69,0,0,0,0,0,0,L,1,9.399999999999977,51956.0,mid,0,0,35.68
2443,M17302,M,299.1,308.4,1332,51.7,71,0,0,0,0,0,0,M,1,9.299999999999955,68864.40000000001,mid,0,0,40.6
2444,L49623,L,299.1,308.5,1647,35.0,74,0,0,0,0,0,0,L,1,9.399999999999977,57645.0,mid,0,0,38.48
2445,L49624,L,299.2,308.6,1267,68.2,76,1,0,0,1,0,0,L,1,9.400000000000034,86409.40000000001,mid,0,1,95.92
2446,H31859,H,299.2,308.7,1375,55.1,78,0,0,0,0,0,0,H,1,9.5,75762.5,mid,0,0,44.12
2447,L49626,L,299.3,308.6,1422,48.9,83,0,0,0,0,0,0,L,1,9.300000000000011,69535.8,mid,0,0,44.84
2448,L49627,L,299.3,308.7,1408,48.7,85,0,0,0,0,0,0,L,1,9.399999999999977,68569.6,mid,0,0,45.62
2449,L49628,L,299.4,308.9,1440,42.5,87,0,0,0,0,0,0,L,1,9.5,61200.0,mid,0,0,45.2
2450,L49629,L,299.3,308.8,1772,25.2,89,0,0,0,0,0,0,L,1,9.5,44654.4,mid,0,0,42.54
2451,L49630,L,299.2,308.7,1492,37.8,91,0,0,0,0,0,0,L,1,9.5,56397.6,mid,0,0,45.86
2452,L49631,L,299.2,308.7,1650,30.5,93,0,0,0,0,0,0,L,1,9.5,50325.0,mid,0,0,45.2
2453,M17312,M,299.1,308.6,2329,14.6,95,0,0,0,0,0,0,M,1,9.5,34003.4,mid,0,0,42.82
2454,L49633,L,299.0,308.6,1648,30.8,98,0,0,0,0,0,0,L,1,9.600000000000023,50758.4,mid,0,0,47.28
2455,L49634,L,299.0,308.6,1653,31.7,100,0,0,0,0,0,0,L,1,9.600000000000023,52400.1,mid,0,0,48.26
2456,L49635,L,299.0,308.6,1946,22.3,102,0,0,0,0,0,0,L,1,9.600000000000023,43395.8,mid,0,0,47.18
2457,L49636,L,299.1,308.6,1555,36.6,104,0,0,0,0,0,0,L,1,9.5,56913.0,mid,0,0,50.82
2458,L49637,L,299.0,308.6,1661,32.2,106,0,0,0,0,0,0,L,1,9.600000000000023,53484.200000000004,mid,0,0,50.76
2459,L49638,L,299.0,308.6,1434,45.9,108,0,0,0,0,0,0,L,1,9.600000000000023,65820.59999999999,mid,0,0,54.3
2460,L49639,L,299.0,308.6,1297,54.2,110,0,0,0,0,0,0,L,1,9.600000000000023,70297.40000000001,mid,0,0,56.76
2461,L49640,L,299.0,308.6,1466,46.4,112,0,0,0,0,0,0,L,1,9.600000000000023,68022.4,mid,0,0,56.0
2462,M17321,M,298.9,308.6,1517,39.8,114,0,0,0,0,0,0,M,1,9.700000000000045,60376.6,mid,0,0,55.5
2463,L49642,L,298.9,308.5,1742,34.5,117,0,0,0,0,0,0,L,1,9.600000000000023,60099.0,mid,0,0,55.62
2464,L49643,L,298.9,308.5,1580,39.1,119,0,0,0,0,0,0,L,1,9.600000000000023,61778.0,mid,0,0,57.34
2465,M17324,M,298.9,308.5,1534,42.9,121,0,0,0,0,0,0,M,1,9.600000000000023,65808.59999999999,mid,0,0,58.9
2466,L49645,L,298.9,308.6,1481,40.7,124,0,0,0,0,0,0,L,1,9.700000000000045,60276.700000000004,mid,0,0,59.68
2467,L49646,L,299.0,308.6,1429,37.7,126,0,0,0,0,0,0,L,1,9.600000000000023,53873.3,mid,0,0,59.86
2468,M17327,M,298.9,308.6,1574,33.5,128,0,0,0,0,0,0,M,1,9.700000000000045,52729.0,mid,0,0,59.84
2469,M17328,M,298.9,308.6,1524,40.4,131,0,0,0,0,0,0,M,1,9.700000000000045,61569.6,mid,0,0,62.42
2470,L49649,L,299.0,308.7,1507,37.5,134,0,0,0,0,0,0,L,1,9.699999999999989,56512.5,mid,0,0,63.04
2471,L49650,L,298.9,308.5,1467,44.7,136,0,0,0,0,0,0,L,1,9.600000000000023,65574.90000000001,mid,0,0,65.26
2472,L49651,L,298.9,308.4,1301,51.1,138,0,0,0,0,0,0,L,1,9.5,66481.1,mid,0,0,67.32
2473,L49652,L,298.9,308.5,1429,55.1,140,0,0,0,0,0,0,L,1,9.600000000000023,78737.90000000001,mid,0,0,68.94
2474,M17333,M,298.9,308.5,1555,37.6,142,0,0,0,0,0,0,M,1,9.600000000000023,58468.0,mid,0,0,66.24
2475,L49654,L,298.9,308.5,1503,40.6,145,0,0,0,0,0,0,L,1,9.600000000000023,61021.8,mid,0,0,68.04
2476,L49655,L,298.9,308.5,1459,43.1,147,0,0,0,0,0,0,L,1,9.600000000000023,62882.9,mid,0,0,69.34
2477,H31890,H,298.9,308.4,1449,42.4,149,0,0,0,0,0,0,H,1,9.5,61437.6,mid,0,0,69.98
2478,L49657,L,298.9,308.5,1387,57.3,154,0,0,0,0,0,0,L,1,9.600000000000023,79475.09999999999,high,0,0,74.98
2479,M17338,M,298.9,308.5,1456,50.0,156,0,0,0,0,0,0,M,1,9.600000000000023,72800.0,high,0,0,74.32
2480,L49659,L,299.0,308.5,1604,34.7,159,0,0,0,0,0,0,L,1,9.5,55658.8,high,0,0,72.44
2481,L49660,L,299.0,308.6,1734,32.4,161,0,0,0,0,0,0,L,1,9.600000000000023,56181.6,high,0,0,72.8
2482,L49661,L,299.0,308.6,1378,47.8,163,0,0,0,0,0,0,L,1,9.600000000000023,65868.4,high,0,0,76.68
2483,L49662,L,298.9,308.7,1504,41.8,165,0,0,0,0,0,0,L,1,9.800000000000011,62867.2,high,0,0,76.32
2484,M17343,M,298.9,308.7,1402,49.8,167,0,0,0,0,0,0,M,1,9.800000000000011,69819.59999999999,high,0,0,78.72
2485,H31898,H,298.8,308.6,1524,37.7,170,0,0,0,0,0,0,H,1,9.800000000000011,57454.8,high,0,0,77.5
2486,L49665,L,298.8,308.6,1593,35.5,175,0,0,0,0,0,0,L,1,9.800000000000011,56551.5,high,0,0,79.06
2487,M17346,M,298.9,308.7,1772,28.4,177,0,0,0,0,0,0,M,1,9.800000000000011,50324.799999999996,high,0,0,78.44
2488,H31901,H,298.9,308.6,1623,31.0,180,0,0,0,0,0,0,H,1,9.700000000000045,50313.0,high,0,0,80.14
2489,L49668,L,298.9,308.7,1356,50.7,185,0,0,0,0,0,0,L,1,9.800000000000011,68749.2,high,0,0,86.1
2490,H31903,H,298.9,308.7,1500,41.6,187,0,0,0,0,0,0,H,1,9.800000000000011,62400.0,high,0,0,85.08
2491,H31904,H,299.1,308.8,1566,46.6,192,0,0,0,0,0,0,H,1,9.699999999999989,72975.6,high,0,0,88.06
2492,L49671,L,299.1,308.9,1445,43.4,197,0,0,0,0,0,0,L,1,9.799999999999955,62713.0,high,0,0,89.44
2493,H31906,H,299.0,308.8,1382,58.5,199,0,0,0,0,0,0,H,1,9.800000000000011,80847.0,high,0,0,93.26
2494,M17353,M,299.0,308.8,1418,45.7,204,0,0,0,0,0,0,M,1,9.800000000000011,64802.600000000006,high,1,0,92.7
2495,L49674,L,299.1,308.8,1329,53.6,207,1,0,0,0,1,0,L,1,9.699999999999989,71234.40000000001,high,1,1,145.46
2496,M17355,M,299.1,308.8,1491,41.0,209,0,0,0,0,0,0,M,1,9.699999999999989,61131.0,high,1,0,93.74
2497,M17356,M,299.2,308.9,1573,37.4,212,0,0,0,0,0,0,M,1,9.699999999999989,58830.2,high,1,0,94.22
2498,M17357,M,299.2,308.9,1521,42.3,215,0,0,0,0,0,0,M,1,9.699999999999989,64338.299999999996,high,1,0,96.4
2499,L49678,L,299.1,308.9,1467,47.2,218,0,0,0,0,0,0,L,1,9.799999999999955,69242.40000000001,high,1,0,98.6
2500,M17359,M,299.1,308.9,1325,48.4,220,0,0,0,0,0,0,M,1,9.799999999999955,64130.0,high,1,0,99.64
2501,L49680,L,299.1,308.9,1617,32.3,223,0,0,0,0,0,0,L,1,9.799999999999955,52229.1,high,1,0,97.62
2502,M17361,M,299.1,308.9,1476,42.7,225,0,0,0,0,0,0,M,1,9.799999999999955,63025.200000000004,high,1,0,100.5
2503,L49682,L,299.2,309.0,1515,48.9,228,1,0,0,0,1,0,L,1,9.800000000000011,74083.5,high,1,1,152.94
2504,L49683,L,299.2,309.0,1408,47.2,0,0,0,0,0,0,0,L,1,9.800000000000011,66457.6,low,0,0,11.4
2505,L49684,L,299.2,309.1,1468,45.6,2,0,0,0,0,0,0,L,1,9.900000000000034,66940.8,low,0,0,11.9
2506,L49685,L,299.2,309.1,1387,48.7,4,0,0,0,0,0,0,L,1,9.900000000000034,67546.90000000001,low,0,0,13.32
2507,M17366,M,299.2,309.1,1503,34.7,6,0,0,0,0,0,0,M,1,9.900000000000034,52154.100000000006,low,0,0,11.32
2508,H31921,H,299.2,309.1,1410,47.1,9,0,0,0,0,0,0,H,1,9.900000000000034,66411.0,low,0,0,15.0
2509,L49688,L,299.0,308.9,1615,30.6,14,0,0,0,0,0,0,L,1,9.899999999999977,49419.0,low,0,0,13.7
2510,L49689,L,299.0,308.9,1511,35.9,16,0,0,0,0,0,0,L,1,9.899999999999977,54244.9,low,0,0,15.56
2511,L49690,L,299.1,309.0,1405,53.8,18,0,0,0,0,0,0,L,1,9.899999999999977,75589.0,low,0,0,19.94
2512,M17371,M,299.0,308.9,1526,41.1,20,0,0,0,0,0,0,M,1,9.899999999999977,62718.6,low,0,0,18.2
2513,L49692,L,298.9,308.8,1530,38.3,23,0,0,0,0,0,0,L,1,9.900000000000034,58598.99999999999,low,0,0,18.84
2514,L49693,L,299.0,308.7,1583,32.5,25,0,0,0,0,0,0,L,1,9.699999999999989,51447.5,low,0,0,18.44
2515,L49694,L,298.9,308.6,2069,18.7,27,0,0,0,0,0,0,L,1,9.700000000000045,38690.299999999996,low,0,0,16.48
2516,L49695,L,298.8,308.5,1490,35.0,29,0,0,0,0,0,0,L,1,9.699999999999989,52150.0,low,0,0,20.54
2517,L49696,L,298.8,308.5,1736,29.0,31,0,0,0,0,0,0,L,1,9.699999999999989,50344.0,low,0,0,20.14
2518,L49697,L,298.8,308.5,1395,44.4,33,0,0,0,0,0,0,L,1,9.699999999999989,61938.0,low,0,0,24.02
2519,M17378,M,298.9,308.6,1425,49.6,35,0,0,0,0,0,0,M,1,9.700000000000045,70680.0,low,0,0,25.86
2520,L49699,L,298.8,308.6,1631,32.4,38,0,0,0,0,0,0,L,1,9.800000000000011,52844.399999999994,low,0,0,23.64
2521,L49700,L,298.8,308.6,1535,41.2,40,0,0,0,0,0,0,L,1,9.800000000000011,63242.00000000001,low,0,0,26.2
2522,L49701,L,298.8,308.6,1584,34.4,42,0,0,0,0,0,0,L,1,9.800000000000011,54489.6,low,0,0,25.64
2523,M17382,M,298.8,308.7,1543,38.2,44,0,0,0,0,0,0,M,1,9.899999999999977,58942.600000000006,low,0,0,27.22
2524,L49703,L,298.8,308.7,1635,35.2,47,0,0,0,0,0,0,L,1,9.899999999999977,57552.00000000001,low,0,0,27.82
2525,M17384,M,298.8,308.7,1446,45.5,49,0,0,0,0,0,0,M,1,9.899999999999977,65793.0,low,0,0,30.68
2526,M17385,M,298.8,308.6,1598,35.1,52,0,0,0,0,0,0,M,1,9.800000000000011,56089.8,mid,0,0,29.78
2527,L49706,L,298.8,308.6,1501,35.0,55,0,0,0,0,0,0,L,1,9.800000000000011,52535.0,mid,0,0,30.96
2528,L49707,L,298.8,308.5,1450,50.8,57,0,0,0,0,0,0,L,1,9.699999999999989,73660.0,mid,0,0,34.9
2529,L49708,L,298.8,308.6,1730,25.9,59,0,0,0,0,0,0,L,1,9.800000000000011,44807.0,mid,0,0,30.74
2530,M17389,M,298.8,308.6,1571,33.7,61,0,0,0,0,0,0,M,1,9.800000000000011,52942.700000000004,mid,0,0,33.1
2531,L49710,L,298.9,308.7,1438,51.7,64,0,0,0,0,0,0,L,1,9.800000000000011,74344.6,mid,0,0,37.9
2532,M17391,M,298.8,308.5,1510,38.7,66,0,0,0,0,0,0,M,1,9.699999999999989,58437.00000000001,mid,0,0,36.08
2533,L49712,L,298.9,308.7,1389,44.9,69,0,0,0,0,0,0,L,1,9.800000000000011,62366.1,mid,0,0,38.54
2534,L49713,L,298.8,308.7,1490,33.6,71,0,0,0,0,0,0,L,1,9.899999999999977,50064.0,mid,0,0,37.1
2535,L49714,L,298.9,308.7,1729,26.6,73,0,0,0,0,0,0,L,1,9.800000000000011,45991.4,mid,0,0,36.48
2536,L49715,L,299.0,308.8,1495,38.4,75,0,0,0,0,0,0,L,1,9.800000000000011,57408.0,mid,0,0,39.64
2537,L49716,L,298.9,308.8,1281,53.9,77,0,0,0,0,0,0,L,1,9.900000000000034,69045.9,mid,0,0,43.56
2538,H31951,H,298.9,308.7,1353,48.1,79,0,0,0,0,0,0,H,1,9.800000000000011,65079.3,mid,0,0,43.18
2539,L49718,L,299.1,308.8,1429,50.1,84,0,0,0,0,0,0,L,1,9.699999999999989,71592.90000000001,mid,0,0,45.56
2540,L49719,L,299.1,308.8,1413,42.1,86,0,0,0,0,0,0,L,1,9.699999999999989,59487.3,mid,0,0,44.76
2541,L49720,L,299.1,308.8,1502,38.3,88,0,0,0,0,0,0,L,1,9.699999999999989,57526.6,mid,0,0,44.8
2542,H31955,H,299.1,308.8,1553,32.6,90,0,0,0,0,0,0,H,1,9.699999999999989,50627.8,mid,0,0,44.46
2543,H31956,H,299.2,308.9,1712,26.4,95,0,0,0,0,0,0,H,1,9.699999999999989,45196.799999999996,mid,0,0,45.22
2544,L49723,L,299.3,309.0,1786,23.5,100,0,0,0,0,0,0,L,1,9.699999999999989,41971.0,mid,0,0,46.64
2545,L49724,L,299.2,309.0,1951,21.4,102,0,0,0,0,0,0,L,1,9.800000000000011,41751.399999999994,mid,0,0,47.04
2546,M17405,M,299.2,309.0,1541,36.3,104,0,0,0,0,0,0,M,1,9.800000000000011,55938.299999999996,mid,0,0,50.82
2547,L49726,L,299.2,309.1,1605,34.3,107,0,0,0,0,0,0,L,1,9.900000000000034,55051.49999999999,mid,0,0,51.64
2548,L49727,L,299.2,309.1,1578,38.1,109,0,0,0,0,0,0,L,1,9.900000000000034,60121.8,mid,0,0,53.2
2549,M17408,M,299.3,309.2,1440,37.5,111,0,0,0,0,0,0,M,1,9.899999999999977,54000.0,mid,0,0,53.88
2550,L49729,L,299.4,309.2,1489,42.3,114,0,0,0,0,0,0,L,1,9.800000000000011,62984.7,mid,0,0,56.02
2551,L49730,L,299.4,309.3,1366,48.4,116,0,0,0,0,0,0,L,1,9.900000000000034,66114.4,mid,0,0,58.06
2552,L49731,L,299.3,309.2,1541,37.2,118,0,0,0,0,0,0,L,1,9.899999999999977,57325.200000000004,mid,0,0,56.62
2553,H31966,H,299.3,309.1,1552,40.7,120,0,0,0,0,0,0,H,1,9.800000000000011,63166.4,mid,0,0,58.1
2554,L49733,L,299.3,309.1,1473,40.3,125,0,0,0,0,0,0,L,1,9.800000000000011,59361.899999999994,mid,0,0,60.02
2555,L49734,L,299.3,309.1,1531,37.9,127,0,0,0,0,0,0,L,1,9.800000000000011,58024.9,mid,0,0,60.34
2556,L49735,L,299.3,309.2,1511,37.2,129,0,0,0,0,0,0,L,1,9.899999999999977,56209.200000000004,mid,0,0,61.02
2557,M17416,M,299.3,309.1,1449,47.9,131,0,0,0,0,0,0,M,1,9.800000000000011,69407.09999999999,mid,0,0,63.94
2558,M17417,M,299.4,309.1,1440,50.0,134,0,0,0,0,0,0,M,1,9.700000000000045,72000.0,mid,0,0,65.54
2559,M17418,M,299.2,309.0,1881,23.9,137,0,0,0,0,0,0,M,1,9.800000000000011,44955.899999999994,mid,0,0,61.54
2560,L49739,L,299.3,309.0,1447,50.4,140,0,0,0,0,0,1,L,1,9.699999999999989,72928.8,mid,0,1,68.02
2561,M17420,M,299.4,309.1,1326,62.0,142,0,0,0,0,0,0,M,1,9.700000000000045,82212.0,mid,0,0,71.14
2562,L49741,L,299.4,309.2,1607,31.7,145,0,0,0,0,0,0,L,1,9.800000000000011,50941.9,mid,0,0,66.3
2563,L49742,L,299.3,309.1,1551,39.1,147,0,0,0,0,0,0,L,1,9.800000000000011,60644.100000000006,mid,0,0,68.58
2564,L49743,L,299.3,309.1,1496,37.2,149,0,0,0,0,0,0,L,1,9.800000000000011,55651.200000000004,mid,0,0,69.0
2565,L49744,L,299.3,309.1,1493,38.0,151,0,0,0,0,0,0,L,1,9.800000000000011,56734.0,high,0,0,69.96
2566,L49745,L,299.4,309.1,1304,50.5,153,0,0,0,0,0,0,L,1,9.700000000000045,65852.0,high,0,0,73.24
2567,M17426,M,299.3,309.0,1420,41.6,155,0,0,0,0,0,0,M,1,9.699999999999989,59072.0,high,0,0,72.26
2568,L49747,L,299.4,309.1,1766,24.6,158,0,0,0,0,0,0,L,1,9.700000000000045,43443.600000000006,high,0,0,70.06
2569,L49748,L,299.6,309.2,1450,43.1,160,0,0,0,0,0,0,L,1,9.599999999999966,62495.0,high,0,0,74.54
2570,H31983,H,299.5,309.2,1872,22.6,162,0,0,0,0,0,0,H,1,9.699999999999989,42307.200000000004,high,0,0,71.26
2571,L49750,L,299.6,309.2,1713,26.5,167,0,0,0,0,0,0,L,1,9.599999999999966,45394.5,high,0,0,74.02
2572,M17431,M,299.5,309.2,1497,40.9,169,0,0,0,0,0,0,M,1,9.699999999999989,61227.299999999996,high,0,0,77.72
2573,M17432,M,299.4,309.1,1352,44.7,172,0,0,0,0,0,0,M,1,9.700000000000045,60434.4,high,0,0,79.68
2574,L49753,L,299.5,309.2,1499,41.5,175,0,0,0,0,0,0,L,1,9.699999999999989,62208.5,high,0,0,80.24
2575,L49754,L,299.5,309.3,1972,19.3,177,0,0,0,0,0,0,L,1,9.800000000000011,38059.6,high,0,0,76.62
2576,L49755,L,299.5,309.3,1422,49.2,179,0,0,0,0,0,0,L,1,9.800000000000011,69962.40000000001,high,0,0,83.4
2577,L49756,L,299.5,309.3,1523,41.5,181,0,0,0,0,0,0,L,1,9.800000000000011,63204.5,high,0,0,82.66
2578,L49757,L,299.5,309.4,1563,41.5,183,0,0,0,0,0,0,L,1,9.899999999999977,64864.5,high,0,0,83.48
2579,L49758,L,299.4,309.3,1391,46.6,185,0,0,0,0,0,0,L,1,9.900000000000034,64820.6,high,0,0,85.3
2580,L49759,L,299.3,309.1,1795,24.7,187,0,0,0,0,0,0,L,1,9.800000000000011,44336.5,high,0,0,81.7
2581,L49760,L,299.3,309.1,1293,53.7,189,0,0,0,0,0,0,L,1,9.800000000000011,69434.1,high,0,0,88.3
2582,L49761,L,299.2,309.1,1345,60.7,191,1,0,0,0,1,0,L,1,9.900000000000034,81641.5,high,0,1,140.52
2583,L49762,L,299.2,309.0,1615,33.7,193,0,0,0,0,0,0,L,1,9.800000000000011,54425.50000000001,high,0,0,85.9
2584,L49763,L,299.2,308.9,1342,50.8,195,0,0,0,0,0,0,L,1,9.699999999999989,68173.59999999999,high,0,0,90.1
2585,L49764,L,299.1,308.8,1502,46.7,197,0,0,0,0,0,0,L,1,9.699999999999989,70143.40000000001,high,0,0,90.08
2586,M17445,M,299.0,308.7,1620,35.4,199,0,0,0,0,0,0,M,1,9.699999999999989,57348.0,high,0,0,88.62
2587,L49766,L,299.0,308.7,1537,42.8,202,0,0,0,0,0,0,L,1,9.699999999999989,65783.59999999999,high,1,0,91.3
2588,L49767,L,299.0,308.7,2248,16.8,204,0,0,0,0,0,0,L,1,9.699999999999989,37766.4,high,1,0,86.9
2589,L49768,L,299.0,308.7,1706,28.6,206,0,0,0,0,0,0,L,1,9.699999999999989,48791.600000000006,high,1,0,90.06
2590,L49769,L,299.0,308.7,2250,16.6,208,0,0,0,0,0,0,L,1,9.699999999999989,37350.0,high,1,0,88.46
2591,L49770,L,299.0,308.7,1396,48.6,0,0,0,0,0,0,0,L,1,9.699999999999989,67845.6,low,0,0,11.66
2592,L49771,L,298.9,308.6,1522,46.4,2,0,0,0,0,0,0,L,1,9.700000000000045,70620.8,low,0,0,12.02
2593,L49772,L,298.9,308.6,1539,45.4,4,0,0,0,0,0,0,L,1,9.700000000000045,69870.59999999999,low,0,0,12.62
2594,H32007,H,298.9,308.5,1415,54.0,6,0,0,0,0,0,0,H,1,9.600000000000023,76410.0,low,0,0,15.12
2595,L49774,L,298.8,308.5,1446,37.0,11,0,0,0,0,0,0,L,1,9.699999999999989,53502.0,low,0,0,13.74
2596,M17455,M,298.8,308.6,1486,41.1,13,0,0,0,0,0,0,M,1,9.800000000000011,61074.6,low,0,0,15.38
2597,L49776,L,299.0,308.7,1426,38.6,16,0,0,0,0,0,0,L,1,9.699999999999989,55043.6,low,0,0,16.06
2598,L49777,L,299.0,308.7,1449,38.9,18,0,0,0,0,0,0,L,1,9.699999999999989,56366.1,low,0,0,16.92
2599,L49778,L,299.1,308.8,1320,67.5,20,1,0,0,1,0,0,L,1,9.699999999999989,89100.0,low,0,1,73.44
2600,M17459,M,299.2,308.9,1447,39.6,22,0,0,0,0,0,0,M,1,9.699999999999989,57301.200000000004,low,0,0,18.66
2601,L49780,L,299.3,309.0,1422,47.3,25,0,0,0,0,0,0,L,1,9.699999999999989,67260.59999999999,low,0,0,21.4
2602,L49781,L,299.3,309.1,1399,52.1,27,0,0,0,0,0,0,L,1,9.800000000000011,72887.90000000001,low,0,0,23.18
2603,L49782,L,299.4,309.2,1427,41.5,29,0,0,0,0,0,0,L,1,9.800000000000011,59220.5,low,0,0,21.86
2604,M17463,M,299.3,309.2,1334,46.3,31,0,0,0,0,0,0,M,1,9.899999999999977,61764.2,low,0,0,23.64
2605,M17464,M,299.3,309.1,1385,45.6,34,0,0,0,0,0,0,M,1,9.800000000000011,63156.0,low,0,0,24.68
2606,L49785,L,299.4,309.2,1552,37.4,37,0,0,0,0,0,0,L,1,9.800000000000011,58044.799999999996,low,0,0,24.24
2607,H32020,H,299.4,309.3,1534,37.5,39,0,0,0,0,0,0,H,1,9.900000000000034,57525.0,low,0,0,25.08
2608,L49787,L,299.4,309.3,1448,48.6,44,0,0,0,0,0,0,L,1,9.900000000000034,70372.8,low,0,0,29.3
2609,L49788,L,299.5,309.3,1409,44.7,46,0,0,0,0,0,0,L,1,9.800000000000011,62982.3,low,0,0,29.3
2610,L49789,L,299.4,309.2,1621,34.5,48,0,0,0,0,0,0,L,1,9.800000000000011,55924.5,low,0,0,28.06
2611,H32024,H,299.4,309.1,1547,40.9,50,0,0,0,0,0,0,H,1,9.700000000000045,63272.299999999996,low,0,0,30.12
2612,L49791,L,299.4,309.1,1957,22.1,55,0,0,0,0,0,0,L,1,9.700000000000045,43249.700000000004,mid,0,0,28.36
2613,L49792,L,299.4,309.1,2421,14.2,57,0,0,0,0,0,0,L,1,9.700000000000045,34378.2,mid,0,0,27.58
2614,M17473,M,299.3,309.1,1571,38.3,59,0,0,0,0,0,0,M,1,9.800000000000011,60169.299999999996,mid,0,0,33.22
2615,L49794,L,299.3,309.1,1634,36.8,62,0,0,0,0,0,0,L,1,9.800000000000011,60131.2,mid,0,0,34.12
2616,L49795,L,299.3,309.0,1516,38.7,64,0,0,0,0,0,0,L,1,9.699999999999989,58669.200000000004,mid,0,0,35.28
2617,L49796,L,299.4,309.1,1207,66.5,66,0,0,0,0,0,0,L,1,9.700000000000045,80265.5,mid,0,0,41.64
2618,L49797,L,299.4,309.1,1670,35.9,68,0,0,0,0,0,0,L,1,9.700000000000045,59953.0,mid,0,0,36.32
2619,M17478,M,299.4,309.1,1461,48.6,70,0,0,0,0,0,0,M,1,9.700000000000045,71004.6,mid,0,0,39.66
2620,L49799,L,299.4,309.2,1569,40.8,73,0,0,0,0,0,0,L,1,9.800000000000011,64015.2,mid,0,0,39.32
2621,L49800,L,299.4,309.2,1556,35.7,75,0,0,0,0,0,0,L,1,9.800000000000011,55549.200000000004,mid,0,0,39.1
2622,M17481,M,299.5,309.3,1506,41.5,77,0,0,0,0,0,0,M,1,9.800000000000011,62499.0,mid,0,0,41.06
2623,M17482,M,299.6,309.4,1642,30.3,80,0,0,0,0,0,0,M,1,9.799999999999955,49752.6,mid,0,0,40.02
2624,M17483,M,299.6,309.4,1283,62.1,83,0,0,0,0,0,0,M,1,9.799999999999955,79674.3,mid,0,0,47.58
2625,H32038,H,299.7,309.5,1375,46.8,86,0,0,0,0,0,0,H,1,9.800000000000011,64349.99999999999,mid,0,0,45.72
2626,L49805,L,299.7,309.4,1399,39.9,91,0,0,0,0,0,0,L,1,9.699999999999989,55820.1,mid,0,0,46.32
2627,L49806,L,299.7,309.4,1650,29.8,93,0,0,0,0,0,0,L,1,9.699999999999989,49170.0,mid,0,0,45.1
2628,M17487,M,299.8,309.6,1346,53.2,95,0,0,0,0,0,0,M,1,9.800000000000011,71607.2,mid,0,0,50.6
2629,H32042,H,299.9,309.6,1410,51.2,98,0,0,0,0,0,0,H,1,9.700000000000045,72192.0,mid,0,0,51.38
2630,L49809,L,300.0,309.7,1586,37.8,103,0,0,0,0,0,0,L,1,9.699999999999989,59950.799999999996,mid,0,0,50.7
2631,L49810,L,300.0,309.8,1372,39.6,105,0,0,0,0,0,0,L,1,9.800000000000011,54331.200000000004,mid,0,0,51.88
2632,H32045,H,300.0,309.7,1529,42.4,107,0,0,0,0,0,0,H,1,9.699999999999989,64829.6,mid,0,0,53.22
2633,M17492,M,300.0,309.7,1652,28.6,112,0,0,0,0,0,0,M,1,9.699999999999989,47247.200000000004,mid,0,0,52.46
2634,L49813,L,300.1,309.8,1532,39.8,115,0,0,0,0,0,0,L,1,9.699999999999989,60973.6,mid,0,0,55.9
2635,L49814,L,300.0,309.7,1554,32.0,117,0,0,0,0,0,0,L,1,9.699999999999989,49728.0,mid,0,0,55.14
2636,H32049,H,299.9,309.6,1462,51.0,119,0,0,0,0,0,0,H,1,9.700000000000045,74562.0,mid,0,0,59.74
2637,L49816,L,299.9,309.6,1254,61.3,124,0,0,0,0,0,0,L,1,9.700000000000045,76870.2,mid,0,0,63.8
2638,L49817,L,299.9,309.6,1294,49.7,126,0,0,0,0,0,0,L,1,9.700000000000045,64311.8,mid,0,0,62.28
2639,L49818,L,299.8,309.5,1739,27.5,128,0,0,0,0,0,0,L,1,9.699999999999989,47822.5,mid,0,0,58.64
2640,M17499,M,299.8,309.4,1412,47.8,130,0,0,0,0,0,0,M,1,9.599999999999966,67493.59999999999,mid,0,0,63.48
2641,M17500,M,299.9,309.5,1372,56.2,133,0,0,0,0,0,0,M,1,9.600000000000023,77106.40000000001,mid,0,0,66.36
2642,H32055,H,299.8,309.5,1420,46.7,136,0,0,0,0,0,0,H,1,9.699999999999989,66314.0,mid,0,0,65.68
2643,L49822,L,299.8,309.5,1542,40.3,141,0,0,0,0,0,0,L,1,9.699999999999989,62142.6,mid,0,0,66.4
2644,M17503,M,299.8,309.4,1401,48.1,143,0,0,0,0,0,0,M,1,9.599999999999966,67388.1,mid,0,0,68.74
2645,L49824,L,299.8,309.4,1510,42.5,146,0,0,0,0,0,0,L,1,9.599999999999966,64175.0,mid,0,0,68.82
2646,H32059,H,299.9,309.5,1547,38.5,148,0,0,0,0,0,0,H,1,9.600000000000023,59559.5,mid,0,0,68.82
2647,M17506,M,299.8,309.5,1453,43.2,153,0,0,0,0,0,0,M,1,9.699999999999989,62769.600000000006,high,0,0,71.78
2648,L49827,L,299.8,309.4,1408,45.6,156,0,0,0,0,0,0,L,1,9.599999999999966,64204.8,high,0,0,73.44
2649,L49828,L,299.8,309.4,1436,51.6,158,0,0,0,0,0,0,L,1,9.599999999999966,74097.6,high,0,0,75.44
2650,M17509,M,299.9,309.5,1582,38.2,160,0,0,0,0,0,0,M,1,9.600000000000023,60432.4,high,0,0,73.56
2651,L49830,L,299.9,309.6,1280,59.3,163,0,0,0,0,0,0,L,1,9.700000000000045,75904.0,high,0,0,79.0
2652,L49831,L,299.9,309.5,2008,20.4,165,0,0,0,0,0,0,L,1,9.600000000000023,40963.2,high,0,0,72.0
2653,L49832,L,299.9,309.5,1772,23.5,167,0,0,0,0,0,0,L,1,9.600000000000023,41642.0,high,0,0,73.42
2654,L49833,L,299.9,309.5,1779,26.1,169,0,0,0,0,0,0,L,1,9.600000000000023,46431.9,high,0,0,74.74
2655,L49834,L,299.9,309.5,1567,35.5,171,0,0,0,0,0,0,L,1,9.600000000000023,55628.5,high,0,0,77.42
2656,M17515,M,299.8,309.4,1751,27.0,173,0,0,0,0,0,0,M,1,9.599999999999966,47277.0,high,0,0,76.52
2657,L49836,L,299.9,309.5,1349,51.3,176,0,0,0,0,0,0,L,1,9.600000000000023,69203.7,high,0,0,82.58
2658,M17517,M,300.0,309.5,1425,40.8,178,0,0,0,0,0,0,M,1,9.5,58139.99999999999,high,0,0,81.26
2659,L49838,L,300.0,309.4,1395,44.5,181,0,0,0,0,0,0,L,1,9.399999999999977,62077.5,high,0,0,83.18
2660,H32073,H,299.8,309.3,1595,32.1,183,0,0,0,0,0,0,H,1,9.5,51199.5,high,0,0,81.52
2661,L49840,L,299.8,309.3,1291,56.4,188,0,0,0,0,0,0,L,1,9.5,72812.4,high,0,0,88.38
2662,M17521,M,299.9,309.4,1509,42.8,190,0,0,0,0,0,0,M,1,9.5,64585.2,high,0,0,86.46
2663,M17522,M,299.9,309.4,1483,38.1,193,0,0,0,0,0,0,M,1,9.5,56502.3,high,0,0,86.72
2664,L49843,L,299.9,309.3,1620,31.1,196,0,0,0,0,0,0,L,1,9.400000000000034,50382.0,high,0,0,86.5
2665,M17524,M,299.9,309.4,1487,42.2,198,0,0,0,0,0,0,M,1,9.5,62751.4,high,0,0,89.54
2666,L49845,L,299.8,309.4,2256,15.9,201,0,0,0,0,0,0,L,1,9.599999999999966,35870.4,high,1,0,85.5
2667,H32080,H,299.7,309.2,1691,27.7,203,0,0,0,0,0,0,H,1,9.5,46840.7,high,1,0,88.64
2668,M17527,M,299.8,309.3,1663,35.2,208,0,0,0,0,0,0,M,1,9.5,58537.600000000006,high,1,0,92.14
2669,M17528,M,299.8,309.3,1640,31.1,211,0,0,0,0,0,0,M,1,9.5,51004.0,high,1,0,92.52
2670,H32083,H,299.7,309.3,1494,37.8,214,0,0,0,0,0,0,H,1,9.600000000000023,56473.2,high,1,0,95.08
2671,L49850,L,299.8,309.4,1467,46.2,219,0,0,0,0,0,0,L,1,9.599999999999966,67775.40000000001,high,1,0,98.76
2672,M17531,M,299.7,309.3,1399,41.9,221,1,1,0,0,0,0,M,1,9.600000000000023,58618.1,high,1,1,148.7
2673,L49852,L,299.7,309.3,1445,42.6,0,0,0,0,0,0,0,L,1,9.600000000000023,61557.0,low,0,0,10.44
2674,L49853,L,299.8,309.4,1480,40.9,2,0,0,0,0,0,0,L,1,9.599999999999966,60532.0,low,0,0,10.9
2675,L49854,L,299.7,309.3,1546,37.2,4,0,0,0,0,0,0,L,1,9.600000000000023,57511.200000000004,low,0,0,10.96
2676,L49855,L,299.7,309.3,1574,35.8,6,0,0,0,0,0,0,L,1,9.600000000000023,56349.2,low,0,0,11.48
2677,L49856,L,299.7,309.3,1592,34.2,8,0,0,0,0,0,0,L,1,9.600000000000023,54446.4,low,0,0,11.96
2678,L49857,L,299.8,309.5,1495,39.6,10,0,0,0,0,0,0,L,1,9.699999999999989,59202.0,low,0,0,13.86
2679,L49858,L,299.8,309.6,1447,43.1,12,0,0,0,0,0,0,L,1,9.800000000000011,62365.700000000004,low,0,0,15.38
2680,L49859,L,299.8,309.5,1476,44.4,14,0,0,0,0,0,0,L,1,9.699999999999989,65534.4,low,0,0,16.42
2681,L49860,L,299.8,309.5,1641,27.1,16,0,0,0,0,0,0,L,1,9.699999999999989,44471.100000000006,low,0,0,13.76
2682,L49861,L,299.8,309.5,1545,32.2,18,0,0,0,0,0,0,L,1,9.699999999999989,49749.00000000001,low,0,0,15.58
2683,M17542,M,299.9,309.6,1364,44.4,20,0,0,0,0,0,0,M,1,9.700000000000045,60561.6,low,0,0,18.82
2684,L49863,L,299.8,309.5,1590,28.5,23,0,0,0,0,0,0,L,1,9.699999999999989,45315.0,low,0,0,16.84
2685,L49864,L,299.8,309.4,1460,37.4,25,0,0,0,0,0,0,L,1,9.599999999999966,54604.0,low,0,0,19.4
2686,L49865,L,299.8,309.4,1609,32.5,27,0,0,0,0,0,0,L,1,9.599999999999966,52292.5,low,0,0,19.22
2687,L49866,L,299.8,309.4,1633,27.5,29,0,0,0,0,0,0,L,1,9.599999999999966,44907.5,low,0,0,19.02
2688,L49867,L,299.9,309.4,1348,52.8,31,0,0,0,0,0,0,L,1,9.5,71174.4,low,0,0,24.86
2689,L49868,L,299.9,309.4,1322,53.9,33,0,0,0,0,0,0,L,1,9.5,71255.8,low,0,0,25.88
2690,L49869,L,300.0,309.5,1641,30.1,35,0,0,0,0,0,0,L,1,9.5,49394.100000000006,low,0,0,21.92
2691,L49870,L,300.0,309.5,1728,26.0,37,0,0,0,0,0,0,L,1,9.5,44928.0,low,0,0,21.9
2692,L49871,L,300.0,309.6,1431,47.7,39,0,0,0,0,0,0,L,1,9.600000000000023,68258.7,low,0,0,27.06
2693,L49872,L,300.1,309.7,1641,30.4,41,0,0,0,0,0,0,L,1,9.599999999999966,49886.399999999994,low,0,0,24.4
2694,M17553,M,300.1,309.6,1622,36.1,43,0,0,0,0,0,0,M,1,9.5,58554.200000000004,low,0,0,26.32
2695,M17554,M,300.1,309.6,1625,38.0,46,0,0,0,0,0,0,M,1,9.5,61750.0,low,0,0,27.9
2696,L49875,L,300.0,309.5,1869,22.7,49,0,0,0,0,0,0,L,1,9.5,42426.299999999996,low,0,0,26.04
2697,L49876,L,300.0,309.6,1452,46.0,51,0,0,0,0,0,0,L,1,9.600000000000023,66792.0,mid,0,0,31.52
2698,L49877,L,300.0,309.6,1618,28.7,53,0,0,0,0,0,0,L,1,9.600000000000023,46436.6,mid,0,0,28.86
2699,L49878,L,300.0,309.4,2010,20.0,55,0,0,0,0,0,0,L,1,9.399999999999977,40200.0,mid,0,0,27.88
2700,L49879,L,299.9,309.4,1363,60.9,57,0,0,0,0,0,0,L,1,9.5,83006.7,mid,0,0,36.88
2701,L49880,L,299.9,309.3,1473,40.4,59,0,0,0,0,0,0,L,1,9.400000000000034,59509.2,mid,0,0,33.56
2702,L49881,L,299.9,309.2,1333,50.8,61,0,0,0,0,0,0,L,1,9.300000000000011,67716.4,mid,0,0,36.42
2703,L49882,L,299.8,309.2,1760,25.9,63,0,0,0,0,0,0,L,1,9.399999999999977,45584.0,mid,0,0,32.26
2704,M17563,M,299.8,309.2,1372,58.2,65,0,0,0,0,0,0,M,1,9.399999999999977,79850.40000000001,mid,0,0,39.52
2705,M17564,M,299.7,309.2,1608,34.4,68,0,0,0,0,0,0,M,1,9.5,55315.2,mid,0,0,35.98
2706,L49885,L,299.7,309.2,1326,64.8,71,0,0,0,0,0,0,L,1,9.5,85924.8,mid,0,0,43.26
2707,M17566,M,299.6,309.1,1560,37.1,73,0,0,0,0,0,0,M,1,9.5,57876.0,mid,0,0,38.52
2708,M17567,M,299.6,309.0,1539,36.1,76,0,0,0,0,0,0,M,1,9.399999999999977,55557.9,mid,0,0,39.5
2709,L49888,L,299.6,309.1,2266,15.3,79,0,0,0,0,0,0,L,1,9.5,34669.8,mid,0,0,36.56
2710,L49889,L,299.6,309.1,1641,35.8,81,0,0,0,0,0,0,L,1,9.5,58747.799999999996,mid,0,0,41.46
2711,L49890,L,299.6,309.1,1574,39.2,83,0,0,0,0,0,0,L,1,9.5,61700.8,mid,0,0,42.94
2712,L49891,L,299.6,309.1,1407,50.6,85,0,0,0,0,0,0,L,1,9.5,71194.2,mid,0,0,46.02
2713,H32126,H,299.7,309.2,1302,55.5,87,0,0,0,0,0,0,H,1,9.5,72261.0,mid,0,0,47.8
2714,M17573,M,299.6,309.2,1651,30.8,92,0,0,0,0,0,0,M,1,9.599999999999966,50850.8,mid,0,0,44.88
2715,M17574,M,299.6,309.1,1366,55.2,95,0,0,0,0,0,0,M,1,9.5,75403.2,mid,0,0,50.94
2716,M17575,M,299.5,309.0,1701,28.6,98,0,0,0,0,0,0,M,1,9.5,48648.600000000006,mid,0,0,46.82
2717,L49896,L,299.5,309.0,1498,44.6,101,0,0,0,0,0,0,L,1,9.5,66810.8,mid,0,0,51.22
2718,M17577,M,299.5,309.1,1422,45.3,103,0,0,0,0,0,0,M,1,9.600000000000023,64416.6,mid,0,0,52.18
2719,L49898,L,299.5,309.1,1357,47.3,106,0,0,0,0,0,0,L,1,9.600000000000023,64186.1,mid,0,0,53.78
2720,L49899,L,299.5,309.2,1690,29.2,108,0,0,0,0,0,0,L,1,9.699999999999989,49348.0,mid,0,0,50.98
2721,L49900,L,299.6,309.2,1559,39.1,110,0,0,0,0,0,0,L,1,9.599999999999966,60956.9,mid,0,0,53.74
2722,M17581,M,299.6,309.3,1553,32.4,112,0,0,0,0,0,0,M,1,9.699999999999989,50317.2,mid,0,0,53.22
2723,L49902,L,299.6,309.3,1558,34.8,115,0,0,0,0,0,0,L,1,9.699999999999989,54218.399999999994,mid,0,0,54.9
2724,L49903,L,299.7,309.4,1362,51.9,117,0,0,0,0,0,0,L,1,9.699999999999989,70687.8,mid,0,0,59.12
2725,M17584,M,299.8,309.3,1470,42.7,119,0,0,0,0,0,0,M,1,9.5,62769.00000000001,mid,0,0,58.04
2726,L49905,L,299.8,309.4,1555,34.8,122,0,0,0,0,0,0,L,1,9.599999999999966,54113.99999999999,mid,0,0,57.68
2727,M17586,M,299.8,309.4,1423,42.9,124,0,0,0,0,0,0,M,1,9.599999999999966,61046.7,mid,0,0,60.1
2728,L49907,L,299.7,309.3,1434,38.5,127,0,0,0,0,0,0,L,1,9.600000000000023,55209.0,mid,0,0,60.42
2729,L49908,L,299.7,309.3,1779,25.5,129,0,0,0,0,0,0,L,1,9.600000000000023,45364.5,mid,0,0,58.62
2730,L49909,L,299.7,309.3,1417,54.6,131,0,0,0,0,0,0,L,1,9.600000000000023,77368.2,mid,0,0,65.24
2731,L49910,L,299.6,309.2,1425,45.9,133,0,0,0,0,0,0,L,1,9.599999999999966,65407.5,mid,0,0,64.3
2732,M17591,M,299.7,309.2,1597,32.9,135,0,0,0,0,0,0,M,1,9.5,52541.299999999996,mid,0,0,62.48
2733,L49912,L,299.7,309.2,1346,57.4,138,0,0,0,0,0,0,L,1,9.5,77260.4,mid,0,0,68.58
2734,L49913,L,299.7,309.2,1422,40.4,140,0,0,0,0,0,0,L,1,9.5,57448.799999999996,mid,0,0,65.98
2735,H32148,H,299.7,309.2,1572,32.8,142,0,0,0,0,0,0,H,1,9.5,51561.6,mid,0,0,65.26
2736,L49915,L,299.7,309.2,1412,45.4,147,0,0,0,0,0,0,L,1,9.5,64104.799999999996,mid,0,0,69.78
2737,M17596,M,299.7,309.1,1576,36.4,149,0,0,0,0,0,0,M,1,9.400000000000034,57366.399999999994,mid,0,0,68.76
2738,M17597,M,299.7,309.1,1508,41.2,152,0,0,0,0,0,0,M,1,9.400000000000034,62129.600000000006,high,0,0,70.92
2739,M17598,M,299.8,309.1,1496,44.4,155,0,0,0,0,0,0,M,1,9.300000000000011,66422.4,high,0,0,72.74
2740,L49919,L,299.8,309.2,1572,35.4,158,0,0,0,0,0,0,L,1,9.399999999999977,55648.799999999996,high,0,0,72.16
2741,L49920,L,299.6,309.0,1525,42.8,160,0,0,0,0,0,0,L,1,9.399999999999977,65269.99999999999,high,0,0,74.44
2742,L49921,L,299.6,309.0,1378,51.9,162,0,0,0,0,0,0,L,1,9.399999999999977,71518.2,high,0,0,77.06
2743,L49922,L,299.6,309.1,1369,51.4,164,0,0,0,0,0,0,L,1,9.5,70366.59999999999,high,0,0,77.78
2744,L49923,L,299.6,309.1,1476,45.3,166,0,0,0,0,0,0,L,1,9.5,66862.8,high,0,0,77.36
2745,L49924,L,299.7,309.2,1620,30.0,168,0,0,0,0,0,0,L,1,9.5,48600.0,high,0,0,75.1
2746,M17605,M,299.7,309.1,1603,38.5,170,0,0,0,0,0,0,M,1,9.400000000000034,61715.5,high,0,0,77.58
2747,L49926,L,299.7,309.2,1411,46.1,173,0,0,0,0,0,0,L,1,9.5,65047.1,high,0,0,80.32
2748,L49927,L,299.7,309.2,1616,31.6,175,0,0,0,0,0,0,L,1,9.5,51065.600000000006,high,0,0,78.22
2749,L49928,L,299.7,309.2,1631,35.1,177,0,0,0,0,0,0,L,1,9.5,57248.100000000006,high,0,0,79.72
2750,M17609,M,299.7,309.2,1685,28.9,179,1,0,0,0,0,0,M,1,9.5,48696.5,high,0,0,129.28
2751,H32164,H,299.7,309.2,1456,40.6,182,0,0,0,0,0,0,H,1,9.5,59113.6,high,0,0,82.82
2752,L49931,L,299.7,309.1,1417,50.1,187,0,0,0,0,0,0,L,1,9.400000000000034,70991.7,high,0,0,86.7
2753,M17612,M,299.7,309.1,1851,24.7,189,0,0,0,0,0,0,M,1,9.400000000000034,45719.7,high,0,0,82.42
2754,L49933,L,299.7,309.1,1715,27.8,192,0,0,0,0,0,0,L,1,9.400000000000034,47677.0,high,0,0,84.24
2755,H32168,H,299.6,309.1,1630,32.3,194,0,0,0,0,0,0,H,1,9.5,52648.99999999999,high,0,0,85.96
2756,L49935,L,299.7,309.2,1478,38.8,199,0,0,0,0,0,0,L,1,9.5,57346.399999999994,high,0,0,89.26
2757,L49936,L,299.7,309.2,1781,29.6,201,0,0,0,0,0,0,L,1,9.5,52717.600000000006,high,1,0,88.22
2758,L49937,L,299.8,309.2,1439,36.1,203,0,0,0,0,0,0,L,1,9.399999999999977,51947.9,high,1,0,90.3
2759,M17618,M,299.7,309.2,1412,45.3,205,0,0,0,0,0,0,M,1,9.5,63963.6,high,1,0,92.96
2760,L49939,L,299.7,309.1,1483,41.1,208,0,0,0,0,0,0,L,1,9.400000000000034,60951.3,high,1,0,93.3
2761,L49940,L,299.8,309.2,1400,42.6,210,0,0,0,0,0,0,L,1,9.399999999999977,59640.0,high,1,0,94.4
2762,L49941,L,299.8,309.3,1299,65.1,212,1,0,0,0,1,0,L,1,9.5,84564.9,high,1,1,149.72
2763,L49942,L,299.8,309.2,1479,44.4,214,0,0,0,0,0,0,L,1,9.399999999999977,65667.59999999999,high,1,0,96.36
2764,L49943,L,299.8,309.2,1491,47.5,216,0,0,0,0,0,0,L,1,9.399999999999977,70822.5,high,1,0,97.78
2765,M17624,M,299.9,309.3,1389,52.8,0,0,0,0,0,0,0,M,1,9.400000000000034,73339.2,low,0,0,12.44
2766,M17625,M,299.9,309.4,1399,54.8,3,0,0,0,0,0,0,M,1,9.5,76665.2,low,0,0,14.06
2767,M17626,M,299.9,309.4,1889,26.0,6,0,0,0,0,0,0,M,1,9.5,49114.0,low,0,0,9.5
2768,L49947,L,300.0,309.5,1925,21.9,9,0,0,0,0,0,0,L,1,9.5,42157.5,low,0,0,9.88
2769,L49948,L,300.0,309.5,1675,30.2,11,0,0,0,0,0,0,L,1,9.5,50585.0,low,0,0,12.34
2770,M17629,M,300.0,309.6,1477,38.1,13,0,0,0,0,0,0,M,1,9.600000000000023,56273.700000000004,low,0,0,14.74
2771,L49950,L,300.0,309.6,1364,45.9,16,0,0,0,0,0,0,L,1,9.600000000000023,62607.6,low,0,0,17.5
2772,L49951,L,299.9,309.5,1451,39.4,18,0,0,0,0,0,0,L,1,9.600000000000023,57169.4,low,0,0,17.0
2773,L49952,L,299.9,309.4,1467,41.2,20,0,0,0,0,0,0,L,1,9.5,60440.4,low,0,0,18.14
2774,L49953,L,299.9,309.4,1858,22.5,22,0,0,0,0,0,0,L,1,9.5,41805.0,low,0,0,15.2
2775,L49954,L,300.1,309.4,1559,39.7,24,0,0,0,0,0,0,L,1,9.299999999999955,61892.3,low,0,0,19.4
2776,L49955,L,300.1,309.4,1560,47.7,26,0,0,0,0,0,0,L,1,9.299999999999955,74412.0,low,0,0,21.8
2777,L49956,L,300.1,309.4,1453,47.6,28,0,0,0,0,0,0,L,1,9.299999999999955,69162.8,low,0,0,22.58
2778,L49957,L,300.1,309.4,1464,41.7,30,0,0,0,0,0,0,L,1,9.299999999999955,61048.8,low,0,0,22.2
2779,L49958,L,300.0,309.4,1308,50.2,32,0,0,0,0,0,0,L,1,9.399999999999977,65661.6,low,0,0,24.72
2780,L49959,L,300.1,309.5,1353,50.9,34,0,0,0,0,0,0,L,1,9.399999999999977,68867.7,low,0,0,25.66
2781,M17640,M,300.2,309.6,1556,35.8,36,0,0,0,0,0,0,M,1,9.400000000000034,55704.799999999996,low,0,0,23.44
2782,L49961,L,300.2,309.5,2183,17.8,39,0,0,0,0,0,0,L,1,9.300000000000011,38857.4,low,0,0,21.02
2783,M17642,M,300.2,309.6,1491,41.8,41,0,0,0,0,0,0,M,1,9.400000000000034,62323.799999999996,low,0,0,26.64
2784,M17643,M,300.2,309.6,1528,35.1,44,0,0,0,0,0,0,M,1,9.400000000000034,53632.8,low,0,0,26.5
2785,L49964,L,300.2,309.6,1430,52.7,47,0,0,0,0,0,0,L,1,9.400000000000034,75361.0,low,0,0,31.22
2786,L49965,L,300.2,309.5,1495,32.6,49,0,0,0,0,0,0,L,1,9.300000000000011,48737.0,low,0,0,27.98
2787,M17646,M,300.2,309.5,1630,28.3,51,0,0,0,0,0,0,M,1,9.300000000000011,46129.0,mid,0,0,27.92
2788,M17647,M,300.3,309.6,1524,38.4,54,0,0,0,0,0,0,M,1,9.300000000000011,58521.6,mid,0,0,31.14
2789,L49968,L,300.3,309.6,1326,52.4,57,0,0,0,0,0,0,L,1,9.300000000000011,69482.4,mid,0,0,35.14
2790,H32203,H,300.3,309.5,1438,44.0,59,0,0,0,0,0,0,H,1,9.199999999999989,63272.0,mid,0,0,34.24
2791,L49970,L,300.4,309.6,1356,45.9,64,0,0,0,0,0,0,L,1,9.200000000000045,62240.4,mid,0,0,36.62
2792,H32205,H,300.4,309.6,1416,43.3,66,0,0,0,0,0,0,H,1,9.200000000000045,61312.799999999996,mid,0,0,36.9
2793,L49972,L,300.4,309.7,1584,32.6,71,0,0,0,0,0,0,L,1,9.300000000000011,51638.4,mid,0,0,36.78
2794,L49973,L,300.3,309.6,1597,31.8,73,0,0,0,0,0,0,L,1,9.300000000000011,50784.6,mid,0,0,37.42
2795,L49974,L,300.4,309.6,1553,43.9,75,0,0,0,0,0,0,L,1,9.200000000000045,68176.7,mid,0,0,40.62
2796,M17655,M,300.3,309.5,1405,49.4,77,0,0,0,0,0,0,M,1,9.199999999999989,69407.0,mid,0,0,42.52
2797,L49976,L,300.2,309.5,1539,35.3,80,0,0,0,0,0,0,L,1,9.300000000000011,54326.7,mid,0,0,40.92
2798,M17657,M,300.3,309.6,1398,53.7,82,0,0,0,0,0,0,M,1,9.300000000000011,75072.6,mid,0,0,45.4
2799,L49978,L,300.3,309.6,1568,39.6,85,0,0,0,0,0,0,L,1,9.300000000000011,62092.8,mid,0,0,43.78
2800,L49979,L,300.3,309.6,1404,44.6,87,0,0,0,0,0,0,L,1,9.300000000000011,62618.4,mid,0,0,45.58
2801,M17660,M,300.2,309.5,1500,45.7,89,0,0,0,0,0,0,M,1,9.300000000000011,68550.0,mid,0,0,46.6
2802,M17661,M,300.2,309.5,1642,28.8,92,0,0,0,0,0,0,M,1,9.300000000000011,47289.6,mid,0,0,44.42
2803,M17662,M,300.3,309.6,1509,46.6,95,0,0,0,0,0,0,M,1,9.300000000000011,70319.40000000001,mid,0,0,49.18
2804,L49983,L,300.2,309.5,1343,50.2,98,0,0,0,0,0,0,L,1,9.300000000000011,67418.6,mid,0,0,51.1
2805,L49984,L,300.1,309.5,1450,40.1,100,0,0,0,0,0,0,L,1,9.399999999999977,58145.0,mid,0,0,49.9
2806,L49985,L,300.0,309.4,1460,43.5,102,0,0,0,0,0,0,L,1,9.399999999999977,63510.0,mid,0,0,51.38
2807,L49986,L,300.0,309.3,1364,41.2,104,0,0,0,0,0,0,L,1,9.300000000000011,56196.8,mid,0,0,51.7
2808,M17667,M,299.9,309.3,1452,41.9,106,0,0,0,0,0,0,M,1,9.400000000000034,60838.799999999996,mid,0,0,52.66
2809,L49988,L,299.9,309.3,1471,41.8,109,0,0,0,0,0,0,L,1,9.400000000000034,61487.799999999996,mid,0,0,53.84
2810,L49989,L,299.9,309.2,1598,34.6,111,0,0,0,0,0,0,L,1,9.300000000000011,55290.8,mid,0,0,53.18
2811,L49990,L,299.8,309.1,1772,24.8,113,0,0,0,0,0,0,L,1,9.300000000000011,43945.6,mid,0,0,52.02
2812,L49991,L,299.9,309.2,1761,25.6,115,0,0,0,0,0,0,L,1,9.300000000000011,45081.600000000006,mid,0,0,52.98
2813,M17672,M,300.0,309.3,1413,40.7,117,0,0,0,0,0,0,M,1,9.300000000000011,57509.100000000006,mid,0,0,56.8
2814,L49993,L,300.0,309.3,1887,22.6,120,0,0,0,0,0,0,L,1,9.300000000000011,42646.200000000004,mid,0,0,54.38
2815,L49994,L,300.0,309.3,1395,56.5,122,0,0,0,0,0,0,L,1,9.300000000000011,78817.5,mid,0,0,61.96
2816,M17675,M,300.1,309.4,1569,31.6,124,0,0,0,0,0,0,M,1,9.299999999999955,49580.4,mid,0,0,57.78
2817,L49996,L,300.1,309.4,1434,47.3,127,0,0,0,0,0,0,L,1,9.299999999999955,67828.2,mid,0,0,62.12
2818,L49997,L,300.2,309.5,1417,41.1,129,0,0,0,0,0,0,L,1,9.300000000000011,58238.700000000004,mid,0,0,61.68
2819,L49998,L,300.2,309.5,1729,28.4,131,0,0,0,0,0,0,L,1,9.300000000000011,49103.6,mid,0,0,59.94
2820,L49999,L,300.2,309.5,1356,51.1,133,0,0,0,0,0,0,L,1,9.300000000000011,69291.6,mid,0,0,65.28
2821,L50000,L,300.2,309.5,1436,48.8,135,0,0,0,0,0,0,L,1,9.300000000000011,70076.8,mid,0,0,65.62
2822,M17681,M,300.3,309.6,1419,42.5,137,0,0,0,0,0,0,M,1,9.300000000000011,60307.5,mid,0,0,65.16
2823,L50002,L,300.3,309.6,1593,38.1,140,0,0,0,0,0,0,L,1,9.300000000000011,60693.3,mid,0,0,65.48
2824,M17683,M,300.3,309.5,1320,62.2,142,0,0,0,0,0,0,M,1,9.199999999999989,82104.0,mid,0,0,71.08
2825,M17684,M,300.3,309.5,1448,42.4,145,0,0,0,0,0,0,M,1,9.199999999999989,61395.2,mid,0,0,68.32
2826,L50005,L,300.3,309.4,1470,33.5,148,0,0,0,0,0,0,L,1,9.099999999999966,49245.0,mid,0,0,67.72
2827,M17686,M,300.3,309.4,1612,33.1,150,0,0,0,0,0,0,M,1,9.099999999999966,53357.200000000004,mid,0,0,68.44
2828,L50007,L,300.4,309.4,1412,51.6,153,0,0,0,0,0,0,L,1,9.0,72859.2,high,0,0,73.32
2829,M17688,M,300.4,309.4,1875,23.9,155,0,0,0,0,0,0,M,1,9.0,44812.5,high,0,0,68.58
2830,L50009,L,300.3,309.3,1612,36.0,158,0,0,0,0,0,0,L,1,9.0,58032.0,high,0,0,72.2
2831,M17690,M,300.4,309.3,1411,41.6,160,0,0,0,0,0,0,M,1,8.900000000000034,58697.6,high,0,0,74.1
2832,M17691,M,300.3,309.2,1490,47.9,163,0,0,0,0,0,0,M,1,8.899999999999977,71371.0,high,0,0,76.56
2833,M17692,M,300.4,309.3,1467,40.3,166,0,0,0,0,0,0,M,1,8.900000000000034,59120.1,high,0,0,76.24
2834,L50013,L,300.3,309.2,1807,26.4,169,0,0,0,0,0,0,L,1,8.899999999999977,47704.799999999996,high,0,0,74.66
2835,L50014,L,300.3,309.1,1368,46.0,171,0,0,0,0,0,0,L,1,8.800000000000011,62928.0,high,0,0,79.36
2836,L50015,L,300.3,309.2,1572,32.0,173,0,0,0,0,0,0,L,1,8.899999999999977,50304.0,high,0,0,77.38
2837,M17696,M,300.3,309.1,1458,44.3,175,0,0,0,0,0,0,M,1,8.800000000000011,64589.399999999994,high,0,0,80.62
2838,L50017,L,300.3,309.1,1699,30.3,178,0,0,0,0,0,0,L,1,8.800000000000011,51479.700000000004,high,0,0,79.02
2839,L50018,L,300.3,309.3,1478,39.5,180,0,0,0,0,0,0,L,1,9.0,58381.0,high,0,0,81.7
2840,M17699,M,300.4,309.4,1362,42.1,182,0,0,0,0,0,0,M,1,9.0,57340.200000000004,high,0,0,83.02
2841,H32254,H,300.4,309.4,1487,38.9,185,0,0,0,0,0,0,H,1,9.0,57844.299999999996,high,0,0,83.58
2842,L50021,L,300.3,309.4,1705,29.4,190,0,0,0,0,0,0,L,1,9.099999999999966,50127.0,high,0,0,83.7
2843,L50022,L,300.3,309.3,1345,53.5,192,0,0,0,0,0,0,L,1,9.0,71957.5,high,0,0,89.3
2844,L50023,L,300.3,309.2,1532,40.2,194,0,0,0,0,0,0,L,1,8.899999999999977,61586.4,high,0,0,87.42
2845,L50024,L,300.3,309.2,1650,35.2,196,0,0,0,0,0,0,L,1,8.899999999999977,58080.00000000001,high,0,0,87.22
2846,L50025,L,300.3,309.2,1398,54.4,198,0,0,0,0,0,0,L,1,8.899999999999977,76051.2,high,0,0,91.86
2847,L50026,L,300.3,309.2,1412,44.8,200,0,0,0,0,0,0,L,1,8.899999999999977,63257.6,high,1,0,90.74
2848,L50027,L,300.4,309.3,1525,39.6,202,0,0,0,0,0,0,L,1,8.900000000000034,60390.0,high,1,0,90.5
2849,M17708,M,300.3,309.3,1391,57.9,204,0,0,0,0,0,0,M,1,9.0,80538.9,high,1,0,94.98
2850,L50029,L,300.4,309.3,1766,28.2,207,0,0,0,0,0,0,L,1,8.900000000000034,49801.2,high,1,0,90.22
2851,L50030,L,300.4,309.3,1671,35.0,209,0,0,0,0,0,0,L,1,8.900000000000034,58485.0,high,1,0,92.38
2852,L50031,L,300.5,309.3,1373,48.8,211,0,0,0,0,0,0,L,1,8.800000000000011,67002.4,high,1,0,95.92
2853,M17712,M,300.5,309.4,1347,50.1,213,0,0,0,0,0,0,M,1,8.899999999999977,67484.7,high,1,0,97.0
2854,M17713,M,300.5,309.3,1539,39.1,216,0,0,0,0,0,0,M,1,8.800000000000011,60174.9,high,1,0,95.98
2855,L50034,L,300.5,309.3,1470,40.8,219,0,0,0,0,0,0,L,1,8.800000000000011,59975.99999999999,high,1,0,97.52
2856,L50035,L,300.5,309.3,1528,37.0,221,0,0,0,0,0,0,L,1,8.800000000000011,56536.0,high,1,0,97.56
2857,H32270,H,300.5,309.3,1471,45.2,223,0,0,0,0,0,0,H,1,8.800000000000011,66489.2,high,1,0,100.0
2858,M17717,M,300.4,309.2,1528,37.2,228,0,0,0,0,0,0,M,1,8.800000000000011,56841.600000000006,high,1,0,100.4
2859,L50038,L,300.5,309.3,1417,51.5,231,1,0,0,0,1,0,L,1,8.800000000000011,72975.5,high,1,1,154.46
2860,L50039,L,300.6,309.4,1549,43.4,233,0,0,0,0,0,0,L,1,8.799999999999955,67226.59999999999,high,1,0,103.64
2861,H32274,H,300.6,309.4,1463,49.2,235,0,0,0,0,0,0,H,1,8.799999999999955,71979.6,high,1,0,105.6
2862,L50041,L,300.7,309.5,1479,43.6,240,0,0,0,0,0,0,L,1,8.800000000000011,64484.4,high,1,0,106.48
2863,L50042,L,300.6,309.5,1867,23.0,242,0,0,0,0,0,0,L,1,8.899999999999977,42941.0,high,1,0,103.18
2864,L50043,L,300.6,309.4,1471,44.1,244,0,0,0,0,0,0,L,1,8.799999999999955,64871.1,high,1,0,108.18
2865,H32278,H,300.6,309.4,1380,47.6,246,1,1,0,0,0,0,H,1,8.799999999999955,65688.0,high,1,1,159.68
2866,H32279,H,300.7,309.7,1623,32.7,0,0,0,0,0,0,0,H,1,9.0,53072.100000000006,low,0,0,8.34
2867,L50046,L,300.8,309.7,1997,20.7,5,0,0,0,0,0,0,L,1,8.899999999999977,41337.9,low,0,0,7.92
2868,H32281,H,300.7,309.6,1390,48.5,7,0,0,0,0,0,0,H,1,8.900000000000034,67415.0,low,0,0,14.28
2869,L50048,L,300.8,309.7,1418,46.6,12,0,0,0,0,0,0,L,1,8.899999999999977,66078.8,low,0,0,15.9
2870,L50049,L,300.8,309.7,1519,35.8,14,0,0,0,0,0,0,L,1,8.899999999999977,54380.2,low,0,0,14.54
2871,M17730,M,300.8,309.7,1519,39.7,16,0,0,0,0,0,0,M,1,8.899999999999977,60304.3,low,0,0,16.12
2872,M17731,M,300.7,309.6,1536,37.2,19,0,0,0,0,0,0,M,1,8.900000000000034,57139.200000000004,low,0,0,16.82
2873,L50052,L,300.8,309.6,1680,28.7,22,0,0,0,0,0,0,L,1,8.800000000000011,48216.0,low,0,0,16.3
2874,H32287,H,300.6,309.4,1555,37.9,24,0,0,0,0,0,0,H,1,8.799999999999955,58934.5,low,0,0,18.94
2875,L50054,L,300.6,309.5,1471,49.6,29,0,0,0,0,0,0,L,1,8.899999999999977,72961.6,low,0,0,23.3
2876,M17735,M,300.5,309.4,1877,23.8,31,0,0,0,0,0,0,M,1,8.899999999999977,44672.6,low,0,0,18.94
2877,M17736,M,300.5,309.3,1578,30.5,34,0,0,0,0,0,0,M,1,8.800000000000011,48129.0,low,0,0,21.46
2878,M17737,M,300.5,309.4,1655,32.1,37,0,0,0,0,0,0,M,1,8.899999999999977,53125.5,low,0,0,23.0
2879,H32292,H,300.5,309.4,1502,34.3,40,0,0,0,0,0,0,H,1,8.899999999999977,51518.6,low,0,0,24.64
2880,M17739,M,300.6,309.4,1367,63.2,45,1,0,0,1,0,0,M,1,8.799999999999955,86394.40000000001,low,0,1,82.4
2881,L50060,L,300.7,309.5,1541,37.2,48,0,0,0,0,0,0,L,1,8.800000000000011,57325.200000000004,low,0,0,28.4
2882,M17741,M,300.6,309.6,1588,37.0,50,0,0,0,0,0,0,M,1,9.0,58756.0,low,0,0,29.2
2883,L50062,L,300.6,309.6,1684,32.8,53,0,0,0,0,0,0,L,1,9.0,55235.2,mid,0,0,29.56
2884,L50063,L,300.6,309.5,1437,40.0,55,0,0,0,0,0,0,L,1,8.899999999999977,57480.0,mid,0,0,31.78
2885,L50064,L,300.6,309.6,1409,42.4,57,0,0,0,0,0,0,L,1,9.0,59741.6,mid,0,0,33.08
2886,M17745,M,300.5,309.5,1320,49.9,59,0,0,0,0,0,0,M,1,9.0,65868.0,mid,0,0,35.38
2887,H32300,H,300.5,309.5,1635,34.2,62,0,0,0,0,0,0,H,1,9.0,55917.00000000001,mid,0,0,33.44
2888,M17747,M,300.5,309.5,1691,27.6,67,0,0,0,0,0,0,M,1,9.0,46671.600000000006,mid,0,0,34.12
2889,M17748,M,300.6,309.6,1365,50.0,70,0,0,0,0,0,0,M,1,9.0,68250.0,mid,0,0,39.8
2890,M17749,M,300.7,309.7,1523,38.2,73,0,0,0,0,0,0,M,1,9.0,58178.600000000006,mid,0,0,38.64
2891,L50070,L,300.6,309.7,1593,32.4,76,0,0,0,0,0,0,L,1,9.099999999999966,51613.2,mid,0,0,38.7
2892,L50071,L,300.6,309.6,1682,30.7,78,0,0,0,0,0,0,L,1,9.0,51637.4,mid,0,0,39.14
2893,L50072,L,300.7,309.6,1329,54.3,80,0,0,0,0,0,0,L,1,8.900000000000034,72164.7,mid,0,0,44.64
2894,M17753,M,300.7,309.6,1568,35.2,82,0,0,0,0,0,0,M,1,8.900000000000034,55193.600000000006,mid,0,0,41.62
2895,L50074,L,300.7,309.6,1733,24.8,85,0,0,0,0,0,0,L,1,8.900000000000034,42978.4,mid,0,0,40.74
2896,M17755,M,300.7,309.6,1473,48.1,87,0,0,0,0,0,0,M,1,8.900000000000034,70851.3,mid,0,0,46.2
2897,M17756,M,300.7,309.5,1633,31.3,90,0,0,0,0,0,0,M,1,8.800000000000011,51112.9,mid,0,0,44.02
2898,M17757,M,300.6,309.5,1530,40.2,93,0,0,0,0,0,0,M,1,8.899999999999977,61506.00000000001,mid,0,0,47.02
2899,M17758,M,300.6,309.5,1550,40.2,96,0,0,0,0,0,0,M,1,8.899999999999977,62310.00000000001,mid,0,0,48.22
2900,L50079,L,300.6,309.4,1410,40.6,99,0,0,0,0,0,0,L,1,8.799999999999955,57246.0,mid,0,0,49.48
2901,L50080,L,300.5,309.3,1574,33.5,101,0,0,0,0,0,0,L,1,8.800000000000011,52729.0,mid,0,0,48.86
2902,L50081,L,300.6,309.4,1425,40.3,103,0,0,0,0,0,0,L,1,8.799999999999955,57427.49999999999,mid,0,0,51.02
2903,M17762,M,300.6,309.4,1541,35.2,105,0,0,0,0,0,0,M,1,8.799999999999955,54243.200000000004,mid,0,0,50.8
2904,M17763,M,300.7,309.5,1733,26.7,108,0,0,0,0,0,0,M,1,8.800000000000011,46271.1,mid,0,0,50.3
2905,L50084,L,300.6,309.4,2496,13.5,111,0,0,0,0,0,0,L,1,8.799999999999955,33696.0,mid,0,0,48.86
2906,L50085,L,300.6,309.4,1552,36.4,113,0,0,0,0,0,0,L,1,8.799999999999955,56492.799999999996,mid,0,0,54.24
2907,L50086,L,300.6,309.3,1409,38.7,115,0,0,0,0,0,0,L,1,8.699999999999989,54528.3,mid,0,0,55.48
2908,M17767,M,300.6,309.4,1581,35.7,117,0,0,0,0,0,0,M,1,8.799999999999955,56441.700000000004,mid,0,0,55.7
2909,L50088,L,300.7,309.5,1251,59.9,120,0,0,0,0,0,0,L,1,8.800000000000011,74934.9,mid,0,0,61.74
2910,L50089,L,300.7,309.6,1500,44.1,122,0,0,0,0,0,0,L,1,8.900000000000034,66150.0,mid,0,0,59.4
2911,L50090,L,300.6,309.5,1576,38.8,124,0,0,0,0,0,0,L,1,8.899999999999977,61148.799999999996,mid,0,0,59.14
2912,M17771,M,300.7,309.5,1352,44.0,126,0,0,0,0,0,0,M,1,8.800000000000011,59488.0,mid,0,0,60.96
2913,L50092,L,300.7,309.6,1661,30.3,129,0,0,0,0,0,0,L,1,8.900000000000034,50328.3,mid,0,0,59.44
2914,L50093,L,300.7,309.6,1541,34.6,131,0,0,0,0,0,0,L,1,8.900000000000034,53318.600000000006,mid,0,0,61.1
2915,H32328,H,300.6,309.6,1888,20.5,133,0,0,0,0,0,0,H,1,9.0,38704.0,mid,0,0,59.1
2916,L50095,L,300.5,309.5,1255,62.1,138,0,0,0,0,0,0,L,1,9.0,77935.5,mid,0,0,69.42
2917,L50096,L,300.6,309.6,1411,41.6,140,0,0,0,0,0,0,L,1,9.0,58697.6,mid,0,0,66.12
2918,L50097,L,300.6,309.5,1516,39.0,142,0,0,0,0,0,0,L,1,8.899999999999977,59124.0,mid,0,0,66.38
2919,M17778,M,300.6,309.5,1492,34.0,144,0,0,0,0,0,0,M,1,8.899999999999977,50728.0,mid,0,0,66.18
2920,L50099,L,300.6,309.6,1726,30.0,147,0,0,0,0,0,0,L,1,9.0,51780.0,mid,0,0,66.6
2921,L50100,L,300.7,309.7,1598,33.7,149,0,0,0,0,0,0,L,1,9.0,53852.600000000006,mid,0,0,68.14
2922,L50101,L,300.8,309.8,1657,31.1,151,0,0,0,0,0,0,L,1,9.0,51532.700000000004,high,0,0,68.42
2923,L50102,L,300.8,309.7,1481,38.1,153,0,0,0,0,0,0,L,1,8.899999999999977,56426.1,high,0,0,70.6
2924,M17783,M,300.7,309.7,1397,51.3,155,0,0,0,0,0,0,M,1,9.0,71666.09999999999,high,0,0,74.06
2925,L50104,L,300.8,309.7,1461,44.3,158,0,0,0,0,0,0,L,1,8.899999999999977,64722.299999999996,high,0,0,73.84
2926,M17785,M,300.7,309.6,1388,51.1,160,0,0,0,0,0,0,M,1,8.900000000000034,70926.8,high,0,0,76.0
2927,L50106,L,300.7,309.7,1507,52.4,163,0,0,0,0,0,0,L,1,9.0,78966.8,high,0,0,77.48
2928,M17787,M,300.7,309.6,1421,49.8,165,0,0,0,0,0,0,M,1,8.900000000000034,70765.8,high,0,0,77.74
2929,M17788,M,300.8,309.7,1258,54.9,168,0,0,0,0,0,0,M,1,8.899999999999977,69064.2,high,0,0,79.96
2930,M17789,M,300.8,309.7,1482,39.0,171,0,0,0,0,0,0,M,1,8.899999999999977,57798.0,high,0,0,77.98
2931,H32344,H,300.7,309.6,1403,51.3,174,0,0,0,0,0,0,H,1,8.900000000000034,71973.9,high,0,0,81.64
2932,L50111,L,300.8,309.7,1373,45.4,179,0,0,0,0,0,0,L,1,8.899999999999977,62334.2,high,0,0,82.46
2933,L50112,L,300.9,309.7,1460,42.1,181,0,0,0,0,0,0,L,1,8.800000000000011,61466.0,high,0,0,82.58
2934,M17793,M,300.8,309.7,1751,27.9,183,0,0,0,0,0,0,M,1,8.899999999999977,48852.899999999994,high,0,0,80.56
2935,M17794,M,300.8,309.6,1546,42.3,186,0,0,0,0,0,0,M,1,8.800000000000011,65395.799999999996,high,0,0,84.62
2936,M17795,M,300.8,309.7,1680,28.2,189,0,0,0,0,0,0,M,1,8.899999999999977,47376.0,high,0,0,83.02
2937,M17796,M,300.9,309.7,1394,48.8,192,0,0,0,0,0,0,M,1,8.800000000000011,68027.2,high,0,0,88.32
2938,L50117,L,300.7,309.6,1810,26.0,195,0,0,0,0,0,0,L,1,8.900000000000034,47060.0,high,0,0,84.98
2939,L50118,L,300.7,309.5,1479,34.5,197,0,0,0,0,0,0,L,1,8.800000000000011,51025.5,high,0,0,87.46
2940,L50119,L,300.9,309.7,1431,41.4,199,0,0,0,0,0,0,L,1,8.800000000000011,59243.4,high,0,0,89.64
2941,L50120,L,300.9,309.7,2355,14.4,201,0,0,0,0,0,0,L,1,8.800000000000011,33912.0,high,1,0,85.04
2942,M17801,M,300.7,309.6,1996,19.8,203,1,1,0,0,0,0,M,1,8.900000000000034,39520.8,high,1,1,136.94
2943,L50122,L,300.7,309.5,1461,49.9,0,0,0,0,0,0,0,L,1,8.800000000000011,72903.9,low,0,0,11.74
2944,H32357,H,300.7,309.5,2007,19.7,2,0,0,0,0,0,0,H,1,8.800000000000011,39537.9,low,0,0,6.5
2945,L50124,L,300.7,309.6,1505,34.9,7,0,0,0,0,0,0,L,1,8.900000000000034,52524.5,low,0,0,11.56
2946,H32359,H,300.7,309.6,1925,20.5,9,0,0,0,0,0,0,H,1,8.900000000000034,39462.5,low,0,0,9.48
2947,M17806,M,300.7,309.5,1622,30.5,14,0,0,0,0,0,0,M,1,8.800000000000011,49471.0,low,0,0,13.46
2948,L50127,L,300.7,309.5,1592,29.0,17,0,0,0,0,0,0,L,1,8.800000000000011,46168.0,low,0,0,14.36
2949,L50128,L,300.7,309.5,1850,24.5,19,0,0,0,0,0,0,L,1,8.800000000000011,45325.0,low,0,0,14.26
2950,M17809,M,300.7,309.5,1470,48.7,21,0,0,0,0,0,0,M,1,8.800000000000011,71589.0,low,0,0,19.9
2951,M17810,M,300.7,309.5,1445,46.4,24,0,0,0,0,0,0,M,1,8.800000000000011,67048.0,low,0,0,20.64
2952,L50131,L,300.7,309.5,1685,31.1,27,0,0,0,0,0,0,L,1,8.800000000000011,52403.5,low,0,0,18.78
2953,H32366,H,300.7,309.5,1667,30.5,29,0,0,0,0,0,0,H,1,8.800000000000011,50843.5,low,0,0,19.46
2954,L50133,L,300.7,309.5,1578,35.4,34,0,0,0,0,0,0,L,1,8.800000000000011,55861.2,low,0,0,22.44
2955,H32368,H,300.6,309.4,1691,28.0,36,0,0,0,0,0,0,H,1,8.799999999999955,47348.0,low,0,0,21.76
2956,M17815,M,300.7,309.5,1439,43.8,41,0,0,0,0,0,0,M,1,8.800000000000011,63028.2,low,0,0,26.92
2957,M17816,M,300.8,309.6,1404,38.7,44,0,0,0,0,0,0,M,1,8.800000000000011,54334.8,low,0,0,27.1
2958,L50137,L,300.8,309.6,1498,45.8,47,0,0,0,0,0,0,L,1,8.800000000000011,68608.4,low,0,0,29.72
2959,M17818,M,300.8,309.5,1481,44.5,49,0,0,0,0,0,0,M,1,8.699999999999989,65904.5,low,0,0,30.24
2960,M17819,M,300.7,309.4,1589,35.0,52,0,0,0,0,0,0,M,1,8.699999999999989,55615.0,mid,0,0,29.54
2961,L50140,L,300.7,309.5,1467,44.3,55,0,0,0,0,0,0,L,1,8.800000000000011,64988.1,mid,0,0,32.62
2962,L50141,L,300.6,309.4,1654,32.8,57,0,0,0,0,0,0,L,1,8.799999999999955,54251.2,mid,0,0,31.12
2963,L50142,L,300.7,309.5,1508,39.9,59,0,0,0,0,0,0,L,1,8.800000000000011,60169.2,mid,0,0,33.34
2964,M17823,M,300.7,309.6,1439,43.0,61,0,0,0,0,0,0,M,1,8.900000000000034,61877.0,mid,0,0,34.78
2965,L50144,L,300.7,309.5,1692,30.3,64,0,0,0,0,0,0,L,1,8.800000000000011,51267.6,mid,0,0,33.42
2966,M17825,M,300.7,309.5,1838,24.9,66,0,0,0,0,0,0,M,1,8.800000000000011,45766.2,mid,0,0,33.14
2967,L50146,L,300.6,309.3,1601,40.2,69,0,0,0,0,0,0,L,1,8.699999999999989,64360.200000000004,mid,0,0,37.38
2968,L50147,L,300.6,309.4,1369,51.6,71,0,0,0,0,0,0,L,1,8.799999999999955,70640.40000000001,mid,0,0,40.48
2969,M17828,M,300.6,309.4,1312,45.2,73,0,0,0,0,0,0,M,1,8.799999999999955,59302.4,mid,0,0,40.0
2970,L50149,L,300.6,309.4,1468,44.1,76,0,0,0,0,0,0,L,1,8.799999999999955,64738.8,mid,0,0,40.98
2971,M17830,M,300.6,309.4,1452,39.4,78,0,0,0,0,0,0,M,1,8.799999999999955,57208.799999999996,mid,0,0,40.84
2972,M17831,M,300.7,309.5,1393,43.9,81,0,0,0,0,0,0,M,1,8.800000000000011,61152.7,mid,0,0,42.94
2973,M17832,M,300.6,309.4,1432,44.2,84,0,0,0,0,0,0,M,1,8.799999999999955,63294.4,mid,0,0,44.2
2974,M17833,M,300.6,309.3,1510,46.0,87,0,0,0,0,0,0,M,1,8.699999999999989,69460.0,mid,0,0,45.74
2975,M17834,M,300.6,309.4,1521,37.2,90,0,0,0,0,0,0,M,1,8.799999999999955,56581.200000000004,mid,0,0,45.2
2976,H32389,H,300.5,309.4,1360,46.2,93,0,0,0,0,0,0,H,1,8.899999999999977,62832.00000000001,mid,0,0,48.22
2977,M17836,M,300.5,309.3,1881,25.5,98,0,0,0,0,0,0,M,1,8.800000000000011,47965.5,mid,0,0,46.06
2978,L50157,L,300.4,309.3,1413,50.3,101,0,0,0,0,0,0,L,1,8.900000000000034,71073.9,mid,0,0,52.24
2979,H32392,H,300.5,309.4,1642,36.2,103,0,0,0,0,0,0,H,1,8.899999999999977,59440.4,mid,0,0,50.22
2980,L50159,L,300.5,309.5,1542,38.5,108,0,0,0,0,0,0,L,1,9.0,59367.0,mid,0,0,52.7
2981,L50160,L,300.4,309.5,1447,39.3,110,0,0,0,0,0,0,L,1,9.100000000000023,56867.1,mid,0,0,53.68
2982,H32395,H,300.4,309.4,1530,40.4,112,0,0,0,0,0,0,H,1,9.0,61812.0,mid,0,0,54.68
2983,L50162,L,300.5,309.5,1795,27.7,117,0,0,0,0,0,0,L,1,9.0,49721.5,mid,0,0,54.14
2984,L50163,L,300.6,309.6,1290,57.4,119,0,0,0,0,0,0,L,1,9.0,74046.0,mid,0,0,60.88
2985,L50164,L,300.6,309.7,1639,30.4,121,0,0,0,0,0,0,L,1,9.099999999999966,49825.6,mid,0,0,56.3
2986,L50165,L,300.7,309.8,1596,31.5,123,0,0,0,0,0,0,L,1,9.100000000000023,50274.0,mid,0,0,57.32
2987,L50166,L,300.6,309.8,1455,48.0,125,0,0,0,0,0,0,L,1,9.199999999999989,69840.0,mid,0,0,61.44
2988,M17847,M,300.6,309.8,1659,28.9,127,0,0,0,0,0,0,M,1,9.199999999999989,47945.1,mid,0,0,58.42
2989,M17848,M,300.6,309.8,1532,42.5,130,0,0,0,0,0,0,M,1,9.199999999999989,65110.0,mid,0,0,62.34
2990,L50169,L,300.6,309.8,1502,42.4,133,0,0,0,0,0,0,L,1,9.199999999999989,63684.799999999996,mid,0,0,63.52
2991,L50170,L,300.6,309.8,1688,28.6,135,0,0,0,0,0,0,L,1,9.199999999999989,48276.8,mid,0,0,61.56
2992,M17851,M,300.5,309.7,1341,50.9,137,0,0,0,0,0,0,M,1,9.199999999999989,68256.9,mid,0,0,66.82
2993,M17852,M,300.5,309.7,1685,29.4,140,0,0,0,0,0,0,M,1,9.199999999999989,49539.0,mid,0,0,63.72
2994,M17853,M,300.5,309.8,1370,55.9,143,0,0,0,0,0,0,M,1,9.300000000000011,76583.0,mid,0,0,70.24
2995,L50174,L,300.5,309.8,1461,52.5,146,0,0,0,0,0,0,L,1,9.300000000000011,76702.5,mid,0,0,70.76
2996,L50175,L,300.5,309.8,1550,37.4,148,0,0,0,0,0,0,L,1,9.300000000000011,57970.0,mid,0,0,68.54
2997,M17856,M,300.5,309.8,1508,37.8,150,0,0,0,0,0,0,M,1,9.300000000000011,57002.399999999994,mid,0,0,69.42
2998,L50177,L,300.5,309.8,1345,62.7,153,0,0,0,0,0,0,L,1,9.300000000000011,84331.5,high,0,0,75.6
2999,L50178,L,300.5,309.7,1616,34.5,155,0,0,0,0,0,0,L,1,9.199999999999989,55752.0,high,0,0,70.74
3000,L50179,L,300.5,309.7,1395,61.0,157,0,0,0,0,0,0,L,1,9.199999999999989,85095.0,high,0,0,76.84
3001,H32414,H,300.5,309.8,1324,72.8,159,1,0,0,1,0,0,H,1,9.300000000000011,96387.2,high,0,1,130.02
3002,L50181,L,300.5,309.8,1445,43.9,164,0,0,0,0,0,0,L,1,9.300000000000011,63435.5,high,0,0,76.24
3003,M17862,M,300.5,309.8,1555,38.9,166,0,0,0,0,0,0,M,1,9.300000000000011,60489.5,high,0,0,76.04
3004,M17863,M,300.6,309.9,1449,42.4,169,0,0,0,0,0,0,M,1,9.299999999999955,61437.6,high,0,0,77.94
3005,M17864,M,300.5,309.9,1466,53.2,172,0,0,0,0,0,0,M,1,9.399999999999977,77991.2,high,0,0,81.32
3006,L50185,L,300.5,309.9,1503,37.4,175,0,0,0,0,0,0,L,1,9.399999999999977,56212.2,high,0,0,79.36
3007,L50186,L,300.4,309.7,1488,35.7,177,0,0,0,0,0,0,L,1,9.300000000000011,53121.600000000006,high,0,0,79.8
3008,L50187,L,300.4,309.7,1314,50.2,179,0,0,0,0,0,0,L,1,9.300000000000011,65962.8,high,0,0,83.5
3009,M17868,M,300.4,309.7,1547,38.0,181,0,0,0,0,0,0,M,1,9.300000000000011,58786.0,high,0,0,81.86
3010,M17869,M,300.4,309.7,1466,39.8,184,0,0,0,0,0,0,M,1,9.300000000000011,58346.799999999996,high,0,0,83.42
3011,L50190,L,300.3,309.6,1537,37.1,187,0,0,0,0,0,0,L,1,9.300000000000011,57022.700000000004,high,0,0,84.08
3012,M17871,M,300.2,309.5,1434,51.5,189,0,0,0,0,0,0,M,1,9.300000000000011,73851.0,high,0,0,87.76
3013,L50192,L,300.4,309.6,1432,44.7,192,0,0,0,0,0,0,L,1,9.200000000000045,64010.4,high,0,0,87.58
3014,L50193,L,300.5,309.6,1390,48.4,194,0,0,0,0,0,0,L,1,9.100000000000023,67276.0,high,0,0,89.1
3015,L50194,L,300.5,309.7,1580,42.8,196,0,0,0,0,0,0,L,1,9.199999999999989,67624.0,high,0,0,88.8
3016,L50195,L,300.5,309.7,1589,30.5,198,0,0,0,0,0,0,L,1,9.199999999999989,48464.5,high,0,0,87.14
3017,L50196,L,300.5,309.8,1441,48.8,200,0,0,0,0,0,0,L,1,9.300000000000011,70320.8,high,1,0,91.62
3018,L50197,L,300.5,309.8,1305,51.7,202,0,0,0,0,0,0,L,1,9.300000000000011,67468.5,high,1,0,93.0
3019,M17878,M,300.5,309.8,1566,35.9,204,0,0,0,0,0,0,M,1,9.300000000000011,56219.399999999994,high,1,0,90.64
3020,L50199,L,300.5,309.8,1379,54.2,207,1,0,0,0,1,0,L,1,9.300000000000011,74741.8,high,1,1,145.5
3021,L50200,L,300.4,309.6,1543,38.1,209,0,0,0,0,0,0,L,1,9.200000000000045,58788.3,high,1,0,93.06
3022,L50201,L,300.5,309.8,1421,49.6,211,0,0,0,0,0,0,L,1,9.300000000000011,70481.6,high,1,0,96.18
3023,L50202,L,300.5,309.6,1760,30.6,213,0,0,0,0,0,0,L,1,9.100000000000023,53856.0,high,1,0,93.14
3024,L50203,L,300.4,309.5,1711,29.2,215,0,0,0,0,0,0,L,1,9.100000000000023,49961.2,high,1,0,93.66
3025,L50204,L,300.5,309.6,1465,41.6,217,0,0,0,0,0,0,L,1,9.100000000000023,60944.0,high,1,0,96.94
3026,L50205,L,300.5,309.6,1366,50.2,219,0,0,0,0,0,0,L,1,9.100000000000023,68573.2,high,1,0,99.46
3027,M17886,M,300.4,309.5,1888,21.9,221,0,0,0,0,0,0,M,1,9.100000000000023,41347.2,high,1,0,94.6
3028,L50207,L,300.5,309.5,1777,23.6,0,0,0,0,0,0,0,L,1,9.0,41937.200000000004,low,0,0,6.52
3029,L50208,L,300.5,309.5,1379,55.6,2,0,0,0,0,0,0,L,1,9.0,76672.40000000001,low,0,0,13.72
3030,L50209,L,300.4,309.5,1525,51.3,4,0,0,0,0,0,0,L,1,9.100000000000023,78232.5,low,0,0,13.68
3031,M17890,M,300.4,309.6,1563,34.0,6,0,0,0,0,0,0,M,1,9.200000000000045,53142.0,low,0,0,11.04
3032,M17891,M,300.5,309.7,1389,43.3,9,0,0,0,0,0,0,M,1,9.199999999999989,60143.7,low,0,0,14.1
3033,M17892,M,300.6,309.8,1447,42.9,12,0,0,0,0,0,0,M,1,9.199999999999989,62076.299999999996,low,0,0,15.22
3034,M17893,M,300.6,309.7,1934,22.8,15,0,0,0,0,0,0,M,1,9.099999999999966,44095.200000000004,low,0,0,12.38
3035,H32448,H,300.6,309.7,1470,43.8,18,0,0,0,0,0,0,H,1,9.099999999999966,64385.99999999999,low,0,0,17.78
3036,M17895,M,300.6,309.7,1428,42.6,23,0,0,0,0,0,0,M,1,9.099999999999966,60832.8,low,0,0,19.54
3037,L50216,L,300.4,309.6,1319,48.1,26,0,0,0,0,0,0,L,1,9.200000000000045,63443.9,low,0,0,21.86
3038,L50217,L,300.5,309.7,1887,24.3,28,0,0,0,0,0,0,L,1,9.199999999999989,45854.1,low,0,0,17.9
3039,L50218,L,300.4,309.5,1349,50.4,30,0,0,0,0,0,0,L,1,9.100000000000023,67989.59999999999,low,0,0,23.9
3040,M17899,M,300.3,309.5,1665,31.4,32,0,0,0,0,0,0,M,1,9.199999999999989,52281.0,low,0,0,20.92
3041,L50220,L,300.3,309.5,1474,38.7,35,0,0,0,0,0,0,L,1,9.199999999999989,57043.8,low,0,0,23.58
3042,L50221,L,300.4,309.5,1543,38.9,37,0,0,0,0,0,0,L,1,9.100000000000023,60022.7,low,0,0,24.4
3043,M17902,M,300.2,309.4,1459,43.9,39,0,0,0,0,0,0,M,1,9.199999999999989,64050.1,low,0,0,26.22
3044,L50223,L,300.3,309.5,1551,37.9,42,0,0,0,0,0,0,L,1,9.199999999999989,58782.899999999994,low,0,0,26.22
3045,L50224,L,300.2,309.4,1981,21.4,44,0,0,0,0,0,0,L,1,9.199999999999989,42393.399999999994,low,0,0,23.72
3046,L50225,L,300.2,309.4,1526,35.3,46,0,0,0,0,0,0,L,1,9.199999999999989,53867.799999999996,low,0,0,27.3
3047,M17906,M,300.2,309.4,1501,40.0,48,0,0,0,0,0,0,M,1,9.199999999999989,60040.0,low,0,0,29.04
3048,L50227,L,300.2,309.4,1558,38.3,51,0,0,0,0,0,0,L,1,9.199999999999989,59671.399999999994,mid,0,0,29.9
3049,L50228,L,300.2,309.3,1532,43.2,53,0,0,0,0,0,0,L,1,9.100000000000023,66182.40000000001,mid,0,0,31.66
3050,L50229,L,300.1,309.2,1326,55.9,55,0,0,0,0,0,0,L,1,9.099999999999966,74123.4,mid,0,0,35.0
3051,L50230,L,300.2,309.2,1431,51.3,57,0,0,0,0,0,0,L,1,9.0,73410.3,mid,0,0,34.86
3052,L50231,L,300.2,309.3,1366,49.3,59,0,0,0,0,0,0,L,1,9.100000000000023,67343.8,mid,0,0,35.28
3053,L50232,L,300.1,309.2,1421,42.5,61,0,0,0,0,0,0,L,1,9.099999999999966,60392.5,mid,0,0,34.72
3054,H32467,H,300.2,309.3,1506,35.6,63,0,0,0,0,0,0,H,1,9.100000000000023,53613.6,mid,0,0,34.14
3055,H32468,H,300.2,309.3,1342,48.7,68,0,0,0,0,0,0,H,1,9.100000000000023,65355.4,mid,0,0,38.76
3056,L50235,L,300.1,309.2,1427,37.6,73,0,0,0,0,0,0,L,1,9.099999999999966,53655.200000000004,mid,0,0,38.54
3057,L50236,L,300.2,309.2,1667,29.9,75,0,0,0,0,0,0,L,1,9.0,49843.299999999996,mid,0,0,37.78
3058,L50237,L,300.1,309.1,1400,46.7,77,0,0,0,0,0,0,L,1,9.0,65380.00000000001,mid,0,0,41.94
3059,L50238,L,300.0,309.0,1709,32.1,79,0,0,0,0,0,0,L,1,9.0,54858.9,mid,0,0,39.82
3060,M17919,M,300.0,309.0,1368,45.8,81,0,0,0,0,0,0,M,1,9.0,62654.399999999994,mid,0,0,43.36
3061,L50240,L,300.0,309.1,1882,23.8,84,0,0,0,0,0,0,L,1,9.100000000000023,44791.6,mid,0,0,40.18
3062,L50241,L,300.1,309.1,1353,58.7,86,0,0,0,0,0,0,L,1,9.0,79421.1,mid,0,0,47.94
3063,L50242,L,299.9,309.0,1553,40.0,88,0,0,0,0,0,0,L,1,9.100000000000023,62120.0,mid,0,0,45.02
3064,L50243,L,300.0,309.1,1431,45.4,90,0,0,0,0,0,0,L,1,9.100000000000023,64967.4,mid,0,0,46.9
3065,M17924,M,300.1,309.1,1731,30.4,92,0,0,0,0,0,0,M,1,9.0,52622.399999999994,mid,0,0,44.68
3066,M17925,M,300.1,309.2,1687,27.7,95,0,0,0,0,0,1,M,1,9.099999999999966,46729.9,mid,0,1,45.36
3067,M17926,M,300.1,309.2,1457,44.3,98,0,0,0,0,0,0,M,1,9.099999999999966,64545.1,mid,0,0,49.88
3068,L50247,L,300.1,309.2,1533,37.0,101,0,0,0,0,0,0,L,1,9.099999999999966,56721.0,mid,0,0,49.62
3069,H32482,H,300.0,309.0,1622,31.8,103,0,0,0,0,0,0,H,1,9.0,51579.6,mid,0,0,49.36
3070,L50249,L,300.0,309.1,1791,28.2,108,0,0,0,0,0,0,L,1,9.100000000000023,50506.2,mid,0,0,50.66
3071,L50250,L,300.0,309.1,1631,28.3,110,0,0,0,0,0,0,L,1,9.100000000000023,46157.3,mid,0,0,51.48
3072,L50251,L,300.0,309.0,2174,16.9,112,0,0,0,0,0,0,L,1,9.0,36740.6,mid,0,0,49.98
3073,L50252,L,300.1,309.0,1314,58.2,114,0,0,0,0,0,0,L,1,8.899999999999977,76474.8,mid,0,0,59.02
3074,L50253,L,300.1,309.1,1478,46.9,116,0,0,0,0,0,0,L,1,9.0,69318.2,mid,0,0,57.58
3075,L50254,L,300.1,309.2,1783,27.3,118,0,0,0,0,0,0,L,1,9.099999999999966,48675.9,mid,0,0,54.48
3076,M17935,M,300.1,309.2,1385,46.1,120,0,0,0,0,0,0,M,1,9.099999999999966,63848.5,mid,0,0,59.04
3077,L50256,L,300.0,309.2,1444,43.6,123,0,0,0,0,0,0,L,1,9.199999999999989,62958.4,mid,0,0,59.76
3078,L50257,L,300.1,309.3,1841,23.0,125,0,0,0,0,0,0,L,1,9.199999999999989,42343.0,mid,0,0,56.44
3079,M17938,M,300.1,309.4,1349,56.2,127,0,0,0,0,0,0,M,1,9.299999999999955,75813.8,mid,0,0,63.9
3080,L50259,L,300.1,309.3,1340,56.0,130,0,0,0,0,0,0,L,1,9.199999999999989,75040.0,mid,0,0,65.04
3081,M17940,M,299.9,309.2,1539,43.2,132,0,0,0,0,0,0,M,1,9.300000000000011,66484.8,mid,0,0,63.3
3082,M17941,M,300.0,309.3,1932,21.8,135,0,0,0,0,0,0,M,1,9.300000000000011,42117.6,mid,0,0,60.22
3083,M17942,M,300.0,309.3,1407,43.9,138,0,0,0,0,0,0,M,1,9.300000000000011,61767.299999999996,mid,0,0,65.84
3084,L50263,L,300.1,309.3,1712,28.5,141,0,0,0,0,0,0,L,1,9.199999999999989,48792.0,mid,0,0,63.94
3085,H32498,H,300.1,309.4,1329,55.2,143,0,0,0,0,0,0,H,1,9.299999999999955,73360.8,mid,0,0,70.1
3086,L50265,L,300.1,309.2,1441,42.9,148,0,0,0,0,0,0,L,1,9.099999999999966,61818.9,mid,0,0,69.6
3087,L50266,L,300.0,309.2,1610,32.1,150,0,0,0,0,0,0,L,1,9.199999999999989,51681.0,mid,0,0,68.26
3088,M17947,M,300.0,309.1,1474,45.2,152,0,0,0,0,0,0,M,1,9.100000000000023,66624.8,high,0,0,71.66
3089,M17948,M,300.0,309.1,1624,30.8,155,0,0,0,0,0,0,M,1,9.100000000000023,50019.200000000004,high,0,0,69.98
3090,H32503,H,300.1,309.3,1520,38.2,158,0,0,0,0,0,0,H,1,9.199999999999989,58064.00000000001,high,0,0,72.68
3091,H32504,H,300.1,309.3,1448,45.8,163,0,0,0,0,0,0,H,1,9.199999999999989,66318.4,high,0,0,76.2
3092,L50271,L,300.0,309.3,1558,29.7,168,0,0,0,0,0,0,L,1,9.300000000000011,46272.6,high,0,0,75.0
3093,M17952,M,300.0,309.3,2293,16.3,170,0,0,0,0,0,0,M,1,9.300000000000011,37375.9,high,0,0,73.12
3094,L50273,L,300.0,309.3,1397,51.2,173,0,0,0,0,0,0,L,1,9.300000000000011,71526.40000000001,high,0,0,81.3
3095,L50274,L,300.0,309.3,1972,22.0,175,0,0,0,0,0,0,L,1,9.300000000000011,43384.0,high,0,0,76.26
3096,M17955,M,299.9,309.2,1574,36.5,177,0,0,0,0,0,0,M,1,9.300000000000011,57451.0,high,0,0,79.96
3097,L50276,L,299.9,309.2,1560,38.9,180,0,0,0,0,0,0,L,1,9.300000000000011,60684.0,high,0,0,81.64
3098,M17957,M,299.9,309.2,1353,49.8,182,0,0,0,0,0,0,M,1,9.300000000000011,67379.4,high,0,0,84.62
3099,M17958,M,299.9,309.2,1389,51.2,185,0,0,0,0,0,0,M,1,9.300000000000011,71116.8,high,0,0,86.1
3100,M17959,M,299.9,309.1,1513,43.8,188,0,0,0,0,0,0,M,1,9.200000000000045,66269.4,high,0,0,85.8
3101,L50280,L,299.8,309.1,1578,42.1,191,0,0,0,0,0,0,L,1,9.300000000000011,66433.8,high,0,0,86.68
3102,H32515,H,299.8,309.0,1467,37.3,193,0,0,0,0,0,0,H,1,9.199999999999989,54719.1,high,0,0,86.5
3103,L50282,L,299.9,309.1,1412,48.3,198,0,0,0,0,0,0,L,1,9.200000000000045,68199.59999999999,high,0,0,90.7
3104,L50283,L,299.8,309.1,1668,30.3,200,0,0,0,0,0,0,L,1,9.300000000000011,50540.4,high,1,0,87.92
3105,M17964,M,299.8,309.2,1678,29.8,202,0,0,0,0,0,0,M,1,9.399999999999977,50004.4,high,1,0,88.64
3106,L50285,L,299.8,309.1,1612,35.4,205,0,0,0,0,0,0,L,1,9.300000000000011,57064.799999999996,high,1,0,90.94
3107,L50286,L,299.8,309.1,1485,39.9,207,0,0,0,0,0,0,L,1,9.300000000000011,59251.5,high,1,0,92.64
3108,M17967,M,299.8,309.1,1456,39.4,209,0,0,0,0,0,0,M,1,9.300000000000011,57366.4,high,1,0,93.34
3109,L50288,L,299.8,309.2,1504,38.7,212,0,0,0,0,0,0,L,1,9.399999999999977,58204.8,high,1,0,94.42
3110,L50289,L,299.9,309.2,1491,44.3,214,0,0,0,0,0,0,L,1,9.300000000000011,66051.3,high,1,0,96.32
3111,H32524,H,299.9,309.2,1525,33.2,0,0,0,0,0,0,0,H,1,9.300000000000011,50630.00000000001,low,0,0,8.5
3112,L50291,L,300.0,309.2,1759,27.9,5,0,0,0,0,0,0,L,1,9.199999999999989,49076.1,low,0,0,9.42
3113,M17972,M,299.8,309.1,1355,56.7,7,0,0,0,0,0,0,M,1,9.300000000000011,76828.5,low,0,0,16.0
3114,M17973,M,299.9,309.1,1345,56.8,10,0,0,0,0,0,0,M,1,9.200000000000045,76396.0,low,0,0,17.2
3115,M17974,M,299.9,309.2,1683,30.5,13,0,0,0,0,0,0,M,1,9.300000000000011,51331.5,low,0,0,13.16
3116,L50295,L,299.9,309.2,1658,34.8,16,0,0,0,0,0,0,L,1,9.300000000000011,57698.399999999994,low,0,0,15.22
3117,L50296,L,300.0,309.2,1566,34.4,18,0,0,0,0,0,0,L,1,9.199999999999989,53870.399999999994,low,0,0,15.92
3118,M17977,M,300.1,309.3,1469,43.9,20,0,0,0,0,0,0,M,1,9.199999999999989,64489.1,low,0,0,18.62
3119,M17978,M,300.2,309.5,1458,46.9,23,0,0,0,0,0,0,M,1,9.300000000000011,68380.2,low,0,0,20.44
3120,L50299,L,300.1,309.4,1858,23.6,26,0,0,0,0,0,0,L,1,9.299999999999955,43848.8,low,0,0,16.98
3121,H32534,H,300.1,309.4,1563,40.8,28,0,0,0,0,0,0,H,1,9.299999999999955,63770.399999999994,low,0,0,21.22
3122,L50301,L,300.1,309.4,2141,17.9,33,0,0,0,0,0,0,L,1,9.299999999999955,38323.899999999994,low,0,0,18.64
3123,L50302,L,300.0,309.3,1473,46.0,35,0,0,0,0,0,0,L,1,9.300000000000011,67758.0,low,0,0,25.06
3124,H32537,H,300.0,309.4,1498,38.5,37,0,0,0,0,0,0,H,1,9.399999999999977,57673.0,low,0,0,24.38
3125,L50304,L,300.1,309.4,1568,39.7,42,0,0,0,0,0,0,L,1,9.299999999999955,62249.600000000006,low,0,0,26.6
3126,L50305,L,300.1,309.4,1694,27.4,44,0,0,0,0,0,0,L,1,9.299999999999955,46415.6,low,0,0,24.94
3127,L50306,L,300.0,309.4,1499,35.7,46,0,0,0,0,0,0,L,1,9.399999999999977,53514.3,low,0,0,27.42
3128,L50307,L,300.0,309.5,1717,28.3,48,0,0,0,0,0,0,L,1,9.5,48591.1,low,0,0,26.76
3129,M17988,M,300.1,309.5,1462,42.8,50,0,0,0,0,0,0,M,1,9.399999999999977,62573.6,low,0,0,30.44
3130,L50309,L,300.1,309.6,1642,34.5,53,0,0,0,0,0,0,L,1,9.5,56649.0,mid,0,0,30.0
3131,L50310,L,300.1,309.6,1760,25.4,55,0,0,0,0,0,0,L,1,9.5,44704.0,mid,0,0,28.98
3132,L50311,L,300.1,309.5,1660,32.7,57,0,0,0,0,0,0,L,1,9.399999999999977,54282.00000000001,mid,0,0,31.22
3133,L50312,L,300.1,309.5,1557,40.6,59,0,0,0,0,0,0,L,1,9.399999999999977,63214.200000000004,mid,0,0,33.6
3134,H32547,H,300.2,309.6,1442,49.2,61,0,0,0,0,0,0,H,1,9.400000000000034,70946.40000000001,mid,0,0,36.12
3135,L50314,L,300.2,309.6,1359,51.5,66,0,0,0,0,0,0,L,1,9.400000000000034,69988.5,mid,0,0,38.58
3136,L50315,L,300.4,309.8,1342,52.5,68,0,0,0,0,0,0,L,1,9.400000000000034,70455.0,mid,0,0,39.58
3137,L50316,L,300.4,309.9,1435,54.8,70,0,0,0,0,0,0,L,1,9.5,78638.0,mid,0,0,40.86
3138,L50317,L,300.4,309.9,1567,36.5,72,0,0,0,0,0,0,L,1,9.5,57195.5,mid,0,0,38.0
3139,L50318,L,300.4,309.9,1376,43.5,74,0,0,0,0,0,0,L,1,9.5,59856.0,mid,0,0,40.2
3140,H32553,H,300.4,309.9,1513,38.7,76,0,0,0,0,0,0,H,1,9.5,58553.100000000006,mid,0,0,40.04
3141,H32554,H,300.4,309.9,2563,12.8,81,1,0,0,1,0,0,H,1,9.5,32806.4,mid,0,1,86.86
3142,L50321,L,300.5,310.0,1521,45.1,86,0,0,0,0,0,0,L,1,9.5,68597.1,mid,0,0,45.32
3143,L50322,L,300.6,310.0,1658,34.7,88,0,0,0,0,0,0,L,1,9.399999999999977,57532.600000000006,mid,0,0,44.02
3144,H32557,H,300.6,310.0,1419,42.4,90,0,0,0,0,0,0,H,1,9.399999999999977,60165.6,mid,0,0,46.36
3145,M18004,M,300.6,310.0,1478,36.3,95,0,0,0,0,0,0,M,1,9.399999999999977,53651.399999999994,mid,0,0,47.14
3146,M18005,M,300.5,310.0,1415,43.5,98,0,0,0,0,0,0,M,1,9.5,61552.5,mid,0,0,49.8
3147,M18006,M,300.5,309.9,1780,26.5,101,0,0,0,0,0,0,M,1,9.399999999999977,47170.0,mid,0,0,47.58
3148,M18007,M,300.4,309.7,1440,42.8,104,0,0,0,0,0,0,M,1,9.300000000000011,61631.99999999999,mid,0,0,52.02
3149,H32562,H,300.4,309.8,1448,39.7,107,0,0,0,0,0,0,H,1,9.400000000000034,57485.600000000006,mid,0,0,52.62
3150,H32563,H,300.4,309.7,1500,35.2,112,0,0,0,0,0,0,H,1,9.300000000000011,52800.00000000001,mid,0,0,53.7
3151,L50330,L,300.4,309.8,1513,32.9,117,0,0,0,0,0,0,L,1,9.400000000000034,49777.7,mid,0,0,55.26
3152,L50331,L,300.5,309.8,1428,43.8,119,0,0,0,0,0,0,L,1,9.300000000000011,62546.399999999994,mid,0,0,58.22
3153,M18012,M,300.5,309.8,1473,42.3,121,0,0,0,0,0,0,M,1,9.300000000000011,62307.899999999994,mid,0,0,58.72
3154,M18013,M,300.5,309.9,1483,49.3,124,0,0,0,0,0,0,M,1,9.399999999999977,73111.9,mid,0,0,61.34
3155,L50334,L,300.4,309.7,1534,42.5,127,0,0,0,0,0,0,L,1,9.300000000000011,65195.0,mid,0,0,61.16
3156,L50335,L,300.5,309.8,1367,54.0,129,0,0,0,0,0,0,L,1,9.300000000000011,73818.0,mid,0,0,64.26
3157,L50336,L,300.4,309.7,1467,36.9,131,0,0,0,0,0,0,L,1,9.300000000000011,54132.299999999996,mid,0,0,61.64
3158,M18017,M,300.4,309.7,1488,42.2,133,0,0,0,0,0,0,M,1,9.300000000000011,62793.600000000006,mid,0,0,63.5
3159,L50338,L,300.4,309.7,1679,30.1,136,0,0,0,0,0,0,L,1,9.300000000000011,50537.9,mid,0,0,62.28
3160,H32573,H,300.4,309.8,1409,47.5,138,0,0,0,0,0,0,H,1,9.400000000000034,66927.5,mid,0,0,66.58
3161,M18020,M,300.4,309.7,1367,51.2,143,0,0,0,0,0,0,M,1,9.300000000000011,69990.40000000001,mid,0,0,69.3
3162,L50341,L,300.4,309.8,1314,63.1,146,0,0,0,0,0,0,L,1,9.400000000000034,82913.40000000001,mid,0,0,72.9
3163,L50342,L,300.5,309.9,1480,40.0,148,0,0,0,0,0,0,L,1,9.399999999999977,59200.0,mid,0,0,69.08
3164,L50343,L,300.4,309.8,1549,38.9,150,0,0,0,0,0,0,L,1,9.400000000000034,60256.1,mid,0,0,69.66
3165,L50344,L,300.4,309.7,1685,31.3,152,0,0,0,0,0,0,L,1,9.300000000000011,52740.5,high,0,0,68.92
3166,L50345,L,300.4,309.6,1536,34.5,154,0,0,0,0,0,0,L,1,9.200000000000045,52992.0,high,0,0,70.34
3167,M18026,M,300.4,309.7,1539,37.7,156,0,0,0,0,0,0,M,1,9.300000000000011,58020.3,high,0,0,71.8
3168,L50347,L,300.4,309.7,1384,45.1,159,0,0,0,0,0,0,L,1,9.300000000000011,62418.4,high,0,0,74.48
3169,M18028,M,300.4,309.6,1614,30.3,161,0,0,0,0,0,0,M,1,9.200000000000045,48904.200000000004,high,0,0,72.3
3170,M18029,M,300.4,309.6,1675,35.5,164,0,0,0,0,0,0,M,1,9.200000000000045,59462.5,high,0,0,74.54
3171,M18030,M,300.4,309.7,1685,32.3,167,0,0,0,0,0,0,M,1,9.300000000000011,54425.49999999999,high,0,0,75.12
3172,L50351,L,300.4,309.6,1386,56.9,170,0,0,0,0,0,0,L,1,9.200000000000045,78863.4,high,0,0,81.22
3173,M18032,M,300.3,309.6,1488,41.3,172,0,0,0,0,0,0,M,1,9.300000000000011,61454.399999999994,high,0,0,78.92
3174,L50353,L,300.3,309.6,1624,32.6,175,0,0,0,0,0,0,L,1,9.300000000000011,52942.4,high,0,0,78.38
3175,L50354,L,300.3,309.6,1600,34.6,177,0,0,0,0,0,0,L,1,9.300000000000011,55360.0,high,0,0,79.58
3176,L50355,L,300.3,309.6,1468,44.7,179,0,0,0,0,0,0,L,1,9.300000000000011,65619.6,high,0,0,82.4
3177,L50356,L,300.3,309.6,1435,45.4,181,0,0,0,0,0,0,L,1,9.300000000000011,65149.0,high,0,0,83.34
3178,M18037,M,300.2,309.5,1564,33.4,183,0,0,0,0,0,0,M,1,9.300000000000011,52237.6,high,0,0,81.74
3179,M18038,M,300.2,309.4,1329,53.6,186,0,0,0,0,0,0,M,1,9.199999999999989,71234.40000000001,high,0,0,86.96
3180,L50359,L,300.1,309.3,1570,36.8,189,0,0,0,0,0,0,L,1,9.199999999999989,57775.99999999999,high,0,0,84.8
3181,M18040,M,300.2,309.4,1433,48.8,191,0,0,0,0,0,0,M,1,9.199999999999989,69930.4,high,0,0,88.0
3182,L50361,L,300.2,309.4,1527,37.0,194,0,0,0,0,0,0,L,1,9.199999999999989,56499.0,high,0,0,86.84
3183,M18042,M,300.1,309.3,1443,50.3,196,0,0,0,0,0,0,M,1,9.199999999999989,72582.9,high,0,0,90.3
3184,L50363,L,300.1,309.3,1616,32.0,199,0,0,0,0,0,0,L,1,9.199999999999989,51712.0,high,0,0,87.84
3185,L50364,L,300.1,309.3,1654,31.0,201,0,0,0,0,0,0,L,1,9.199999999999989,51274.0,high,1,0,88.44
3186,L50365,L,300.1,309.3,1685,27.1,203,0,0,0,0,0,0,L,1,9.199999999999989,45663.5,high,1,0,88.46
3187,M18046,M,300.2,309.4,1456,48.8,205,0,0,0,0,0,0,M,1,9.199999999999989,71052.8,high,1,0,93.6
3188,M18047,M,300.2,309.4,1752,27.8,208,0,0,0,0,0,0,M,1,9.199999999999989,48705.6,high,1,0,90.6
3189,M18048,M,300.1,309.2,1438,51.0,211,0,0,0,0,0,0,M,1,9.099999999999966,73338.0,high,1,0,96.42
3190,L50369,L,300.1,309.1,1551,33.7,214,0,0,0,0,0,0,L,1,9.0,52268.700000000004,high,1,0,94.14
3191,L50370,L,300.1,309.2,1599,30.1,216,0,0,0,0,0,0,L,1,9.099999999999966,48129.9,high,1,0,94.24
3192,M18051,M,300.1,309.2,1732,33.7,218,0,0,0,0,0,0,M,1,9.099999999999966,58368.4,high,1,0,95.76
3193,M18052,M,300.1,309.2,1418,39.8,221,0,0,0,0,0,0,M,1,9.099999999999966,56436.399999999994,high,1,0,98.18
3194,L50373,L,300.0,309.1,1401,44.5,0,0,0,0,0,0,0,L,1,9.100000000000023,62344.5,low,0,0,10.72
3195,L50374,L,300.0,309.0,1454,51.7,2,0,0,0,0,0,0,L,1,9.0,75171.8,low,0,0,12.94
3196,M18055,M,300.0,309.2,1635,32.4,4,0,0,0,0,0,0,M,1,9.199999999999989,52974.0,low,0,0,9.92
3197,L50376,L,300.0,309.1,1489,40.3,7,0,0,0,0,0,0,L,1,9.100000000000023,60006.7,low,0,0,12.68
3198,L50377,L,300.0,309.1,1465,40.6,9,0,0,0,0,0,0,L,1,9.100000000000023,59479.0,low,0,0,13.54
3199,M18058,M,300.0,309.1,1463,45.7,11,0,0,0,0,0,0,M,1,9.100000000000023,66859.1,low,0,0,15.36
3200,H32613,H,300.1,309.1,1560,35.4,14,0,0,0,0,0,0,H,1,9.0,55224.0,low,0,0,14.48
3201,M18060,M,300.1,309.2,1454,44.4,19,0,0,0,0,0,0,M,1,9.099999999999966,64557.6,low,0,0,18.3
3202,L50381,L,300.2,309.1,1479,47.0,22,0,0,0,0,0,0,L,1,8.900000000000034,69513.0,low,0,0,19.98
3203,L50382,L,300.2,309.2,1430,43.4,24,0,0,0,0,0,0,L,1,9.0,62062.0,low,0,0,20.08
3204,M18063,M,300.1,309.1,1533,38.0,26,0,0,0,0,0,0,M,1,9.0,58254.0,low,0,0,19.8
3205,L50384,L,300.1,309.0,1404,54.8,29,0,0,0,0,0,0,L,1,8.899999999999977,76939.2,low,0,0,24.34
3206,M18065,M,300.1,308.9,1548,38.4,31,0,0,0,0,0,0,M,1,8.799999999999955,59443.2,low,0,0,21.84
3207,M18066,M,300.1,309.0,1612,33.0,34,0,0,0,0,0,0,M,1,8.899999999999977,53196.0,low,0,0,21.98
3208,M18067,M,300.2,309.0,1642,31.2,37,0,0,0,0,0,0,M,1,8.800000000000011,51230.4,low,0,0,22.8
3209,M18068,M,300.2,309.1,1406,42.2,40,0,0,0,0,0,0,M,1,8.900000000000034,59333.200000000004,low,0,0,26.22
3210,L50389,L,300.3,309.2,1587,31.4,43,0,0,0,0,0,0,L,1,8.899999999999977,49831.799999999996,low,0,0,25.26
3211,M18070,M,300.3,309.2,1364,47.6,45,0,0,0,0,0,0,M,1,8.899999999999977,64926.4,low,0,0,29.3
3212,L50391,L,300.3,309.2,1462,51.4,48,0,0,0,0,0,0,L,1,8.899999999999977,75146.8,low,0,0,31.26
3213,L50392,L,300.3,309.2,1649,32.4,50,0,0,0,0,0,0,L,1,8.899999999999977,53427.6,low,0,0,28.26
3214,L50393,L,300.4,309.2,1752,29.0,52,0,0,0,0,0,0,L,1,8.800000000000011,50808.0,mid,0,0,28.36
3215,H32628,H,300.4,309.3,1396,51.2,54,0,0,0,0,0,0,H,1,8.900000000000034,71475.2,mid,0,0,33.62
3216,M18075,M,300.5,309.4,2179,16.3,59,0,0,0,0,0,0,M,1,8.899999999999977,35517.700000000004,mid,0,0,28.64
3217,L50396,L,300.5,309.5,1653,27.6,62,0,0,0,0,0,0,L,1,9.0,45622.8,mid,0,0,32.12
3218,L50397,L,300.6,309.5,2025,21.4,64,0,0,0,0,0,0,L,1,8.899999999999977,43335.0,mid,0,0,31.66
3219,L50398,L,300.6,309.6,1426,53.6,66,0,0,0,0,0,0,L,1,9.0,76433.6,mid,0,0,38.92
3220,M18079,M,300.6,309.6,1503,38.4,68,0,0,0,0,0,0,M,1,9.0,57715.2,mid,0,0,36.68
3221,M18080,M,300.7,309.6,1525,36.5,71,0,0,0,0,0,0,M,1,8.900000000000034,55662.5,mid,0,0,37.48
3222,L50401,L,300.6,309.6,1423,49.1,74,0,0,0,0,0,0,L,1,9.0,69869.3,mid,0,0,41.22
3223,M18082,M,300.7,309.7,1435,44.7,76,0,0,0,0,0,0,M,1,9.0,64144.50000000001,mid,0,0,41.14
3224,H32637,H,300.6,309.5,1495,36.5,79,0,0,0,0,0,0,H,1,8.899999999999977,54567.5,mid,0,0,40.68
3225,M18084,M,300.6,309.5,1557,33.8,84,0,0,0,0,0,0,M,1,8.899999999999977,52626.6,mid,0,0,42.14
3226,L50405,L,300.6,309.4,1474,40.7,87,0,0,0,0,0,0,L,1,8.799999999999955,59991.8,mid,0,0,44.7
3227,L50406,L,300.5,309.3,1465,46.0,89,0,0,0,0,0,0,L,1,8.800000000000011,67390.0,mid,0,0,46.56
3228,M18087,M,300.5,309.3,1589,34.9,91,0,0,0,0,0,0,M,1,8.800000000000011,55456.1,mid,0,0,45.14
3229,L50408,L,300.5,309.3,1475,46.8,94,0,0,0,0,0,0,L,1,8.800000000000011,69030.0,mid,0,0,48.72
3230,L50409,L,300.6,309.4,1442,43.2,96,0,0,0,0,0,0,L,1,8.799999999999955,62294.4,mid,0,0,48.8
3231,L50410,L,300.6,309.4,1556,36.0,98,0,0,0,0,0,0,L,1,8.799999999999955,56016.0,mid,0,0,48.16
3232,L50411,L,300.7,309.3,1425,45.3,100,0,0,0,0,0,0,L,1,8.600000000000023,64552.49999999999,mid,0,0,50.78
3233,L50412,L,300.7,309.3,1580,38.3,102,0,0,0,0,0,0,L,1,8.600000000000023,60513.99999999999,mid,0,0,50.18
3234,H32647,H,300.8,309.4,1474,40.7,104,0,0,0,0,0,0,H,1,8.599999999999966,59991.8,mid,0,0,51.46
3235,L50414,L,300.8,309.4,1489,38.4,109,0,0,0,0,0,0,L,1,8.599999999999966,57177.6,mid,0,0,53.0
3236,L50415,L,300.8,309.4,1946,20.5,111,0,0,0,0,0,0,L,1,8.599999999999966,39893.0,mid,0,0,50.22
3237,M18096,M,300.8,309.4,1342,62.4,113,1,0,1,0,0,0,M,1,8.599999999999966,83740.8,mid,0,1,109.4
3238,M18097,M,300.9,309.5,1758,26.8,116,0,0,0,0,0,0,M,1,8.600000000000023,47114.4,mid,0,0,53.48
3239,M18098,M,300.9,309.4,1724,25.6,119,0,0,0,0,0,0,M,1,8.5,44134.4,mid,0,0,54.42
3240,L50419,L,301.0,309.5,1430,48.5,122,0,0,0,0,0,0,L,1,8.5,69355.0,mid,0,0,60.2
3241,L50420,L,300.9,309.5,1612,35.2,124,0,0,0,0,0,0,L,1,8.600000000000023,56742.4,mid,0,0,58.36
3242,H32655,H,300.9,309.5,1469,43.4,126,0,0,0,0,0,0,H,1,8.600000000000023,63754.6,mid,0,0,60.8
3243,L50422,L,300.9,309.6,1384,42.4,131,0,0,0,0,0,0,L,1,8.700000000000045,58681.6,mid,0,0,62.62
3244,L50423,L,301.0,309.6,1724,28.1,133,0,0,0,0,0,0,L,1,8.600000000000023,48444.4,mid,0,0,60.54
3245,M18104,M,301.0,309.6,1397,48.0,135,0,0,0,0,0,0,M,1,8.600000000000023,67056.0,mid,0,0,65.32
3246,M18105,M,301.0,309.6,1588,32.7,138,0,0,0,0,0,0,M,1,8.600000000000023,51927.600000000006,mid,0,0,63.46
3247,L50426,L,301.0,309.7,1468,42.0,141,0,0,0,0,0,0,L,1,8.699999999999989,61656.0,mid,0,0,66.54
3248,M18107,M,301.0,309.8,1594,31.1,143,0,0,0,0,0,0,M,1,8.800000000000011,49573.4,mid,0,0,65.18
3249,M18108,M,301.0,309.7,1511,39.3,146,0,0,0,0,0,0,M,1,8.699999999999989,59382.299999999996,mid,0,0,68.0
3250,L50429,L,301.1,309.8,1493,38.9,149,0,0,0,0,0,0,L,1,8.699999999999989,58077.7,mid,0,0,69.12
3251,H32664,H,301.2,309.8,1709,27.0,151,0,0,0,0,0,0,H,1,8.600000000000023,46143.0,high,0,0,67.52
3252,L50431,L,301.1,309.6,1501,36.1,156,0,0,0,0,0,0,L,1,8.5,54186.1,high,0,0,71.32
3253,L50432,L,301.1,309.7,1668,30.8,158,0,0,0,0,0,0,L,1,8.599999999999966,51374.4,high,0,0,71.08
3254,L50433,L,301.1,309.6,1502,48.9,160,0,0,0,0,0,0,L,1,8.5,73447.8,high,0,0,75.48
3255,M18114,M,301.0,309.7,1288,58.4,162,0,0,0,0,0,0,M,1,8.699999999999989,75219.2,high,0,0,78.22
3256,L50435,L,301.0,309.7,1491,42.9,165,0,0,0,0,0,0,L,1,8.699999999999989,63963.9,high,0,0,76.32
3257,L50436,L,301.1,309.8,1519,39.6,167,0,0,0,0,0,0,L,1,8.699999999999989,60152.4,high,0,0,76.46
3258,L50437,L,301.2,309.9,1984,19.7,169,0,0,0,0,0,0,L,1,8.699999999999989,39084.799999999996,high,0,0,73.28
3259,L50438,L,301.2,309.9,1643,32.9,171,0,0,0,0,0,0,L,1,8.699999999999989,54054.7,high,0,0,76.72
3260,M18119,M,301.2,310.0,1625,31.6,173,0,0,0,0,0,0,M,1,8.800000000000011,51350.0,high,0,0,77.28
3261,M18120,M,301.3,310.0,2068,17.8,176,0,0,0,0,0,0,M,1,8.699999999999989,36810.4,high,0,0,75.7
3262,H32675,H,301.3,310.1,1469,39.7,179,0,0,0,0,0,0,H,1,8.800000000000011,58319.3,high,0,0,81.3
3263,L50442,L,301.3,310.1,1558,36.3,184,0,0,0,0,0,0,L,1,8.800000000000011,56555.399999999994,high,0,0,82.62
3264,L50443,L,301.3,310.0,1344,54.8,186,0,0,0,0,0,0,L,1,8.699999999999989,73651.2,high,0,0,87.1
3265,H32678,H,301.3,310.1,1455,44.1,188,0,0,0,0,0,0,H,1,8.800000000000011,64165.5,high,0,0,85.78
3266,L50445,L,301.3,310.1,1355,53.6,193,0,0,0,0,0,0,L,1,8.800000000000011,72628.0,high,0,0,89.68
3267,L50446,L,301.3,310.1,1269,56.8,195,1,0,0,0,1,0,L,1,8.800000000000011,72079.2,high,0,1,141.12
3268,L50447,L,301.3,310.0,1550,41.5,197,0,0,0,0,0,0,L,1,8.699999999999989,64325.0,high,0,0,88.84
3269,M18128,M,301.3,310.1,1525,37.8,199,0,0,0,0,0,0,M,1,8.800000000000011,57644.99999999999,high,0,0,88.92
3270,M18129,M,301.3,310.0,1696,32.4,202,0,0,0,0,0,0,M,1,8.699999999999989,54950.399999999994,high,1,0,89.02
3271,L50450,L,301.4,310.1,1937,21.8,205,0,0,0,0,0,0,L,1,8.700000000000045,42226.6,high,1,0,88.1
3272,M18131,M,301.4,310.0,1689,32.1,207,0,0,0,0,0,0,M,1,8.600000000000023,54216.9,high,1,0,90.94
3273,M18132,M,301.3,310.0,1593,30.8,210,0,0,0,0,0,0,M,1,8.699999999999989,49064.4,high,1,0,91.9
3274,M18133,M,301.3,309.9,1565,36.0,213,0,0,0,0,0,0,M,1,8.599999999999966,56340.0,high,1,0,94.12
3275,L50454,L,301.3,310.0,1665,31.4,0,0,0,0,0,0,0,L,1,8.699999999999989,52281.0,low,0,0,8.02
3276,H32689,H,301.3,310.0,1532,36.3,2,0,0,0,0,0,0,H,1,8.699999999999989,55611.6,low,0,0,9.8
3277,L50456,L,301.3,310.0,1438,40.9,7,0,0,0,0,0,0,L,1,8.699999999999989,58814.2,low,0,0,12.72
3278,L50457,L,301.3,310.1,1531,41.6,9,0,0,0,0,0,0,L,1,8.800000000000011,63689.6,low,0,0,13.68
3279,L50458,L,301.3,310.0,1506,40.8,11,0,0,0,0,0,0,L,1,8.699999999999989,61444.799999999996,low,0,0,14.3
3280,L50459,L,301.2,309.9,1382,52.4,13,0,0,0,0,0,0,L,1,8.699999999999989,72416.8,low,0,0,17.42
3281,M18140,M,301.2,309.9,1456,50.8,15,0,0,0,0,0,0,M,1,8.699999999999989,73964.8,low,0,0,17.9
3282,M18141,M,301.2,310.0,1445,45.6,18,0,0,0,0,0,0,M,1,8.800000000000011,65892.0,low,0,0,18.08
3283,L50462,L,301.2,309.9,1515,40.9,21,0,0,0,0,0,0,L,1,8.699999999999989,61963.5,low,0,0,18.32
3284,L50463,L,301.2,309.9,1449,45.5,23,0,0,0,0,0,0,L,1,8.699999999999989,65929.5,low,0,0,20.04
3285,H32698,H,301.2,309.9,1362,50.7,25,0,0,0,0,0,0,H,1,8.699999999999989,69053.40000000001,low,0,0,21.88
3286,L50465,L,301.2,309.9,1687,29.7,30,0,0,0,0,0,0,L,1,8.699999999999989,50103.9,low,0,0,19.68
3287,L50466,L,301.2,310.0,1618,37.6,32,0,0,0,0,0,0,L,1,8.800000000000011,60836.8,low,0,0,22.08
3288,M18147,M,301.2,310.1,1558,32.6,34,0,0,0,0,0,0,M,1,8.900000000000034,50790.8,low,0,0,21.9
3289,L50468,L,301.3,310.1,1662,31.0,37,0,0,0,0,0,0,L,1,8.800000000000011,51522.0,low,0,0,22.76
3290,M18149,M,301.2,310.1,1295,56.6,39,0,0,0,0,0,0,M,1,8.900000000000034,73297.0,low,0,0,28.7
3291,L50470,L,301.2,310.2,1385,42.3,42,0,0,0,0,0,0,L,1,9.0,58585.49999999999,low,0,0,27.06
3292,M18151,M,301.2,310.1,1479,45.5,44,0,0,0,0,0,0,M,1,8.900000000000034,67294.5,low,0,0,28.48
3293,L50472,L,301.3,310.3,1400,44.3,47,0,0,0,0,0,0,L,1,9.0,62019.99999999999,low,0,0,29.46
3294,M18153,M,301.2,310.3,1357,54.5,49,0,0,0,0,0,0,M,1,9.100000000000023,73956.5,low,0,0,32.32
3295,L50474,L,301.1,310.2,1657,34.1,52,0,0,0,0,0,0,L,1,9.099999999999966,56503.700000000004,mid,0,0,29.44
3296,L50475,L,301.1,310.2,1496,43.4,54,0,0,0,0,0,0,L,1,9.099999999999966,64926.4,mid,0,0,32.1
3297,M18156,M,301.2,310.3,1379,43.2,56,0,0,0,0,0,0,M,1,9.100000000000023,59572.8,mid,0,0,32.86
3298,L50477,L,301.2,310.3,1548,38.6,59,0,0,0,0,0,0,L,1,9.100000000000023,59752.8,mid,0,0,33.14
3299,L50478,L,301.2,310.3,1499,38.1,61,0,0,0,0,0,0,L,1,9.100000000000023,57111.9,mid,0,0,33.84
3300,L50479,L,301.3,310.5,1390,45.8,63,0,0,0,0,0,0,L,1,9.199999999999989,63661.99999999999,mid,0,0,36.2
3301,H32714,H,301.3,310.4,1538,38.4,65,0,0,0,0,0,0,H,1,9.099999999999966,59059.2,mid,0,0,35.5
3302,L50481,L,301.3,310.5,1365,47.7,70,0,0,0,0,0,0,L,1,9.199999999999989,65110.50000000001,mid,0,0,39.38
3303,L50482,L,301.3,310.5,1503,48.6,72,0,0,0,0,0,0,L,1,9.199999999999989,73045.8,mid,0,0,40.36
3304,L50483,L,301.2,310.4,1390,49.9,74,0,0,0,0,0,0,L,1,9.199999999999989,69361.0,mid,0,0,41.42
3305,L50484,L,301.2,310.3,1497,45.7,76,0,0,0,0,0,0,L,1,9.100000000000023,68412.90000000001,mid,0,0,41.36
3306,M18165,M,301.3,310.4,1577,48.3,78,0,0,0,0,0,0,M,1,9.099999999999966,76169.09999999999,mid,0,0,42.68
3307,L50486,L,301.4,310.5,1432,54.3,81,0,0,0,0,0,0,L,1,9.100000000000023,77757.59999999999,mid,0,0,45.08
3308,M18167,M,301.4,310.5,1563,39.9,83,0,0,0,0,0,0,M,1,9.100000000000023,62363.7,mid,0,0,43.0
3309,L50488,L,301.4,310.4,1433,43.4,86,0,0,0,0,0,0,L,1,9.0,62192.2,mid,0,0,44.88
3310,L50489,L,301.3,310.4,1384,50.1,88,0,0,0,0,0,0,L,1,9.099999999999966,69338.40000000001,mid,0,0,47.04
3311,L50490,L,301.3,310.4,1346,46.7,90,0,0,0,0,0,0,L,1,9.099999999999966,62858.200000000004,mid,0,0,47.16
3312,L50491,L,301.3,310.4,1459,44.7,92,0,0,0,0,0,0,L,1,9.099999999999966,65217.3,mid,0,0,47.56
3313,L50492,L,301.4,310.4,1639,28.9,94,0,0,0,0,0,0,L,1,9.0,47367.1,mid,0,0,45.18
3314,L50493,L,301.4,310.4,1737,31.9,96,0,0,0,0,0,0,L,1,9.0,55410.299999999996,mid,0,0,46.58
3315,L50494,L,301.4,310.5,1489,43.5,98,0,0,0,0,0,0,L,1,9.100000000000023,64771.5,mid,0,0,49.72
3316,M18175,M,301.5,310.6,1492,43.0,100,0,0,0,0,0,0,M,1,9.100000000000023,64156.0,mid,0,0,50.42
3317,M18176,M,301.4,310.5,1217,60.6,103,0,0,0,0,0,0,M,1,9.100000000000023,73750.2,mid,0,0,55.14
3318,L50497,L,301.5,310.5,1636,28.7,106,0,0,0,0,0,0,L,1,9.0,46953.2,mid,0,0,49.94
3319,L50498,L,301.4,310.4,1436,49.7,108,0,0,0,0,0,0,L,1,9.0,71369.2,mid,0,0,54.94
3320,L50499,L,301.4,310.4,1689,30.6,110,0,0,0,0,0,0,L,1,9.0,51683.4,mid,0,0,51.92
3321,L50500,L,301.5,310.5,2289,16.4,112,0,0,0,0,0,0,L,1,9.0,37539.6,mid,0,0,49.88
3322,L50501,L,301.5,310.6,1522,41.0,114,0,0,0,0,0,0,L,1,9.100000000000023,62402.0,mid,0,0,55.62
3323,L50502,L,301.5,310.5,1351,52.9,116,0,0,0,0,0,0,L,1,9.0,71467.9,mid,0,0,58.78
3324,L50503,L,301.5,310.5,1589,36.7,118,0,0,0,0,0,0,L,1,9.0,58316.3,mid,0,0,56.34
3325,L50504,L,301.5,310.6,1578,34.1,120,0,0,0,0,0,0,L,1,9.100000000000023,53809.8,mid,0,0,56.64
3326,L50505,L,301.5,310.6,1587,33.7,122,0,0,0,0,0,0,L,1,9.100000000000023,53481.9,mid,0,0,57.36
3327,L50506,L,301.5,310.6,1962,20.2,124,0,0,0,0,0,0,L,1,9.100000000000023,39632.4,mid,0,0,55.46
3328,M18187,M,301.5,310.6,2432,14.2,126,0,0,0,0,0,0,M,1,9.100000000000023,34534.4,mid,0,0,55.06
3329,L50508,L,301.6,310.6,1418,43.9,129,0,0,0,0,0,0,L,1,9.0,62250.2,mid,0,0,62.18
3330,L50509,L,301.6,310.7,1683,29.7,131,0,0,0,0,0,0,L,1,9.099999999999966,49985.1,mid,0,0,60.16
3331,L50510,L,301.7,310.8,1385,50.7,133,0,0,0,0,0,0,L,1,9.100000000000023,70219.5,mid,0,0,65.16
3332,L50511,L,301.7,310.8,1559,44.5,135,0,0,0,0,0,0,L,1,9.100000000000023,69375.5,mid,0,0,64.72
3333,M18192,M,301.7,310.8,1671,31.6,137,0,0,0,0,0,0,M,1,9.100000000000023,52803.600000000006,mid,0,0,62.94
3334,M18193,M,301.6,310.8,1343,49.5,140,0,0,0,0,0,0,M,1,9.199999999999989,66478.5,mid,0,0,67.74
3335,M18194,M,301.6,310.8,1548,34.2,143,0,0,0,0,0,0,M,1,9.199999999999989,52941.600000000006,mid,0,0,65.88
3336,L50515,L,301.7,310.9,1705,31.2,146,0,0,0,0,0,0,L,1,9.199999999999989,53196.0,mid,0,0,66.48
3337,L50516,L,301.6,310.8,1535,35.4,148,0,0,0,0,0,0,L,1,9.199999999999989,54339.0,mid,0,0,68.12
3338,L50517,L,301.6,310.8,1564,34.1,150,0,0,0,0,0,0,L,1,9.199999999999989,53332.4,mid,0,0,68.66
3339,M18198,M,301.6,310.9,1510,40.9,152,0,0,0,0,0,0,M,1,9.299999999999955,61759.0,high,0,0,70.84
3340,L50519,L,301.6,310.9,1492,45.2,155,0,0,0,0,0,0,L,1,9.299999999999955,67438.40000000001,high,0,0,72.9
3341,M18200,M,301.5,310.8,1452,44.1,157,0,0,0,0,0,0,M,1,9.300000000000011,64033.200000000004,high,0,0,73.48
3342,H32755,H,301.4,310.7,1329,52.0,160,0,0,0,0,0,0,H,1,9.300000000000011,69108.0,high,0,0,76.26
3343,L50522,L,301.5,310.8,1382,52.4,165,0,0,0,0,0,0,L,1,9.300000000000011,72416.8,high,0,0,78.34
3344,M18203,M,301.5,310.8,1628,36.4,167,0,0,0,0,0,0,M,1,9.300000000000011,59259.2,high,0,0,75.94
3345,L50524,L,301.4,310.7,1706,27.9,170,0,0,0,0,0,0,L,1,9.300000000000011,47597.399999999994,high,0,0,75.44
3346,L50525,L,301.3,310.7,1594,34.1,172,0,0,0,0,0,0,L,1,9.399999999999977,54355.4,high,0,0,77.5
3347,L50526,L,301.3,310.7,1761,24.3,174,0,0,0,0,0,0,L,1,9.399999999999977,42792.3,high,0,0,76.34
3348,L50527,L,301.3,310.6,1529,41.8,176,0,0,0,0,0,0,L,1,9.300000000000011,63912.2,high,0,0,80.62
3349,M18208,M,301.3,310.7,1532,40.7,178,0,0,0,0,0,0,M,1,9.399999999999977,62352.4,high,0,0,81.22
3350,L50529,L,301.4,310.7,1673,27.8,181,0,0,0,0,0,0,L,1,9.300000000000011,46509.4,high,0,0,79.82
3351,L50530,L,301.4,310.8,1285,62.6,183,1,0,0,0,1,0,L,1,9.400000000000034,80441.0,high,0,1,137.6
3352,L50531,L,301.4,310.8,1680,31.4,185,0,0,0,0,0,0,L,1,9.400000000000034,52752.0,high,0,0,82.16
3353,L50532,L,301.4,310.8,1610,34.6,187,0,0,0,0,0,0,L,1,9.400000000000034,55706.0,high,0,0,83.6
3354,L50533,L,301.6,310.9,1632,31.6,189,0,0,0,0,0,0,L,1,9.299999999999955,51571.200000000004,high,0,0,83.78
3355,L50534,L,301.6,310.9,1559,40.2,191,0,0,0,0,0,0,L,1,9.299999999999955,62671.8,high,0,0,86.3
3356,L50535,L,301.5,310.8,1367,49.0,193,0,0,0,0,0,0,L,1,9.300000000000011,66983.0,high,0,0,88.86
3357,L50536,L,301.6,310.8,1355,57.8,195,1,0,0,0,1,0,L,1,9.199999999999989,78319.0,high,0,1,141.4
3358,H32771,H,301.6,310.7,1414,51.7,197,0,0,0,0,0,0,H,1,9.099999999999966,73103.8,high,0,0,90.96
3359,L50538,L,301.5,310.6,1522,36.6,202,0,0,0,0,0,0,L,1,9.100000000000023,55705.200000000004,high,1,0,89.94
3360,L50539,L,301.5,310.6,1525,41.9,204,0,0,0,0,0,0,L,1,9.100000000000023,63897.5,high,1,0,91.8
3361,L50540,L,301.5,310.6,1394,46.5,206,0,0,0,0,0,0,L,1,9.100000000000023,64821.0,high,1,0,93.52
3362,L50541,L,301.5,310.6,1519,40.7,208,0,0,0,0,0,0,L,1,9.100000000000023,61823.3,high,1,0,93.16
3363,L50542,L,301.4,310.6,1445,43.9,210,0,0,0,0,0,0,L,1,9.200000000000045,63435.5,high,1,0,94.62
3364,L50543,L,301.4,310.6,1555,43.3,212,0,0,0,0,0,0,L,1,9.200000000000045,67331.5,high,1,0,95.3
3365,L50544,L,301.4,310.5,1633,39.5,0,0,0,0,0,0,0,L,1,9.100000000000023,64503.5,low,0,0,9.72
3366,M18225,M,301.4,310.6,1630,30.3,2,0,0,0,0,0,0,M,1,9.200000000000045,49389.0,low,0,0,8.7
3367,M18226,M,301.4,310.7,1692,32.3,5,0,0,0,0,0,0,M,1,9.300000000000011,54651.6,low,0,0,10.32
3368,H32781,H,301.5,310.7,1790,26.2,8,0,0,0,0,0,0,H,1,9.199999999999989,46898.0,low,0,0,10.28
3369,L50548,L,301.5,310.8,1350,58.5,13,0,0,0,0,0,0,L,1,9.300000000000011,78975.0,low,0,0,18.76
3370,L50549,L,301.5,310.9,2760,8.0,15,1,0,0,1,0,0,L,1,9.399999999999977,22080.0,low,0,1,59.48
3371,L50550,L,301.4,310.7,1584,32.2,17,0,0,0,0,0,0,L,1,9.300000000000011,51004.8,low,0,0,15.1
3372,L50551,L,301.4,310.7,1989,21.8,19,0,0,0,0,0,0,L,1,9.300000000000011,43360.200000000004,low,0,0,13.82
3373,L50552,L,301.4,310.8,1431,44.3,21,0,0,0,0,0,0,L,1,9.400000000000034,63393.299999999996,low,0,0,19.14
3374,L50553,L,301.4,310.7,1568,35.2,23,0,0,0,0,0,0,L,1,9.300000000000011,55193.600000000006,low,0,0,18.1
3375,L50554,L,301.4,310.7,1376,50.6,25,0,0,0,0,0,0,L,1,9.300000000000011,69625.6,low,0,0,21.98
3376,M18235,M,301.4,310.6,1459,46.9,27,0,0,0,0,0,0,M,1,9.200000000000045,68427.09999999999,low,0,0,22.02
3377,M18236,M,301.5,310.8,1385,47.5,30,0,0,0,0,0,0,M,1,9.300000000000011,65787.5,low,0,0,23.36
3378,H32791,H,301.5,310.8,1591,29.6,33,0,0,0,0,0,0,H,1,9.300000000000011,47093.600000000006,low,0,0,20.98
3379,L50558,L,301.5,310.7,1568,33.1,38,0,0,0,0,0,0,L,1,9.199999999999989,51900.8,low,0,0,23.66
3380,M18239,M,301.4,310.7,1459,37.7,40,0,0,0,0,0,0,M,1,9.300000000000011,55004.3,low,0,0,25.4
3381,L50560,L,301.4,310.7,1590,36.3,43,0,0,0,0,0,0,L,1,9.300000000000011,57716.99999999999,low,0,0,26.32
3382,L50561,L,301.3,310.6,1376,47.6,45,0,0,0,0,0,0,L,1,9.300000000000011,65497.6,low,0,0,29.38
3383,L50562,L,301.3,310.6,1510,38.5,47,0,0,0,0,0,0,L,1,9.300000000000011,58135.0,low,0,0,28.36
3384,H32797,H,301.4,310.6,1674,33.6,49,0,0,0,0,0,0,H,1,9.200000000000045,56246.4,low,0,0,28.16
3385,L50564,L,301.3,310.6,1426,40.7,54,0,0,0,0,0,0,L,1,9.300000000000011,58038.200000000004,mid,0,0,31.6
3386,L50565,L,301.5,310.7,1466,43.6,56,0,0,0,0,0,0,L,1,9.199999999999989,63917.6,mid,0,0,32.96
3387,H32800,H,301.5,310.8,1474,38.7,58,0,0,0,0,0,0,H,1,9.300000000000011,57043.8,mid,0,0,32.8
3388,M18247,M,301.6,310.8,1290,65.3,63,0,0,0,0,0,0,M,1,9.199999999999989,84237.0,mid,0,0,40.1
3389,M18248,M,301.7,310.9,1435,48.0,66,0,0,0,0,0,0,M,1,9.199999999999989,68880.0,mid,0,0,37.84
3390,M18249,M,301.5,310.7,1416,53.2,69,0,0,0,0,0,0,M,1,9.199999999999989,75331.2,mid,0,0,40.08
3391,H32804,H,301.5,310.7,1599,40.4,72,0,0,0,0,0,0,H,1,9.199999999999989,64599.6,mid,0,0,38.72
3392,L50571,L,301.5,310.7,1466,47.3,77,0,0,0,0,0,0,L,1,9.199999999999989,69341.8,mid,0,0,42.1
3393,L50572,L,301.5,310.7,1408,47.3,79,0,0,0,0,0,0,L,1,9.199999999999989,66598.4,mid,0,0,42.9
3394,L50573,L,301.5,310.6,1490,48.1,81,0,0,0,0,0,0,L,1,9.100000000000023,71669.0,mid,0,0,43.84
3395,L50574,L,301.5,310.6,1405,42.3,83,0,0,0,0,0,0,L,1,9.100000000000023,59431.49999999999,mid,0,0,43.48
3396,L50575,L,301.4,310.5,1647,33.3,85,0,0,0,0,0,0,L,1,9.100000000000023,54845.1,mid,0,0,42.48
3397,M18256,M,301.4,310.6,1459,35.0,87,0,0,0,0,0,0,M,1,9.200000000000045,51065.0,mid,0,0,43.64
3398,L50577,L,301.4,310.6,1648,30.7,90,0,0,0,0,0,0,L,1,9.200000000000045,50593.6,mid,0,0,43.98
3399,L50578,L,301.4,310.7,1675,30.7,92,0,0,0,0,0,0,L,1,9.300000000000011,51422.5,mid,0,0,44.8
3400,L50579,L,301.4,310.7,1605,34.2,94,0,0,0,0,0,0,L,1,9.300000000000011,54891.00000000001,mid,0,0,46.3
3401,H32814,H,301.4,310.7,1536,44.4,96,0,0,0,0,0,0,H,1,9.300000000000011,68198.4,mid,0,0,49.14
3402,M18261,M,301.4,310.7,1617,34.3,101,0,0,0,0,0,0,M,1,9.300000000000011,55463.1,mid,0,0,49.12
3403,L50582,L,301.4,310.6,1347,53.3,104,0,0,0,0,0,0,L,1,9.200000000000045,71795.09999999999,mid,0,0,54.1
3404,L50583,L,301.3,310.5,1337,52.7,106,0,0,0,0,0,0,L,1,9.199999999999989,70459.90000000001,mid,0,0,54.78
3405,L50584,L,301.3,310.4,1695,30.9,108,0,0,0,0,0,0,L,1,9.099999999999966,52375.5,mid,0,0,51.2
3406,M18265,M,301.3,310.4,1635,32.5,110,0,0,0,0,0,0,M,1,9.099999999999966,53137.5,mid,0,0,52.32
3407,L50586,L,301.2,310.4,1470,44.0,113,0,0,0,0,0,0,L,1,9.199999999999989,64680.0,mid,0,0,55.84
3408,L50587,L,301.2,310.4,1381,49.8,115,0,0,0,0,0,0,L,1,9.199999999999989,68773.8,mid,0,0,57.8
3409,M18268,M,301.2,310.4,1382,41.6,117,0,0,0,0,0,0,M,1,9.199999999999989,57491.200000000004,mid,0,0,56.96
3410,M18269,M,301.2,310.4,1697,30.0,120,0,0,0,0,0,0,M,1,9.199999999999989,50910.0,mid,0,0,55.84
3411,L50590,L,301.2,310.3,1451,39.7,123,0,0,0,0,0,0,L,1,9.100000000000023,57604.700000000004,mid,0,0,58.96
3412,L50591,L,301.3,310.3,1419,55.7,125,0,0,0,0,0,0,L,1,9.0,79038.3,mid,0,0,62.94
3413,L50592,L,301.3,310.3,1313,55.6,127,0,0,0,0,0,0,L,1,9.0,73002.8,mid,0,0,63.72
3414,L50593,L,301.3,310.3,1560,36.3,129,0,0,0,0,0,0,L,1,9.0,56627.99999999999,mid,0,0,60.66
3415,L50594,L,301.3,310.3,1555,41.2,131,0,0,0,0,0,0,L,1,9.0,64066.00000000001,mid,0,0,62.44
3416,L50595,L,301.4,310.4,1579,36.9,133,0,0,0,0,0,0,L,1,9.0,58265.1,mid,0,0,62.38
3417,L50596,L,301.5,310.5,1435,44.6,135,0,0,0,0,0,0,L,1,9.0,64001.0,mid,0,0,64.72
3418,L50597,L,301.6,310.6,1621,33.7,137,0,0,0,0,0,0,L,1,9.0,54627.700000000004,mid,0,0,63.34
3419,H32832,H,301.6,310.6,1555,40.4,139,0,0,0,0,0,0,H,1,9.0,62822.0,mid,0,0,65.48
3420,L50599,L,301.5,310.5,1611,33.8,144,0,0,0,0,0,0,L,1,9.0,54451.799999999996,mid,0,0,66.16
3421,L50600,L,301.6,310.6,1834,23.5,146,0,0,0,0,0,0,L,1,9.0,43099.0,mid,0,0,64.9
3422,M18281,M,301.5,310.5,1612,29.8,148,0,0,0,0,0,0,M,1,9.0,48037.6,mid,0,0,66.96
3423,L50602,L,301.5,310.4,1629,34.1,151,0,0,0,0,0,0,L,1,8.899999999999977,55548.9,high,0,0,69.0
3424,L50603,L,301.4,310.4,1496,35.2,153,0,0,0,0,0,0,L,1,9.0,52659.200000000004,high,0,0,70.04
3425,L50604,L,301.5,310.5,1593,32.9,155,0,0,0,0,0,0,L,1,9.0,52409.7,high,0,0,70.38
3426,M18285,M,301.5,310.5,1623,33.5,157,0,0,0,0,0,0,M,1,9.0,54370.5,high,0,0,71.3
3427,L50606,L,301.5,310.5,1380,48.7,160,0,0,0,0,0,0,L,1,9.0,67206.0,high,0,0,75.54
3428,L50607,L,301.6,310.6,1562,34.4,162,0,0,0,0,0,0,L,1,9.0,53732.799999999996,high,0,0,73.48
3429,L50608,L,301.6,310.6,1391,49.4,164,0,0,0,0,0,0,L,1,9.0,68715.4,high,0,0,77.28
3430,H32843,H,301.5,310.5,1551,34.3,166,0,0,0,0,0,0,H,1,9.0,53199.299999999996,high,0,0,75.06
3431,H32844,H,301.6,310.6,1821,26.2,171,0,0,0,0,0,0,H,1,9.0,47710.2,high,0,0,75.44
3432,L50611,L,301.6,310.7,1429,43.6,176,0,0,0,0,0,0,L,1,9.099999999999966,62304.4,high,0,0,80.94
3433,M18292,M,301.6,310.7,2012,20.7,178,0,0,0,0,0,0,M,1,9.099999999999966,41648.4,high,0,0,77.16
3434,M18293,M,301.6,310.6,1924,23.6,181,0,0,0,0,0,0,M,1,9.0,45406.4,high,0,0,78.92
3435,M18294,M,301.5,310.5,1412,44.1,184,0,0,0,0,0,0,M,1,9.0,62269.200000000004,high,0,0,84.22
3436,L50615,L,301.5,310.5,1389,54.9,187,0,0,0,0,0,0,L,1,9.0,76256.09999999999,high,0,0,87.58
3437,L50616,L,301.5,310.5,1466,48.1,189,0,0,0,0,0,0,L,1,9.0,70514.6,high,0,0,87.02
3438,L50617,L,301.5,310.5,2297,15.8,191,0,0,0,0,0,0,L,1,9.0,36292.6,high,0,0,81.36
3439,L50618,L,301.4,310.4,1471,37.5,193,0,0,0,0,0,0,L,1,9.0,55162.5,high,0,0,86.5
3440,L50619,L,301.4,310.3,1492,41.4,195,0,0,0,0,0,0,L,1,8.900000000000034,61768.799999999996,high,0,0,88.06
3441,L50620,L,301.3,310.3,1460,41.5,197,0,0,0,0,0,0,L,1,9.0,60590.0,high,0,0,88.9
3442,L50621,L,301.4,310.4,1559,39.4,199,0,0,0,0,0,0,L,1,9.0,61424.6,high,0,0,89.28
3443,M18302,M,301.4,310.5,1495,52.5,201,0,0,0,0,0,0,M,1,9.100000000000023,78487.5,high,1,0,92.72
3444,L50623,L,301.5,310.5,1535,39.0,204,0,0,0,0,0,0,L,1,9.0,59865.0,high,1,0,91.2
3445,L50624,L,301.5,310.6,1381,50.7,206,0,0,0,0,0,0,L,1,9.100000000000023,70016.7,high,1,0,94.36
3446,M18305,M,301.6,310.6,1599,36.1,208,0,0,0,0,0,0,M,1,9.0,57723.9,high,1,0,92.22
3447,H32860,H,301.6,310.6,1400,49.5,211,0,0,0,0,0,0,H,1,9.0,69300.0,high,1,0,96.1
3448,L50627,L,301.7,310.6,1624,34.5,216,0,0,0,0,0,0,L,1,8.900000000000034,56028.0,high,1,0,95.08
3449,L50628,L,301.6,310.6,1478,36.6,218,0,0,0,0,0,0,L,1,9.0,54094.8,high,1,0,96.32
3450,L50629,L,301.7,310.7,1605,33.3,220,0,0,0,0,0,0,L,1,9.0,53446.49999999999,high,1,0,96.46
3451,L50630,L,301.6,310.6,1506,43.4,222,0,0,0,0,0,0,L,1,9.0,65360.4,high,1,0,99.28
3452,L50631,L,301.6,310.6,1455,43.9,0,0,0,0,0,0,0,L,1,9.0,63874.5,low,0,0,10.58
3453,H32866,H,301.6,310.5,1602,32.3,2,0,0,0,0,0,1,H,1,8.899999999999977,51744.6,low,0,1,9.04
3454,L50633,L,301.5,310.4,1425,54.4,7,0,0,0,0,0,0,L,1,8.899999999999977,77520.0,low,0,0,15.46
3455,L50634,L,301.5,310.4,1918,21.8,9,0,0,0,0,0,0,L,1,8.899999999999977,41812.4,low,0,0,9.74
3456,H32869,H,301.4,310.3,1611,41.5,11,0,0,0,0,0,0,H,1,8.900000000000034,66856.5,low,0,0,14.48
3457,H32870,H,301.4,310.4,1610,38.6,16,0,0,0,0,0,0,H,1,9.0,62146.0,low,0,0,15.92
3458,M18317,M,301.5,310.4,2639,12.0,21,1,0,0,1,0,0,M,1,8.899999999999977,31668.0,low,0,1,62.58
3459,L50638,L,301.5,310.4,1329,46.6,24,0,0,0,0,0,0,L,1,8.899999999999977,61931.4,low,0,0,20.7
3460,L50639,L,301.5,310.4,1270,54.2,26,0,0,0,0,0,0,L,1,8.899999999999977,68834.0,low,0,0,23.02
3461,L50640,L,301.5,310.3,1415,41.6,28,0,0,0,0,0,0,L,1,8.800000000000011,58864.0,low,0,0,21.28
3462,H32875,H,301.6,310.4,1330,49.5,30,0,0,0,0,0,0,H,1,8.799999999999955,65835.0,low,0,0,23.66
3463,H32876,H,301.6,310.5,1786,27.1,35,0,0,0,0,0,0,H,1,8.899999999999977,48400.600000000006,low,0,0,21.2
3464,L50643,L,301.6,310.5,1809,25.5,40,0,0,0,0,0,0,L,1,8.899999999999977,46129.5,low,0,0,22.88
3465,L50644,L,301.7,310.6,1303,59.7,42,0,0,0,0,0,0,L,1,8.900000000000034,77789.1,low,0,0,30.52
3466,M18325,M,301.8,310.7,1383,45.7,44,0,0,0,0,0,0,M,1,8.899999999999977,63203.100000000006,low,0,0,28.52
3467,L50646,L,301.7,310.6,1447,56.9,47,0,0,0,0,0,0,L,1,8.900000000000034,82334.3,low,0,0,31.96
3468,L50647,L,301.8,310.7,1461,44.2,49,0,0,0,0,0,0,L,1,8.899999999999977,64576.200000000004,low,0,0,30.22
3469,L50648,L,301.8,310.7,2092,18.6,51,0,0,0,0,0,0,L,1,8.899999999999977,38911.200000000004,mid,0,0,25.9
3470,M18329,M,301.8,310.7,1429,47.9,53,0,0,0,0,0,0,M,1,8.899999999999977,68449.09999999999,mid,0,0,32.56
3471,L50650,L,301.8,310.8,1736,26.5,56,0,0,0,0,0,0,L,1,9.0,46004.0,mid,0,0,29.5
3472,L50651,L,301.8,310.7,1441,49.3,58,0,0,0,0,0,0,L,1,8.899999999999977,71041.3,mid,0,0,34.84
3473,L50652,L,301.8,310.7,1523,43.3,60,0,0,0,0,0,0,L,1,8.899999999999977,65945.9,mid,0,0,34.44
3474,M18333,M,301.8,310.8,1691,33.4,62,0,0,0,0,0,0,M,1,9.0,56479.399999999994,mid,0,0,33.28
3475,M18334,M,301.9,310.8,1557,35.3,65,0,0,0,0,0,0,M,1,8.900000000000034,54962.1,mid,0,0,34.84
3476,L50655,L,301.8,310.7,1644,33.4,68,0,0,0,0,0,0,L,1,8.899999999999977,54909.6,mid,0,0,35.66
3477,L50656,L,301.8,310.6,1522,43.8,70,0,0,0,0,0,0,L,1,8.800000000000011,66663.59999999999,mid,0,0,38.52
3478,L50657,L,301.8,310.7,1547,41.7,72,0,0,0,0,0,0,L,1,8.899999999999977,64509.9,mid,0,0,38.92
3479,L50658,L,301.8,310.7,1597,30.8,74,0,0,0,0,0,0,L,1,8.899999999999977,49187.6,mid,0,0,37.54
3480,M18339,M,301.8,310.8,1619,31.0,76,0,0,0,0,0,0,M,1,9.0,50189.0,mid,0,0,38.4
3481,L50660,L,301.9,310.8,1400,58.2,79,0,0,0,0,0,0,L,1,8.900000000000034,81480.0,mid,0,0,45.02
3482,L50661,L,302.0,310.9,1663,31.5,81,0,0,0,0,0,0,L,1,8.899999999999977,52384.5,mid,0,0,40.48
3483,L50662,L,301.9,310.8,1540,37.6,83,0,0,0,0,0,0,L,1,8.900000000000034,57904.0,mid,0,0,42.5
3484,H32897,H,301.9,310.8,1455,42.7,85,0,0,0,0,0,0,H,1,8.900000000000034,62128.50000000001,mid,0,0,44.32
3485,L50664,L,301.9,310.8,1519,39.0,90,0,0,0,0,0,0,L,1,8.900000000000034,59241.0,mid,0,0,45.58
3486,L50665,L,301.9,310.8,1427,47.7,92,0,0,0,0,0,0,L,1,8.900000000000034,68067.90000000001,mid,0,0,48.12
3487,L50666,L,301.9,310.8,1650,29.8,94,0,0,0,0,0,0,L,1,8.900000000000034,49170.0,mid,0,0,45.34
3488,M18347,M,301.8,310.8,1508,38.8,96,0,0,0,0,0,0,M,1,9.0,58510.399999999994,mid,0,0,47.96
3489,L50668,L,301.9,310.9,1379,54.8,99,0,0,0,0,0,0,L,1,9.0,75569.2,mid,0,0,52.36
3490,L50669,L,301.9,310.9,1542,36.7,101,0,0,0,0,0,0,L,1,9.0,56591.4,mid,0,0,49.54
3491,M18350,M,301.9,310.9,1763,28.4,103,0,0,0,0,0,0,M,1,9.0,50069.2,mid,0,0,48.68
3492,H32905,H,301.9,310.9,1590,34.3,106,0,0,0,0,0,0,H,1,9.0,54536.99999999999,mid,0,0,51.06
3493,H32906,H,301.9,311.0,1336,63.6,111,0,0,0,0,0,0,H,1,9.100000000000023,84969.6,mid,0,0,58.94
3494,M18353,M,301.9,311.0,1638,35.4,116,0,0,0,0,0,0,M,1,9.100000000000023,57985.2,mid,0,0,55.3
3495,L50674,L,301.9,311.0,1356,45.7,119,0,0,0,0,0,0,L,1,9.100000000000023,61969.200000000004,mid,0,0,58.56
3496,M18355,M,301.9,311.0,1384,47.4,121,0,0,0,0,0,0,M,1,9.100000000000023,65601.59999999999,mid,0,0,59.7
3497,L50676,L,301.9,310.9,1309,48.0,124,0,0,0,0,0,0,L,1,9.0,62832.0,mid,0,0,61.0
3498,L50677,L,301.9,311.0,1642,33.1,126,0,0,0,0,0,0,L,1,9.100000000000023,54350.200000000004,mid,0,0,58.84
3499,L50678,L,301.9,311.0,1289,54.9,128,0,0,0,0,0,0,L,1,9.100000000000023,70766.09999999999,mid,0,0,64.0
3500,L50679,L,301.9,311.0,1353,43.8,130,0,0,0,0,0,0,L,1,9.100000000000023,59261.399999999994,mid,0,0,62.58
3501,H32914,H,301.9,311.0,1871,26.0,132,0,0,0,0,0,0,H,1,9.100000000000023,48646.0,mid,0,0,59.82
3502,H32915,H,301.9,311.0,1291,63.6,137,0,0,0,0,0,0,H,1,9.100000000000023,82107.6,mid,0,0,69.34
3503,M18362,M,301.8,310.9,1346,44.6,142,0,0,0,0,0,0,M,1,9.099999999999966,60031.6,mid,0,0,67.54
3504,L50683,L,301.7,310.8,1493,47.6,145,0,0,0,0,0,0,L,1,9.100000000000023,71066.8,mid,0,0,69.34
3505,M18364,M,301.7,310.8,1524,41.3,147,0,0,0,0,0,0,M,1,9.100000000000023,62941.2,mid,0,0,68.88
3506,L50685,L,301.6,310.8,1726,26.7,150,0,0,0,0,0,0,L,1,9.199999999999989,46084.2,mid,0,0,67.18
3507,H32920,H,301.6,310.8,1435,47.2,152,0,0,0,0,0,0,H,1,9.199999999999989,67732.0,high,0,0,72.08
3508,M18367,M,301.7,310.8,1502,34.4,157,0,0,0,0,0,0,M,1,9.100000000000023,51668.799999999996,high,0,0,71.5
3509,L50688,L,301.7,310.9,1608,33.0,160,0,0,0,0,0,0,L,1,9.199999999999989,53064.0,high,0,0,72.44
3510,L50689,L,301.8,311.0,1771,27.2,162,0,0,0,0,0,0,L,1,9.199999999999989,48171.2,high,0,0,72.08
3511,L50690,L,301.7,311.0,1474,42.6,164,0,0,0,0,0,0,L,1,9.300000000000011,62792.4,high,0,0,75.98
3512,L50691,L,301.8,311.0,1322,53.0,166,0,0,0,0,0,0,L,1,9.199999999999989,70066.0,high,0,0,78.84
3513,M18372,M,301.8,311.0,1393,49.5,168,0,0,0,0,0,0,M,1,9.199999999999989,68953.5,high,0,0,78.94
3514,M18373,M,301.9,311.1,1417,52.5,171,0,0,0,0,0,0,M,1,9.200000000000045,74392.5,high,0,0,80.74
3515,H32928,H,301.9,311.0,1430,49.8,174,0,0,0,0,0,0,H,1,9.100000000000023,71214.0,high,0,0,81.38
3516,M18375,M,301.9,311.1,1605,40.0,179,0,0,0,0,0,0,M,1,9.200000000000045,64200.0,high,0,0,81.44
3517,L50696,L,302.0,311.1,1402,47.8,182,0,0,0,0,0,0,L,1,9.100000000000023,67015.59999999999,high,0,0,84.18
3518,L50697,L,302.0,311.0,1550,35.2,184,0,0,0,0,0,0,L,1,9.0,54560.00000000001,high,0,0,82.44
3519,L50698,L,301.9,311.0,1376,44.9,186,0,0,0,0,0,0,L,1,9.100000000000023,61782.4,high,0,0,85.2
3520,M18379,M,301.9,310.9,1569,32.5,188,0,0,0,0,0,0,M,1,9.0,50992.5,high,0,0,83.5
3521,L50700,L,301.9,311.0,1669,32.2,191,0,0,0,0,0,0,L,1,9.100000000000023,53741.8,high,0,0,84.66
3522,L50701,L,301.9,311.0,1541,38.9,193,0,0,0,0,0,0,L,1,9.100000000000023,59944.899999999994,high,0,0,86.8
3523,L50702,L,301.8,311.0,1651,32.5,195,0,0,0,0,0,0,L,1,9.199999999999989,53657.5,high,0,0,86.34
3524,L50703,L,301.8,310.9,1521,39.3,197,0,0,0,0,0,0,L,1,9.099999999999966,59775.299999999996,high,0,0,88.48
3525,M18384,M,301.8,310.8,1365,48.2,199,0,0,0,0,0,0,M,1,9.0,65793.0,high,0,0,91.04
3526,L50705,L,301.8,310.9,1609,31.7,202,0,0,0,0,0,0,L,1,9.099999999999966,51005.299999999996,high,1,0,88.96
3527,H32940,H,301.8,310.8,1470,37.6,204,0,0,0,0,0,0,H,1,9.0,55272.0,high,1,0,90.92
3528,M18387,M,301.9,310.9,1573,38.9,209,0,0,0,0,0,0,M,1,9.0,61189.7,high,1,0,93.18
3529,L50708,L,302.0,310.9,1378,53.1,212,1,0,0,0,1,0,L,1,8.899999999999977,73171.8,high,1,1,147.2
3530,L50709,L,301.9,310.9,1567,39.0,214,1,1,0,0,0,0,L,1,9.0,61113.0,high,1,1,145.2
3531,M18390,M,301.9,310.9,1441,43.7,0,0,0,0,0,0,0,M,1,9.0,62971.700000000004,low,0,0,10.54
3532,M18391,M,301.9,310.9,1641,33.2,3,0,0,0,0,0,0,M,1,9.0,54481.200000000004,low,0,0,9.64
3533,L50712,L,301.9,310.9,1486,40.3,6,0,0,0,0,0,0,L,1,9.0,59885.799999999996,low,0,0,12.26
3534,L50713,L,302.0,311.0,1563,36.2,8,0,0,0,0,0,0,L,1,9.0,56580.600000000006,low,0,0,12.24
3535,M18394,M,302.0,311.1,1769,26.0,10,0,0,0,0,0,0,M,1,9.100000000000023,45994.0,low,0,0,11.02
3536,H32949,H,301.9,311.0,1672,29.9,13,0,0,0,0,0,0,H,1,9.100000000000023,49992.799999999996,low,0,0,13.0
3537,L50716,L,302.0,311.0,1632,34.2,18,0,0,0,0,0,0,L,1,9.0,55814.4,low,0,0,15.84
3538,M18397,M,302.0,311.0,1980,21.5,20,0,0,0,0,0,0,M,1,9.0,42570.0,low,0,0,14.1
3539,L50718,L,302.0,311.1,1635,36.0,23,0,0,0,0,0,0,L,1,9.100000000000023,58860.0,low,0,0,18.22
3540,L50719,L,302.0,311.0,1686,32.5,25,0,0,0,0,0,0,L,1,9.0,54795.0,low,0,0,18.3
3541,L50720,L,301.9,310.9,1574,31.4,27,0,0,0,0,0,0,L,1,9.0,49423.6,low,0,0,18.88
3542,L50721,L,301.8,310.8,1546,43.4,29,0,0,0,0,0,0,L,1,9.0,67096.4,low,0,0,22.08
3543,L50722,L,301.8,310.9,1899,24.7,31,0,0,0,0,0,0,L,1,9.099999999999966,46905.299999999996,low,0,0,19.16
3544,L50723,L,301.8,310.9,1449,36.5,33,0,0,0,0,0,0,L,1,9.099999999999966,52888.5,low,0,0,22.32
3545,M18404,M,301.9,310.9,1483,37.0,35,0,0,0,0,0,0,M,1,9.0,54871.0,low,0,0,23.2
3546,L50725,L,301.8,310.8,1576,38.6,38,0,0,0,0,0,0,L,1,9.0,60833.600000000006,low,0,0,24.72
3547,M18406,M,301.9,310.9,1317,51.9,40,0,0,0,0,0,0,M,1,9.0,68352.3,low,0,0,28.18
3548,M18407,M,301.9,311.0,1467,48.1,43,0,0,0,0,0,0,M,1,9.100000000000023,70562.7,low,0,0,28.64
3549,L50728,L,301.9,310.9,1616,34.5,46,0,0,0,0,0,0,L,1,9.0,55752.0,low,0,0,27.1
3550,M18409,M,301.8,310.9,1299,60.4,48,0,0,0,0,0,0,M,1,9.099999999999966,78459.59999999999,low,0,0,33.1
3551,M18410,M,301.9,311.0,1432,41.5,51,0,0,0,0,0,0,M,1,9.100000000000023,59428.0,mid,0,0,30.52
3552,L50731,L,301.9,310.9,1799,24.2,54,0,0,0,0,0,0,L,1,9.0,43535.799999999996,mid,0,0,28.24
3553,M18412,M,301.8,310.9,1358,52.3,56,0,0,0,0,0,0,M,1,9.099999999999966,71023.4,mid,0,0,34.68
3554,M18413,M,301.8,310.8,1618,37.8,59,0,0,0,0,0,0,M,1,9.0,61160.399999999994,mid,0,0,32.96
3555,L50734,L,301.9,310.8,1525,43.2,62,0,0,0,0,0,0,L,1,8.900000000000034,65880.0,mid,0,0,35.22
3556,L50735,L,301.8,310.7,1551,37.7,64,0,0,0,0,0,0,L,1,8.899999999999977,58472.700000000004,mid,0,0,34.92
3557,L50736,L,301.9,310.8,1735,31.5,66,0,0,0,0,0,0,L,1,8.900000000000034,54652.5,mid,0,0,34.48
3558,M18417,M,301.8,310.7,1309,43.3,68,0,0,0,0,0,0,M,1,8.899999999999977,56679.7,mid,0,0,37.64
3559,L50738,L,301.7,310.6,1743,26.2,71,0,0,0,0,0,0,L,1,8.900000000000034,45666.6,mid,0,0,35.42
3560,M18419,M,301.7,310.7,1659,29.9,73,0,0,0,0,0,0,M,1,9.0,49604.1,mid,0,0,36.98
3561,L50740,L,301.8,310.7,1680,32.4,76,0,0,0,0,0,0,L,1,8.899999999999977,54432.0,mid,0,0,38.66
3562,L50741,L,301.7,310.6,1486,38.5,78,0,0,0,0,0,0,L,1,8.900000000000034,57211.0,mid,0,0,40.68
3563,L50742,L,301.7,310.6,1471,43.8,80,0,0,0,0,0,0,L,1,8.900000000000034,64429.799999999996,mid,0,0,42.54
3564,M18423,M,301.8,310.7,1465,35.8,82,0,0,0,0,0,0,M,1,8.899999999999977,52446.99999999999,mid,0,0,41.74
3565,M18424,M,301.7,310.6,1492,42.2,85,0,0,0,0,0,0,M,1,8.900000000000034,62962.4,mid,0,0,44.22
3566,M18425,M,301.8,310.7,1420,52.0,88,0,0,0,0,0,0,M,1,8.899999999999977,73840.0,mid,0,0,47.38
3567,L50746,L,301.8,310.6,1295,62.3,91,0,0,0,0,0,0,L,1,8.800000000000011,80678.5,mid,0,0,50.62
3568,L50747,L,301.8,310.5,1548,34.1,93,0,0,0,0,0,0,L,1,8.699999999999989,52786.8,mid,0,0,45.76
3569,L50748,L,301.8,310.6,1372,54.7,95,0,0,0,0,0,0,L,1,8.800000000000011,75048.40000000001,mid,0,0,50.7
3570,M18429,M,301.8,310.6,1552,35.9,97,0,0,0,0,0,0,M,1,8.800000000000011,55716.799999999996,mid,0,0,47.74
3571,H32984,H,301.8,310.6,1441,46.3,100,0,0,0,0,0,0,H,1,8.800000000000011,66718.3,mid,0,0,51.02
3572,M18431,M,301.7,310.6,1691,27.7,105,0,0,0,0,0,0,M,1,8.900000000000034,46840.7,mid,0,0,49.32
3573,L50752,L,301.8,310.6,1451,50.7,108,0,0,0,0,0,0,L,1,8.800000000000011,73565.7,mid,0,0,55.1
3574,L50753,L,301.8,310.6,1452,48.4,110,0,0,0,0,0,0,L,1,8.800000000000011,70276.8,mid,0,0,55.44
3575,L50754,L,301.7,310.6,1406,46.0,112,0,0,0,0,0,0,L,1,8.900000000000034,64676.0,mid,0,0,55.78
3576,L50755,L,301.7,310.5,1567,39.1,114,0,0,0,0,0,0,L,1,8.800000000000011,61269.700000000004,mid,0,0,55.18
3577,L50756,L,301.6,310.4,1599,41.7,116,0,0,0,0,0,0,L,1,8.799999999999955,66678.3,mid,0,0,56.5
3578,M18437,M,301.6,310.4,1455,39.0,118,0,0,0,0,0,0,M,1,8.799999999999955,56745.0,mid,0,0,56.76
3579,M18438,M,301.7,310.5,1625,35.9,121,0,0,0,0,0,0,M,1,8.800000000000011,58337.5,mid,0,0,57.34
3580,L50759,L,301.8,310.6,2672,11.8,124,1,0,0,1,0,0,L,1,8.800000000000011,31529.600000000002,mid,0,1,103.72
3581,L50760,L,301.8,310.6,1650,31.9,126,0,0,0,0,0,0,L,1,8.800000000000011,52635.0,mid,0,0,58.54
3582,M18441,M,301.8,310.6,1459,40.2,128,0,0,0,0,0,0,M,1,8.800000000000011,58651.8,mid,0,0,61.0
3583,L50762,L,301.8,310.6,1395,50.5,131,0,0,0,0,0,0,L,1,8.800000000000011,70447.5,mid,0,0,64.26
3584,L50763,L,301.8,310.7,1751,29.3,133,0,0,0,0,0,0,L,1,8.899999999999977,51304.3,mid,0,0,60.84
3585,L50764,L,301.8,310.6,1192,68.9,135,0,0,0,0,0,0,L,1,8.800000000000011,82128.8,mid,0,0,69.54
3586,L50765,L,301.9,310.7,1947,25.0,137,0,0,0,0,0,0,L,1,8.800000000000011,48675.0,mid,0,0,61.56
3587,L50766,L,301.8,310.5,1593,34.9,139,0,0,0,0,0,0,L,1,8.699999999999989,55595.7,mid,0,0,64.32
3588,H33001,H,301.8,310.5,1478,38.6,141,0,0,0,0,0,0,H,1,8.699999999999989,57050.8,mid,0,0,65.86
3589,M18448,M,301.7,310.6,1505,44.5,146,0,0,0,0,0,0,M,1,8.900000000000034,66972.5,mid,0,0,69.08
3590,L50769,L,301.7,310.5,2465,13.7,149,0,0,0,0,0,0,L,1,8.800000000000011,33770.5,mid,0,0,64.1
3591,L50770,L,301.8,310.6,1403,46.8,151,0,0,0,0,0,0,L,1,8.800000000000011,65660.4,high,0,0,71.52
3592,M18451,M,301.7,310.5,1458,41.4,153,0,0,0,0,0,0,M,1,8.800000000000011,60361.2,high,0,0,71.24
3593,H33006,H,301.6,310.4,1369,45.4,156,0,0,0,0,0,0,H,1,8.799999999999955,62152.6,high,0,0,73.24
3594,M18453,M,301.6,310.4,1377,44.9,161,0,0,0,0,0,0,M,1,8.799999999999955,61827.299999999996,high,0,0,75.14
3595,M18454,M,301.6,310.4,1452,45.7,164,0,0,0,0,0,0,M,1,8.799999999999955,66356.40000000001,high,0,0,76.5
3596,L50775,L,301.6,310.4,1517,41.1,167,0,0,0,0,0,0,L,1,8.799999999999955,62348.700000000004,high,0,0,76.78
3597,L50776,L,301.7,310.5,1354,50.0,169,0,0,0,0,0,0,L,1,8.800000000000011,67700.0,high,0,0,79.36
3598,M18457,M,301.7,310.5,1724,33.0,171,0,0,0,0,0,0,M,1,8.800000000000011,56892.0,high,0,0,76.76
3599,L50778,L,301.7,310.5,1399,53.2,174,0,0,0,0,0,0,L,1,8.800000000000011,74426.8,high,0,0,82.0
3600,H33013,H,301.7,310.5,1388,50.5,176,0,0,0,0,0,0,H,1,8.800000000000011,70094.0,high,0,0,82.26
3601,L50780,L,301.7,310.5,1523,34.7,181,0,0,0,0,0,0,L,1,8.800000000000011,52848.100000000006,high,0,0,81.1
3602,L50781,L,301.7,310.5,1377,43.1,183,0,0,0,0,0,0,L,1,8.800000000000011,59348.700000000004,high,0,0,83.58
3603,M18462,M,301.7,310.6,1417,45.2,185,0,0,0,0,0,0,M,1,8.900000000000034,64048.4,high,0,0,84.82
3604,L50783,L,301.7,310.7,1542,40.0,188,0,0,0,0,0,0,L,1,9.0,61680.0,high,0,0,85.0
3605,L50784,L,301.8,310.8,1557,33.3,190,0,0,0,0,0,0,L,1,9.0,51848.1,high,0,0,84.46
3606,L50785,L,301.7,310.7,1641,31.9,192,0,0,0,0,0,0,L,1,9.0,52347.899999999994,high,0,0,84.98
3607,L50786,L,301.7,310.7,1318,55.0,194,0,0,0,0,0,0,L,1,9.0,72490.0,high,0,0,90.4
3608,L50787,L,301.6,310.7,1638,33.8,196,0,0,0,0,0,0,L,1,9.099999999999966,55364.399999999994,high,0,0,86.98
3609,M18468,M,301.7,310.8,1954,21.6,198,0,0,0,0,0,0,M,1,9.100000000000023,42206.4,high,0,0,85.34
3610,M18469,M,301.7,310.9,1644,32.5,201,0,0,0,0,0,0,M,1,9.199999999999989,53430.0,high,1,0,88.74
3611,M18470,M,301.7,310.8,1594,32.4,204,0,0,0,0,0,0,M,1,9.100000000000023,51645.6,high,1,0,89.9
3612,L50791,L,301.7,310.9,1405,46.4,207,1,1,0,0,0,1,L,1,9.199999999999989,65192.0,high,1,2,143.92
3613,L50792,L,301.7,310.8,1622,37.8,0,0,0,0,0,0,0,L,1,9.100000000000023,61311.6,low,0,0,9.38
3614,L50793,L,301.7,310.9,1557,39.4,2,0,0,0,0,0,0,L,1,9.199999999999989,61345.799999999996,low,0,0,10.52
3615,L50794,L,301.8,311.0,1606,33.3,4,0,0,0,0,0,0,L,1,9.199999999999989,53479.799999999996,low,0,0,10.1
3616,M18475,M,301.8,311.1,1647,31.6,6,0,0,0,0,0,0,M,1,9.300000000000011,52045.200000000004,low,0,0,10.58
3617,M18476,M,301.8,311.1,1413,42.2,9,0,0,0,0,0,0,M,1,9.300000000000011,59628.600000000006,low,0,0,13.9
3618,L50797,L,301.8,311.0,1529,41.6,12,0,0,0,0,0,0,L,1,9.199999999999989,63606.4,low,0,0,14.96
3619,L50798,L,301.9,311.1,1448,46.3,14,0,0,0,0,0,0,L,1,9.200000000000045,67042.4,low,0,0,16.7
3620,L50799,L,301.9,311.2,1435,44.2,16,0,0,0,0,0,0,L,1,9.300000000000011,63427.00000000001,low,0,0,17.1
3621,H33034,H,301.9,311.2,1474,41.8,18,0,0,0,0,0,0,H,1,9.300000000000011,61613.2,low,0,0,17.42
3622,L50801,L,301.9,311.2,1657,29.1,23,0,0,0,0,0,0,L,1,9.300000000000011,48218.700000000004,low,0,0,16.88
3623,L50802,L,302.0,311.3,1509,39.9,25,0,0,0,0,0,0,L,1,9.300000000000011,60209.1,low,0,0,19.84
3624,M18483,M,302.0,311.3,1530,36.4,27,0,0,0,0,0,0,M,1,9.300000000000011,55692.0,low,0,0,19.94
3625,M18484,M,302.0,311.4,1587,35.9,30,0,0,0,0,0,0,M,1,9.399999999999977,56973.299999999996,low,0,0,21.06
3626,M18485,M,302.1,311.4,1467,43.4,33,0,0,0,0,0,0,M,1,9.299999999999955,63667.799999999996,low,0,0,23.74
3627,M18486,M,302.2,311.5,1360,53.0,36,0,0,0,0,0,0,M,1,9.300000000000011,72080.0,low,0,0,26.86
3628,L50807,L,302.2,311.5,1588,30.6,39,0,0,0,0,0,0,L,1,9.300000000000011,48592.8,low,0,0,23.58
3629,L50808,L,302.2,311.4,1609,32.1,41,0,0,0,0,0,0,L,1,9.199999999999989,51648.9,low,0,0,24.66
3630,L50809,L,302.1,311.3,1415,44.1,43,0,0,0,0,0,0,L,1,9.199999999999989,62401.5,low,0,0,27.86
3631,L50810,L,302.0,311.2,1845,27.3,45,0,0,0,0,0,0,L,1,9.199999999999989,50368.5,low,0,0,25.3
3632,M18491,M,302.1,311.4,1419,36.2,47,0,0,0,0,0,0,M,1,9.299999999999955,51367.8,low,0,0,27.9
3633,L50812,L,302.1,311.3,1634,30.6,50,0,0,0,0,0,0,L,1,9.199999999999989,50000.4,low,0,0,27.96
3634,M18493,M,302.2,311.3,1521,40.6,52,0,0,0,0,0,0,M,1,9.100000000000023,61752.6,mid,0,0,30.74
3635,L50814,L,302.2,311.4,1499,37.7,55,0,0,0,0,0,0,L,1,9.199999999999989,56512.3,mid,0,0,31.38
3636,M18495,M,302.1,311.2,1616,35.1,57,0,0,0,0,0,0,M,1,9.099999999999966,56721.600000000006,mid,0,0,31.64
3637,L50816,L,302.2,311.4,1449,46.5,60,0,0,0,0,0,0,L,1,9.199999999999989,67378.5,mid,0,0,35.14
3638,M18497,M,302.2,311.4,1626,31.6,62,0,0,0,0,0,0,M,1,9.199999999999989,51381.600000000006,mid,0,0,32.96
3639,M18498,M,302.3,311.5,1445,44.8,65,0,0,0,0,0,0,M,1,9.199999999999989,64735.99999999999,mid,0,0,36.8
3640,L50819,L,302.4,311.6,1622,35.0,68,0,0,0,0,0,0,L,1,9.200000000000045,56770.0,mid,0,0,36.04
3641,H33054,H,302.4,311.6,1544,39.1,70,0,0,0,0,0,0,H,1,9.200000000000045,60370.4,mid,0,0,37.66
3642,L50821,L,302.3,311.6,1488,41.8,75,0,0,0,0,0,0,L,1,9.300000000000011,62198.399999999994,mid,0,0,40.22
3643,L50822,L,302.3,311.6,1309,57.6,77,0,0,0,0,0,0,L,1,9.300000000000011,75398.40000000001,mid,0,0,44.18
3644,L50823,L,302.3,311.6,1784,26.4,79,0,0,0,0,0,0,L,1,9.300000000000011,47097.6,mid,0,0,38.74
3645,L50824,L,302.2,311.5,1548,32.4,81,0,0,0,0,0,0,L,1,9.300000000000011,50155.2,mid,0,0,40.74
3646,L50825,L,302.2,311.5,1413,43.5,83,0,0,0,0,0,0,L,1,9.300000000000011,61465.5,mid,0,0,43.76
3647,M18506,M,302.2,311.5,1863,25.7,85,0,0,0,0,0,0,M,1,9.300000000000011,47879.1,mid,0,0,41.0
3648,L50827,L,302.2,311.5,1427,43.8,88,0,0,0,0,0,0,L,1,9.300000000000011,62502.6,mid,0,0,45.82
3649,M18508,M,302.2,311.5,1443,47.0,90,0,0,0,0,0,0,M,1,9.300000000000011,67821.0,mid,0,0,47.26
3650,L50829,L,302.2,311.5,1481,40.4,93,0,0,0,0,0,0,L,1,9.300000000000011,59832.4,mid,0,0,47.14
3651,L50830,L,302.1,311.4,1446,39.7,95,0,0,0,0,0,0,L,1,9.299999999999955,57406.200000000004,mid,0,0,47.8
3652,L50831,L,302.1,311.5,1444,44.9,97,0,0,0,0,0,0,L,1,9.399999999999977,64835.6,mid,0,0,49.66
3653,M18512,M,302.1,311.5,1341,50.8,99,0,0,0,0,0,0,M,1,9.399999999999977,68122.8,mid,0,0,51.64
3654,L50833,L,302.1,311.4,1518,37.4,102,0,0,0,0,0,0,L,1,9.299999999999955,56773.2,mid,0,0,50.14
3655,L50834,L,302.1,311.4,1603,35.9,104,0,0,0,0,0,0,L,1,9.299999999999955,57547.7,mid,0,0,50.64
3656,L50835,L,302.1,311.4,1686,30.9,106,0,0,0,0,0,0,L,1,9.299999999999955,52097.399999999994,mid,0,0,50.44
3657,M18516,M,302.1,311.5,1383,53.6,108,0,0,0,0,0,0,M,1,9.399999999999977,74128.8,mid,0,0,55.8
3658,L50837,L,302.1,311.5,1477,45.4,111,0,0,0,0,0,0,L,1,9.399999999999977,67055.8,mid,0,0,55.36
3659,M18518,M,302.2,311.5,1449,44.5,113,0,0,0,0,0,0,M,1,9.300000000000011,64480.5,mid,0,0,55.96
3660,M18519,M,302.2,311.5,1734,25.0,116,0,0,0,0,0,0,M,1,9.300000000000011,43350.0,mid,0,0,53.26
3661,L50840,L,302.3,311.6,1398,49.1,119,0,0,0,0,0,0,L,1,9.300000000000011,68641.8,mid,0,0,59.28
3662,M18521,M,302.3,311.7,1639,36.6,121,0,0,0,0,0,0,M,1,9.399999999999977,59987.4,mid,0,0,57.6
3663,M18522,M,302.3,311.7,1517,37.6,124,0,0,0,0,0,0,M,1,9.399999999999977,57039.200000000004,mid,0,0,59.0
3664,M18523,M,302.3,311.7,1442,41.7,127,0,0,0,0,0,0,M,1,9.399999999999977,60131.4,mid,0,0,61.02
3665,M18524,M,302.3,311.7,1685,30.8,130,0,0,0,0,0,0,M,1,9.399999999999977,51898.0,mid,0,0,60.04
3666,M18525,M,302.4,311.8,1358,50.6,133,0,0,0,0,0,0,M,1,9.400000000000034,68714.8,mid,0,0,65.2
3667,M18526,M,302.3,311.6,1608,39.9,136,0,0,0,0,0,0,M,1,9.300000000000011,64159.2,mid,0,0,64.24
3668,L50847,L,302.3,311.6,1665,34.3,139,0,0,0,0,0,0,L,1,9.300000000000011,57109.49999999999,mid,0,0,64.32
3669,L50848,L,302.3,311.7,1510,38.7,141,0,0,0,0,0,0,L,1,9.399999999999977,58437.00000000001,mid,0,0,66.02
3670,L50849,L,302.4,311.8,1465,40.2,143,0,0,0,0,0,0,L,1,9.400000000000034,58893.00000000001,mid,0,0,67.12
3671,L50850,L,302.3,311.7,1701,27.5,145,0,0,0,0,0,0,L,1,9.399999999999977,46777.5,mid,0,0,65.38
3672,M18531,M,302.3,311.7,1486,39.6,147,0,0,0,0,0,0,M,1,9.399999999999977,58845.6,mid,0,0,68.6
3673,L50852,L,302.3,311.6,1658,32.3,150,0,0,0,0,0,0,L,1,9.300000000000011,53553.399999999994,mid,0,0,68.32
3674,H33087,H,302.3,311.7,1449,44.5,152,0,0,0,0,0,0,H,1,9.399999999999977,64480.5,high,0,0,71.58
3675,L50854,L,302.2,311.5,1346,52.4,157,0,0,0,0,0,0,L,1,9.300000000000011,70530.4,high,0,0,75.14
3676,M18535,M,302.1,311.5,1866,23.1,159,0,0,0,0,0,0,M,1,9.399999999999977,43104.600000000006,high,0,0,70.1
3677,M18536,M,302.2,311.5,1562,38.0,162,0,0,0,0,0,0,M,1,9.300000000000011,59356.0,high,0,0,74.26
3678,M18537,M,302.3,311.7,1368,53.6,165,0,0,0,0,0,0,M,1,9.399999999999977,73324.8,high,0,0,78.6
3679,L50858,L,302.2,311.5,1567,33.1,168,0,0,0,0,0,0,L,1,9.300000000000011,51867.700000000004,high,0,0,75.68
3680,L50859,L,302.2,311.5,1725,34.0,170,0,0,0,0,0,0,L,1,9.300000000000011,58650.0,high,0,0,76.66
3681,L50860,L,302.2,311.5,1744,31.2,172,0,0,0,0,0,0,L,1,9.300000000000011,54412.799999999996,high,0,0,76.9
3682,M18541,M,302.1,311.3,1453,45.1,174,0,0,0,0,0,0,M,1,9.199999999999989,65530.3,high,0,0,80.46
3683,L50862,L,302.1,311.2,1550,34.8,177,0,0,0,0,0,0,L,1,9.099999999999966,53939.99999999999,high,0,0,79.58
3684,M18543,M,302.0,311.2,1558,39.1,179,0,0,0,0,0,0,M,1,9.199999999999989,60917.8,high,0,0,81.26
3685,L50864,L,302.0,311.2,1270,65.3,182,1,0,0,0,1,0,L,1,9.199999999999989,82931.0,high,0,1,137.7
3686,M18545,M,301.9,311.1,1380,51.6,184,0,0,0,0,0,0,M,1,9.200000000000045,71208.0,high,0,0,85.76
3687,L50866,L,302.0,311.1,1406,50.5,187,0,0,0,0,0,0,L,1,9.100000000000023,71003.0,high,0,0,86.72
3688,M18547,M,302.0,311.2,1625,30.7,189,0,0,0,0,0,0,M,1,9.199999999999989,49887.5,high,0,0,83.58
3689,L50868,L,302.0,311.2,1420,45.8,192,0,0,0,0,0,0,L,1,9.199999999999989,65035.99999999999,high,0,0,87.8
3690,L50869,L,302.1,311.4,1889,22.7,194,0,0,0,0,0,0,L,1,9.299999999999955,42880.299999999996,high,0,0,84.0
3691,L50870,L,302.1,311.3,1477,43.6,196,0,0,0,0,0,0,L,1,9.199999999999989,64397.200000000004,high,0,0,88.96
3692,L50871,L,302.1,311.2,1460,46.9,198,0,0,0,0,0,0,L,1,9.099999999999966,68474.0,high,0,0,90.4
3693,L50872,L,302.1,311.3,1758,24.4,200,0,0,0,0,0,0,L,1,9.199999999999989,42895.2,high,1,0,86.72
3694,L50873,L,302.1,311.3,1521,31.5,202,0,0,0,0,0,0,L,1,9.199999999999989,47911.5,high,1,0,88.94
3695,M18554,M,302.1,311.3,1511,45.0,204,0,0,0,0,0,0,M,1,9.199999999999989,67995.0,high,1,0,92.44
3696,L50875,L,302.2,311.3,1530,37.3,207,1,1,0,0,0,0,L,1,9.100000000000023,57068.99999999999,high,1,1,142.08
3697,L50876,L,302.1,311.2,1454,46.8,0,0,0,0,0,0,0,L,1,9.099999999999966,68047.2,low,0,0,11.18
3698,L50877,L,302.2,311.2,1928,23.1,2,0,0,0,0,0,0,L,1,9.0,44536.8,low,0,0,7.22
3699,H33112,H,302.2,311.3,1758,26.4,4,0,0,0,0,0,0,H,1,9.100000000000023,46411.2,low,0,0,8.7
3700,L50879,L,302.2,311.2,1649,33.2,9,0,0,0,0,0,0,L,1,9.0,54746.8,low,0,0,12.04
3701,L50880,L,302.1,311.2,1447,50.3,11,0,0,0,0,0,0,L,1,9.099999999999966,72784.09999999999,low,0,0,16.28
3702,L50881,L,302.1,311.2,1417,48.0,13,0,0,0,0,0,0,L,1,9.099999999999966,68016.0,low,0,0,16.62
3703,L50882,L,302.0,311.2,1434,44.9,15,0,0,0,0,0,0,L,1,9.199999999999989,64386.6,low,0,0,16.82
3704,M18563,M,302.0,311.2,1418,49.5,17,0,0,0,0,0,0,M,1,9.199999999999989,70191.0,low,0,0,18.54
3705,M18564,M,302.0,311.2,1400,49.5,20,0,0,0,0,0,0,M,1,9.199999999999989,69300.0,low,0,0,19.74
3706,M18565,M,302.0,311.3,1725,27.7,23,0,0,0,0,0,0,M,1,9.300000000000011,47782.5,low,0,0,16.6
3707,L50886,L,302.0,311.3,1567,41.1,26,0,0,0,0,0,0,L,1,9.300000000000011,64403.700000000004,low,0,0,20.48
3708,M18567,M,302.1,311.3,1497,38.4,28,0,0,0,0,0,0,M,1,9.199999999999989,57484.799999999996,low,0,0,20.72
3709,L50888,L,302.1,311.4,1549,44.6,31,0,0,0,0,0,0,L,1,9.299999999999955,69085.40000000001,low,0,0,23.18
3710,L50889,L,302.2,311.4,1754,26.9,33,0,0,0,0,0,0,L,1,9.199999999999989,47182.6,low,0,0,20.42
3711,L50890,L,302.2,311.5,1489,38.3,35,0,0,0,0,0,0,L,1,9.300000000000011,57028.7,low,0,0,23.52
3712,L50891,L,302.2,311.5,1543,38.5,37,0,0,0,0,0,0,L,1,9.300000000000011,59405.5,low,0,0,24.36
3713,L50892,L,302.3,311.5,1543,33.1,39,0,0,0,0,0,0,L,1,9.199999999999989,51073.3,low,0,0,24.06
3714,L50893,L,302.3,311.5,1565,35.6,41,0,0,0,0,0,0,L,1,9.199999999999989,55714.0,low,0,0,25.36
3715,M18574,M,302.3,311.4,1855,23.9,43,0,0,0,0,0,0,M,1,9.099999999999966,44334.5,low,0,0,23.8
3716,M18575,M,302.4,311.4,1475,45.2,46,0,0,0,0,0,0,M,1,9.0,66670.0,low,0,0,29.24
3717,L50896,L,302.3,311.4,1609,32.3,49,0,0,0,0,0,0,L,1,9.099999999999966,51970.7,low,0,0,27.88
3718,H33131,H,302.3,311.4,1443,44.1,51,0,0,0,0,0,0,H,1,9.099999999999966,63636.3,mid,0,0,31.04
3719,L50898,L,302.4,311.4,1450,44.1,56,0,0,0,0,0,0,L,1,9.0,63945.0,mid,0,0,33.02
3720,L50899,L,302.4,311.5,1590,39.9,58,0,0,0,0,0,0,L,1,9.100000000000023,63441.0,mid,0,0,33.0
3721,M18580,M,302.4,311.4,1508,41.2,60,0,0,0,0,0,0,M,1,9.0,62129.600000000006,mid,0,0,34.04
3722,M18581,M,302.2,311.2,1544,43.6,63,0,0,0,0,0,0,M,1,9.0,67318.40000000001,mid,0,0,35.72
3723,L50902,L,302.2,311.2,1451,41.8,66,0,0,0,0,0,0,L,1,9.0,60651.799999999996,mid,0,0,36.56
3724,L50903,L,302.3,311.2,1758,24.4,68,0,0,0,0,0,0,L,1,8.899999999999977,42895.2,mid,0,0,33.86
3725,M18584,M,302.3,311.2,1507,47.7,70,0,0,0,0,0,0,M,1,8.899999999999977,71883.90000000001,mid,0,0,39.32
3726,H33139,H,302.3,311.1,1543,37.5,73,0,0,0,0,0,0,H,1,8.800000000000011,57862.5,mid,0,0,38.46
3727,M18586,M,302.3,311.2,1505,36.7,78,0,0,0,0,0,0,M,1,8.899999999999977,55233.50000000001,mid,0,0,40.32
3728,L50907,L,302.3,311.2,1786,24.3,81,0,0,0,0,0,0,L,1,8.899999999999977,43399.8,mid,0,0,39.04
3729,L50908,L,302.3,311.3,1457,44.5,83,0,0,0,0,0,0,L,1,9.0,64836.5,mid,0,0,43.9
3730,M18589,M,302.4,311.3,1312,61.5,85,0,0,0,0,0,0,M,1,8.900000000000034,80688.0,mid,0,0,48.08
3731,M18590,M,302.3,311.2,1405,47.7,88,0,0,0,0,0,0,M,1,8.899999999999977,67018.5,mid,0,0,46.52
3732,M18591,M,302.2,311.2,1377,43.0,91,0,0,0,0,0,0,M,1,9.0,59211.0,mid,0,0,46.8
3733,M18592,M,302.2,311.2,1347,49.8,94,0,0,0,0,0,0,M,1,9.0,67080.59999999999,mid,0,0,49.36
3734,L50913,L,302.2,311.1,1470,39.6,97,0,0,0,0,0,0,L,1,8.900000000000034,58212.0,mid,0,0,48.5
3735,M18594,M,302.2,311.2,1873,24.0,99,0,0,0,0,0,0,M,1,9.0,44952.0,mid,0,0,46.2
3736,M18595,M,302.2,311.1,1434,58.6,102,0,0,0,0,0,0,M,1,8.900000000000034,84032.40000000001,mid,0,0,54.3
3737,H33150,H,302.2,311.1,1628,30.6,105,0,0,0,0,0,0,H,1,8.900000000000034,49816.8,mid,0,0,49.9
3738,L50917,L,302.2,311.1,1351,48.6,110,0,0,0,0,0,0,L,1,8.900000000000034,65658.6,mid,0,0,55.5
3739,M18598,M,302.3,311.2,1454,43.8,112,0,0,0,0,0,0,M,1,8.899999999999977,63685.2,mid,0,0,55.34
3740,M18599,M,302.2,311.2,1663,29.6,115,0,0,0,0,0,0,M,1,9.0,49224.8,mid,0,0,53.72
3741,L50920,L,302.3,311.2,1401,49.7,118,0,0,0,0,0,0,L,1,8.899999999999977,69629.7,mid,0,0,58.92
3742,L50921,L,302.4,311.3,1503,38.2,120,0,0,0,0,0,0,L,1,8.900000000000034,57414.600000000006,mid,0,0,57.42
3743,L50922,L,302.4,311.4,1564,35.0,122,0,0,0,0,0,0,L,1,9.0,54740.0,mid,0,0,57.6
3744,L50923,L,302.5,311.4,1759,24.6,124,0,0,0,0,0,0,L,1,8.899999999999977,43271.4,mid,0,0,56.3
3745,L50924,L,302.5,311.4,1409,53.1,126,0,0,0,0,0,0,L,1,8.899999999999977,74817.90000000001,mid,0,0,62.8
3746,L50925,L,302.6,311.4,1738,25.8,128,0,0,0,0,0,0,L,1,8.799999999999955,44840.4,mid,0,0,58.12
3747,H33160,H,302.5,311.3,1393,47.5,130,0,0,0,0,0,0,H,1,8.800000000000011,66167.5,mid,0,0,63.26
3748,L50927,L,302.5,311.1,1499,38.8,135,0,0,0,0,0,0,L,1,8.600000000000023,58161.2,mid,0,0,63.48
3749,L50928,L,302.5,311.1,1493,39.0,137,0,0,0,0,0,0,L,1,8.600000000000023,58227.0,mid,0,0,64.32
3750,L50929,L,302.4,311.1,1652,33.9,139,0,0,0,0,0,0,L,1,8.700000000000045,56002.799999999996,mid,0,0,64.12
3751,L50930,L,302.3,311.1,1589,29.9,141,0,0,0,0,0,0,L,1,8.800000000000011,47511.1,mid,0,0,64.14
3752,L50931,L,302.4,311.1,1520,42.2,143,0,0,0,0,0,0,L,1,8.700000000000045,64144.00000000001,mid,0,0,67.38
3753,H33166,H,302.3,311.1,1455,40.3,145,0,0,0,0,0,0,H,1,8.800000000000011,58636.49999999999,mid,0,0,67.82
3754,L50933,L,302.2,311.0,1463,46.8,150,0,0,0,0,0,0,L,1,8.800000000000011,68468.4,mid,0,0,71.12
3755,L50934,L,302.3,311.0,1442,43.7,152,0,0,0,0,0,0,L,1,8.699999999999989,63015.4,high,0,0,71.28
3756,L50935,L,302.3,311.0,1329,51.5,154,0,0,0,0,0,0,L,1,8.699999999999989,68443.5,high,0,0,73.64
3757,L50936,L,302.3,311.1,1546,33.1,156,0,0,0,0,0,0,L,1,8.800000000000011,51172.600000000006,high,0,0,70.78
3758,M18617,M,302.2,311.1,1516,33.7,158,0,0,0,0,0,0,M,1,8.900000000000034,51089.200000000004,high,0,0,71.72
3759,M18618,M,302.2,311.0,1476,47.4,161,0,0,0,0,0,0,M,1,8.800000000000011,69962.4,high,0,0,75.64
3760,L50939,L,302.3,311.0,1412,47.0,164,0,0,0,0,0,0,L,1,8.699999999999989,66364.0,high,0,0,76.74
3761,L50940,L,302.3,310.9,1377,46.8,166,1,0,1,0,0,0,L,1,8.599999999999966,64443.6,high,0,1,127.48
3762,M18621,M,302.4,311.0,1490,37.1,168,0,0,0,0,0,0,M,1,8.600000000000023,55279.0,high,0,0,76.34
3763,M18622,M,302.3,311.0,1526,37.7,171,0,0,0,0,0,0,M,1,8.699999999999989,57530.200000000004,high,0,0,77.68
3764,L50943,L,302.3,311.0,1428,47.9,174,0,0,0,0,0,0,L,1,8.699999999999989,68401.2,high,0,0,80.92
3765,L50944,L,302.4,311.0,1329,54.6,176,0,0,0,0,0,0,L,1,8.600000000000023,72563.40000000001,high,0,0,83.04
3766,M18625,M,302.4,311.1,1443,51.8,178,0,0,0,0,0,0,M,1,8.700000000000045,74747.4,high,0,0,83.3
3767,L50946,L,302.3,311.1,1373,53.0,181,0,0,0,0,0,0,L,1,8.800000000000011,72769.0,high,0,0,84.76
3768,L50947,L,302.3,311.1,1630,35.6,183,0,0,0,0,0,0,L,1,8.800000000000011,58028.0,high,0,0,82.08
3769,L50948,L,302.2,311.0,1555,34.2,185,0,0,0,0,0,0,L,1,8.800000000000011,53181.00000000001,high,0,0,82.6
3770,M18629,M,302.2,311.0,1436,47.0,187,0,0,0,0,0,0,M,1,8.800000000000011,67492.0,high,0,0,85.96
3771,L50950,L,302.3,311.0,1609,31.0,190,0,0,0,0,0,0,L,1,8.699999999999989,49879.0,high,0,0,83.94
3772,M18631,M,302.3,311.0,1384,49.7,192,0,0,0,0,0,0,M,1,8.699999999999989,68784.8,high,0,0,88.48
3773,L50952,L,302.4,311.1,1448,44.8,195,0,0,0,0,0,0,L,1,8.700000000000045,64870.399999999994,high,0,0,88.7
3774,M18633,M,302.4,311.1,1887,22.4,197,0,0,0,0,0,0,M,1,8.700000000000045,42268.799999999996,high,0,0,85.02
3775,M18634,M,302.4,311.1,1480,45.7,200,0,0,0,0,0,0,M,1,8.700000000000045,67636.0,high,1,0,90.88
3776,H33189,H,302.5,311.1,1850,23.3,203,0,0,0,0,0,0,H,1,8.600000000000023,43105.0,high,1,0,87.58
3777,L50956,L,302.5,311.1,1538,36.8,208,0,0,0,0,0,0,L,1,8.600000000000023,56598.399999999994,high,1,0,92.28
3778,M18637,M,302.4,311.1,1721,30.1,210,0,0,0,0,0,0,M,1,8.700000000000045,51802.100000000006,high,1,0,91.76
3779,M18638,M,302.4,311.1,1366,54.4,0,0,0,0,0,0,0,M,1,8.700000000000045,74310.4,low,0,0,12.62
3780,L50959,L,302.3,311.0,1657,31.1,3,0,0,0,0,0,0,L,1,8.699999999999989,51532.700000000004,low,0,0,9.16
3781,L50960,L,302.4,311.1,1446,42.9,5,0,0,0,0,0,0,L,1,8.700000000000045,62033.4,low,0,0,12.32
3782,L50961,L,302.3,310.8,1465,43.8,7,0,0,0,0,0,0,L,1,8.5,64166.99999999999,low,0,0,13.26
3783,L50962,L,302.2,310.8,1827,23.8,9,0,0,0,0,0,0,L,1,8.600000000000023,43482.6,low,0,0,10.08
3784,H33197,H,302.2,310.8,1397,47.6,11,0,0,0,0,0,0,H,1,8.600000000000023,66497.2,low,0,0,15.64
3785,L50964,L,302.2,310.8,1744,29.7,16,0,0,0,0,0,0,L,1,8.600000000000023,51796.799999999996,low,0,0,14.06
3786,L50965,L,302.3,310.9,1545,36.7,18,0,0,0,0,0,0,L,1,8.599999999999966,56701.50000000001,low,0,0,16.26
3787,L50966,L,302.3,310.9,1587,36.6,20,0,0,0,0,0,0,L,1,8.599999999999966,58084.200000000004,low,0,0,17.04
3788,L50967,L,302.3,310.8,1377,47.3,22,1,0,1,0,0,0,L,1,8.5,65132.1,low,0,1,69.96
3789,L50968,L,302.3,310.8,1511,48.1,24,0,0,0,0,0,0,L,1,8.5,72679.1,low,0,0,20.92
3790,L50969,L,302.3,310.8,1650,32.4,26,0,0,0,0,0,0,L,1,8.5,53460.0,low,0,0,18.58
3791,L50970,L,302.3,310.9,1412,48.9,28,0,0,0,0,0,0,L,1,8.599999999999966,69046.8,low,0,0,22.7
3792,L50971,L,302.3,311.0,1528,43.1,30,0,0,0,0,0,0,L,1,8.699999999999989,65856.8,low,0,0,22.36
3793,L50972,L,302.3,310.9,1459,35.0,32,0,0,0,0,0,0,L,1,8.599999999999966,51065.0,low,0,0,21.52
3794,L50973,L,302.3,310.9,1379,49.3,34,1,0,1,0,0,0,L,1,8.599999999999966,67984.7,low,0,1,75.18
3795,M18654,M,302.2,310.8,1356,48.3,36,0,0,0,0,0,0,M,1,8.600000000000023,65494.799999999996,low,0,0,25.78
3796,M18655,M,302.1,310.8,1409,41.3,39,0,0,0,0,0,0,M,1,8.699999999999989,58191.7,low,0,0,25.6
3797,M18656,M,302.1,310.8,1504,37.5,42,0,0,0,0,0,0,M,1,8.699999999999989,56400.0,low,0,0,26.04
3798,L50977,L,302.1,310.8,1622,36.8,45,0,0,0,0,0,0,L,1,8.699999999999989,59689.6,low,0,0,27.1
3799,L50978,L,302.1,310.8,1786,25.7,47,0,0,0,0,0,0,L,1,8.699999999999989,45900.2,low,0,0,25.68
3800,L50979,L,302.2,310.9,1506,34.0,49,0,0,0,0,0,0,L,1,8.699999999999989,51204.0,low,0,0,28.14
3801,M18660,M,302.1,310.9,1916,23.1,51,0,0,0,0,0,0,M,1,8.799999999999955,44259.600000000006,mid,0,0,26.78
3802,M18661,M,302.2,310.9,1771,27.6,54,0,0,0,0,0,0,M,1,8.699999999999989,48879.600000000006,mid,0,0,28.86
3803,M18662,M,302.2,310.9,1488,44.2,57,0,0,0,0,0,0,M,1,8.699999999999989,65769.6,mid,0,0,33.38
3804,L50983,L,302.2,310.9,1531,37.5,60,0,0,0,0,0,0,L,1,8.699999999999989,57412.5,mid,0,0,33.24
3805,L50984,L,302.3,310.9,1529,33.4,62,0,0,0,0,0,0,L,1,8.599999999999966,51068.6,mid,0,0,33.2
3806,M18665,M,302.4,311.0,1580,36.5,64,0,0,0,0,0,0,M,1,8.600000000000023,57670.0,mid,0,0,34.62
3807,M18666,M,302.3,310.9,1360,44.0,67,1,0,1,0,0,0,M,1,8.599999999999966,59840.0,mid,0,1,87.32
3808,M18667,M,302.3,311.0,1546,35.5,70,0,0,0,0,0,0,M,1,8.699999999999989,54883.0,mid,0,0,36.84
3809,M18668,M,302.3,310.9,1762,24.5,73,0,0,0,0,0,0,M,1,8.599999999999966,43169.0,mid,0,0,35.82
3810,L50989,L,302.2,310.8,1350,56.6,76,0,0,0,0,0,0,L,1,8.600000000000023,76410.0,mid,0,0,43.44
3811,M18670,M,302.2,310.8,1562,38.1,78,0,0,0,0,0,0,M,1,8.600000000000023,59512.200000000004,mid,0,0,40.54
3812,M18671,M,302.1,310.7,1608,30.3,81,0,0,0,0,0,0,M,1,8.599999999999966,48722.4,mid,0,0,40.18
3813,L50992,L,302.0,310.6,1392,50.0,84,0,0,0,0,0,0,L,1,8.600000000000023,69600.0,mid,0,0,45.32
3814,L50993,L,302.0,310.6,1467,44.9,86,0,0,0,0,0,0,L,1,8.600000000000023,65868.3,mid,0,0,45.1
3815,M18674,M,302.1,310.6,1326,59.1,88,1,0,1,0,0,0,M,1,8.5,78366.6,mid,0,1,98.72
3816,L50995,L,302.2,310.7,1769,24.9,91,0,0,0,0,0,0,L,1,8.5,44048.1,mid,0,0,43.08
3817,L50996,L,302.1,310.6,1459,47.6,93,0,0,0,0,0,0,L,1,8.5,69448.40000000001,mid,0,0,48.42
3818,M18677,M,302.1,310.6,1421,52.0,95,0,0,0,0,0,0,M,1,8.5,73892.0,mid,0,0,50.1
3819,L50998,L,302.1,310.7,1491,42.8,98,0,0,0,0,0,0,L,1,8.599999999999966,63814.799999999996,mid,0,0,49.48
3820,L50999,L,302.2,310.7,1567,36.4,100,0,0,0,0,0,0,L,1,8.5,57038.799999999996,mid,0,0,48.98
3821,L51000,L,302.3,310.8,1421,41.4,102,0,0,0,0,0,0,L,1,8.5,58829.4,mid,0,0,50.78
3822,L51001,L,302.3,310.9,1596,33.5,104,0,0,0,0,0,0,L,1,8.599999999999966,53466.0,mid,0,0,50.02
3823,M18682,M,302.4,311.0,1464,44.2,106,0,0,0,0,0,0,M,1,8.600000000000023,64708.8,mid,0,0,52.96
3824,M18683,M,302.3,310.9,1581,36.1,109,0,0,0,0,0,0,M,1,8.599999999999966,57074.100000000006,mid,0,0,52.54
3825,L51004,L,302.3,310.9,1620,30.3,112,0,0,0,0,0,0,L,1,8.599999999999966,49086.0,mid,0,0,52.58
3826,H33239,H,302.2,310.7,1413,48.9,114,0,0,0,0,0,0,H,1,8.5,69095.7,mid,0,0,57.08
3827,H33240,H,302.3,310.8,1438,43.8,119,0,0,0,0,0,0,H,1,8.5,62984.399999999994,mid,0,0,58.06
3828,M18687,M,302.4,310.9,1469,41.6,124,0,0,0,0,0,0,M,1,8.5,61110.4,mid,0,0,59.62
3829,M18688,M,302.3,310.8,1762,27.8,127,0,0,0,0,0,0,M,1,8.5,48983.6,mid,0,0,58.06
3830,H33243,H,302.3,310.9,1366,48.4,130,1,0,1,0,0,0,H,1,8.599999999999966,66114.4,mid,0,1,113.4
3831,L51010,L,302.3,310.9,1891,22.7,135,0,0,0,0,0,0,L,1,8.599999999999966,42925.7,mid,0,0,60.26
3832,M18691,M,302.3,310.9,1742,29.7,137,0,0,0,0,0,0,M,1,8.599999999999966,51737.4,mid,0,0,62.46
3833,M18692,M,302.2,310.9,1465,43.5,140,0,0,0,0,0,0,M,1,8.699999999999989,63727.5,mid,0,0,66.44
3834,M18693,M,302.3,311.0,1541,36.6,143,0,0,0,0,0,0,M,1,8.699999999999989,56400.600000000006,mid,0,0,66.26
3835,M18694,M,302.3,311.1,1295,57.1,146,0,0,0,0,0,0,M,1,8.800000000000011,73944.5,mid,0,0,71.58
3836,M18695,M,302.3,311.1,1435,43.1,149,0,0,0,0,0,0,M,1,8.800000000000011,61848.5,mid,0,0,69.98
3837,L51016,L,302.4,311.2,1466,43.9,152,0,0,0,0,0,0,L,1,8.800000000000011,64357.4,high,0,0,71.34
3838,L51017,L,302.4,311.2,1450,47.9,154,0,0,0,0,0,0,L,1,8.800000000000011,69455.0,high,0,0,72.94
3839,L51018,L,302.4,311.1,1880,24.5,156,0,0,0,0,0,0,L,1,8.700000000000045,46060.0,high,0,0,69.04
3840,M18699,M,302.3,311.0,1578,33.5,158,0,0,0,0,0,0,M,1,8.699999999999989,52863.0,high,0,0,71.64
3841,L51020,L,302.4,311.0,1610,33.1,161,0,0,0,0,0,0,L,1,8.600000000000023,53291.0,high,0,0,72.74
3842,L51021,L,302.4,311.1,1565,42.8,163,0,0,0,0,0,0,L,1,8.700000000000045,66982.0,high,0,0,75.5
3843,L51022,L,302.5,311.2,1545,40.1,165,0,0,0,0,0,0,L,1,8.699999999999989,61954.5,high,0,0,75.76
3844,L51023,L,302.5,311.2,1227,60.1,167,0,0,0,0,0,0,L,1,8.699999999999989,73742.7,high,0,0,80.56
3845,L51024,L,302.4,311.1,1484,45.9,169,0,0,0,0,0,0,L,1,8.700000000000045,68115.59999999999,high,0,0,78.52
3846,L51025,L,302.3,311.0,1591,32.7,171,0,0,0,0,0,0,L,1,8.699999999999989,52025.700000000004,high,0,0,76.68
3847,L51026,L,302.3,310.9,1403,47.2,173,0,0,0,0,0,0,L,1,8.599999999999966,66221.6,high,0,0,80.36
3848,M18707,M,302.3,311.0,1450,45.7,175,0,0,0,0,0,0,M,1,8.699999999999989,66265.0,high,0,0,80.88
3849,L51028,L,302.3,310.9,1720,28.1,178,0,0,0,0,0,0,L,1,8.599999999999966,48332.0,high,0,0,78.54
3850,L51029,L,302.3,311.0,1561,37.2,180,0,0,0,0,0,0,L,1,8.699999999999989,58069.200000000004,high,0,0,81.18
3851,M18710,M,302.3,311.0,1421,41.3,182,0,0,0,0,0,0,M,1,8.699999999999989,58687.299999999996,high,0,0,82.8
3852,H33265,H,302.2,310.9,1415,48.4,185,0,0,0,0,0,0,H,1,8.699999999999989,68486.0,high,0,0,85.42
3853,L51032,L,302.3,310.9,2034,19.7,190,0,0,0,0,0,0,L,1,8.599999999999966,40069.799999999996,high,0,0,81.66
3854,L51033,L,302.4,311.0,1486,40.4,192,0,0,0,0,0,0,L,1,8.600000000000023,60034.4,high,0,0,86.6
3855,L51034,L,302.4,311.0,1338,67.6,194,1,0,0,1,1,0,L,1,8.600000000000023,90448.79999999999,high,0,2,142.84
3856,H33269,H,302.4,311.1,1578,32.3,196,0,0,0,0,0,0,H,1,8.700000000000045,50969.399999999994,high,0,0,86.6
3857,M18716,M,302.4,311.2,1330,58.6,201,0,0,0,0,0,0,M,1,8.800000000000011,77938.0,high,1,0,93.88
3858,H33271,H,302.4,311.2,1506,40.8,204,0,0,0,0,0,0,H,1,8.800000000000011,61444.799999999996,high,1,0,91.52
3859,L51038,L,302.5,311.4,1559,37.6,209,0,0,0,0,0,0,L,1,8.899999999999977,58618.4,high,1,0,92.9
3860,L51039,L,302.6,311.5,1599,37.0,211,0,0,0,0,0,0,L,1,8.899999999999977,59163.0,high,1,0,93.58
3861,L51040,L,302.6,311.5,1427,38.9,213,0,0,0,0,0,0,L,1,8.899999999999977,55510.299999999996,high,1,0,94.76
3862,M18721,M,302.5,311.5,1481,41.1,215,0,0,0,0,0,0,M,1,9.0,60869.1,high,1,0,96.02
3863,H33276,H,302.5,311.5,1496,43.8,218,0,0,0,0,0,0,H,1,9.0,65524.799999999996,high,1,0,97.76
3864,L51043,L,302.5,311.4,1674,27.0,223,0,0,0,0,0,0,L,1,8.899999999999977,45198.0,high,1,0,96.38
3865,M18724,M,302.5,311.4,1629,31.7,225,0,0,0,0,0,0,M,1,8.899999999999977,51639.299999999996,high,1,0,98.12
3866,H33279,H,302.6,311.5,1629,34.4,228,1,1,0,0,0,0,H,1,8.899999999999977,56037.6,high,1,1,149.86
3867,L51046,L,302.6,311.6,1311,53.2,0,0,0,0,0,0,0,L,1,9.0,69745.2,low,0,0,12.44
3868,M18727,M,302.7,311.6,2709,9.7,2,1,0,0,1,0,0,M,1,8.900000000000034,26277.3,low,0,1,54.52
3869,M18728,M,302.7,311.7,1759,29.9,5,0,0,0,0,0,0,M,1,9.0,52594.1,low,0,0,9.78
3870,L51049,L,302.7,311.7,1480,45.2,8,0,0,0,0,0,0,L,1,9.0,66896.0,low,0,0,14.04
3871,L51050,L,302.7,311.8,1461,46.1,10,0,0,0,0,0,0,L,1,9.100000000000023,67352.1,low,0,0,15.04
3872,M18731,M,302.7,311.8,1728,30.0,12,0,0,0,0,0,0,M,1,9.100000000000023,51840.0,low,0,0,12.62
3873,L51052,L,302.7,311.9,1389,46.5,15,0,0,0,0,0,0,L,1,9.199999999999989,64588.5,low,0,0,17.14
3874,L51053,L,302.6,311.8,1638,35.1,17,0,0,0,0,0,0,L,1,9.199999999999989,57493.8,low,0,0,15.66
3875,L51054,L,302.6,311.7,1254,54.1,19,0,0,0,0,0,0,L,1,9.099999999999966,67841.40000000001,low,0,0,20.24
3876,L51055,L,302.6,311.8,1427,50.1,21,0,0,0,0,0,0,L,1,9.199999999999989,71492.7,low,0,0,20.26
3877,L51056,L,302.6,311.8,1627,31.8,23,0,0,0,0,0,0,L,1,9.199999999999989,51738.6,low,0,0,17.4
3878,H33291,H,302.6,311.7,1471,48.3,25,0,0,0,0,0,0,H,1,9.099999999999966,71049.3,low,0,0,21.48
3879,L51058,L,302.6,311.7,1773,27.1,30,0,0,0,0,0,0,L,1,9.099999999999966,48048.3,low,0,0,19.24
3880,M18739,M,302.6,311.7,1430,51.7,32,0,0,0,0,0,0,M,1,9.099999999999966,73931.0,low,0,0,24.96
3881,L51060,L,302.5,311.6,1595,29.5,35,0,0,0,0,0,0,L,1,9.100000000000023,47052.5,low,0,0,21.72
3882,L51061,L,302.5,311.5,1521,44.1,37,0,0,0,0,0,0,L,1,9.0,67076.1,low,0,0,25.42
3883,L51062,L,302.5,311.6,1419,43.7,39,0,0,0,0,0,0,L,1,9.100000000000023,62010.3,low,0,0,26.16
3884,M18743,M,302.4,311.4,1534,40.1,41,0,0,0,0,0,0,M,1,9.0,61513.4,low,0,0,26.22
3885,H33298,H,302.5,311.5,1626,36.0,44,0,0,0,0,0,0,H,1,9.0,58536.0,low,0,0,26.6
3886,L51065,L,302.5,311.5,1677,29.2,49,0,0,0,0,0,0,L,1,9.0,48968.4,low,0,0,27.24
3887,L51066,L,302.4,311.3,1392,50.5,51,0,0,0,0,0,0,L,1,8.900000000000034,70296.0,mid,0,0,32.28
3888,L51067,L,302.4,311.2,1448,50.5,53,0,0,0,0,0,0,L,1,8.800000000000011,73124.0,mid,0,0,33.06
3889,L51068,L,302.3,311.2,1903,22.9,55,0,0,0,0,0,0,L,1,8.899999999999977,43578.7,mid,0,0,28.36
3890,L51069,L,302.4,311.2,1404,52.0,57,0,0,0,0,0,0,L,1,8.800000000000011,73008.0,mid,0,0,34.96
3891,L51070,L,302.3,311.2,1386,53.5,59,0,0,0,0,0,0,L,1,8.899999999999977,74151.0,mid,0,0,36.08
3892,L51071,L,302.2,311.1,1418,47.0,61,0,0,0,0,0,0,L,1,8.900000000000034,66646.0,mid,0,0,35.58
3893,M18752,M,302.3,311.1,1338,53.3,63,0,0,0,0,0,0,M,1,8.800000000000011,71315.4,mid,0,0,37.62
3894,L51073,L,302.3,311.2,1549,40.6,66,0,0,0,0,0,0,L,1,8.899999999999977,62889.4,mid,0,0,36.3
3895,M18754,M,302.3,311.2,1432,42.7,68,0,0,0,0,0,0,M,1,8.899999999999977,61146.4,mid,0,0,37.52
3896,M18755,M,302.3,311.2,1546,40.0,71,0,0,0,0,0,0,M,1,8.899999999999977,61840.0,mid,0,0,38.18
3897,M18756,M,302.2,311.2,1627,33.2,74,0,0,0,0,0,0,M,1,9.0,54016.4,mid,0,0,38.04
3898,M18757,M,302.2,311.1,1640,32.8,77,0,0,0,0,0,0,M,1,8.900000000000034,53791.99999999999,mid,0,0,39.14
3899,M18758,M,302.1,311.1,1423,36.8,80,0,0,0,0,0,0,M,1,9.0,52366.399999999994,mid,0,0,41.16
3900,M18759,M,302.1,311.0,1711,28.7,83,0,0,0,0,0,0,M,1,8.899999999999977,49105.7,mid,0,0,40.72
3901,M18760,M,302.1,311.1,1450,51.6,86,0,0,0,0,0,0,M,1,9.0,74820.0,mid,0,0,46.52
3902,H33315,H,302.2,311.1,1553,34.1,89,0,0,0,0,0,0,H,1,8.900000000000034,52957.3,mid,0,0,44.2
3903,L51082,L,302.2,311.1,1630,34.6,94,0,0,0,0,0,0,L,1,8.900000000000034,56398.0,mid,0,0,46.3
3904,H33317,H,302.2,311.1,1476,39.6,96,0,0,0,0,0,0,H,1,8.900000000000034,58449.6,mid,0,0,48.1
3905,H33318,H,302.2,311.1,1426,50.6,101,0,0,0,0,0,0,H,1,8.900000000000034,72155.6,mid,0,0,52.3
3906,M18765,M,302.2,311.2,1561,34.9,106,0,0,0,0,0,0,M,1,9.0,54478.899999999994,mid,0,0,51.18
3907,L51086,L,302.3,311.2,1297,62.5,109,0,0,0,0,0,0,L,1,8.899999999999977,81062.5,mid,0,0,57.88
3908,M18767,M,302.3,311.2,1842,23.9,111,0,0,0,0,0,0,M,1,8.899999999999977,44023.799999999996,mid,0,0,50.96
3909,L51088,L,302.3,311.2,1633,36.4,114,0,0,0,0,0,0,L,1,8.899999999999977,59441.2,mid,0,0,54.66
3910,H33323,H,302.3,311.3,1744,30.3,116,0,0,0,0,0,0,H,1,9.0,52843.200000000004,mid,0,0,54.26
3911,L51090,L,302.4,311.4,1831,26.9,121,0,0,0,0,0,0,L,1,9.0,49253.899999999994,mid,0,0,55.58
3912,M18771,M,302.3,311.3,1339,50.8,123,0,0,0,0,0,0,M,1,9.0,68021.2,mid,0,0,61.16
3913,L51092,L,302.4,311.4,1475,40.4,126,0,0,0,0,0,0,L,1,9.0,59590.0,mid,0,0,60.28
3914,M18773,M,302.4,311.4,1675,29.6,128,0,0,0,0,0,0,M,1,9.0,49580.0,mid,0,0,58.92
3915,L51094,L,302.5,311.5,1493,35.1,131,0,0,0,0,0,0,L,1,9.0,52404.3,mid,0,0,61.22
3916,L51095,L,302.5,311.5,1700,29.5,133,0,0,0,0,0,0,L,1,9.0,50150.0,mid,0,0,60.9
3917,L51096,L,302.6,311.6,1453,37.0,135,0,0,0,0,0,0,L,1,9.0,53761.0,mid,0,0,63.2
3918,L51097,L,302.6,311.7,1542,34.1,137,0,0,0,0,0,0,L,1,9.099999999999966,52582.200000000004,mid,0,0,63.44
3919,M18778,M,302.5,311.5,1358,52.7,139,0,0,0,0,0,0,M,1,9.0,71566.6,mid,0,0,67.94
3920,H33333,H,302.5,311.5,1655,32.3,142,0,0,0,0,0,0,H,1,9.0,53456.49999999999,mid,0,0,65.06
3921,L51100,L,302.6,311.5,1885,27.5,147,0,0,0,0,0,0,L,1,8.899999999999977,51837.5,mid,0,0,66.08
3922,L51101,L,302.7,311.5,1494,41.4,149,0,0,0,0,0,0,L,1,8.800000000000011,61851.6,mid,0,0,69.64
3923,M18782,M,302.6,311.4,1757,29.5,151,0,0,0,0,0,0,M,1,8.799999999999955,51831.5,high,0,0,68.06
3924,M18783,M,302.6,311.4,1718,31.2,154,0,0,0,0,0,0,M,1,8.799999999999955,53601.6,high,0,0,69.6
3925,M18784,M,302.5,311.4,1636,35.0,157,0,0,0,0,0,0,M,1,8.899999999999977,57260.0,high,0,0,71.58
3926,L51105,L,302.6,311.6,1638,29.6,160,0,0,0,0,0,0,L,1,9.0,48484.8,high,0,0,71.72
3927,L51106,L,302.6,311.5,1609,36.0,162,0,0,0,0,0,0,L,1,8.899999999999977,57924.0,high,0,0,73.78
3928,H33341,H,302.7,311.5,1556,35.0,164,0,0,0,0,0,0,H,1,8.800000000000011,54460.0,high,0,0,74.36
3929,L51108,L,302.6,311.5,1442,59.8,169,1,0,0,1,0,0,L,1,8.899999999999977,86231.59999999999,high,0,1,131.34
3930,M18789,M,302.7,311.6,1501,38.8,171,0,0,0,0,0,0,M,1,8.900000000000034,58238.799999999996,high,0,0,77.94
3931,M18790,M,302.6,311.6,2041,19.2,174,0,0,0,0,0,0,M,1,9.0,39187.2,high,0,0,75.24
3932,M18791,M,302.7,311.7,1784,25.1,177,0,0,0,0,0,0,M,1,9.0,44778.4,high,0,0,77.62
3933,L51112,L,302.6,311.6,1953,22.4,180,0,0,0,0,0,0,L,1,9.0,43747.2,high,0,0,78.28
3934,L51113,L,302.6,311.6,1576,34.7,182,0,0,0,0,0,0,L,1,9.0,54687.200000000004,high,0,0,81.54
3935,M18794,M,302.6,311.6,1518,39.0,184,0,0,0,0,0,0,M,1,9.0,59202.0,high,0,0,83.2
3936,M18795,M,302.6,311.6,1227,68.2,187,1,0,0,0,1,0,M,1,9.0,83681.40000000001,high,0,1,140.24
3937,L51116,L,302.5,311.5,1985,18.8,190,0,0,0,0,0,0,L,1,9.0,37318.0,high,0,0,81.56
3938,L51117,L,302.5,311.5,1802,26.4,192,0,0,0,0,0,0,L,1,9.0,47572.799999999996,high,0,0,83.88
3939,L51118,L,302.5,311.5,1603,32.4,194,0,0,0,0,0,0,L,1,9.0,51937.2,high,0,0,85.88
3940,L51119,L,302.5,311.6,1400,54.0,196,0,0,0,0,0,0,L,1,9.100000000000023,75600.0,high,0,0,91.02
3941,L51120,L,302.3,311.5,1395,54.2,198,0,0,0,0,0,0,L,1,9.199999999999989,75609.0,high,0,0,91.88
3942,L51121,L,302.2,311.4,1987,19.9,200,0,0,0,0,0,0,L,1,9.199999999999989,39541.299999999996,high,1,0,85.82
3943,M18802,M,302.2,311.4,1398,47.2,202,0,0,0,0,0,0,M,1,9.199999999999989,65985.6,high,1,0,92.08
3944,L51123,L,302.3,311.4,1333,66.7,205,1,0,0,1,1,0,L,1,9.099999999999966,88911.1,high,1,2,147.16
3945,L51124,L,302.2,311.2,1381,49.4,207,0,0,0,0,0,0,L,1,9.0,68221.4,high,1,0,94.48
3946,L51125,L,302.2,311.3,1570,36.1,0,0,0,0,0,0,0,L,1,9.100000000000023,56677.0,low,0,0,9.04
3947,M18806,M,302.2,311.3,1658,31.0,2,0,0,0,0,0,0,M,1,9.100000000000023,51398.0,low,0,0,8.82
3948,H33361,H,302.2,311.3,1749,29.2,5,0,0,0,0,0,0,H,1,9.100000000000023,51070.799999999996,low,0,0,9.66
3949,M18808,M,302.2,311.3,1510,37.1,10,0,0,0,0,0,0,M,1,9.100000000000023,56021.0,low,0,0,13.24
3950,L51129,L,302.3,311.5,1384,50.8,13,0,0,0,0,0,0,L,1,9.199999999999989,70307.2,low,0,0,17.2
3951,L51130,L,302.3,311.4,1570,37.2,15,0,0,0,0,0,0,L,1,9.099999999999966,58404.00000000001,low,0,0,15.26
3952,M18811,M,302.3,311.4,1571,32.7,17,0,0,0,0,0,0,M,1,9.099999999999966,51371.700000000004,low,0,0,15.16
3953,L51132,L,302.3,311.4,1476,37.3,20,0,0,0,0,0,0,L,1,9.099999999999966,55054.799999999996,low,0,0,17.28
3954,M18813,M,302.3,311.4,1484,39.5,22,0,0,0,0,0,0,M,1,9.099999999999966,58618.0,low,0,0,18.52
3955,M18814,M,302.3,311.4,1909,23.2,25,0,0,0,0,0,0,M,1,9.099999999999966,44288.799999999996,low,0,0,16.46
3956,L51135,L,302.3,311.5,1448,49.6,28,0,0,0,0,0,0,L,1,9.199999999999989,71820.8,low,0,0,22.96
3957,M18816,M,302.3,311.4,1500,40.2,30,0,0,0,0,0,0,M,1,9.099999999999966,60300.00000000001,low,0,0,21.86
3958,L51137,L,302.2,311.4,1510,44.9,33,0,0,0,0,0,0,L,1,9.199999999999989,67799.0,low,0,0,24.02
3959,L51138,L,302.2,311.3,1378,55.5,35,0,0,0,0,0,0,L,1,9.100000000000023,76479.0,low,0,0,26.92
3960,M18819,M,302.2,311.4,1538,37.4,37,0,0,0,0,0,0,M,1,9.199999999999989,57521.2,low,0,0,24.12
3961,L51140,L,302.2,311.4,1390,48.1,40,0,0,0,0,0,0,L,1,9.199999999999989,66859.0,low,0,0,27.46
3962,M18821,M,302.2,311.4,1642,32.1,42,0,0,0,0,0,0,M,1,9.199999999999989,52708.200000000004,low,0,0,25.06
3963,L51142,L,302.4,311.5,1785,24.8,45,0,0,0,0,0,0,L,1,9.100000000000023,44268.0,low,0,0,24.78
3964,H33377,H,302.3,311.5,1526,38.2,47,0,0,0,0,0,0,H,1,9.199999999999989,58293.200000000004,low,0,0,28.28
3965,M18824,M,302.3,311.6,1668,33.2,52,0,0,0,0,0,0,M,1,9.300000000000011,55377.600000000006,mid,0,0,29.3
3966,L51145,L,302.3,311.5,1507,37.5,55,0,0,0,0,0,0,L,1,9.199999999999989,56512.5,mid,0,0,31.34
3967,L51146,L,302.3,311.5,1530,37.8,57,0,0,0,0,0,0,L,1,9.199999999999989,57833.99999999999,mid,0,0,32.2
3968,M18827,M,302.3,311.4,1479,45.6,59,0,0,0,0,0,0,M,1,9.099999999999966,67442.40000000001,mid,0,0,34.54
3969,M18828,M,302.3,311.4,1418,41.3,62,0,0,0,0,0,0,M,1,9.099999999999966,58563.399999999994,mid,0,0,34.88
3970,L51149,L,302.3,311.4,1504,38.7,65,0,0,0,0,0,0,L,1,9.099999999999966,58204.8,mid,0,0,35.56
3971,M18830,M,302.3,311.4,1345,47.6,67,0,0,0,0,0,0,M,1,9.099999999999966,64022.0,mid,0,0,38.14
3972,H33385,H,302.2,311.4,1625,35.4,70,0,0,0,0,0,0,H,1,9.199999999999989,57525.0,mid,0,0,36.92
3973,L51152,L,302.3,311.4,1511,34.7,75,0,0,0,0,0,0,L,1,9.099999999999966,52431.700000000004,mid,0,0,38.76
3974,L51153,L,302.3,311.4,1535,41.8,77,0,0,0,0,0,0,L,1,9.099999999999966,64162.99999999999,mid,0,0,40.98
3975,L51154,L,302.4,311.5,1505,37.9,79,0,0,0,0,0,0,L,1,9.100000000000023,57039.5,mid,0,0,41.0
3976,H33389,H,302.4,311.5,1540,43.7,81,0,0,0,0,0,0,H,1,9.100000000000023,67298.0,mid,0,0,42.96
3977,H33390,H,302.3,311.4,1372,46.0,86,0,0,0,0,0,0,H,1,9.099999999999966,63112.0,mid,0,0,45.42
3978,M18837,M,302.2,311.3,1510,36.6,91,0,0,0,0,0,0,M,1,9.100000000000023,55266.0,mid,0,0,45.54
3979,L51158,L,302.2,311.3,1382,46.4,94,0,0,0,0,0,0,L,1,9.100000000000023,64124.799999999996,mid,0,0,48.7
3980,L51159,L,302.3,311.3,1439,41.8,96,0,0,0,0,0,0,L,1,9.0,60150.2,mid,0,0,48.56
3981,M18840,M,302.2,311.3,1375,47.0,98,0,0,0,0,0,0,M,1,9.100000000000023,64625.0,mid,0,0,50.42
3982,M18841,M,302.2,311.3,1931,21.9,101,0,0,0,0,0,0,M,1,9.100000000000023,42288.899999999994,mid,0,0,46.6
3983,L51162,L,302.2,311.3,1475,48.6,104,0,0,0,0,0,0,L,1,9.100000000000023,71685.0,mid,0,0,53.14
3984,L51163,L,302.2,311.3,1389,46.9,106,0,0,0,0,0,0,L,1,9.100000000000023,65144.1,mid,0,0,53.6
3985,L51164,L,302.3,311.3,1652,32.8,108,0,0,0,0,0,0,L,1,9.0,54185.6,mid,0,0,51.56
3986,L51165,L,302.3,311.2,1386,50.3,110,0,0,0,0,0,0,L,1,8.899999999999977,69715.8,mid,0,0,55.84
3987,M18846,M,302.2,311.3,1577,29.8,112,0,0,0,0,0,0,M,1,9.100000000000023,46994.6,mid,0,0,52.58
3988,M18847,M,302.3,311.3,1444,43.1,115,0,0,0,0,0,0,M,1,9.0,62236.4,mid,0,0,56.42
3989,L51168,L,302.2,311.3,1554,40.2,118,0,0,0,0,0,0,L,1,9.100000000000023,62470.8,mid,0,0,57.06
3990,L51169,L,302.2,311.3,1602,32.8,120,0,0,0,0,0,0,L,1,9.100000000000023,52545.6,mid,0,0,56.38
3991,H33404,H,302.2,311.2,1692,28.2,122,0,0,0,0,0,0,H,1,9.0,47714.4,mid,0,0,56.24
3992,L51171,L,302.3,311.3,1682,34.4,127,0,0,0,0,0,0,L,1,9.0,57860.799999999996,mid,0,0,59.48
3993,L51172,L,302.3,311.3,1614,34.1,129,0,0,0,0,0,0,L,1,9.0,55037.4,mid,0,0,60.22
3994,L51173,L,302.3,311.3,1324,47.8,131,0,0,0,0,0,0,L,1,9.0,63287.2,mid,0,0,63.76
3995,L51174,L,302.3,311.4,1434,40.3,133,0,0,0,0,0,0,L,1,9.099999999999966,57790.2,mid,0,0,63.08
3996,L51175,L,302.3,311.3,1621,31.6,135,0,0,0,0,0,0,L,1,9.0,51223.600000000006,mid,0,0,62.12
3997,M18856,M,302.3,311.3,1625,33.1,137,0,0,0,0,0,0,M,1,9.0,53787.5,mid,0,0,63.22
3998,L51177,L,302.2,311.1,1394,53.7,140,0,0,0,0,0,0,L,1,8.900000000000034,74857.8,mid,0,0,68.52
3999,L51178,L,302.1,311.0,1586,35.1,142,0,0,0,0,0,0,L,1,8.899999999999977,55668.600000000006,mid,0,0,65.6
4000,L51179,L,302.0,311.0,1420,45.9,144,0,0,0,0,0,0,L,1,9.0,65178.0,mid,0,0,68.58
4001,L51180,L,302.1,311.2,1422,50.3,146,0,0,0,0,0,0,L,1,9.099999999999966,71526.59999999999,mid,0,0,70.28
4002,H33415,H,302.1,311.2,1598,37.9,148,0,0,0,0,0,0,H,1,9.099999999999966,60564.2,mid,0,0,68.6
4003,L51182,L,302.1,311.2,1454,59.2,153,1,0,0,1,0,0,L,1,9.099999999999966,86076.8,high,0,1,124.86
4004,L51183,L,302.1,311.2,1519,39.3,155,0,0,0,0,0,0,L,1,9.099999999999966,59696.7,high,0,0,71.68
4005,L51184,L,302.0,311.1,1373,55.7,157,0,0,0,0,0,0,L,1,9.100000000000023,76476.1,high,0,0,75.76
4006,M18865,M,302.0,311.1,1406,48.8,159,0,0,0,0,0,0,M,1,9.100000000000023,68612.8,high,0,0,75.18
4007,L51186,L,302.1,311.2,1492,45.0,162,0,0,0,0,0,0,L,1,9.099999999999966,67140.0,high,0,0,75.62
4008,L51187,L,302.1,311.2,1369,50.8,164,0,0,0,0,0,0,L,1,9.099999999999966,69545.2,high,0,0,77.58
4009,M18868,M,302.2,311.2,1471,41.9,166,0,0,0,0,0,0,M,1,9.0,61634.9,high,0,0,76.58
4010,L51189,L,302.2,311.2,1630,36.0,169,0,0,0,0,0,0,L,1,9.0,58680.0,high,0,0,76.6
4011,M18870,M,302.1,311.1,1605,37.6,171,0,0,0,0,0,0,M,1,9.0,60348.0,high,0,0,77.72
4012,L51191,L,302.2,311.1,1447,52.1,174,0,0,0,0,0,0,L,1,8.900000000000034,75388.7,high,0,0,81.8
4013,M18872,M,302.2,311.2,1360,52.8,176,0,0,0,0,0,0,M,1,9.0,71808.0,high,0,0,82.76
4014,M18873,M,302.2,311.1,1728,34.0,179,0,0,0,0,0,0,M,1,8.900000000000034,58752.0,high,0,0,80.18
4015,L51194,L,302.1,311.0,1740,30.8,182,0,0,0,0,0,0,L,1,8.899999999999977,53592.0,high,0,0,80.74
4016,L51195,L,302.1,310.9,1477,41.4,184,0,0,0,0,0,0,L,1,8.799999999999955,61147.799999999996,high,0,0,83.64
4017,L51196,L,302.1,310.9,1658,30.3,186,0,0,0,0,0,0,L,1,8.799999999999955,50237.4,high,0,0,82.22
4018,L51197,L,302.0,310.8,1902,23.4,188,0,0,0,0,0,0,L,1,8.800000000000011,44506.799999999996,high,0,0,81.64
4019,M18878,M,302.0,310.8,1783,23.1,190,0,0,0,0,0,0,M,1,8.800000000000011,41187.3,high,0,0,82.38
4020,M18879,M,302.0,310.9,1558,45.3,193,0,0,0,0,0,0,M,1,8.899999999999977,70577.4,high,0,0,88.04
4021,L51200,L,302.1,311.0,1351,49.5,196,0,0,0,0,0,0,L,1,8.899999999999977,66874.5,high,0,0,90.08
4022,H33435,H,302.1,310.9,1452,42.5,198,0,0,0,0,0,0,H,1,8.799999999999955,61710.0,high,0,0,89.46
4023,L51202,L,302.1,310.9,1666,30.7,203,0,0,0,0,0,0,L,1,8.799999999999955,51146.2,high,1,0,89.1
4024,L51203,L,302.1,311.0,1364,50.0,205,0,0,0,0,0,0,L,1,8.899999999999977,68200.0,high,1,0,93.78
4025,M18884,M,302.1,311.0,1351,60.3,207,1,0,0,0,1,0,M,1,8.899999999999977,81465.3,high,1,1,146.64
4026,H33439,H,302.1,311.0,1729,26.1,210,0,0,0,0,0,0,H,1,8.899999999999977,45126.9,high,1,0,91.0
4027,M18886,M,302.1,311.0,1574,34.1,215,0,0,0,0,0,0,M,1,8.899999999999977,53673.4,high,1,0,94.6
4028,L51207,L,302.0,311.0,1566,37.8,218,0,0,0,0,0,0,L,1,9.0,59194.799999999996,high,1,0,96.56
4029,L51208,L,302.0,310.9,1455,43.2,220,0,0,0,0,0,0,L,1,8.899999999999977,62856.00000000001,high,1,0,98.42
4030,H33443,H,302.0,310.9,1679,29.0,222,0,0,0,0,0,0,H,1,8.899999999999977,48691.0,high,1,0,96.38
4031,L51210,L,302.0,310.8,2143,17.3,227,0,0,0,0,0,0,L,1,8.800000000000011,37073.9,high,1,0,96.02
4032,L51211,L,302.0,310.8,1447,42.7,229,0,0,0,0,0,0,L,1,8.800000000000011,61786.9,high,1,0,101.9
4033,L51212,L,302.0,310.8,1383,50.3,231,1,0,0,0,1,0,L,1,8.800000000000011,69564.9,high,1,1,154.22
4034,L51213,L,302.1,310.8,1772,27.1,233,0,0,0,0,0,0,L,1,8.699999999999989,48021.200000000004,high,1,0,100.36
4035,L51214,L,302.0,310.8,1615,29.0,235,1,1,0,0,0,0,L,1,8.800000000000011,46835.0,high,1,1,151.56
4036,L51215,L,302.0,310.8,1454,36.6,0,0,0,0,0,0,0,L,1,8.800000000000011,53216.4,low,0,0,9.08
4037,L51216,L,302.0,310.8,1445,49.1,2,0,0,0,0,0,0,L,1,8.800000000000011,70949.5,low,0,0,12.38
4038,M18897,M,302.0,310.8,1609,35.2,4,0,0,0,0,0,0,M,1,8.800000000000011,56636.8,low,0,0,10.4
4039,L51218,L,302.0,310.9,1546,34.4,7,0,0,0,0,0,0,L,1,8.899999999999977,53182.399999999994,low,0,0,11.46
4040,L51219,L,301.9,310.8,1567,39.3,9,0,0,0,0,0,0,L,1,8.900000000000034,61583.1,low,0,0,13.24
4041,L51220,L,302.0,310.8,1767,27.4,11,0,0,0,0,0,0,L,1,8.800000000000011,48415.799999999996,low,0,0,11.64
4042,L51221,L,302.0,310.9,1539,34.2,13,0,0,0,0,0,0,L,1,8.899999999999977,52633.8,low,0,0,13.82
4043,L51222,L,302.0,310.9,1564,39.0,15,0,0,0,0,0,0,L,1,8.899999999999977,60996.0,low,0,0,15.58
4044,M18903,M,302.0,310.8,1445,46.3,17,0,0,0,0,0,0,M,1,8.800000000000011,66903.5,low,0,0,17.82
4045,M18904,M,301.9,310.9,1419,47.7,20,1,0,0,0,0,0,M,1,9.0,67686.3,low,0,0,69.34
4046,M18905,M,301.8,310.9,1881,20.9,23,0,0,0,0,0,0,M,1,9.099999999999966,39312.899999999994,low,0,0,15.2
4047,M18906,M,301.9,310.9,1421,46.2,26,0,0,0,0,0,0,M,1,9.0,65650.2,low,0,0,21.44
4048,L51227,L,301.9,311.0,1455,46.0,29,0,0,0,0,0,0,L,1,9.100000000000023,66930.0,low,0,0,22.62
4049,L51228,L,301.9,311.0,2691,12.1,31,1,0,0,1,0,0,L,1,9.100000000000023,32561.1,low,0,1,66.64
4050,L51229,L,301.8,310.8,1505,41.2,33,0,0,0,0,0,0,L,1,9.0,62006.00000000001,low,0,0,23.24
4051,L51230,L,301.8,310.8,1456,46.6,35,0,0,0,0,0,0,L,1,9.0,67849.6,low,0,0,25.12
4052,L51231,L,301.8,310.8,1383,46.4,37,0,0,0,0,0,0,L,1,9.0,64171.2,low,0,0,25.88
4053,M18912,M,301.9,310.8,1563,39.2,39,0,0,0,0,0,0,M,1,8.900000000000034,61269.600000000006,low,0,0,25.22
4054,M18913,M,301.9,310.9,2305,16.1,42,0,0,0,0,0,0,M,1,9.0,37110.5,low,0,0,21.82
4055,M18914,M,301.9,310.9,1456,43.6,45,0,0,0,0,0,0,M,1,9.0,63481.6,low,0,0,28.52
4056,L51235,L,302.0,311.0,1865,22.7,48,0,0,0,0,0,0,L,1,9.0,42335.5,low,0,0,25.54
4057,L51236,L,301.9,310.9,1597,36.9,50,0,0,0,0,0,0,L,1,9.0,58929.299999999996,low,0,0,29.18
4058,L51237,L,302.0,310.9,1495,38.6,52,0,0,0,0,0,0,L,1,8.899999999999977,57707.0,mid,0,0,30.3
4059,M18918,M,302.0,310.9,1456,47.2,54,0,0,0,0,0,0,M,1,8.899999999999977,68723.2,mid,0,0,32.82
4060,L51239,L,301.9,310.8,1465,44.3,57,0,0,0,0,0,0,L,1,8.900000000000034,64899.49999999999,mid,0,0,33.44
4061,M18920,M,302.0,310.9,1352,55.5,59,0,0,0,0,0,0,M,1,8.899999999999977,75036.0,mid,0,0,36.48
4062,L51241,L,301.9,310.8,1906,21.7,62,0,0,0,0,0,0,L,1,8.900000000000034,41360.2,mid,0,0,30.92
4063,L51242,L,302.0,310.9,1446,44.0,64,0,0,0,0,0,0,L,1,8.899999999999977,63624.0,mid,0,0,36.18
4064,L51243,L,302.0,310.8,1948,19.7,66,0,0,0,0,0,0,L,1,8.800000000000011,38375.6,mid,0,0,32.1
4065,L51244,L,301.9,310.7,1480,47.1,68,0,0,0,0,0,0,L,1,8.800000000000011,69708.0,mid,0,0,38.38
4066,M18925,M,301.9,310.7,1511,37.6,70,0,0,0,0,0,0,M,1,8.800000000000011,56813.6,mid,0,0,37.28
4067,M18926,M,301.9,310.7,1472,47.0,73,0,0,0,0,0,0,M,1,8.800000000000011,69184.0,mid,0,0,40.36
4068,L51247,L,301.9,310.7,1429,51.0,76,0,0,0,0,0,0,L,1,8.800000000000011,72879.0,mid,0,0,42.36
4069,L51248,L,301.9,310.7,1405,48.8,78,0,0,0,0,0,0,L,1,8.800000000000011,68564.0,mid,0,0,42.72
4070,M18929,M,301.9,310.7,1405,47.9,80,0,0,0,0,0,0,M,1,8.800000000000011,67299.5,mid,0,0,43.34
4071,L51250,L,302.0,310.7,1348,58.1,83,0,0,0,0,0,0,L,1,8.699999999999989,78318.8,mid,0,0,46.56
4072,L51251,L,301.9,310.6,1331,68.6,85,1,0,0,1,0,0,L,1,8.700000000000045,91306.59999999999,mid,0,1,99.46
4073,L51252,L,301.9,310.6,1610,33.4,87,0,0,0,0,0,0,L,1,8.700000000000045,53774.0,mid,0,0,43.22
4074,M18933,M,301.9,310.6,1412,46.5,89,0,0,0,0,0,0,M,1,8.700000000000045,65658.0,mid,0,0,46.64
4075,L51254,L,302.0,310.7,1453,42.7,92,0,0,0,0,0,0,L,1,8.699999999999989,62043.100000000006,mid,0,0,47.08
4076,L51255,L,302.0,310.6,1583,38.9,94,0,0,0,0,0,0,L,1,8.600000000000023,61578.7,mid,0,0,47.1
4077,M18936,M,302.0,310.6,1539,37.4,96,0,0,0,0,0,0,M,1,8.600000000000023,57558.6,mid,0,0,47.6
4078,L51257,L,302.0,310.5,1635,39.8,99,0,0,0,0,0,0,L,1,8.5,65072.99999999999,mid,0,0,49.26
4079,H33492,H,302.1,310.7,1294,62.4,101,1,0,1,0,0,0,H,1,8.599999999999966,80745.59999999999,mid,0,1,104.6
4080,L51259,L,302.0,310.5,1978,22.0,106,0,0,0,0,0,0,L,1,8.5,43516.0,mid,0,0,48.5
4081,L51260,L,302.0,310.4,1357,58.0,108,1,0,1,0,0,0,L,1,8.399999999999977,78706.0,mid,0,1,106.48
4082,L51261,L,302.0,310.4,1336,58.2,110,1,0,1,0,0,0,L,1,8.399999999999977,77755.2,mid,0,1,107.32
4083,L51262,L,302.0,310.4,1568,39.2,112,0,0,0,0,0,0,L,1,8.399999999999977,61465.600000000006,mid,0,0,54.32
4084,M18943,M,302.0,310.4,1567,36.4,114,0,0,0,0,0,0,M,1,8.399999999999977,57038.799999999996,mid,0,0,54.56
4085,L51264,L,302.0,310.4,1611,35.6,117,0,0,0,0,0,0,L,1,8.399999999999977,57351.600000000006,mid,0,0,55.6
4086,H33499,H,302.0,310.5,1841,23.6,119,0,0,0,0,0,0,H,1,8.5,43447.600000000006,mid,0,0,54.02
4087,L51266,L,302.0,310.5,1567,36.1,124,0,0,0,0,0,0,L,1,8.5,56568.700000000004,mid,0,0,58.52
4088,L51267,L,301.9,310.4,1376,54.9,126,1,0,1,0,0,0,L,1,8.5,75542.4,mid,0,1,113.08
4089,L51268,L,301.9,310.5,1477,42.4,128,0,0,0,0,0,0,L,1,8.600000000000023,62624.799999999996,mid,0,0,61.4
4090,M18949,M,301.9,310.5,1590,40.3,130,0,0,0,0,0,0,M,1,8.600000000000023,64076.99999999999,mid,0,0,61.78
4091,L51270,L,302.0,310.5,2197,15.8,133,0,0,0,0,0,0,L,1,8.5,34712.6,mid,0,0,58.06
4092,M18951,M,302.0,310.4,1595,32.9,135,0,0,0,0,0,0,M,1,8.399999999999977,52475.5,mid,0,0,62.26
4093,H33506,H,302.0,310.5,1812,24.4,138,0,0,0,0,0,0,H,1,8.5,44212.799999999996,mid,0,0,61.78
4094,M18953,M,302.0,310.5,1573,32.1,143,0,0,0,0,0,0,M,1,8.5,50493.3,mid,0,0,65.32
4095,L51274,L,302.0,310.5,1651,30.9,146,0,0,0,0,0,0,L,1,8.5,51015.899999999994,mid,0,0,66.28
4096,H33509,H,302.0,310.5,1459,43.2,148,0,0,0,0,0,0,H,1,8.5,63028.8,mid,0,0,69.54
4097,L51276,L,301.9,310.4,1370,51.7,153,1,0,1,0,0,0,L,1,8.5,70829.0,high,0,1,123.24
4098,L51277,L,301.9,310.4,1518,34.1,155,0,0,0,0,0,0,L,1,8.5,51763.8,high,0,0,70.52
4099,L51278,L,302.0,310.3,1648,29.6,157,0,0,0,0,0,0,L,1,8.300000000000011,48780.8,high,0,0,70.38
4100,L51279,L,302.0,310.4,1464,47.2,159,0,0,0,0,0,0,L,1,8.399999999999977,69100.8,high,0,0,74.72
4101,L51280,L,302.0,310.4,1895,23.2,161,0,0,0,0,0,0,L,1,8.399999999999977,43964.0,high,0,0,70.72
4102,L51281,L,301.9,310.4,1884,23.4,163,0,0,0,0,0,0,L,1,8.5,44085.6,high,0,0,71.58
4103,L51282,L,302.0,310.4,1450,46.6,165,0,0,0,0,0,0,L,1,8.399999999999977,67570.0,high,0,0,77.0
4104,L51283,L,302.0,310.4,1448,43.4,167,0,0,0,0,0,0,L,1,8.399999999999977,62843.2,high,0,0,77.16
4105,L51284,L,302.1,310.5,1389,49.6,169,0,0,0,0,0,0,L,1,8.399999999999977,68894.40000000001,high,0,0,79.2
4106,L51285,L,302.0,310.6,1583,35.2,171,0,0,0,0,0,0,L,1,8.600000000000023,55721.600000000006,high,0,0,77.16
4107,L51286,L,301.9,310.5,1425,51.1,173,0,0,0,0,0,0,L,1,8.600000000000023,72817.5,high,0,0,81.14
4108,L51287,L,302.0,310.5,1809,27.1,175,0,0,0,0,0,0,L,1,8.5,49023.9,high,0,0,77.12
4109,L51288,L,301.9,310.5,1892,21.8,177,0,0,0,0,0,0,L,1,8.600000000000023,41245.6,high,0,0,76.88
4110,M18969,M,301.9,310.6,1475,47.8,179,0,0,0,0,0,0,M,1,8.700000000000045,70505.0,high,0,0,82.9
4111,L51290,L,302.0,310.6,1361,46.7,182,0,0,0,0,0,0,L,1,8.600000000000023,63558.700000000004,high,0,0,83.86
4112,M18971,M,302.0,310.6,1563,41.0,184,0,0,0,0,0,0,M,1,8.600000000000023,64083.0,high,0,0,83.52
4113,H33526,H,301.9,310.5,1472,39.7,187,0,0,0,0,0,0,H,1,8.600000000000023,58438.4,high,0,0,84.46
4114,L51293,L,302.0,310.6,1325,55.3,192,0,0,0,0,0,0,L,1,8.600000000000023,73272.5,high,0,0,89.58
4115,L51294,L,302.0,310.6,1358,53.1,194,0,0,0,0,0,0,L,1,8.600000000000023,72109.8,high,0,0,89.94
4116,H33529,H,302.0,310.6,1346,54.7,196,0,0,0,0,0,0,H,1,8.600000000000023,73626.2,high,0,0,91.06
4117,M18976,M,302.0,310.5,1381,58.4,201,0,0,0,0,0,0,M,1,8.5,80650.4,high,1,0,93.78
4118,L51297,L,301.9,310.5,1340,55.7,204,1,0,0,0,1,0,L,1,8.600000000000023,74638.0,high,1,1,144.46
4119,L51298,L,302.0,310.6,1366,47.7,206,0,0,0,0,0,0,L,1,8.600000000000023,65158.200000000004,high,1,0,93.66
4120,L51299,L,302.1,310.7,1325,45.1,208,1,0,1,0,0,0,L,1,8.599999999999966,59757.5,high,1,1,143.94
4121,M18980,M,302.1,310.7,1376,46.3,210,1,0,1,0,0,0,M,1,8.599999999999966,63708.799999999996,high,1,1,144.98
4122,M18981,M,302.1,310.7,1364,47.8,213,1,0,1,0,0,0,M,1,8.599999999999966,65199.2,high,1,1,146.48
4123,L51302,L,302.2,310.6,1462,43.6,0,0,0,0,0,0,0,L,1,8.400000000000034,63743.200000000004,low,0,0,10.4
4124,M18983,M,302.1,310.6,1517,38.9,2,0,0,0,0,0,0,M,1,8.5,59011.299999999996,low,0,0,10.28
4125,L51304,L,302.1,310.6,1385,53.6,5,0,0,0,0,0,0,L,1,8.5,74236.0,low,0,0,14.42
4126,L51305,L,302.1,310.6,1439,40.0,7,0,0,0,0,0,0,L,1,8.5,57560.0,low,0,0,12.5
4127,M18986,M,302.0,310.6,1623,34.3,9,0,0,0,0,0,0,M,1,8.600000000000023,55668.899999999994,low,0,0,12.18
4128,H33541,H,302.0,310.6,1438,43.2,12,0,0,0,0,0,0,H,1,8.600000000000023,62121.600000000006,low,0,0,15.16
4129,L51308,L,301.9,310.4,1708,24.8,17,0,0,0,0,0,0,L,1,8.5,42358.4,low,0,0,13.46
4130,M18989,M,301.8,310.3,1666,32.7,19,0,0,0,0,0,0,M,1,8.5,54478.200000000004,low,0,0,15.84
4131,L51310,L,301.9,310.4,1286,62.8,22,1,0,1,0,0,0,L,1,8.5,80760.8,low,0,1,73.06
4132,L51311,L,301.9,310.3,1485,46.3,24,0,0,0,0,0,0,L,1,8.400000000000034,68755.5,low,0,0,20.54
4133,M18992,M,301.8,310.3,1409,52.5,26,0,0,0,0,0,0,M,1,8.5,73972.5,low,0,0,22.6
4134,L51313,L,301.8,310.3,1765,27.3,29,0,0,0,0,0,0,L,1,8.5,48184.5,low,0,0,18.76
4135,L51314,L,301.8,310.3,1688,28.8,31,0,0,0,0,0,0,L,1,8.5,48614.4,low,0,0,19.86
4136,M18995,M,301.7,310.3,1787,26.7,33,0,0,0,0,0,0,M,1,8.600000000000023,47712.9,low,0,0,20.26
4137,L51316,L,301.7,310.1,1487,48.0,36,0,0,0,0,0,0,L,1,8.400000000000034,71376.0,low,0,0,25.68
4138,L51317,L,301.7,310.1,1384,50.5,38,0,0,0,0,0,0,L,1,8.400000000000034,69892.0,low,0,0,26.98
4139,L51318,L,301.7,310.2,1311,57.4,40,1,0,1,0,0,0,L,1,8.5,75251.4,low,0,1,79.18
4140,H33553,H,301.7,310.2,1620,30.8,42,0,0,0,0,0,0,H,1,8.5,49896.0,low,0,0,24.66
4141,L51320,L,301.7,310.2,1331,61.2,47,1,0,1,0,0,0,L,1,8.5,81457.2,low,0,1,82.74
4142,H33555,H,301.7,310.1,1462,38.3,49,0,0,0,0,0,0,H,1,8.400000000000034,55994.6,low,0,0,28.94
4143,L51322,L,301.7,310.1,1424,50.2,54,0,0,0,0,0,0,L,1,8.400000000000034,71484.8,mid,0,0,33.32
4144,L51323,L,301.7,310.1,1500,39.6,56,0,0,0,0,0,0,L,1,8.400000000000034,59400.0,mid,0,0,32.0
4145,L51324,L,301.8,310.1,1738,28.0,58,0,0,0,0,0,0,L,1,8.300000000000011,48664.0,mid,0,0,30.46
4146,M19005,M,301.8,310.3,1465,46.5,60,0,0,0,0,0,0,M,1,8.5,68122.5,mid,0,0,35.0
4147,L51326,L,301.8,310.3,1482,41.4,63,0,0,0,0,0,0,L,1,8.5,61354.799999999996,mid,0,0,35.18
4148,L51327,L,301.9,310.3,1398,44.0,65,0,0,0,0,0,0,L,1,8.400000000000034,61512.0,mid,0,0,36.48
4149,L51328,L,301.9,310.3,1972,21.3,67,0,0,0,0,0,0,L,1,8.400000000000034,42003.6,mid,0,0,32.74
4150,L51329,L,301.9,310.4,1603,37.6,69,0,0,0,0,0,0,L,1,8.5,60272.8,mid,0,0,36.82
4151,L51330,L,301.9,310.4,1610,34.8,71,0,0,0,0,0,0,L,1,8.5,56027.99999999999,mid,0,0,37.06
4152,M19011,M,301.9,310.4,1373,48.0,73,1,0,1,0,0,0,M,1,8.5,65904.0,mid,0,1,90.5
4153,M19012,M,302.0,310.5,1425,44.7,76,0,0,0,0,0,0,M,1,8.5,63697.50000000001,mid,0,0,41.04
4154,M19013,M,302.0,310.4,1212,55.6,79,1,0,1,0,0,0,M,1,8.399999999999977,67387.2,mid,0,1,94.4
4155,M19014,M,302.0,310.4,1828,26.3,82,0,0,0,0,0,0,M,1,8.399999999999977,48076.4,mid,0,0,39.74
4156,L51335,L,302.0,310.5,1370,44.4,85,1,0,1,0,0,0,L,1,8.5,60828.0,mid,0,1,94.58
4157,M19016,M,302.0,310.5,1823,25.1,87,0,0,0,0,0,0,M,1,8.5,45757.3,mid,0,0,41.52
4158,L51337,L,302.0,310.5,1263,60.6,90,1,0,1,0,0,0,L,1,8.5,76537.8,mid,0,1,99.82
4159,L51338,L,301.9,310.4,1889,21.5,92,0,0,0,0,0,0,L,1,8.5,40613.5,mid,0,0,42.8
4160,M19019,M,302.0,310.5,1639,32.9,94,0,0,0,0,0,0,M,1,8.5,53923.1,mid,0,0,45.88
4161,M19020,M,302.0,310.4,1608,33.1,97,0,0,0,0,0,0,M,1,8.399999999999977,53224.8,mid,0,0,47.1
4162,H33575,H,301.9,310.3,1653,32.4,100,0,0,0,0,0,0,H,1,8.400000000000034,53557.2,mid,0,0,48.16
4163,L51342,L,302.0,310.4,1591,29.8,105,0,0,0,0,0,0,L,1,8.399999999999977,47411.8,mid,0,0,49.64
4164,L51343,L,302.1,310.5,1696,30.9,107,0,0,0,0,0,0,L,1,8.399999999999977,52406.399999999994,mid,0,0,50.66
4165,L51344,L,302.2,310.6,1346,47.5,109,1,0,1,0,0,0,L,1,8.400000000000034,63935.0,mid,0,1,104.78
4166,M19025,M,302.2,310.5,1507,40.4,111,0,0,0,0,0,0,M,1,8.300000000000011,60882.799999999996,mid,0,0,54.14
4167,H33580,H,302.3,310.6,1525,48.7,114,0,0,0,0,0,0,H,1,8.300000000000011,74267.5,mid,0,0,57.0
4168,M19027,M,302.3,310.7,1559,33.9,119,0,0,0,0,0,0,M,1,8.399999999999977,52850.1,mid,0,0,56.06
4169,L51348,L,302.2,310.6,1632,30.5,122,0,0,0,0,0,0,L,1,8.400000000000034,49776.0,mid,0,0,56.58
4170,L51349,L,302.1,310.5,1559,36.0,124,0,0,0,0,0,0,L,1,8.399999999999977,56124.0,mid,0,0,58.48
4171,M19030,M,302.2,310.6,1355,51.5,126,1,0,1,0,0,0,M,1,8.400000000000034,69782.5,mid,0,1,112.38
4172,M19031,M,302.2,310.5,1832,23.7,129,0,0,0,0,0,0,M,1,8.300000000000011,43418.4,mid,0,0,58.0
4173,L51352,L,302.2,310.6,1386,50.0,132,0,0,0,0,0,0,L,1,8.400000000000034,69300.0,mid,0,0,64.48
4174,M19033,M,302.2,310.6,1346,49.2,134,1,0,1,0,0,0,M,1,8.400000000000034,66223.2,mid,0,1,115.12
4175,L51354,L,302.3,310.7,1499,37.8,137,0,0,0,0,0,0,L,1,8.399999999999977,56662.2,mid,0,0,64.04
4176,L51355,L,302.3,310.7,1612,33.4,139,0,0,0,0,0,0,L,1,8.399999999999977,53840.799999999996,mid,0,0,63.96
4177,M19036,M,302.3,310.7,1544,39.7,141,0,0,0,0,0,0,M,1,8.399999999999977,61296.8,mid,0,0,66.02
4178,L51357,L,302.5,310.9,1477,39.2,144,0,0,0,0,0,0,L,1,8.399999999999977,57898.4,mid,0,0,67.12
4179,L51358,L,302.5,310.9,1624,34.4,146,0,0,0,0,0,0,L,1,8.399999999999977,55865.6,mid,0,0,66.96
4180,L51359,L,302.4,310.9,1349,46.1,148,1,0,1,0,0,0,L,1,8.5,62188.9,mid,0,1,120.12
4181,L51360,L,302.4,310.8,1686,28.8,150,0,0,0,0,0,0,L,1,8.400000000000034,48556.8,mid,0,0,67.44
4182,M19041,M,302.4,310.7,1521,40.4,152,0,0,0,0,0,0,M,1,8.300000000000011,61448.4,high,0,0,70.54
4183,L51362,L,302.4,310.7,1362,54.8,155,1,0,1,0,0,0,L,1,8.300000000000011,74637.59999999999,high,0,1,124.62
4184,L51363,L,302.3,310.7,1402,50.9,157,0,0,0,0,0,0,L,1,8.399999999999977,71361.8,high,0,0,74.66
4185,L51364,L,302.2,310.6,1334,53.2,159,1,0,1,0,0,0,L,1,8.400000000000034,70968.8,high,0,1,125.92
4186,L51365,L,302.2,310.6,1348,48.4,161,1,0,1,0,0,0,L,1,8.400000000000034,65243.2,high,0,1,125.76
4187,M19046,M,302.2,310.6,1570,34.6,163,0,0,0,0,0,0,M,1,8.400000000000034,54322.0,high,0,0,73.8
4188,M19047,M,302.2,310.7,1601,33.0,166,0,0,0,0,0,0,M,1,8.5,52833.0,high,0,0,74.7
4189,M19048,M,302.3,310.8,1611,31.8,169,0,0,0,0,0,0,M,1,8.5,51229.8,high,0,0,75.66
4190,L51369,L,302.4,310.9,1560,31.8,172,0,0,0,0,0,0,L,1,8.5,49608.0,high,0,0,76.86
4191,H33604,H,302.4,310.9,1444,40.7,174,0,0,0,0,0,0,H,1,8.5,58770.8,high,0,0,79.44
4192,L51371,L,302.4,311.0,1317,59.4,179,0,0,0,0,0,0,L,1,8.600000000000023,78229.8,high,0,0,85.2
4193,M19052,M,302.5,311.0,1463,43.1,181,0,0,0,0,0,0,M,1,8.5,63055.3,high,0,0,82.72
4194,L51373,L,302.4,311.1,1634,34.2,184,0,0,0,0,0,0,L,1,8.700000000000045,55882.8,high,0,0,82.18
4195,L51374,L,302.4,311.0,1423,46.2,186,0,0,0,0,0,0,L,1,8.600000000000023,65742.6,high,0,0,85.36
4196,L51375,L,302.5,311.0,1548,38.4,188,0,0,0,0,0,0,L,1,8.5,59443.2,high,0,0,84.58
4197,M19056,M,302.5,311.0,1563,35.6,190,0,0,0,0,0,0,M,1,8.5,55642.8,high,0,0,84.82
4198,L51377,L,302.4,311.0,1573,36.5,193,0,0,0,0,0,0,L,1,8.600000000000023,57414.5,high,0,0,86.22
4199,M19058,M,302.4,311.1,1432,44.5,195,0,0,0,0,0,0,M,1,8.700000000000045,63724.0,high,0,0,88.64
4200,M19059,M,302.5,311.1,1638,32.0,198,0,0,0,0,0,0,M,1,8.600000000000023,52416.0,high,0,0,87.32
4201,L51380,L,302.5,311.1,1571,34.2,201,0,0,0,0,0,0,L,1,8.600000000000023,53728.200000000004,high,1,0,88.96
4202,L51381,L,302.4,311.0,2211,15.4,203,0,0,0,0,0,0,L,1,8.600000000000023,34049.4,high,1,0,86.0
4203,L51382,L,302.4,311.0,1555,40.6,205,0,0,0,0,0,0,L,1,8.600000000000023,63133.0,high,1,0,91.84
4204,M19063,M,302.3,310.9,1558,31.9,207,0,0,0,0,0,0,M,1,8.599999999999966,49700.2,high,1,0,90.9
4205,M19064,M,302.3,310.9,1523,43.2,210,0,0,0,0,0,0,M,1,8.599999999999966,65793.6,high,1,0,94.36
4206,L51385,L,302.3,310.8,1723,26.3,213,0,0,0,0,0,0,L,1,8.5,45314.9,high,1,0,92.16
4207,M19066,M,302.3,310.8,1721,28.4,215,0,0,0,0,0,0,M,1,8.5,48876.399999999994,high,1,0,93.38
4208,M19067,M,302.3,310.9,1710,30.4,218,1,1,0,0,0,0,M,1,8.599999999999966,51984.0,high,1,1,145.0
4209,M19068,M,302.3,310.9,1627,32.3,0,0,0,0,0,0,0,M,1,8.599999999999966,52552.1,low,0,0,8.18
4210,M19069,M,302.2,310.8,1422,47.0,3,0,0,0,0,0,0,M,1,8.600000000000023,66834.0,low,0,0,12.32
4211,L51390,L,302.1,310.8,1565,35.3,6,0,0,0,0,0,0,L,1,8.699999999999989,55244.49999999999,low,0,0,11.2
4212,L51391,L,302.1,310.7,1314,52.8,8,1,0,1,0,0,0,L,1,8.599999999999966,69379.2,low,0,1,65.48
4213,M19072,M,302.0,310.6,1392,60.5,10,0,0,0,0,0,0,M,1,8.600000000000023,84216.0,low,0,0,17.82
4214,L51393,L,302.1,310.7,1465,40.7,13,0,0,0,0,0,0,L,1,8.599999999999966,59625.50000000001,low,0,0,15.06
4215,L51394,L,301.9,310.6,1573,36.6,15,0,0,0,0,0,0,L,1,8.700000000000045,57571.8,low,0,0,15.06
4216,M19075,M,302.0,310.7,2157,17.8,17,0,0,0,0,0,0,M,1,8.699999999999989,38394.6,low,0,0,12.1
4217,L51396,L,301.9,310.7,1370,50.3,20,0,0,0,0,0,0,L,1,8.800000000000011,68911.0,low,0,0,19.82
4218,L51397,L,301.9,310.6,1462,38.8,22,0,0,0,0,0,0,L,1,8.700000000000045,56725.6,low,0,0,18.3
4219,M19078,M,302.0,310.6,1479,40.5,24,0,0,0,0,0,0,M,1,8.600000000000023,59899.5,low,0,0,19.42
4220,L51399,L,301.9,310.7,1717,26.8,27,0,0,0,0,0,0,L,1,8.800000000000011,46015.6,low,0,0,17.92
4221,M19080,M,301.9,310.6,1260,65.9,29,0,0,0,0,0,0,M,1,8.700000000000045,83034.0,low,0,0,26.52
4222,L51401,L,301.9,310.6,1467,39.3,32,0,0,0,0,0,0,L,1,8.700000000000045,57653.1,low,0,0,22.4
4223,M19082,M,302.0,310.6,1535,38.6,34,0,0,0,0,0,0,M,1,8.600000000000023,59251.0,low,0,0,23.04
4224,L51403,L,302.0,310.7,1657,31.9,37,0,0,0,0,0,0,L,1,8.699999999999989,52858.299999999996,low,0,0,22.92
4225,L51404,L,302.0,310.7,1698,28.1,39,0,0,0,0,0,0,L,1,8.699999999999989,47713.8,low,0,0,22.96
4226,L51405,L,302.1,310.7,1359,49.3,41,1,0,1,0,0,0,L,1,8.599999999999966,66998.7,low,0,1,77.98
4227,L51406,L,302.1,310.8,1596,37.1,43,0,0,0,0,0,0,L,1,8.699999999999989,59211.600000000006,low,0,0,26.36
4228,L51407,L,302.2,310.8,1383,46.9,45,0,0,0,0,0,0,L,1,8.600000000000023,64862.7,low,0,0,29.1
4229,L51408,L,302.2,310.8,2203,16.6,47,0,0,0,0,0,0,L,1,8.600000000000023,36569.8,low,0,0,23.84
4230,M19089,M,302.2,310.8,1408,46.8,49,0,0,0,0,0,0,M,1,8.600000000000023,65894.4,low,0,0,30.68
4231,L51410,L,302.2,310.8,1673,32.9,52,0,0,0,0,0,0,L,1,8.600000000000023,55041.7,mid,0,0,29.1
4232,L51411,L,302.2,310.8,1340,47.8,54,0,0,0,0,0,0,L,1,8.600000000000023,64051.99999999999,mid,0,0,32.88
4233,L51412,L,302.2,310.9,1452,42.3,56,0,0,0,0,0,0,L,1,8.699999999999989,61419.6,mid,0,0,32.6
4234,M19093,M,302.2,310.9,1302,53.4,58,0,0,0,0,0,0,M,1,8.699999999999989,69526.8,mid,0,0,35.62
4235,H33648,H,302.2,310.9,1522,35.9,61,0,0,0,0,0,0,H,1,8.699999999999989,54639.799999999996,mid,0,0,33.32
4236,L51415,L,302.2,310.8,1438,41.4,66,0,0,0,0,0,0,L,1,8.600000000000023,59533.2,mid,0,0,36.4
4237,L51416,L,302.2,310.9,1604,40.5,68,0,0,0,0,0,0,L,1,8.699999999999989,64962.0,mid,0,0,37.04
4238,L51417,L,302.2,311.0,1832,23.2,70,0,0,0,0,0,0,L,1,8.800000000000011,42502.4,mid,0,0,34.4
4239,M19098,M,302.3,311.0,1521,34.8,72,0,0,0,0,0,0,M,1,8.699999999999989,52930.799999999996,mid,0,0,37.5
4240,L51419,L,302.3,311.0,1446,37.6,75,0,0,0,0,0,0,L,1,8.699999999999989,54369.6,mid,0,0,39.26
4241,L51420,L,302.4,311.1,1905,20.9,77,0,0,0,0,0,0,L,1,8.700000000000045,39814.5,mid,0,0,36.72
4242,L51421,L,302.4,311.0,1475,47.9,79,0,0,0,0,0,0,L,1,8.600000000000023,70652.5,mid,0,0,42.9
4243,L51422,L,302.4,311.0,1462,48.5,81,0,0,0,0,0,0,L,1,8.600000000000023,70907.0,mid,0,0,43.82
4244,M19103,M,302.4,310.9,1435,42.3,83,0,0,0,0,0,0,M,1,8.5,60700.49999999999,mid,0,0,43.36
4245,L51424,L,302.4,310.9,1469,39.6,86,0,0,0,0,0,0,L,1,8.5,58172.4,mid,0,0,44.02
4246,M19105,M,302.6,311.1,1520,43.0,88,0,0,0,0,0,0,M,1,8.5,65360.0,mid,0,0,45.5
4247,L51426,L,302.6,311.0,1537,35.5,91,0,0,0,0,0,0,L,1,8.399999999999977,54563.5,mid,0,0,45.18
4248,L51427,L,302.6,311.0,1369,60.0,93,1,0,1,0,0,0,L,1,8.399999999999977,82140.0,mid,0,1,100.88
4249,L51428,L,302.6,311.0,1506,37.2,95,0,0,0,0,0,0,L,1,8.399999999999977,56023.200000000004,mid,0,0,47.12
4250,L51429,L,302.5,310.9,1330,56.9,97,1,0,1,0,0,0,L,1,8.399999999999977,75677.0,mid,0,1,101.86
4251,L51430,L,302.6,311.0,1660,38.0,99,0,0,0,0,0,0,L,1,8.399999999999977,63080.0,mid,0,0,48.88
4252,H33665,H,302.5,310.9,1356,55.5,101,1,0,1,0,0,0,H,1,8.399999999999977,75258.0,mid,0,1,103.18
4253,H33666,H,302.6,311.0,1438,51.0,106,0,0,0,0,0,0,H,1,8.399999999999977,73338.0,mid,0,0,54.28
4254,M19113,M,302.6,311.0,1329,48.6,111,1,0,1,0,0,0,M,1,8.399999999999977,64589.4,mid,0,1,105.8
4255,L51434,L,302.6,311.0,1284,68.0,114,1,0,1,1,0,0,L,1,8.399999999999977,87312.0,mid,0,2,110.88
4256,M19115,M,302.5,311.0,1387,52.1,116,0,0,0,0,0,0,M,1,8.5,72262.7,mid,0,0,58.52
4257,M19116,M,302.6,311.0,1591,33.9,119,0,0,0,0,0,0,M,1,8.399999999999977,53934.899999999994,mid,0,0,56.06
4258,M19117,M,302.6,311.0,1589,39.0,122,0,0,0,0,0,0,M,1,8.399999999999977,61971.0,mid,0,0,58.28
4259,M19118,M,302.7,311.1,1297,60.7,125,1,0,1,0,0,0,M,1,8.400000000000034,78727.90000000001,mid,0,1,113.82
4260,L51439,L,302.7,311.2,1545,35.1,128,0,0,0,0,0,0,L,1,8.5,54229.5,mid,0,0,59.92
4261,H33674,H,302.7,311.1,1418,43.4,130,0,0,0,0,0,0,H,1,8.400000000000034,61541.2,mid,0,0,62.36
4262,L51441,L,302.7,311.1,1730,28.1,135,0,0,0,0,0,0,L,1,8.400000000000034,48613.0,mid,0,0,61.3
4263,L51442,L,302.6,311.0,2001,20.7,137,0,0,0,0,0,0,L,1,8.399999999999977,41420.7,mid,0,0,60.62
4264,L51443,L,302.6,311.0,1620,36.2,139,0,0,0,0,0,0,L,1,8.399999999999977,58644.00000000001,mid,0,0,64.52
4265,M19124,M,302.6,311.0,1542,39.7,141,0,0,0,0,0,0,M,1,8.399999999999977,61217.4,mid,0,0,66.02
4266,L51445,L,302.6,311.0,1424,38.0,144,0,0,0,0,0,0,L,1,8.399999999999977,54112.0,mid,0,0,66.88
4267,L51446,L,302.7,311.1,1440,39.5,146,0,0,0,0,0,0,L,1,8.400000000000034,56880.0,mid,0,0,67.98
4268,L51447,L,302.6,311.0,1520,42.8,148,0,0,0,0,0,0,L,1,8.399999999999977,65055.99999999999,mid,0,0,69.44
4269,L51448,L,302.7,311.0,1694,29.8,150,0,0,0,0,0,0,L,1,8.300000000000011,50481.200000000004,mid,0,0,67.62
4270,L51449,L,302.6,311.0,1610,39.2,152,0,0,0,0,0,0,L,1,8.399999999999977,63112.00000000001,high,0,0,70.32
4271,L51450,L,302.6,310.9,1331,52.0,154,1,0,1,0,0,0,L,1,8.299999999999955,69212.0,high,0,1,123.66
4272,L51451,L,302.6,310.8,1470,41.2,156,0,0,0,0,0,0,L,1,8.199999999999989,60564.00000000001,high,0,0,72.28
4273,L51452,L,302.5,310.8,1577,36.9,158,0,0,0,0,0,0,L,1,8.300000000000011,58191.299999999996,high,0,0,72.24
4274,L51453,L,302.6,310.8,1486,36.4,160,0,0,0,0,0,0,L,1,8.199999999999989,54090.4,high,0,0,72.92
4275,L51454,L,302.4,310.6,1445,40.3,162,0,0,0,0,0,0,L,1,8.200000000000045,58233.49999999999,high,0,0,74.5
4276,M19135,M,302.4,310.5,1500,36.7,164,0,0,0,0,0,0,M,1,8.100000000000023,55050.00000000001,high,0,0,74.56
4277,M19136,M,302.2,310.4,1456,47.5,167,0,0,0,0,0,0,M,1,8.199999999999989,69160.0,high,0,0,77.94
4278,L51457,L,302.2,310.4,1743,28.1,170,0,0,0,0,0,0,L,1,8.199999999999989,48978.3,high,0,0,75.26
4279,L51458,L,302.0,310.1,1409,50.4,172,0,0,0,0,0,0,L,1,8.100000000000023,71013.59999999999,high,0,0,80.5
4280,L51459,L,302.0,310.1,1361,45.4,174,1,0,1,0,0,0,L,1,8.100000000000023,61789.4,high,0,1,130.3
4281,L51460,L,302.1,310.1,1753,28.9,176,0,0,0,0,0,0,L,1,8.0,50661.7,high,0,0,77.78
4282,L51461,L,302.0,310.0,1832,22.9,178,0,0,0,0,0,0,L,1,8.0,41952.799999999996,high,0,0,77.38
4283,L51462,L,301.9,309.9,1374,48.5,180,1,0,1,0,0,0,L,1,8.0,66639.0,high,0,1,133.3
4284,M19143,M,301.8,309.9,1334,61.0,182,1,0,1,0,0,0,M,1,8.099999999999966,81374.0,high,0,1,136.62
4285,L51464,L,301.8,310.0,1493,40.3,185,0,0,0,0,0,0,L,1,8.199999999999989,60167.899999999994,high,0,0,83.7
4286,L51465,L,301.7,309.9,1317,49.0,187,1,0,1,0,0,0,L,1,8.199999999999989,64533.0,high,0,1,136.24
4287,M19146,M,301.7,309.9,1434,47.9,189,0,0,0,0,0,0,M,1,8.199999999999989,68688.59999999999,high,0,0,86.82
4288,M19147,M,301.7,309.9,1457,39.2,192,0,0,0,0,0,0,M,1,8.199999999999989,57114.4,high,0,0,86.28
4289,M19148,M,301.7,310.0,1391,50.6,195,0,0,0,0,0,0,M,1,8.300000000000011,70384.6,high,0,0,89.78
4290,M19149,M,301.8,310.0,1781,23.9,198,0,0,0,0,0,0,M,1,8.199999999999989,42565.899999999994,high,0,0,85.62
4291,L51470,L,301.8,310.0,1642,32.6,201,0,0,0,0,0,0,L,1,8.199999999999989,53529.200000000004,high,1,0,88.56
4292,L51471,L,301.8,310.0,2032,19.0,203,0,0,0,0,0,0,L,1,8.199999999999989,38608.0,high,1,0,86.64
4293,M19152,M,301.8,310.1,2372,13.9,205,1,0,0,1,0,0,M,1,8.300000000000011,32970.8,high,1,1,136.44
4294,L51473,L,301.8,310.0,1393,44.9,208,0,0,0,0,0,0,L,1,8.199999999999989,62545.7,high,1,0,93.82
4295,M19154,M,301.7,310.1,1743,27.3,210,0,0,0,0,0,0,M,1,8.400000000000034,47583.9,high,1,0,91.14
4296,L51475,L,301.8,310.2,1457,40.4,213,0,0,0,0,0,0,L,1,8.399999999999977,58862.799999999996,high,1,0,94.96
4297,L51476,L,301.8,310.2,2825,5.8,215,1,0,0,1,0,0,L,1,8.399999999999977,16385.0,high,1,1,138.84
4298,M19157,M,301.8,310.2,1609,34.2,217,0,0,0,0,0,0,M,1,8.399999999999977,55027.8,high,1,0,95.32
4299,M19158,M,301.8,310.2,1437,42.3,0,0,0,0,0,0,0,M,1,8.399999999999977,60785.1,low,0,0,10.14
4300,L51479,L,301.7,310.1,1402,50.1,3,0,0,0,0,0,0,L,1,8.400000000000034,70240.2,low,0,0,12.9
4301,M19160,M,301.7,310.1,1644,34.6,5,0,0,0,0,0,0,M,1,8.400000000000034,56882.4,low,0,0,10.6
4302,L51481,L,301.7,310.2,1471,51.1,8,0,0,0,0,0,0,L,1,8.5,75168.1,low,0,0,15.12
4303,L51482,L,301.7,310.1,2695,12.6,10,0,0,0,0,0,0,L,1,8.400000000000034,33957.0,low,0,0,8.2
4304,L51483,L,301.7,310.2,1435,48.1,12,0,0,0,0,0,0,L,1,8.5,69023.5,low,0,0,16.12
4305,L51484,L,301.6,310.1,1694,26.3,14,0,0,0,0,0,0,L,1,8.5,44552.200000000004,low,0,0,12.56
4306,L51485,L,301.6,310.1,1687,26.6,16,0,0,0,0,0,0,L,1,8.5,44874.200000000004,low,0,0,13.42
4307,L51486,L,301.6,310.0,1869,22.9,18,0,0,0,0,0,0,L,1,8.399999999999977,42800.1,low,0,0,13.46
4308,L51487,L,301.4,309.9,1259,63.9,20,1,0,1,0,0,0,L,1,8.5,80450.09999999999,low,0,1,72.48
4309,H33722,H,301.4,309.9,1460,47.2,22,0,0,0,0,0,0,H,1,8.5,68912.0,low,0,0,19.94
4310,M19169,M,301.3,309.9,1501,39.5,27,0,0,0,0,0,0,M,1,8.599999999999966,59289.5,low,0,0,20.42
4311,L51490,L,301.4,310.0,1776,25.6,30,0,0,0,0,0,0,L,1,8.600000000000023,45465.600000000006,low,0,0,18.84
4312,M19171,M,301.5,310.1,1468,40.8,32,0,0,0,0,0,0,M,1,8.600000000000023,59894.399999999994,low,0,0,22.68
4313,L51492,L,301.5,310.1,1430,46.5,35,0,0,0,0,0,0,L,1,8.600000000000023,66495.0,low,0,0,25.02
4314,L51493,L,301.4,310.1,1502,46.6,37,0,0,0,0,0,0,L,1,8.700000000000045,69993.2,low,0,0,25.86
4315,H33728,H,301.4,310.1,1623,32.3,39,0,0,0,0,0,0,H,1,8.700000000000045,52422.899999999994,low,0,0,23.8
4316,M19175,M,301.4,310.0,1651,29.8,44,0,0,0,0,0,0,M,1,8.600000000000023,49199.8,low,0,0,25.28
4317,L51496,L,301.5,310.1,1639,33.4,47,0,0,0,0,0,0,L,1,8.600000000000023,54742.6,low,0,0,27.2
4318,M19177,M,301.5,310.0,1417,44.6,49,0,0,0,0,0,0,M,1,8.5,63198.200000000004,low,0,0,30.22
4319,L51498,L,301.5,310.1,1541,42.2,52,0,0,0,0,0,0,L,1,8.600000000000023,65030.200000000004,mid,0,0,30.96
4320,M19179,M,301.6,310.2,1411,45.1,54,0,0,0,0,0,0,M,1,8.599999999999966,63636.1,mid,0,0,32.34
4321,L51500,L,301.7,310.3,1397,44.6,57,0,0,0,0,0,0,L,1,8.600000000000023,62306.200000000004,mid,0,0,33.44
4322,L51501,L,301.7,310.2,1686,28.9,59,0,0,0,0,0,0,L,1,8.5,48725.399999999994,mid,0,0,31.08
4323,M19182,M,301.7,310.1,1431,44.0,61,0,0,0,0,0,0,M,1,8.400000000000034,62964.0,mid,0,0,34.88
4324,L51503,L,301.8,310.3,1341,50.5,64,1,0,1,0,0,0,L,1,8.5,67720.5,mid,0,1,87.4
4325,L51504,L,301.7,310.2,1486,43.0,66,0,0,0,0,0,0,L,1,8.5,63898.0,mid,0,0,36.7
4326,L51505,L,301.6,310.2,1384,57.1,68,0,0,0,0,0,0,L,1,8.599999999999966,79026.40000000001,mid,0,0,40.34
4327,L51506,L,301.6,310.1,1362,55.8,70,1,0,1,0,0,0,L,1,8.5,75999.59999999999,mid,0,1,90.86
4328,H33741,H,301.7,310.1,1660,29.3,72,0,0,0,0,0,0,H,1,8.400000000000034,48638.0,mid,0,0,36.34
4329,L51508,L,301.6,310.1,1326,48.2,77,1,0,1,0,0,0,L,1,8.5,63913.200000000004,mid,0,1,92.14
4330,L51509,L,301.6,310.0,1566,30.3,79,0,0,0,0,0,0,L,1,8.399999999999977,47449.8,mid,0,0,39.34
4331,L51510,L,301.5,309.8,1549,38.5,81,0,0,0,0,0,0,L,1,8.300000000000011,59636.5,mid,0,0,41.76
4332,M19191,M,301.6,309.9,1746,31.1,83,0,0,0,0,0,0,M,1,8.299999999999955,54300.600000000006,mid,0,0,41.08
4333,M19192,M,301.7,309.9,1452,41.5,86,0,0,0,0,0,0,M,1,8.199999999999989,60258.0,mid,0,0,44.34
4334,L51513,L,301.6,309.8,1588,33.9,89,0,0,0,0,0,0,L,1,8.199999999999989,53833.2,mid,0,0,44.02
4335,L51514,L,301.6,309.8,1472,42.5,91,0,0,0,0,0,0,L,1,8.199999999999989,62560.0,mid,0,0,46.54
4336,L51515,L,301.7,309.9,1607,37.7,93,0,0,0,0,0,0,L,1,8.199999999999989,60583.9,mid,0,0,46.38
4337,H33750,H,301.6,309.9,1423,53.6,95,0,0,0,0,0,0,H,1,8.299999999999955,76272.8,mid,0,0,50.38
4338,L51517,L,301.6,309.9,1440,43.4,100,0,0,0,0,0,0,L,1,8.299999999999955,62496.0,mid,0,0,50.34
4339,L51518,L,301.6,309.9,1397,43.7,102,0,0,0,0,0,0,L,1,8.299999999999955,61048.9,mid,0,0,51.2
4340,L51519,L,301.7,309.9,1524,46.6,104,0,0,0,0,0,0,L,1,8.199999999999989,71018.40000000001,mid,0,0,52.56
4341,M19200,M,301.7,309.9,1533,40.9,106,0,0,0,0,0,0,M,1,8.199999999999989,62699.7,mid,0,0,52.22
4342,L51521,L,301.7,309.8,1398,46.0,109,0,0,0,0,0,0,L,1,8.100000000000023,64308.0,mid,0,0,54.42
4343,M19202,M,301.7,309.8,1284,68.2,111,1,0,1,1,0,0,M,1,8.100000000000023,87568.8,mid,0,2,109.66
4344,L51523,L,301.7,309.8,1491,39.3,114,0,0,0,0,0,0,L,1,8.100000000000023,58596.299999999996,mid,0,0,55.08
4345,H33758,H,301.8,309.9,1418,51.3,116,0,0,0,0,0,0,H,1,8.099999999999966,72743.4,mid,0,0,58.28
4346,M19205,M,301.8,309.8,1546,39.8,121,0,0,0,0,0,0,M,1,8.0,61530.799999999996,mid,0,0,57.96
4347,L51526,L,301.8,309.7,1598,30.4,124,0,0,0,0,0,0,L,1,7.899999999999977,48579.2,mid,0,0,57.26
4348,H33761,H,301.9,309.8,1724,27.5,126,0,0,0,0,0,0,H,1,7.900000000000034,47410.0,mid,0,0,57.48
4349,L51528,L,301.9,309.8,1507,44.7,131,0,0,0,0,0,0,L,1,7.900000000000034,67362.90000000001,mid,0,0,62.92
4350,L51529,L,301.9,309.7,1595,31.4,133,0,0,0,0,0,0,L,1,7.800000000000011,50083.0,mid,0,0,61.04
4351,M19210,M,301.9,309.7,1568,37.5,135,0,0,0,0,0,0,M,1,7.800000000000011,58800.0,mid,0,0,63.06
4352,L51531,L,301.8,309.6,1432,43.7,138,0,0,0,0,0,0,L,1,7.800000000000011,62578.4,mid,0,0,65.5
4353,L51532,L,301.9,309.7,1424,42.8,140,0,0,0,0,0,0,L,1,7.800000000000011,60947.2,mid,0,0,66.12
4354,M19213,M,302.0,309.7,1386,62.7,142,1,0,0,1,0,0,M,1,7.699999999999989,86902.2,mid,0,1,120.88
4355,L51534,L,302.0,309.8,1456,58.1,145,0,0,0,0,0,0,L,1,7.800000000000011,84593.6,mid,0,0,71.18
4356,H33769,H,302.0,309.8,1280,57.3,147,1,0,1,0,0,0,H,1,7.800000000000011,73344.0,mid,0,1,121.82
4357,L51536,L,302.0,309.8,1649,31.0,152,0,0,0,0,0,0,L,1,7.800000000000011,51119.0,high,0,0,68.56
4358,L51537,L,302.0,309.9,1407,52.8,154,0,0,0,0,0,0,L,1,7.899999999999977,74289.59999999999,high,0,0,73.74
4359,H33772,H,302.0,309.9,1606,34.5,156,0,0,0,0,0,0,H,1,7.899999999999977,55407.0,high,0,0,70.88
4360,M19219,M,302.1,310.0,1531,38.0,161,0,0,0,0,0,0,M,1,7.899999999999977,58178.0,high,0,0,73.58
4361,L51540,L,302.1,310.1,1543,35.8,164,0,0,0,0,0,0,L,1,8.0,55239.399999999994,high,0,0,74.36
4362,M19221,M,302.1,310.1,1379,48.2,166,1,0,1,0,0,0,M,1,8.0,66467.8,high,0,1,127.64
4363,L51542,L,302.1,310.1,1447,46.6,169,0,0,0,0,0,0,L,1,8.0,67430.2,high,0,0,78.52
4364,H33777,H,302.1,310.1,1844,24.6,171,0,0,0,0,0,0,H,1,8.0,45362.4,high,0,0,74.92
4365,H33778,H,302.1,310.1,1615,29.9,176,0,0,0,0,0,0,H,1,8.0,48288.5,high,0,0,77.98
4366,L51545,L,302.0,310.0,1449,48.8,181,0,0,0,0,0,0,L,1,8.0,70711.2,high,0,0,83.76
4367,L51546,L,302.0,309.9,1388,51.4,183,0,0,0,0,0,0,L,1,7.899999999999977,71343.2,high,0,0,85.06
4368,H33781,H,302.0,309.9,1447,42.8,185,0,0,0,0,0,0,H,1,7.899999999999977,61931.6,high,0,0,84.14
4369,L51548,L,302.0,310.0,1664,28.6,190,0,0,0,0,0,0,L,1,8.0,47590.4,high,0,0,83.32
4370,H33783,H,302.0,309.9,1735,27.2,192,0,0,0,0,0,0,H,1,7.899999999999977,47192.0,high,0,0,83.82
4371,L51550,L,302.0,309.9,1308,57.6,197,1,0,1,0,1,0,L,1,7.899999999999977,75340.8,high,0,2,141.9
4372,L51551,L,302.0,309.8,1480,40.0,199,0,0,0,0,0,0,L,1,7.800000000000011,59200.0,high,0,0,89.16
4373,M19232,M,301.9,309.6,1439,41.7,201,0,0,0,0,0,0,M,1,7.7000000000000455,60006.3,high,1,0,90.28
4374,M19233,M,301.9,309.7,1533,35.9,204,0,0,0,0,0,0,M,1,7.800000000000011,55034.7,high,1,0,90.34
4375,L51554,L,302.0,309.7,1551,34.8,207,0,0,0,0,0,0,L,1,7.699999999999989,53974.799999999996,high,1,0,91.3
4376,L51555,L,302.0,309.7,1414,36.3,209,0,0,0,0,0,0,L,1,7.699999999999989,51328.2,high,1,0,92.4
4377,M19236,M,301.9,309.6,1551,34.6,211,0,0,0,0,0,0,M,1,7.7000000000000455,53664.600000000006,high,1,0,92.86
4378,M19237,M,301.8,309.6,1436,49.0,214,0,0,0,0,0,0,M,1,7.800000000000011,70364.0,high,1,0,96.96
4379,M19238,M,301.9,309.6,1385,45.8,217,0,0,0,0,0,0,M,1,7.7000000000000455,63432.99999999999,high,1,0,97.5
4380,M19239,M,301.8,309.5,1732,30.1,220,0,0,0,0,0,0,M,1,7.699999999999989,52133.200000000004,high,1,0,95.56
4381,L51560,L,301.9,309.6,1410,49.0,223,0,0,0,0,0,0,L,1,7.7000000000000455,69090.0,high,1,0,100.54
4382,L51561,L,301.9,309.6,1446,43.2,225,0,0,0,0,0,0,L,1,7.7000000000000455,62467.200000000004,high,1,0,100.18
4383,L51562,L,301.8,309.5,1525,39.6,227,0,0,0,0,0,0,L,1,7.699999999999989,60390.0,high,1,0,100.26
4384,L51563,L,301.7,309.5,1298,65.5,229,1,0,1,0,1,0,L,1,7.800000000000011,85019.0,high,1,2,156.26
4385,L51564,L,301.8,309.6,1443,42.7,231,0,0,0,0,0,0,L,1,7.800000000000011,61616.100000000006,high,1,0,102.5
4386,L51565,L,301.8,309.7,1442,45.3,233,1,1,0,0,0,0,L,1,7.899999999999977,65322.6,high,1,1,153.84
4387,L51566,L,301.9,309.7,1719,31.9,0,0,0,0,0,0,0,L,1,7.800000000000011,54836.1,low,0,0,7.94
4388,L51567,L,302.0,309.8,1532,39.4,2,0,0,0,0,0,0,L,1,7.800000000000011,60360.799999999996,low,0,0,10.24
4389,L51568,L,302.0,309.8,1701,27.2,4,0,0,0,0,0,0,L,1,7.800000000000011,46267.2,low,0,0,8.6
4390,M19249,M,302.1,310.0,1355,45.1,6,1,0,1,0,0,0,M,1,7.899999999999977,61110.5,low,0,1,63.0
4391,M19250,M,302.2,310.1,1421,45.4,9,0,0,0,0,0,0,M,1,7.900000000000034,64513.4,low,0,0,14.26
4392,M19251,M,302.2,310.1,1368,51.6,12,1,0,1,0,0,0,M,1,7.900000000000034,70588.8,low,0,1,66.7
4393,L51572,L,302.2,310.1,1458,45.1,15,0,0,0,0,0,0,L,1,7.900000000000034,65755.8,low,0,0,16.6
4394,M19253,M,302.2,310.1,1572,34.6,17,0,0,0,0,0,0,M,1,7.900000000000034,54391.200000000004,low,0,0,15.3
4395,L51574,L,302.2,310.0,1483,48.7,20,0,0,0,0,0,0,L,1,7.800000000000011,72222.1,low,0,0,19.3
4396,L51575,L,302.3,310.1,1513,40.4,22,0,0,0,0,0,0,L,1,7.800000000000011,61125.2,low,0,0,18.44
4397,H33810,H,302.3,310.1,1383,42.9,24,0,0,0,0,0,0,H,1,7.800000000000011,59330.7,low,0,0,19.74
4398,L51577,L,302.4,310.2,1539,37.7,29,0,0,0,0,0,0,L,1,7.800000000000011,58020.3,low,0,0,20.7
4399,M19258,M,302.3,310.1,1563,37.8,31,0,0,0,0,0,0,M,1,7.800000000000011,59081.399999999994,low,0,0,21.52
4400,L51579,L,302.3,310.1,1653,29.7,34,0,0,0,0,0,0,L,1,7.800000000000011,49094.1,low,0,0,21.1
4401,L51580,L,302.3,310.1,1353,50.9,36,1,0,1,0,0,0,L,1,7.800000000000011,68867.7,low,0,1,76.14
4402,H33815,H,302.2,310.0,1468,43.6,38,0,0,0,0,0,0,H,1,7.800000000000011,64004.8,low,0,0,25.48
4403,H33816,H,302.3,310.2,1506,33.8,43,0,0,0,0,0,0,H,1,7.899999999999977,50902.799999999996,low,0,0,25.54
4404,L51583,L,302.3,310.1,1388,49.9,48,0,0,0,0,0,0,L,1,7.800000000000011,69261.2,low,0,0,30.74
4405,M19264,M,302.4,310.2,1485,45.9,50,0,0,0,0,0,0,M,1,7.800000000000011,68161.5,low,0,0,30.74
4406,L51585,L,302.4,310.2,1331,45.5,53,1,0,1,0,0,0,L,1,7.800000000000011,60560.5,mid,0,1,81.86
4407,L51586,L,302.5,310.3,1326,58.5,55,1,0,1,0,0,0,L,1,7.800000000000011,77571.0,mid,0,1,85.26
4408,L51587,L,302.3,310.2,1394,55.4,57,0,0,0,0,0,0,L,1,7.899999999999977,77227.59999999999,mid,0,0,35.46
4409,L51588,L,302.4,310.1,2009,18.9,59,0,0,0,0,0,0,L,1,7.7000000000000455,37970.1,mid,0,0,28.92
4410,M19269,M,302.4,310.1,1358,54.6,61,1,0,1,0,0,0,M,1,7.7000000000000455,74146.8,mid,0,1,86.86
4411,L51590,L,302.5,310.2,1586,32.2,64,0,0,0,0,0,0,L,1,7.699999999999989,51069.200000000004,mid,0,0,33.58
4412,L51591,L,302.5,310.3,1688,31.6,66,0,0,0,0,0,0,L,1,7.800000000000011,53340.8,mid,0,0,34.28
4413,L51592,L,302.6,310.5,1450,43.2,68,0,0,0,0,0,0,L,1,7.899999999999977,62640.00000000001,mid,0,0,37.42
4414,M19273,M,302.7,310.5,1398,47.3,70,0,0,0,0,0,0,M,1,7.800000000000011,66125.4,mid,0,0,39.02
4415,L51594,L,302.7,310.5,1520,39.3,73,0,0,0,0,0,0,L,1,7.800000000000011,59735.99999999999,mid,0,0,38.62
4416,L51595,L,302.6,310.4,1514,42.7,75,0,0,0,0,0,0,L,1,7.7999999999999545,64647.8,mid,0,0,40.1
4417,M19276,M,302.6,310.4,1532,36.1,77,0,0,0,0,0,0,M,1,7.7999999999999545,55305.200000000004,mid,0,0,39.58
4418,L51597,L,302.6,310.4,1365,66.8,80,1,0,1,1,0,0,L,1,7.7999999999999545,91182.0,mid,0,2,96.92
4419,L51598,L,302.6,310.3,1642,33.2,82,0,0,0,0,0,0,L,1,7.699999999999989,54514.4,mid,0,0,40.98
4420,M19279,M,302.6,310.2,2676,10.8,84,1,0,0,1,0,0,M,1,7.599999999999966,28900.800000000003,mid,0,1,87.28
4421,H33834,H,302.6,310.2,1873,21.3,87,0,0,0,0,0,0,H,1,7.599999999999966,39894.9,mid,0,0,40.58
4422,L51601,L,302.6,310.2,1325,62.4,92,1,0,1,0,0,0,L,1,7.599999999999966,82680.0,mid,0,1,100.8
4423,M19282,M,302.6,310.2,2157,17.2,94,0,0,0,0,0,0,M,1,7.599999999999966,37100.4,mid,0,0,42.56
4424,M19283,M,302.6,310.2,1563,39.0,97,0,0,0,0,0,0,M,1,7.599999999999966,60957.0,mid,0,0,48.12
4425,M19284,M,302.6,310.2,1631,31.0,100,0,0,0,0,0,0,M,1,7.599999999999966,50561.0,mid,0,0,47.72
4426,L51605,L,302.5,310.2,1547,36.9,103,0,0,0,0,0,0,L,1,7.699999999999989,57084.299999999996,mid,0,0,50.12
4427,L51606,L,302.6,310.3,1479,40.4,105,0,0,0,0,0,0,L,1,7.699999999999989,59751.6,mid,0,0,51.62
4428,M19287,M,302.4,310.1,1379,48.9,107,1,0,1,0,0,0,M,1,7.7000000000000455,67433.09999999999,mid,0,1,104.12
4429,L51608,L,302.4,310.1,1906,21.2,110,0,0,0,0,0,0,L,1,7.7000000000000455,40407.2,mid,0,0,49.78
4430,M19289,M,302.3,310.1,1731,33.4,112,0,0,0,0,0,0,M,1,7.800000000000011,57815.399999999994,mid,0,0,53.04
4431,H33844,H,302.3,310.1,1688,30.4,115,0,0,0,0,0,0,H,1,7.800000000000011,51315.2,mid,0,0,53.64
4432,H33845,H,302.3,310.2,1443,54.6,120,0,0,0,0,0,0,H,1,7.899999999999977,78787.8,mid,0,0,60.5
4433,L51612,L,302.4,310.2,1445,46.4,125,0,0,0,0,0,0,L,1,7.800000000000011,67048.0,mid,0,0,60.84
4434,H33847,H,302.4,310.2,1435,44.9,127,0,0,0,0,0,0,H,1,7.800000000000011,64431.5,mid,0,0,61.34
4435,L51614,L,302.4,310.1,1556,32.9,132,0,0,0,0,0,0,L,1,7.7000000000000455,51192.399999999994,mid,0,0,60.92
4436,L51615,L,302.3,310.1,1321,52.7,134,1,0,1,0,0,0,L,1,7.800000000000011,69616.7,mid,0,1,115.7
4437,M19296,M,302.4,310.1,1577,35.8,136,0,0,0,0,0,0,M,1,7.7000000000000455,56456.6,mid,0,0,63.1
4438,L51617,L,302.4,310.2,1578,31.2,139,0,0,0,0,0,0,L,1,7.800000000000011,49233.6,mid,0,0,63.4
4439,L51618,L,302.4,310.1,1418,52.3,141,0,0,0,0,0,0,L,1,7.7000000000000455,74161.4,mid,0,0,68.4
4440,M19299,M,302.4,310.2,1392,55.8,143,0,0,0,0,0,0,M,1,7.800000000000011,77673.59999999999,mid,0,0,69.92
4441,L51620,L,302.5,310.3,1446,44.0,146,0,0,0,0,0,0,L,1,7.800000000000011,63624.0,mid,0,0,68.76
4442,L51621,L,302.5,310.2,1329,50.6,148,1,0,1,0,0,0,L,1,7.699999999999989,67247.40000000001,mid,0,1,120.86
4443,L51622,L,302.5,310.2,1563,34.8,150,0,0,0,0,0,0,L,1,7.699999999999989,54392.399999999994,mid,0,0,68.5
4444,L51623,L,302.5,310.3,1405,57.4,152,0,0,0,0,0,0,L,1,7.800000000000011,80647.0,high,0,0,73.84
4445,L51624,L,302.4,310.2,2224,16.0,154,0,0,0,0,0,0,L,1,7.800000000000011,35584.0,high,0,0,66.36
4446,L51625,L,302.5,310.2,1716,29.9,156,0,0,0,0,0,0,L,1,7.699999999999989,51308.399999999994,high,0,0,69.92
4447,L51626,L,302.5,310.3,1584,35.5,158,0,0,0,0,0,0,L,1,7.800000000000011,56232.0,high,0,0,71.86
4448,M19307,M,302.5,310.3,1488,41.8,160,0,0,0,0,0,0,M,1,7.800000000000011,62198.399999999994,high,0,0,73.92
4449,L51628,L,302.4,310.3,1374,51.2,163,1,0,1,0,0,0,L,1,7.900000000000034,70348.8,high,0,1,127.02
4450,M19309,M,302.4,310.3,1378,54.3,165,1,0,1,0,0,0,M,1,7.900000000000034,74825.4,high,0,1,128.44
4451,L51630,L,302.5,310.3,1551,37.3,168,0,0,0,0,0,0,L,1,7.800000000000011,57852.299999999996,high,0,0,76.22
4452,L51631,L,302.5,310.3,1549,40.9,170,0,0,0,0,0,0,L,1,7.800000000000011,63354.1,high,0,0,77.74
4453,M19312,M,302.5,310.3,1447,39.2,172,0,0,0,0,0,0,M,1,7.800000000000011,56722.4,high,0,0,78.2
4454,L51633,L,302.4,310.2,1400,53.7,175,0,0,0,0,0,0,L,1,7.800000000000011,75180.0,high,0,0,82.3
4455,L51634,L,302.4,310.1,1401,48.8,177,0,0,0,0,0,0,L,1,7.7000000000000455,68368.8,high,0,0,82.1
4456,H33869,H,302.4,310.1,1597,28.9,179,0,0,0,0,0,0,H,1,7.7000000000000455,46153.299999999996,high,0,0,78.92
4457,L51636,L,302.3,310.1,1487,46.0,184,0,0,0,0,0,0,L,1,7.800000000000011,68402.0,high,0,0,84.36
4458,M19317,M,302.5,310.3,1710,27.3,186,0,0,0,0,0,0,M,1,7.800000000000011,46683.0,high,0,0,81.42
4459,L51638,L,302.6,310.4,1478,47.7,189,0,0,0,0,0,0,L,1,7.7999999999999545,70500.6,high,0,0,86.7
4460,L51639,L,302.6,310.4,1743,26.3,191,0,0,0,0,0,0,L,1,7.7999999999999545,45840.9,high,0,0,83.22
4461,L51640,L,302.6,310.5,1596,32.8,193,0,0,0,0,0,0,L,1,7.899999999999977,52348.799999999996,high,0,0,85.34
4462,L51641,L,302.7,310.5,1642,30.8,195,0,0,0,0,0,0,L,1,7.800000000000011,50573.6,high,0,0,85.72
4463,L51642,L,302.7,310.5,1263,67.8,197,1,0,1,0,1,0,L,1,7.800000000000011,85631.4,high,0,2,143.92
4464,L51643,L,302.8,310.6,2016,19.9,199,0,0,0,0,0,0,L,1,7.800000000000011,40118.399999999994,high,0,0,85.14
4465,L51644,L,302.8,310.6,1671,30.5,201,0,0,0,0,0,0,L,1,7.800000000000011,50965.5,high,1,0,88.06
4466,L51645,L,302.8,310.6,1404,43.2,203,0,0,0,0,0,0,L,1,7.800000000000011,60652.8,high,1,0,91.4
4467,L51646,L,302.8,310.6,1470,41.1,205,0,0,0,0,0,0,L,1,7.800000000000011,60417.0,high,1,0,91.78
4468,L51647,L,302.8,310.6,1617,37.9,207,0,0,0,0,0,0,L,1,7.800000000000011,61284.299999999996,high,1,0,91.94
4469,L51648,L,302.7,310.5,1725,29.0,209,0,0,0,0,0,0,L,1,7.800000000000011,50025.0,high,1,0,90.96
4470,L51649,L,302.7,310.5,1446,40.9,211,1,1,0,0,0,0,L,1,7.800000000000011,59141.4,high,1,1,144.14
4471,L51650,L,302.7,310.6,1564,34.3,0,0,0,0,0,0,0,L,1,7.900000000000034,53645.2,low,0,0,8.44
4472,L51651,L,302.8,310.6,1670,29.1,2,0,0,0,0,0,0,L,1,7.800000000000011,48597.0,low,0,0,8.18
4473,L51652,L,302.7,310.6,1501,48.7,4,0,0,0,0,0,0,L,1,7.900000000000034,73098.7,low,0,0,12.92
4474,L51653,L,302.7,310.5,1551,35.9,6,0,0,0,0,0,0,L,1,7.800000000000011,55680.899999999994,low,0,0,11.14
4475,L51654,L,302.7,310.5,1563,35.0,8,0,0,0,0,0,0,L,1,7.800000000000011,54705.0,low,0,0,11.76
4476,L51655,L,302.7,310.5,1351,41.8,10,1,0,1,0,0,0,L,1,7.800000000000011,56471.799999999996,low,0,1,63.92
4477,L51656,L,302.6,310.4,1415,52.1,12,0,0,0,0,0,0,L,1,7.7999999999999545,73721.5,low,0,0,16.78
4478,L51657,L,302.6,310.3,1647,34.2,14,0,0,0,0,0,0,L,1,7.699999999999989,56327.4,low,0,0,13.98
4479,L51658,L,302.5,310.2,1477,41.6,16,0,0,0,0,0,0,L,1,7.699999999999989,61443.200000000004,low,0,0,16.26
4480,L51659,L,302.6,310.2,1923,21.5,18,0,0,0,0,0,0,L,1,7.599999999999966,41344.5,low,0,0,13.02
4481,H33894,H,302.7,310.4,1305,55.2,20,1,0,1,0,0,0,H,1,7.699999999999989,72036.0,low,0,1,70.58
4482,M19341,M,302.6,310.4,1544,35.1,25,0,0,0,0,0,0,M,1,7.7999999999999545,54194.4,low,0,0,18.58
4483,H33896,H,302.7,310.5,1568,36.9,28,0,0,0,0,0,0,H,1,7.800000000000011,57859.2,low,0,0,20.14
4484,L51663,L,302.7,310.4,1489,42.7,33,0,0,0,0,0,0,L,1,7.699999999999989,63580.3,low,0,0,23.28
4485,M19344,M,302.6,310.4,1451,43.1,35,0,0,0,0,0,0,M,1,7.7999999999999545,62538.1,low,0,0,24.18
4486,L51665,L,302.7,310.4,1542,35.7,38,0,0,0,0,0,0,L,1,7.699999999999989,55049.4,low,0,0,23.88
4487,M19346,M,302.6,310.5,1965,20.2,40,0,0,0,0,0,0,M,1,7.899999999999977,39693.0,low,0,0,21.62
4488,L51667,L,302.5,310.5,1436,36.5,43,0,0,0,0,0,0,L,1,8.0,52414.0,low,0,0,26.1
4489,M19348,M,302.5,310.4,1509,37.6,45,0,0,0,0,0,0,M,1,7.899999999999977,56738.4,low,0,0,27.1
4490,L51669,L,302.5,310.4,1487,40.2,48,0,0,0,0,0,0,L,1,7.899999999999977,59777.4,low,0,0,28.82
4491,L51670,L,302.5,310.4,1967,20.3,50,0,0,0,0,0,0,L,1,7.899999999999977,39930.1,low,0,0,25.64
4492,H33905,H,302.6,310.4,1409,53.3,52,0,0,0,0,0,0,H,1,7.7999999999999545,75099.7,mid,0,0,33.02
4493,M19352,M,302.6,310.5,1420,56.4,57,0,0,0,0,0,0,M,1,7.899999999999977,80088.0,mid,0,0,35.66
4494,L51673,L,302.7,310.5,1511,37.7,60,0,0,0,0,0,0,L,1,7.800000000000011,56964.700000000004,mid,0,0,33.1
4495,H33908,H,302.6,310.4,1649,30.1,62,0,0,0,0,0,0,H,1,7.7999999999999545,49634.9,mid,0,0,32.38
4496,L51675,L,302.6,310.4,1359,57.2,67,1,0,1,0,0,0,L,1,7.7999999999999545,77734.8,mid,0,1,89.8
4497,M19356,M,302.5,310.4,1605,36.0,69,0,0,0,0,0,0,M,1,7.899999999999977,57780.0,mid,0,0,36.38
4498,L51677,L,302.5,310.3,1523,36.0,72,0,0,0,0,0,0,L,1,7.800000000000011,54828.0,mid,0,0,37.56
4499,H33912,H,302.6,310.4,1614,36.0,74,0,0,0,0,0,0,H,1,7.7999999999999545,58104.0,mid,0,0,38.36
4500,H33913,H,302.6,310.3,1721,27.4,79,0,0,0,0,0,0,H,1,7.699999999999989,47155.399999999994,mid,0,0,38.62
4501,L51680,L,302.6,310.4,1638,36.2,84,0,0,0,0,0,0,L,1,7.7999999999999545,59295.600000000006,mid,0,0,42.4
4502,L51681,L,302.5,310.2,1307,54.0,86,1,0,1,0,0,0,L,1,7.699999999999989,70578.0,mid,0,1,96.74
4503,L51682,L,302.4,310.2,1642,28.3,88,0,0,0,0,0,0,L,1,7.800000000000011,46468.6,mid,0,0,42.42
4504,M19363,M,302.5,310.2,1751,30.5,90,0,0,0,0,0,0,M,1,7.699999999999989,53405.5,mid,0,0,43.64
4505,L51684,L,302.4,310.1,1645,31.6,93,0,0,0,0,0,0,L,1,7.7000000000000455,51982.0,mid,0,0,45.06
4506,L51685,L,302.4,310.1,1426,46.8,95,0,0,0,0,0,0,L,1,7.7000000000000455,66736.8,mid,0,0,48.9
4507,M19366,M,302.4,310.1,1520,36.6,97,0,0,0,0,0,0,M,1,7.7000000000000455,55632.0,mid,0,0,47.66
4508,L51687,L,302.4,310.1,1709,31.8,100,0,0,0,0,0,0,L,1,7.7000000000000455,54346.200000000004,mid,0,0,47.9
4509,L51688,L,302.4,310.0,1426,46.6,102,0,0,0,0,0,0,L,1,7.600000000000023,66451.6,mid,0,0,51.64
4510,L51689,L,302.4,310.1,1429,43.7,104,0,0,0,0,0,0,L,1,7.7000000000000455,62447.3,mid,0,0,51.88
4511,L51690,L,302.4,310.2,1346,62.4,106,1,0,1,0,0,0,L,1,7.800000000000011,83990.4,mid,0,1,106.44
4512,L51691,L,302.5,310.2,1454,43.0,108,0,0,0,0,0,0,L,1,7.699999999999989,62522.0,mid,0,0,53.34
4513,M19372,M,302.5,310.3,1411,49.5,110,0,0,0,0,0,0,M,1,7.800000000000011,69844.5,mid,0,0,55.46
4514,L51693,L,302.4,310.3,1900,24.4,113,0,0,0,0,0,0,L,1,7.900000000000034,46360.0,mid,0,0,51.66
4515,L51694,L,302.4,310.3,1479,36.2,115,0,0,0,0,0,0,L,1,7.900000000000034,53539.8,mid,0,0,54.82
4516,L51695,L,302.5,310.4,1415,48.2,117,0,0,0,0,0,0,L,1,7.899999999999977,68203.0,mid,0,0,58.02
4517,L51696,L,302.5,310.3,1539,39.0,119,0,0,0,0,0,0,L,1,7.800000000000011,60021.0,mid,0,0,56.96
4518,L51697,L,302.4,310.3,1520,31.6,121,0,0,0,0,0,0,L,1,7.900000000000034,48032.0,mid,0,0,56.3
4519,L51698,L,302.4,310.3,1480,45.8,123,0,0,0,0,0,0,L,1,7.900000000000034,67784.0,mid,0,0,59.94
4520,L51699,L,302.4,310.4,1666,29.7,125,0,0,0,0,0,0,L,1,8.0,49480.2,mid,0,0,57.54
4521,L51700,L,302.4,310.4,1456,47.6,127,0,0,0,0,0,0,L,1,8.0,69305.6,mid,0,0,61.92
4522,L51701,L,302.4,310.4,1865,23.9,129,0,0,0,0,0,0,L,1,8.0,44573.5,mid,0,0,57.98
4523,M19382,M,302.5,310.5,1918,21.6,131,0,0,0,0,0,0,M,1,8.0,41428.8,mid,0,0,58.32
4524,L51703,L,302.5,310.4,1488,48.4,134,0,0,0,0,0,0,L,1,7.899999999999977,72019.2,mid,0,0,64.86
4525,M19384,M,302.5,310.5,1527,38.8,136,0,0,0,0,0,0,M,1,8.0,59247.6,mid,0,0,63.76
4526,M19385,M,302.4,310.4,1463,42.2,139,0,0,0,0,0,0,M,1,8.0,61738.600000000006,mid,0,0,65.64
4527,L51706,L,302.4,310.4,1521,38.5,142,0,0,0,0,0,0,L,1,8.0,58558.5,mid,0,0,66.1
4528,M19387,M,302.4,310.5,1372,45.7,144,1,0,1,0,0,0,M,1,8.100000000000023,62700.4,mid,0,1,118.36
4529,L51708,L,302.5,310.5,1507,39.5,147,0,0,0,0,0,0,L,1,8.0,59526.5,mid,0,0,68.3
4530,M19389,M,302.4,310.4,1586,34.3,149,0,0,0,0,0,0,M,1,8.0,54399.799999999996,mid,0,0,68.06
4531,L51710,L,302.5,310.4,1487,42.0,152,0,0,0,0,0,0,L,1,7.899999999999977,62454.0,high,0,0,70.78
4532,L51711,L,302.5,310.5,1520,41.2,154,0,0,0,0,0,0,L,1,8.0,62624.00000000001,high,0,0,71.44
4533,H33946,H,302.5,310.4,1422,41.9,156,0,0,0,0,0,0,H,1,7.899999999999977,59581.799999999996,high,0,0,72.36
4534,M19393,M,302.4,310.3,1375,52.5,161,1,0,1,0,0,0,M,1,7.900000000000034,72187.5,high,0,1,126.48
4535,L51714,L,302.4,310.2,1633,28.0,164,0,0,0,0,0,0,L,1,7.800000000000011,45724.0,high,0,0,72.76
4536,L51715,L,302.4,310.2,1503,36.2,166,0,0,0,0,0,0,L,1,7.800000000000011,54408.600000000006,high,0,0,75.2
4537,L51716,L,302.4,310.2,1351,45.1,168,1,0,1,0,0,0,L,1,7.800000000000011,60930.1,high,0,1,127.78
4538,L51717,L,302.3,310.2,1548,35.3,170,0,0,0,0,0,0,L,1,7.899999999999977,54644.399999999994,high,0,0,76.64
4539,L51718,L,302.4,310.3,1923,23.3,172,0,0,0,0,0,0,L,1,7.900000000000034,44805.9,high,0,0,75.04
4540,L51719,L,302.5,310.3,1592,32.6,174,0,0,0,0,0,0,L,1,7.800000000000011,51899.200000000004,high,0,0,77.68
4541,M19400,M,302.5,310.4,1580,35.6,176,0,0,0,0,0,0,M,1,7.899999999999977,56248.0,high,0,0,79.1
4542,L51721,L,302.5,310.4,1427,46.8,179,0,0,0,0,0,0,L,1,7.899999999999977,66783.59999999999,high,0,0,82.54
4543,M19402,M,302.5,310.4,1581,32.7,181,0,0,0,0,0,0,M,1,7.899999999999977,51698.700000000004,high,0,0,80.52
4544,M19403,M,302.6,310.5,1542,39.9,184,0,0,0,0,0,0,M,1,7.899999999999977,61525.799999999996,high,0,0,83.16
4545,L51724,L,302.5,310.4,1349,55.1,187,1,0,1,0,0,0,L,1,7.899999999999977,74329.90000000001,high,0,1,137.4
4546,L51725,L,302.5,310.5,1463,43.0,189,0,0,0,0,0,0,L,1,8.0,62909.0,high,0,0,85.8
4547,M19406,M,302.5,310.4,1429,43.2,191,0,0,0,0,0,0,M,1,7.899999999999977,61732.8,high,0,0,86.62
4548,M19407,M,302.5,310.4,1451,53.6,194,0,0,0,0,0,0,M,1,7.899999999999977,77773.6,high,0,0,89.9
4549,L51728,L,302.6,310.5,1511,37.2,197,0,0,0,0,0,0,L,1,7.899999999999977,56209.200000000004,high,0,0,87.82
4550,L51729,L,302.6,310.6,1549,37.5,199,0,0,0,0,0,0,L,1,8.0,58087.5,high,0,0,88.7
4551,M19410,M,302.5,310.5,1507,40.2,201,0,0,0,0,0,0,M,1,8.0,60581.4,high,1,0,90.04
4552,M19411,M,302.6,310.5,1524,33.7,204,0,0,0,0,0,0,M,1,7.899999999999977,51358.8,high,1,0,89.92
4553,M19412,M,302.7,310.5,1880,22.7,207,0,0,0,0,0,0,M,1,7.800000000000011,42676.0,high,1,0,88.9
4554,L51733,L,302.6,310.5,1461,45.4,0,0,0,0,0,0,0,L,1,7.899999999999977,66329.4,low,0,0,10.66
4555,L51734,L,302.6,310.5,1748,28.2,2,0,0,0,0,0,0,L,1,7.899999999999977,49293.6,low,0,0,8.02
4556,L51735,L,302.7,310.6,1690,26.7,4,0,0,0,0,0,0,L,1,7.900000000000034,45123.0,low,0,0,8.52
4557,M19416,M,302.7,310.6,1349,51.2,6,1,0,1,0,0,0,M,1,7.900000000000034,69068.8,low,0,1,64.22
4558,L51737,L,302.7,310.6,1686,26.3,9,0,0,0,0,0,0,L,1,7.900000000000034,44341.8,low,0,0,10.44
4559,L51738,L,302.7,310.7,1369,47.5,11,1,0,1,0,0,0,L,1,8.0,65027.5,low,0,1,65.5
4560,L51739,L,302.7,310.7,1433,43.7,13,0,0,0,0,0,0,L,1,8.0,62622.100000000006,low,0,0,15.54
4561,L51740,L,302.7,310.7,1597,41.9,15,0,0,0,0,0,0,L,1,8.0,66914.3,low,0,0,15.98
4562,L51741,L,302.9,310.8,1610,32.2,17,0,0,0,0,0,0,L,1,7.900000000000034,51842.00000000001,low,0,0,14.82
4563,L51742,L,302.7,310.7,1398,57.7,19,0,0,0,0,0,0,L,1,8.0,80664.6,low,0,0,20.74
4564,L51743,L,302.7,310.7,1977,20.0,21,0,0,0,0,0,0,L,1,8.0,39540.0,low,0,0,14.0
4565,L51744,L,302.8,310.8,1516,39.5,23,0,0,0,0,0,0,L,1,8.0,59882.0,low,0,0,18.7
4566,H33979,H,302.7,310.8,1275,55.0,25,1,0,1,0,0,0,H,1,8.100000000000023,70125.0,low,0,1,72.62
4567,L51746,L,302.8,310.8,1402,50.5,30,0,0,0,0,0,0,L,1,8.0,70801.0,low,0,0,23.7
4568,M19427,M,302.8,310.8,1451,44.7,32,0,0,0,0,0,0,M,1,8.0,64859.700000000004,low,0,0,23.34
4569,M19428,M,302.7,310.8,1555,36.1,35,0,0,0,0,0,0,M,1,8.100000000000023,56135.5,low,0,0,22.84
4570,L51749,L,302.8,310.9,1636,35.0,38,0,0,0,0,0,0,L,1,8.099999999999966,57260.0,low,0,0,23.82
4571,L51750,L,302.8,310.9,1312,52.2,40,1,0,1,0,0,0,L,1,8.099999999999966,68486.40000000001,low,0,1,78.06
4572,L51751,L,302.8,310.9,1708,29.8,42,0,0,0,0,0,0,L,1,8.099999999999966,50898.4,low,0,0,24.38
4573,M19432,M,302.9,311.0,1556,36.5,44,0,0,0,0,0,0,M,1,8.100000000000023,56794.0,low,0,0,26.52
4574,H33987,H,302.8,311.0,1436,43.5,47,0,0,0,0,0,0,H,1,8.199999999999989,62466.0,low,0,0,29.14
4575,M19434,M,302.9,311.0,1402,40.7,52,0,0,0,0,0,0,M,1,8.100000000000023,57061.4,mid,0,0,30.56
4576,M19435,M,302.9,311.0,1437,49.9,55,0,0,0,0,0,0,M,1,8.100000000000023,71706.3,mid,0,0,33.6
4577,M19436,M,302.9,311.1,1926,21.8,58,0,0,0,0,0,0,M,1,8.200000000000045,41986.8,mid,0,0,29.2
4578,L51757,L,303.0,311.2,1800,23.7,61,0,0,0,0,0,0,L,1,8.199999999999989,42660.0,mid,0,0,30.78
4579,L51758,L,303.0,311.2,1641,32.6,63,0,0,0,0,0,0,L,1,8.199999999999989,53496.600000000006,mid,0,0,33.36
4580,L51759,L,303.0,311.2,1374,48.2,65,1,0,1,0,0,0,L,1,8.199999999999989,66226.8,mid,0,1,87.28
4581,L51760,L,303.0,311.2,1494,37.0,67,0,0,0,0,0,0,L,1,8.199999999999989,55278.0,mid,0,0,35.84
4582,L51761,L,303.0,311.2,1601,32.9,69,0,0,0,0,0,0,L,1,8.199999999999989,52672.899999999994,mid,0,0,35.82
4583,L51762,L,302.9,311.2,1634,36.9,71,0,0,0,0,0,0,L,1,8.300000000000011,60294.6,mid,0,0,37.44
4584,M19443,M,302.9,311.2,1467,37.7,73,0,0,0,0,0,0,M,1,8.300000000000011,55305.9,mid,0,0,38.4
4585,L51764,L,302.8,311.1,1550,32.3,76,0,0,0,0,0,0,L,1,8.300000000000011,50064.99999999999,mid,0,0,38.52
4586,L51765,L,302.8,311.1,1563,32.2,78,0,0,0,0,0,0,L,1,8.300000000000011,50328.600000000006,mid,0,0,39.3
4587,L51766,L,302.7,310.9,1395,48.3,80,0,0,0,0,0,0,L,1,8.199999999999989,67378.5,mid,0,0,43.3
4588,M19447,M,302.8,311.0,1507,33.4,82,0,0,0,0,0,0,M,1,8.199999999999989,50333.799999999996,mid,0,0,41.12
4589,L51768,L,302.8,311.0,1564,38.5,85,0,0,0,0,0,0,L,1,8.199999999999989,60214.0,mid,0,0,43.34
4590,L51769,L,302.8,311.1,1721,30.0,87,0,0,0,0,0,0,L,1,8.300000000000011,51630.0,mid,0,0,42.46
4591,L51770,L,302.8,311.1,1456,36.1,89,0,0,0,0,0,0,L,1,8.300000000000011,52561.6,mid,0,0,44.48
4592,H34005,H,302.9,311.2,2102,17.8,91,0,0,0,0,0,0,H,1,8.300000000000011,37415.6,mid,0,0,41.62
4593,L51772,L,302.9,311.1,1555,33.9,96,0,0,0,0,0,0,L,1,8.200000000000045,52714.5,mid,0,0,46.82
4594,L51773,L,303.0,311.2,1409,41.9,98,0,0,0,0,0,0,L,1,8.199999999999989,59037.1,mid,0,0,49.22
4595,M19454,M,303.0,311.2,1387,41.4,100,0,0,0,0,0,0,M,1,8.199999999999989,57421.799999999996,mid,0,0,49.92
4596,M19455,M,303.0,311.2,1460,43.9,103,0,0,0,0,0,0,M,1,8.199999999999989,64094.0,mid,0,0,51.62
4597,L51776,L,303.0,311.2,1361,47.6,106,1,0,1,0,0,0,L,1,8.199999999999989,64783.6,mid,0,1,103.56
4598,M19457,M,303.0,311.1,1490,43.0,108,0,0,0,0,0,0,M,1,8.100000000000023,64070.0,mid,0,0,53.42
4599,L51778,L,303.1,311.2,1399,49.2,111,0,0,0,0,0,0,L,1,8.099999999999966,68830.8,mid,0,0,55.86
4600,L51779,L,303.1,311.1,1420,55.8,113,0,0,0,0,0,0,L,1,8.0,79236.0,mid,0,0,57.96
4601,L51780,L,303.0,311.0,1359,44.2,115,1,0,1,0,0,0,L,1,8.0,60067.8,mid,0,1,106.44
4602,M19461,M,303.0,311.1,1372,54.3,117,1,0,1,0,0,0,M,1,8.100000000000023,74499.59999999999,mid,0,1,109.28
4603,M19462,M,303.0,311.0,1409,41.7,120,0,0,0,0,0,0,M,1,8.0,58755.3,mid,0,0,57.94
4604,H34017,H,302.9,311.0,1452,58.3,123,0,0,0,0,0,0,H,1,8.100000000000023,84651.59999999999,mid,0,0,62.48
4605,L51784,L,302.9,311.0,1820,24.6,128,0,0,0,0,0,0,L,1,8.100000000000023,44772.0,mid,0,0,57.74
4606,H34019,H,302.9,311.0,1469,48.7,130,0,0,0,0,0,0,H,1,8.100000000000023,71540.3,mid,0,0,63.36
4607,L51786,L,302.9,311.1,1556,45.3,135,0,0,0,0,0,0,L,1,8.200000000000045,70486.79999999999,mid,0,0,64.7
4608,L51787,L,303.0,311.1,1980,20.2,137,0,0,0,0,0,0,L,1,8.100000000000023,39996.0,mid,0,0,60.46
4609,M19468,M,303.0,311.2,1519,38.0,139,0,0,0,0,0,0,M,1,8.199999999999989,57722.0,mid,0,0,64.84
4610,L51789,L,303.0,311.2,1456,44.0,142,0,0,0,0,0,0,L,1,8.199999999999989,64064.0,mid,0,0,67.24
4611,L51790,L,303.1,311.2,1394,45.3,144,0,0,0,0,0,0,L,1,8.099999999999966,63148.2,mid,0,0,68.28
4612,L51791,L,303.0,311.3,1365,56.2,146,1,0,1,0,0,0,L,1,8.300000000000011,76713.0,mid,0,1,121.3
4613,L51792,L,303.0,311.3,2194,16.5,148,0,0,0,0,0,0,L,1,8.300000000000011,36201.0,mid,0,0,64.16
4614,L51793,L,303.1,311.3,1403,55.6,150,0,0,0,0,0,0,L,1,8.199999999999989,78006.8,mid,0,0,72.76
4615,H34028,H,303.0,311.2,1503,37.0,152,0,0,0,0,0,0,H,1,8.199999999999989,55611.0,high,0,0,69.84
4616,L51795,L,303.0,311.3,1793,29.3,157,0,0,0,0,0,0,L,1,8.300000000000011,52534.9,high,0,0,70.32
4617,L51796,L,303.1,311.4,1829,24.5,159,0,0,0,0,0,0,L,1,8.299999999999955,44810.5,high,0,0,70.16
4618,M19477,M,303.1,311.4,1831,23.3,161,0,0,0,0,0,0,M,1,8.299999999999955,42662.3,high,0,0,70.72
4619,M19478,M,303.0,311.3,1335,53.6,164,1,0,1,0,0,0,M,1,8.300000000000011,71556.0,high,0,1,127.98
4620,H34033,H,303.1,311.3,2056,19.7,167,0,0,0,0,0,0,H,1,8.199999999999989,40503.2,high,0,0,72.38
4621,L51800,L,303.1,311.3,1336,52.6,172,1,0,1,0,0,0,L,1,8.199999999999989,70273.6,high,0,1,130.96
4622,L51801,L,303.0,311.2,1341,51.0,174,1,0,1,0,0,0,L,1,8.199999999999989,68391.0,high,0,1,131.44
4623,M19482,M,303.0,311.1,1526,37.3,176,0,0,0,0,0,0,M,1,8.100000000000023,56919.799999999996,high,0,0,79.48
4624,L51803,L,303.0,311.1,1525,40.7,179,0,0,0,0,0,0,L,1,8.100000000000023,62067.50000000001,high,0,0,81.36
4625,M19484,M,303.0,311.1,1428,39.8,181,0,0,0,0,0,0,M,1,8.100000000000023,56834.399999999994,high,0,0,81.98
4626,L51805,L,303.0,311.2,1511,45.7,184,0,0,0,0,0,0,L,1,8.199999999999989,69052.7,high,0,0,84.38
4627,L51806,L,303.0,311.2,1664,29.8,186,0,0,0,0,0,0,L,1,8.199999999999989,49587.200000000004,high,0,0,82.0
4628,M19487,M,303.0,311.2,1592,38.9,188,0,0,0,0,0,0,M,1,8.199999999999989,61928.799999999996,high,0,0,84.62
4629,M19488,M,303.0,311.1,1597,36.7,191,0,0,0,0,0,0,M,1,8.100000000000023,58609.9,high,0,0,85.36
4630,L51809,L,303.0,311.2,1735,26.1,194,0,0,0,0,0,0,L,1,8.199999999999989,45283.5,high,0,0,84.46
4631,L51810,L,302.9,311.2,1751,23.8,196,0,0,0,0,0,0,L,1,8.300000000000011,41673.8,high,0,0,84.82
4632,L51811,L,303.0,311.2,1383,44.6,198,0,0,0,0,0,0,L,1,8.199999999999989,61681.8,high,0,0,89.76
4633,M19492,M,302.9,311.2,1330,53.7,200,1,0,1,0,0,0,M,1,8.300000000000011,71421.0,high,1,1,142.4
4634,L51813,L,303.0,311.2,1382,50.5,203,0,0,0,0,0,0,L,1,8.199999999999989,69791.0,high,1,0,92.94
4635,L51814,L,303.0,311.2,1755,30.4,205,0,0,0,0,0,0,L,1,8.199999999999989,53352.0,high,1,0,89.72
4636,M19495,M,303.0,311.2,1614,35.7,207,0,0,0,0,0,0,M,1,8.199999999999989,57619.8,high,1,0,91.58
4637,L51816,L,303.0,311.3,1466,43.0,210,0,0,0,0,0,0,L,1,8.300000000000011,63038.0,high,1,0,94.26
4638,M19497,M,303.1,311.3,1847,24.7,212,0,0,0,0,0,0,M,1,8.199999999999989,45620.9,high,1,0,91.38
4639,L51818,L,303.1,311.3,1474,34.8,215,0,0,0,0,0,0,L,1,8.199999999999989,51295.2,high,1,0,94.6
4640,L51819,L,303.1,311.3,1657,31.8,217,0,0,0,0,0,0,L,1,8.199999999999989,52692.6,high,1,0,94.8
4641,L51820,L,303.1,311.2,1435,40.1,219,0,0,0,0,0,0,L,1,8.099999999999966,57543.5,high,1,0,97.24
4642,H34055,H,303.1,311.3,1494,42.7,221,0,0,0,0,0,0,H,1,8.199999999999989,63793.8,high,1,0,98.58
4643,L51822,L,303.2,311.4,1238,54.6,226,1,0,1,0,1,0,L,1,8.199999999999989,67594.8,high,1,2,152.96
4644,L51823,L,303.2,311.4,1324,54.2,228,1,0,1,0,1,0,L,1,8.199999999999989,71760.8,high,1,2,153.68
4645,L51824,L,303.2,311.4,1514,41.2,230,0,0,0,0,0,0,L,1,8.199999999999989,62376.8,high,1,0,101.88
4646,L51825,L,303.3,311.4,1732,25.6,232,0,0,0,0,0,0,L,1,8.099999999999966,44339.200000000004,high,1,0,99.54
4647,L51826,L,303.3,311.4,1497,46.0,234,1,1,0,0,0,0,L,1,8.099999999999966,68862.0,high,1,1,154.42
4648,L51827,L,303.3,311.4,1958,21.5,0,0,0,0,0,0,0,L,1,8.099999999999966,42097.0,low,0,0,5.92
4649,L51828,L,303.3,311.4,1630,32.5,2,0,0,0,0,0,0,L,1,8.099999999999966,52975.0,low,0,0,8.92
4650,M19509,M,303.3,311.4,1395,59.1,4,0,0,0,0,0,0,M,1,8.099999999999966,82444.5,low,0,0,15.04
4651,L51830,L,303.3,311.4,1658,30.5,7,0,0,0,0,0,0,L,1,8.099999999999966,50569.0,low,0,0,10.52
4652,L51831,L,303.2,311.4,1349,51.1,9,1,0,1,0,0,0,L,1,8.199999999999989,68933.90000000001,low,0,1,65.46
4653,L51832,L,303.1,311.2,1452,52.9,11,0,0,0,0,0,0,L,1,8.099999999999966,76810.8,low,0,0,16.6
4654,M19513,M,303.1,311.1,1594,35.5,13,0,0,0,0,0,0,M,1,8.0,56587.0,low,0,0,13.9
4655,M19514,M,303.1,311.0,1510,47.6,16,0,0,0,0,0,0,M,1,7.899999999999977,71876.0,low,0,0,17.5
4656,L51835,L,303.1,311.1,1854,22.6,19,0,0,0,0,0,0,L,1,8.0,41900.4,low,0,0,13.72
4657,L51836,L,303.1,311.2,1626,32.3,21,0,0,0,0,0,0,L,1,8.099999999999966,52519.799999999996,low,0,0,16.48
4658,L51837,L,303.1,311.2,1628,35.2,23,0,0,0,0,0,0,L,1,8.099999999999966,57305.600000000006,low,0,0,17.86
4659,L51838,L,303.1,311.2,1679,34.8,25,0,0,0,0,0,0,L,1,8.099999999999966,58429.2,low,0,0,18.58
4660,M19519,M,303.1,311.2,1489,44.5,27,0,0,0,0,0,0,M,1,8.099999999999966,66260.5,low,0,0,21.32
4661,L51840,L,303.2,311.2,1439,43.9,30,0,0,0,0,0,0,L,1,8.0,63172.1,low,0,0,22.38
4662,L51841,L,303.3,311.3,1350,48.1,32,1,0,1,0,0,0,L,1,8.0,64935.0,low,0,1,74.02
4663,H34076,H,303.3,311.2,1607,31.7,34,0,0,0,0,0,0,H,1,7.899999999999977,50941.9,low,0,0,21.52
4664,L51843,L,303.3,311.3,1389,53.9,39,0,0,0,0,0,0,L,1,8.0,74867.09999999999,low,0,0,27.98
4665,M19524,M,303.3,311.3,1566,46.1,41,0,0,0,0,0,0,M,1,8.0,72192.6,low,0,0,27.22
4666,M19525,M,303.4,311.4,1307,54.0,44,1,0,1,0,0,0,M,1,8.0,70578.0,low,0,1,80.0
4667,M19526,M,303.3,311.5,1569,36.6,47,0,0,0,0,0,0,M,1,8.199999999999989,57425.4,low,0,0,27.76
4668,H34081,H,303.3,311.4,1651,30.6,50,0,0,0,0,0,0,H,1,8.099999999999966,50520.600000000006,low,0,0,27.74
4669,H34082,H,303.3,311.4,1692,27.9,55,0,0,0,0,0,0,H,1,8.099999999999966,47206.799999999996,mid,0,0,29.2
4670,M19529,M,303.3,311.5,1373,47.3,60,1,0,1,0,0,0,M,1,8.199999999999989,64942.899999999994,mid,0,1,85.1
4671,L51850,L,303.2,311.4,1610,35.5,63,0,0,0,0,0,0,L,1,8.199999999999989,57155.0,mid,0,0,33.94
4672,L51851,L,303.3,311.4,1511,43.4,65,0,0,0,0,0,0,L,1,8.099999999999966,65577.4,mid,0,0,36.3
4673,L51852,L,303.3,311.5,1412,55.6,67,0,0,0,0,0,0,L,1,8.199999999999989,78507.2,mid,0,0,39.56
4674,L51853,L,303.4,311.5,1501,36.2,69,0,0,0,0,0,0,L,1,8.100000000000023,54336.200000000004,mid,0,0,36.46
4675,L51854,L,303.4,311.5,1414,44.8,71,0,0,0,0,0,0,L,1,8.100000000000023,63347.2,mid,0,0,38.98
4676,H34089,H,303.5,311.5,1629,33.5,73,0,0,0,0,0,0,H,1,8.0,54571.5,mid,0,0,37.5
4677,L51856,L,303.4,311.5,1879,21.3,78,0,0,0,0,0,0,L,1,8.100000000000023,40022.700000000004,mid,0,0,37.08
4678,H34091,H,303.5,311.6,1466,47.0,80,0,0,0,0,0,0,H,1,8.100000000000023,68902.0,mid,0,0,43.02
4679,H34092,H,303.6,311.7,1476,40.1,85,0,0,0,0,0,0,H,1,8.099999999999966,59187.6,mid,0,0,43.64
4680,L51859,L,303.6,311.8,1695,30.7,90,0,0,0,0,0,0,L,1,8.199999999999989,52036.5,mid,0,0,43.78
4681,L51860,L,303.6,311.7,1491,39.8,92,0,0,0,0,0,0,L,1,8.099999999999966,59341.799999999996,mid,0,0,46.38
4682,M19541,M,303.6,311.8,1659,34.7,94,0,0,0,0,0,0,M,1,8.199999999999989,57567.3,mid,0,0,46.18
4683,L51862,L,303.6,311.8,1567,31.7,97,0,0,0,0,0,0,L,1,8.199999999999989,49673.9,mid,0,0,46.78
4684,L51863,L,303.6,311.8,1736,32.9,99,0,0,0,0,0,0,L,1,8.199999999999989,57114.399999999994,mid,0,0,47.82
4685,M19544,M,303.6,311.8,1421,44.8,101,1,0,0,0,0,0,M,1,8.199999999999989,63660.799999999996,mid,0,0,101.0
4686,M19545,M,303.6,311.8,1627,30.8,104,0,0,0,0,0,0,M,1,8.199999999999989,50111.6,mid,0,0,49.4
4687,M19546,M,303.5,311.6,1562,34.2,107,0,0,0,0,0,0,M,1,8.100000000000023,53420.4,mid,0,0,51.26
4688,L51867,L,303.5,311.6,2183,17.0,110,0,0,0,0,0,0,L,1,8.100000000000023,37111.0,mid,0,0,49.02
4689,L51868,L,303.5,311.6,1577,38.1,112,0,0,0,0,0,0,L,1,8.100000000000023,60083.700000000004,mid,0,0,54.04
4690,M19549,M,303.4,311.5,1560,36.4,114,0,0,0,0,0,0,M,1,8.100000000000023,56784.0,mid,0,0,54.5
4691,M19550,M,303.4,311.5,1483,43.0,117,0,0,0,0,0,0,M,1,8.100000000000023,63769.0,mid,0,0,57.02
4692,L51871,L,303.5,311.5,1535,33.3,120,0,0,0,0,0,0,L,1,8.0,51115.49999999999,mid,0,0,56.26
4693,M19552,M,303.4,311.4,1606,29.6,122,0,0,0,0,0,0,M,1,8.0,47537.600000000006,mid,0,0,56.32
4694,M19553,M,303.4,311.5,1817,24.7,125,0,0,0,0,0,0,M,1,8.100000000000023,44879.9,mid,0,0,56.56
4695,L51874,L,303.4,311.5,1424,50.8,128,0,0,0,0,0,0,L,1,8.100000000000023,72339.2,mid,0,0,62.98
4696,L51875,L,303.3,311.6,1514,34.7,130,0,0,0,0,0,0,L,1,8.300000000000011,52535.8,mid,0,0,60.6
4697,L51876,L,303.4,311.6,1449,41.7,132,0,0,0,0,0,0,L,1,8.200000000000045,60423.3,mid,0,0,62.78
4698,M19557,M,303.5,311.6,1573,34.0,134,0,0,0,0,0,0,M,1,8.100000000000023,53482.0,mid,0,0,62.02
4699,L51878,L,303.4,311.6,1564,41.9,137,0,0,0,0,0,0,L,1,8.200000000000045,65531.6,mid,0,0,64.82
4700,L51879,L,303.5,311.6,1428,46.2,139,0,0,0,0,0,0,L,1,8.100000000000023,65973.6,mid,0,0,66.46
4701,L51880,L,303.5,311.7,1620,31.0,141,0,0,0,0,0,0,L,1,8.199999999999989,50220.0,mid,0,0,64.24
4702,H34115,H,303.5,311.7,1584,32.7,143,0,0,0,0,0,0,H,1,8.199999999999989,51796.8,mid,0,0,65.38
4703,L51882,L,303.6,311.8,1222,66.8,148,1,0,1,0,0,0,L,1,8.199999999999989,81629.59999999999,mid,0,1,124.2
4704,M19563,M,303.6,311.8,1432,42.5,150,0,0,0,0,0,0,M,1,8.199999999999989,60860.0,mid,0,0,70.14
4705,L51884,L,303.7,311.9,1561,33.3,153,0,0,0,0,0,0,L,1,8.199999999999989,51981.299999999996,high,0,0,69.5
4706,L51885,L,303.6,311.8,1614,33.2,155,0,0,0,0,0,0,L,1,8.199999999999989,53584.8,high,0,0,70.28
4707,L51886,L,303.5,311.7,1959,22.3,157,0,0,0,0,0,0,L,1,8.199999999999989,43685.700000000004,high,0,0,68.9
4708,L51887,L,303.5,311.8,1944,23.5,159,0,0,0,0,0,0,L,1,8.300000000000011,45684.0,high,0,0,69.96
4709,L51888,L,303.4,311.7,1793,25.8,161,0,0,0,0,0,0,L,1,8.300000000000011,46259.4,high,0,0,71.22
4710,M19569,M,303.4,311.6,1446,50.0,163,0,0,0,0,0,0,M,1,8.200000000000045,72300.0,high,0,0,76.84
4711,L51890,L,303.4,311.7,1673,32.2,166,0,0,0,0,0,0,L,1,8.300000000000011,53870.600000000006,high,0,0,74.5
4712,M19571,M,303.4,311.7,1515,44.2,168,0,0,0,0,0,0,M,1,8.300000000000011,66963.0,high,0,0,77.7
4713,L51892,L,303.4,311.8,1564,35.9,171,0,0,0,0,0,0,L,1,8.400000000000034,56147.6,high,0,0,77.26
4714,L51893,L,303.5,311.8,1451,45.2,173,0,0,0,0,0,0,L,1,8.300000000000011,65585.2,high,0,0,79.9
4715,H34128,H,303.4,311.8,1693,28.3,175,0,0,0,0,0,0,H,1,8.400000000000034,47911.9,high,0,0,77.34
4716,L51895,L,303.4,311.7,1476,42.3,180,0,0,0,0,0,0,L,1,8.300000000000011,62434.799999999996,high,0,0,82.12
4717,L51896,L,303.4,311.6,1712,30.1,182,0,0,0,0,0,0,L,1,8.200000000000045,51531.200000000004,high,0,0,80.46
4718,M19577,M,303.4,311.6,1425,45.4,184,0,0,0,0,0,0,M,1,8.200000000000045,64695.0,high,0,0,84.32
4719,L51898,L,303.3,311.6,1337,56.8,187,1,0,1,0,0,0,L,1,8.300000000000011,75941.59999999999,high,0,1,137.82
4720,M19579,M,303.4,311.7,1690,34.9,189,0,0,0,0,0,0,M,1,8.300000000000011,58981.0,high,0,0,84.24
4721,M19580,M,303.4,311.7,1353,44.1,192,1,0,1,0,0,0,M,1,8.300000000000011,59667.3,high,0,1,137.28
4722,L51901,L,303.5,311.8,1927,21.9,195,0,0,0,0,0,0,L,1,8.300000000000011,42201.299999999996,high,0,0,84.04
4723,M19582,M,303.4,311.8,1391,42.7,197,0,0,0,0,0,0,M,1,8.400000000000034,59395.700000000004,high,0,0,89.02
4724,L51903,L,303.4,311.8,1366,50.9,200,1,0,1,0,0,0,L,1,8.400000000000034,69529.4,high,1,1,141.86
4725,L51904,L,303.4,311.9,1771,31.6,202,0,0,0,0,0,0,L,1,8.5,55963.600000000006,high,1,0,88.82
4726,M19585,M,303.4,311.8,1515,42.6,204,0,0,0,0,0,0,M,1,8.400000000000034,64539.0,high,1,0,91.8
4727,M19586,M,303.4,311.8,2133,18.3,207,0,0,0,0,0,0,M,1,8.400000000000034,39033.9,high,1,0,88.14
4728,M19587,M,303.4,311.8,1341,47.0,210,1,0,1,0,0,0,M,1,8.400000000000034,63027.0,high,1,1,145.08
4729,L51908,L,303.4,311.7,1406,47.1,213,0,0,0,0,0,0,L,1,8.300000000000011,66222.6,high,1,0,96.28
4730,L51909,L,303.4,311.8,1306,61.0,215,1,0,1,0,1,0,L,1,8.400000000000034,79666.0,high,1,2,149.88
4731,L51910,L,303.3,311.7,1508,35.5,217,0,0,0,0,0,0,L,1,8.399999999999977,53534.0,high,1,0,95.58
4732,L51911,L,303.3,311.6,1301,45.1,219,1,0,1,0,0,0,L,1,8.300000000000011,58675.1,high,1,1,148.28
4733,L51912,L,303.3,311.7,1539,38.5,221,0,0,0,0,0,0,L,1,8.399999999999977,59251.5,high,1,0,97.78
4734,L51913,L,303.3,311.6,1484,44.6,223,0,0,0,0,0,0,L,1,8.300000000000011,66186.40000000001,high,1,0,99.78
4735,L51914,L,303.2,311.5,1507,39.2,225,0,0,0,0,0,0,L,1,8.300000000000011,59074.4,high,1,0,99.5
4736,L51915,L,303.2,311.5,1544,42.5,227,0,0,0,0,0,0,L,1,8.300000000000011,65620.0,high,1,0,100.96
4737,L51916,L,303.2,311.5,1513,37.9,0,0,0,0,0,0,0,L,1,8.300000000000011,57342.7,low,0,0,9.24
4738,M19597,M,303.2,311.5,1336,58.2,2,1,0,1,0,0,0,M,1,8.300000000000011,77755.2,low,0,1,64.1
4739,M19598,M,303.2,311.4,2102,19.0,5,0,0,0,0,0,0,M,1,8.199999999999989,39938.0,low,0,0,7.44
4740,L51919,L,303.2,311.4,1351,53.8,8,1,0,1,0,0,0,L,1,8.199999999999989,72683.8,low,0,1,65.6
4741,L51920,L,303.3,311.5,1601,35.2,10,0,0,0,0,0,0,L,1,8.199999999999989,56355.200000000004,low,0,0,12.68
4742,L51921,L,303.2,311.3,1393,52.9,12,0,0,0,0,0,0,L,1,8.100000000000023,73689.7,low,0,0,17.0
4743,L51922,L,303.3,311.3,1592,33.7,14,0,0,0,0,0,0,L,1,8.0,53650.4,low,0,0,13.94
4744,L51923,L,303.3,311.3,1409,51.8,16,0,0,0,0,0,0,L,1,8.0,72986.2,low,0,0,18.36
4745,L51924,L,303.3,311.3,1393,47.4,18,0,0,0,0,0,0,L,1,8.0,66028.2,low,0,0,18.28
4746,H34159,H,303.2,311.2,1475,43.1,20,0,0,0,0,0,0,H,1,8.0,63572.5,low,0,0,18.22
4747,L51926,L,303.2,311.2,1427,45.6,25,0,0,0,0,0,0,L,1,8.0,65071.200000000004,low,0,0,20.72
4748,L51927,L,303.3,311.2,1763,27.3,27,0,0,0,0,0,0,L,1,7.899999999999977,48129.9,low,0,0,17.84
4749,L51928,L,303.2,311.2,1363,46.7,29,1,0,1,0,0,0,L,1,8.0,63652.100000000006,low,0,1,72.54
4750,L51929,L,303.2,311.2,1404,50.9,31,0,0,0,0,0,0,L,1,8.0,71463.59999999999,low,0,0,24.18
4751,M19610,M,303.2,311.2,1688,31.9,33,0,0,0,0,0,0,M,1,8.0,53847.2,low,0,0,21.18
4752,L51931,L,303.3,311.4,1510,37.3,36,0,0,0,0,0,0,L,1,8.099999999999966,56322.99999999999,low,0,0,23.48
4753,H34166,H,303.3,311.3,1502,39.5,38,0,0,0,0,0,0,H,1,8.0,59329.0,low,0,0,24.7
4754,H34167,H,303.2,311.4,1607,36.6,43,0,0,0,0,0,0,H,1,8.199999999999989,58816.200000000004,low,0,0,26.16
4755,M19614,M,303.3,311.5,1384,54.8,48,0,0,0,0,0,0,M,1,8.199999999999989,75843.2,low,0,0,31.8
4756,L51935,L,303.4,311.7,1295,51.3,51,1,0,1,0,0,0,L,1,8.300000000000011,66433.5,mid,0,1,82.32
4757,H34170,H,303.4,311.7,1991,19.0,53,0,0,0,0,0,0,H,1,8.300000000000011,37829.0,mid,0,0,26.66
4758,L51937,L,303.4,311.6,1497,42.8,58,0,0,0,0,0,0,L,1,8.200000000000045,64071.6,mid,0,0,33.4
4759,L51938,L,303.5,311.6,1465,48.7,60,0,0,0,0,0,0,L,1,8.100000000000023,71345.5,mid,0,0,35.36
4760,L51939,L,303.5,311.6,1361,46.5,62,1,0,1,0,0,0,L,1,8.100000000000023,63286.5,mid,0,1,85.72
4761,L51940,L,303.6,311.7,1546,38.5,64,0,0,0,0,0,0,L,1,8.099999999999966,59521.0,mid,0,0,34.92
4762,H34175,H,303.7,311.9,1332,52.7,66,1,0,1,0,0,0,H,1,8.199999999999989,70196.40000000001,mid,0,1,88.58
4763,M19622,M,303.7,312.0,2663,11.4,71,1,0,0,1,0,0,M,1,8.300000000000011,30358.2,mid,0,1,82.34
4764,L51943,L,303.7,312.1,1443,45.9,74,0,0,0,0,0,0,L,1,8.400000000000034,66233.7,mid,0,0,40.46
4765,M19624,M,303.7,312.0,1402,48.6,76,0,0,0,0,0,0,M,1,8.300000000000011,68137.2,mid,0,0,41.78
4766,L51945,L,303.7,312.0,1892,22.5,79,0,0,0,0,0,0,L,1,8.300000000000011,42570.0,mid,0,0,37.76
4767,M19626,M,303.6,312.0,1645,35.7,81,0,0,0,0,0,0,M,1,8.399999999999977,58726.50000000001,mid,0,0,41.22
4768,L51947,L,303.6,311.9,1473,50.1,84,0,0,0,0,0,0,L,1,8.299999999999955,73797.3,mid,0,0,45.28
4769,L51948,L,303.6,312.0,1309,52.9,86,1,0,1,0,0,0,L,1,8.399999999999977,69246.09999999999,mid,0,1,96.66
4770,H34183,H,303.6,311.9,1544,37.1,88,0,0,0,0,0,0,H,1,8.299999999999955,57282.4,mid,0,0,44.28
4771,L51950,L,303.5,311.9,1344,49.3,93,1,0,1,0,0,0,L,1,8.399999999999977,66259.2,mid,0,1,98.74
4772,M19631,M,303.6,311.9,1617,36.0,95,0,0,0,0,0,0,M,1,8.299999999999955,58212.0,mid,0,0,46.86
4773,M19632,M,303.6,312.0,1435,37.9,98,0,0,0,0,0,0,M,1,8.399999999999977,54386.5,mid,0,0,48.46
4774,L51953,L,303.6,312.0,1391,50.3,101,0,0,0,0,0,0,L,1,8.399999999999977,69967.3,mid,0,0,52.14
4775,L51954,L,303.6,312.0,1827,23.3,103,0,0,0,0,0,0,L,1,8.399999999999977,42569.1,mid,0,0,47.54
4776,L51955,L,303.5,312.0,1761,25.8,105,0,0,0,0,0,0,L,1,8.5,45433.8,mid,0,0,48.86
4777,L51956,L,303.5,312.1,1522,36.4,107,0,0,0,0,0,0,L,1,8.600000000000023,55400.799999999996,mid,0,0,51.8
4778,M19637,M,303.5,312.2,1818,23.6,109,0,0,0,0,0,0,M,1,8.699999999999989,42904.8,mid,0,0,50.06
4779,H34192,H,303.6,312.2,1371,54.6,112,1,0,1,0,0,0,H,1,8.599999999999966,74856.6,mid,0,1,107.44
4780,L51959,L,303.7,312.3,1511,38.9,117,0,0,0,0,0,0,L,1,8.600000000000023,58777.9,mid,0,0,56.3
4781,L51960,L,303.7,312.4,1404,46.6,119,0,0,0,0,0,0,L,1,8.699999999999989,65426.4,mid,0,0,58.66
4782,L51961,L,303.7,312.3,1384,45.9,121,0,0,0,0,0,0,L,1,8.600000000000023,63525.6,mid,0,0,59.3
4783,L51962,L,303.8,312.5,1368,52.6,123,0,0,0,0,0,0,L,1,8.699999999999989,71956.8,mid,0,0,61.46
4784,L51963,L,303.7,312.5,1641,36.0,125,0,0,0,0,0,0,L,1,8.800000000000011,59076.0,mid,0,0,58.96
4785,L51964,L,303.9,312.6,1642,32.3,127,0,0,0,0,0,0,L,1,8.700000000000045,53036.6,mid,0,0,59.0
4786,H34199,H,303.9,312.7,1401,50.0,129,0,0,0,0,0,0,H,1,8.800000000000011,70050.0,mid,0,0,63.36
4787,L51966,L,303.8,312.6,1577,41.3,134,0,0,0,0,0,0,L,1,8.800000000000011,65130.1,mid,0,0,63.62
4788,L51967,L,303.7,312.6,1396,44.1,136,0,0,0,0,0,0,L,1,8.900000000000034,61563.6,mid,0,0,65.0
4789,H34202,H,303.7,312.6,1514,35.5,138,0,0,0,0,0,0,H,1,8.900000000000034,53747.0,mid,0,0,64.08
4790,L51969,L,303.8,312.8,1646,35.8,143,0,0,0,0,0,0,L,1,9.0,58926.799999999996,mid,0,0,66.16
4791,L51970,L,303.8,312.8,1443,40.7,145,0,0,0,0,0,0,L,1,9.0,58730.100000000006,mid,0,0,67.94
4792,M19651,M,303.7,312.7,1469,48.5,147,0,0,0,0,0,0,M,1,9.0,71246.5,mid,0,0,70.3
4793,H34206,H,303.7,312.7,1564,40.2,150,0,0,0,0,0,0,H,1,9.0,62872.8,mid,0,0,69.84
4794,H34207,H,303.6,312.6,1498,40.2,155,0,0,0,0,0,0,H,1,9.0,60219.600000000006,high,0,0,71.84
4795,L51974,L,303.6,312.6,1699,27.9,160,0,0,0,0,0,0,L,1,9.0,47402.1,high,0,0,71.38
4796,L51975,L,303.6,312.5,1431,49.0,162,0,0,0,0,0,0,L,1,8.899999999999977,70119.0,high,0,0,76.38
4797,L51976,L,303.5,312.4,1390,47.3,164,0,0,0,0,0,0,L,1,8.899999999999977,65747.0,high,0,0,76.84
4798,L51977,L,303.5,312.5,1380,46.1,166,0,0,0,0,0,0,L,1,9.0,63618.0,high,0,0,77.42
4799,L51978,L,303.5,312.5,1457,46.4,168,0,0,0,0,0,0,L,1,9.0,67604.8,high,0,0,78.28
4800,L51979,L,303.5,312.5,1418,42.2,170,0,0,0,0,0,0,L,1,9.0,59839.600000000006,high,0,0,78.24
4801,M19660,M,303.5,312.5,1353,51.0,172,0,0,0,0,0,0,M,1,9.0,69003.0,high,0,0,80.8
4802,L51981,L,303.5,312.4,1574,32.7,175,0,0,0,0,0,0,L,1,8.899999999999977,51469.8,high,0,0,78.32
4803,M19662,M,303.5,312.4,1318,54.2,177,0,0,0,0,0,0,M,1,8.899999999999977,71435.6,high,0,0,83.42
4804,L51983,L,303.6,312.5,1710,31.4,180,0,0,0,0,0,0,L,1,8.899999999999977,53694.0,high,0,0,80.06
4805,L51984,L,303.7,312.6,1621,38.8,182,0,0,0,0,0,0,L,1,8.900000000000034,62894.799999999996,high,0,0,82.34
4806,L51985,L,303.6,312.6,1606,33.6,184,0,0,0,0,0,0,L,1,9.0,53961.600000000006,high,0,0,82.12
4807,H34220,H,303.6,312.5,1375,54.0,186,0,0,0,0,0,0,H,1,8.899999999999977,74250.0,high,0,0,86.98
4808,L51987,L,303.5,312.4,1503,36.5,191,0,0,0,0,0,0,L,1,8.899999999999977,54859.5,high,0,0,85.48
4809,L51988,L,303.5,312.3,1404,48.6,193,0,0,0,0,0,0,L,1,8.800000000000011,68234.40000000001,high,0,0,88.68
4810,L51989,L,303.4,312.2,1656,32.7,195,0,0,0,0,0,0,L,1,8.800000000000011,54151.200000000004,high,0,0,86.3
4811,M19670,M,303.4,312.1,1499,39.4,197,0,0,0,0,0,0,M,1,8.700000000000045,59060.6,high,0,0,88.42
4812,M19671,M,303.4,312.0,1748,28.4,200,0,0,0,0,0,0,M,1,8.600000000000023,49643.2,high,1,0,87.4
4813,L51992,L,303.4,311.9,1531,37.9,203,0,0,0,0,0,0,L,1,8.5,58024.9,high,1,0,90.48
4814,M19673,M,303.3,311.8,1536,40.6,205,0,0,0,0,0,0,M,1,8.5,62361.600000000006,high,1,0,91.82
4815,L51994,L,303.4,311.8,1401,53.0,208,1,0,0,0,1,0,L,1,8.400000000000034,74253.0,high,1,1,145.48
4816,H34229,H,303.4,311.9,1534,33.2,210,0,0,0,0,0,0,H,1,8.5,50928.8,high,1,0,92.34
4817,L51996,L,303.4,312.0,1521,35.9,215,1,1,0,0,0,0,L,1,8.600000000000023,54603.9,high,1,1,144.9
4818,L51997,L,303.5,312.1,1674,30.8,0,0,0,0,0,0,0,L,1,8.600000000000023,51559.200000000004,low,0,0,7.88
4819,M19678,M,303.6,312.1,1967,20.9,2,0,0,0,0,0,0,M,1,8.5,41110.299999999996,low,0,0,6.68
4820,L51999,L,303.6,312.2,1696,30.7,5,0,0,0,0,0,0,L,1,8.599999999999966,52067.2,low,0,0,9.86
4821,M19680,M,303.6,312.1,1627,32.5,7,0,0,0,0,0,0,M,1,8.5,52877.5,low,0,0,11.0
4822,L52001,L,303.5,311.9,1405,45.6,10,0,0,0,0,0,0,L,1,8.399999999999977,64068.0,low,0,0,14.8
4823,L52002,L,303.5,311.9,1565,38.9,12,0,0,0,0,0,0,L,1,8.399999999999977,60878.5,low,0,0,14.26
4824,L52003,L,303.5,311.9,1493,38.7,14,0,0,0,0,0,0,L,1,8.399999999999977,57779.100000000006,low,0,0,15.02
4825,L52004,L,303.4,311.8,1499,45.0,16,0,0,0,0,0,0,L,1,8.400000000000034,67455.0,low,0,0,17.08
4826,L52005,L,303.3,311.8,1692,30.6,18,0,0,0,0,0,0,L,1,8.5,51775.200000000004,low,0,0,15.02
4827,L52006,L,303.4,311.8,2268,15.8,20,0,0,0,0,0,0,L,1,8.400000000000034,35834.4,low,0,0,12.84
4828,L52007,L,303.4,311.8,1438,58.9,22,0,0,0,0,0,0,L,1,8.400000000000034,84698.2,low,0,0,22.26
4829,L52008,L,303.5,311.9,1515,39.2,24,0,0,0,0,0,0,L,1,8.399999999999977,59388.00000000001,low,0,0,19.12
4830,L52009,L,303.4,311.9,1491,38.2,26,0,0,0,0,0,0,L,1,8.5,56956.200000000004,low,0,0,19.74
4831,L52010,L,303.5,312.0,1756,29.7,28,0,0,0,0,0,0,L,1,8.5,52153.2,low,0,0,18.84
4832,L52011,L,303.5,312.0,1366,54.5,30,1,0,1,0,0,0,L,1,8.5,74447.0,low,0,1,74.6
4833,L52012,L,303.5,312.0,1436,45.1,32,0,0,0,0,0,0,L,1,8.5,64763.6,low,0,0,23.52
4834,L52013,L,303.4,311.9,1377,41.6,34,1,0,1,0,0,0,L,1,8.5,57283.200000000004,low,0,1,73.62
4835,M19694,M,303.4,311.9,1510,42.2,36,0,0,0,0,0,0,M,1,8.5,63722.00000000001,low,0,0,24.54
4836,M19695,M,303.4,311.9,1419,50.9,39,0,0,0,0,0,0,M,1,8.5,72227.09999999999,low,0,0,27.48
4837,L52016,L,303.3,311.8,1315,62.0,42,1,0,1,0,0,0,L,1,8.5,81530.0,low,0,1,80.9
4838,H34251,H,303.3,311.8,1806,27.7,44,0,0,0,0,0,0,H,1,8.5,50026.2,low,0,0,24.84
4839,H34252,H,303.3,311.8,1649,29.4,49,0,0,0,0,0,0,H,1,8.5,48480.6,low,0,0,27.18
4840,H34253,H,303.4,311.9,1402,50.0,54,0,0,0,0,0,0,H,1,8.5,70100.0,mid,0,0,33.3
4841,L52020,L,303.4,311.9,1298,63.9,59,1,0,1,0,0,0,L,1,8.5,82942.2,mid,0,1,88.08
4842,M19701,M,303.3,311.8,1441,44.9,61,0,0,0,0,0,0,M,1,8.5,64700.9,mid,0,0,35.08
4843,M19702,M,303.3,311.8,1489,49.4,64,0,0,0,0,0,0,M,1,8.5,73556.59999999999,mid,0,0,37.18
4844,L52023,L,303.3,311.8,1842,24.5,67,0,0,0,0,0,0,L,1,8.5,45129.0,mid,0,0,33.4
4845,M19704,M,303.4,311.8,1316,50.9,69,1,0,1,0,0,0,M,1,8.400000000000034,66984.4,mid,0,1,89.46
4846,M19705,M,303.3,311.8,1583,33.3,72,0,0,0,0,0,0,M,1,8.5,52713.899999999994,mid,0,0,37.16
4847,M19706,M,303.3,311.8,1548,33.5,75,0,0,0,0,0,0,M,1,8.5,51858.0,mid,0,0,38.4
4848,L52027,L,303.4,311.9,1434,44.6,78,0,0,0,0,0,0,L,1,8.5,63956.4,mid,0,0,41.82
4849,H34262,H,303.5,312.0,1397,52.9,80,0,0,0,0,0,0,H,1,8.5,73901.3,mid,0,0,44.28
4850,M19709,M,303.5,312.0,1475,42.9,85,0,0,0,0,0,0,M,1,8.5,63277.5,mid,0,0,44.28
4851,L52030,L,303.5,312.0,1441,56.8,88,0,0,0,0,0,0,L,1,8.5,81848.8,mid,0,0,48.26
4852,L52031,L,303.7,312.1,1363,51.8,90,1,0,1,0,0,0,L,1,8.400000000000034,70603.4,mid,0,1,98.04
4853,L52032,L,303.7,312.2,1619,34.9,92,0,0,0,0,0,0,L,1,8.5,56503.1,mid,0,0,45.48
4854,L52033,L,303.7,312.2,1487,34.0,94,0,0,0,0,0,0,L,1,8.5,50558.0,mid,0,0,46.1
4855,L52034,L,303.7,312.2,1568,33.8,96,0,0,0,0,0,0,L,1,8.5,52998.399999999994,mid,0,0,46.86
4856,L52035,L,303.7,312.3,1375,46.2,98,0,0,0,0,0,0,L,1,8.600000000000023,63525.00000000001,mid,0,0,50.16
4857,M19716,M,303.6,312.3,1698,31.3,100,0,0,0,0,0,0,M,1,8.699999999999989,53147.4,mid,0,0,48.0
4858,L52037,L,303.7,312.3,1606,37.4,103,0,0,0,0,0,0,L,1,8.600000000000023,60064.399999999994,mid,0,0,50.4
4859,L52038,L,303.7,312.3,1349,51.0,105,0,0,0,0,0,0,L,1,8.600000000000023,68799.0,mid,0,0,53.92
4860,L52039,L,303.7,312.4,1535,38.6,107,0,0,0,0,0,0,L,1,8.699999999999989,59251.0,mid,0,0,52.26
4861,M19720,M,303.6,312.4,1504,49.5,109,0,0,0,0,0,0,M,1,8.799999999999955,74448.0,mid,0,0,55.26
4862,L52041,L,303.5,312.3,1946,21.1,112,0,0,0,0,0,0,L,1,8.800000000000011,41060.600000000006,mid,0,0,50.78
4863,L52042,L,303.5,312.1,1326,55.7,114,0,0,0,0,0,0,L,1,8.600000000000023,73858.2,mid,0,0,58.46
4864,M19723,M,303.6,312.3,1915,22.3,116,0,0,0,0,0,0,M,1,8.699999999999989,42704.5,mid,0,0,52.6
4865,L52044,L,303.6,312.3,1451,43.4,119,0,0,0,0,0,0,L,1,8.699999999999989,62973.4,mid,0,0,58.02
4866,M19725,M,303.5,312.3,1624,34.8,121,0,0,0,0,0,0,M,1,8.800000000000011,56515.2,mid,0,0,57.12
4867,L52046,L,303.6,312.4,1781,28.7,124,0,0,0,0,0,0,L,1,8.799999999999955,51114.7,mid,0,0,57.1
4868,L52047,L,303.6,312.5,1345,54.1,126,0,0,0,0,0,0,L,1,8.899999999999977,72764.5,mid,0,0,63.0
4869,L52048,L,303.6,312.4,1418,46.0,128,0,0,0,0,0,0,L,1,8.799999999999955,65228.0,mid,0,0,62.16
4870,L52049,L,303.7,312.4,1718,26.5,130,0,0,0,0,0,0,L,1,8.699999999999989,45527.0,mid,0,0,59.04
4871,M19730,M,303.7,312.4,1631,28.5,132,0,0,0,0,0,0,M,1,8.699999999999989,46483.5,mid,0,0,60.24
4872,L52051,L,303.7,312.4,1513,40.1,135,0,0,0,0,0,0,L,1,8.699999999999989,60671.3,mid,0,0,63.76
4873,L52052,L,303.7,312.4,1316,59.3,137,0,0,0,0,0,0,L,1,8.699999999999989,78038.8,mid,0,0,68.4
4874,M19733,M,303.7,312.4,1474,38.8,139,0,0,0,0,0,0,M,1,8.699999999999989,57191.2,mid,0,0,65.1
4875,L52054,L,303.8,312.5,1619,30.9,142,0,0,0,0,0,0,L,1,8.699999999999989,50027.1,mid,0,0,64.72
4876,L52055,L,303.7,312.4,1702,31.2,144,0,0,0,0,0,0,L,1,8.699999999999989,53102.4,mid,0,0,65.58
4877,M19736,M,303.7,312.4,1540,37.4,146,0,0,0,0,0,0,M,1,8.699999999999989,57596.0,mid,0,0,67.62
4878,M19737,M,303.7,312.4,1546,33.7,149,0,0,0,0,0,0,M,1,8.699999999999989,52100.200000000004,mid,0,0,68.08
4879,L52058,L,303.7,312.4,1348,51.0,152,0,0,0,0,0,0,L,1,8.699999999999989,68748.0,high,0,0,72.74
4880,H34293,H,303.7,312.5,1520,35.6,154,0,0,0,0,0,0,H,1,8.800000000000011,54112.0,high,0,0,70.48
4881,M19740,M,303.8,312.6,1527,41.9,159,0,0,0,0,0,0,M,1,8.800000000000011,63981.299999999996,high,0,0,73.74
4882,M19741,M,303.8,312.6,1406,47.1,162,0,0,0,0,0,0,M,1,8.800000000000011,66222.6,high,0,0,75.98
4883,L52062,L,303.7,312.5,1462,46.2,165,0,0,0,0,0,0,L,1,8.800000000000011,67544.40000000001,high,0,0,77.0
4884,M19743,M,303.8,312.6,1684,29.3,167,0,0,0,0,0,0,M,1,8.800000000000011,49341.200000000004,high,0,0,74.42
4885,H34298,H,303.8,312.5,1655,28.0,170,0,0,0,0,0,0,H,1,8.699999999999989,46340.0,high,0,0,75.34
4886,H34299,H,303.8,312.5,1748,25.1,175,0,0,0,0,0,0,H,1,8.699999999999989,43874.8,high,0,0,76.76
4887,L52066,L,303.8,312.5,1372,45.7,180,0,0,0,0,0,0,L,1,8.699999999999989,62700.4,high,0,0,82.88
4888,L52067,L,303.7,312.5,1481,33.3,182,0,0,0,0,0,0,L,1,8.800000000000011,49317.299999999996,high,0,0,81.22
4889,L52068,L,303.7,312.4,1512,39.2,184,0,0,0,0,0,0,L,1,8.699999999999989,59270.4,high,0,0,83.18
4890,L52069,L,303.7,312.5,1632,36.6,186,0,0,0,0,0,0,L,1,8.800000000000011,59731.200000000004,high,0,0,83.48
4891,L52070,L,303.7,312.4,1525,43.9,188,0,0,0,0,0,0,L,1,8.699999999999989,66947.5,high,0,0,85.72
4892,M19751,M,303.7,312.3,1756,26.4,190,0,0,0,0,0,0,M,1,8.600000000000023,46358.399999999994,high,0,0,83.0
4893,L52072,L,303.7,312.3,1922,23.1,193,0,0,0,0,0,0,L,1,8.600000000000023,44398.200000000004,high,0,0,83.54
4894,M19753,M,303.8,312.5,1448,44.3,195,0,0,0,0,0,0,M,1,8.699999999999989,64146.399999999994,high,0,0,88.6
4895,H34308,H,303.8,312.5,1447,46.6,198,0,0,0,0,0,0,H,1,8.699999999999989,67430.2,high,0,0,90.26
4896,M19755,M,303.8,312.4,1597,33.4,203,0,0,0,0,0,0,M,1,8.599999999999966,53339.799999999996,high,1,0,89.6
4897,M19756,M,303.7,312.4,1642,32.3,206,0,0,0,0,0,0,M,1,8.699999999999989,53036.6,high,1,0,90.6
4898,H34311,H,303.8,312.5,1525,38.0,209,0,0,0,0,0,0,H,1,8.699999999999989,57950.0,high,1,0,92.94
4899,H34312,H,303.6,312.4,1460,53.7,214,0,0,0,0,0,0,H,1,8.799999999999955,78402.0,high,1,0,98.1
4900,L52079,L,303.6,312.3,2168,17.7,219,0,0,0,0,0,0,L,1,8.699999999999989,38373.6,high,1,0,92.88
4901,L52080,L,303.6,312.4,1388,41.9,221,0,0,0,0,0,0,L,1,8.799999999999955,58157.2,high,1,0,98.54
4902,M19761,M,303.6,312.3,1630,32.4,223,0,0,0,0,0,0,M,1,8.699999999999989,52812.0,high,1,0,97.42
4903,L52082,L,303.6,312.3,1616,29.3,226,0,0,0,0,0,0,L,1,8.699999999999989,47348.8,high,1,0,98.0
4904,L52083,L,303.6,312.4,2232,16.8,0,0,0,0,0,0,0,L,1,8.799999999999955,37497.6,low,0,0,5.12
4905,H34318,H,303.6,312.4,1480,50.7,2,0,0,0,0,0,0,H,1,8.799999999999955,75036.0,low,0,0,12.7
4906,L52085,L,303.6,312.4,1363,53.1,7,0,0,0,0,0,0,L,1,8.799999999999955,72375.3,low,0,0,15.18
4907,H34320,H,303.6,312.4,1436,45.6,9,0,0,0,0,0,0,H,1,8.799999999999955,65481.6,low,0,0,14.48
4908,M19767,M,303.6,312.5,1607,33.7,14,0,0,0,0,0,0,M,1,8.899999999999977,54155.9,low,0,0,14.12
4909,M19768,M,303.6,312.5,1459,48.2,17,0,0,0,0,0,0,M,1,8.899999999999977,70323.8,low,0,0,18.22
4910,L52089,L,303.5,312.4,1481,43.7,20,0,0,0,0,0,0,L,1,8.899999999999977,64719.700000000004,low,0,0,18.52
4911,M19770,M,303.5,312.4,1606,31.7,22,0,0,0,0,0,0,M,1,8.899999999999977,50910.2,low,0,0,16.92
4912,L52091,L,303.5,312.3,1681,29.8,25,0,0,0,0,0,0,L,1,8.800000000000011,50093.8,low,0,0,17.72
4913,L52092,L,303.5,312.2,1511,37.1,27,0,0,0,0,0,0,L,1,8.699999999999989,56058.1,low,0,0,19.96
4914,M19773,M,303.5,312.3,1593,35.2,29,0,0,0,0,0,0,M,1,8.800000000000011,56073.600000000006,low,0,0,20.4
4915,M19774,M,303.5,312.3,1532,41.7,32,0,0,0,0,0,0,M,1,8.800000000000011,63884.4,low,0,0,22.9
4916,H34329,H,303.5,312.3,1386,49.0,35,0,0,0,0,0,0,H,1,8.800000000000011,67914.0,low,0,0,25.56
4917,H34330,H,303.4,312.3,1769,27.9,40,0,0,0,0,0,0,H,1,8.900000000000034,49355.1,low,0,0,23.36
4918,M19777,M,303.4,312.2,1561,38.2,45,0,0,0,0,0,0,M,1,8.800000000000011,59630.200000000004,low,0,0,27.4
4919,L52098,L,303.3,312.2,1457,40.7,48,0,0,0,0,0,0,L,1,8.899999999999977,59299.9,low,0,0,29.12
4920,L52099,L,303.3,312.2,1506,40.0,50,0,0,0,0,0,0,L,1,8.899999999999977,60240.0,low,0,0,29.78
4921,L52100,L,303.4,312.2,1337,69.4,52,1,0,0,1,0,0,L,1,8.800000000000011,92787.8,mid,0,1,86.44
4922,L52101,L,303.4,312.3,1287,54.8,54,0,0,0,0,0,0,L,1,8.900000000000034,70527.59999999999,mid,0,0,34.34
4923,M19782,M,303.4,312.2,1615,35.7,56,0,0,0,0,0,0,M,1,8.800000000000011,57655.50000000001,mid,0,0,31.3
4924,M19783,M,303.4,312.2,1972,23.5,59,0,0,0,0,0,0,M,1,8.800000000000011,46342.0,mid,0,0,30.06
4925,H34338,H,303.4,312.3,1522,42.1,62,0,0,0,0,0,0,H,1,8.900000000000034,64076.200000000004,mid,0,0,35.0
4926,L52105,L,303.4,312.3,1680,30.6,67,0,0,0,0,0,0,L,1,8.900000000000034,51408.0,mid,0,0,34.7
4927,L52106,L,303.4,312.3,1502,36.0,69,0,0,0,0,0,0,L,1,8.900000000000034,54072.0,mid,0,0,36.58
4928,M19787,M,303.5,312.3,1543,33.3,71,0,0,0,0,0,0,M,1,8.800000000000011,51381.899999999994,mid,0,0,36.82
4929,L52108,L,303.5,312.3,1584,35.2,74,0,0,0,0,0,0,L,1,8.800000000000011,55756.8,mid,0,0,38.4
4930,L52109,L,303.5,312.4,1340,44.5,76,0,0,0,0,0,0,L,1,8.899999999999977,59630.0,mid,0,0,41.08
4931,L52110,L,303.4,312.3,1663,33.9,78,0,0,0,0,0,0,L,1,8.900000000000034,56375.7,mid,0,0,39.76
4932,M19791,M,303.3,312.1,1693,30.0,80,0,0,0,0,0,0,M,1,8.800000000000011,50790.0,mid,0,0,39.76
4933,L52112,L,303.3,312.1,1418,44.7,83,0,0,0,0,0,0,L,1,8.800000000000011,63384.600000000006,mid,0,0,43.9
4934,H34347,H,303.4,312.2,1554,36.8,85,0,0,0,0,0,0,H,1,8.800000000000011,57187.2,mid,0,0,43.12
4935,L52114,L,303.4,312.2,1580,35.8,90,0,0,0,0,0,0,L,1,8.800000000000011,56563.99999999999,mid,0,0,44.92
4936,L52115,L,303.4,312.3,1479,42.8,92,0,0,0,0,0,0,L,1,8.900000000000034,63301.2,mid,0,0,47.14
4937,L52116,L,303.5,312.4,1284,70.6,94,1,0,0,1,0,0,L,1,8.899999999999977,90650.4,mid,0,1,103.5
4938,L52117,L,303.4,312.3,1540,38.7,96,0,0,0,0,0,0,L,1,8.900000000000034,59598.00000000001,mid,0,0,47.92
4939,M19798,M,303.5,312.4,1606,30.1,98,0,0,0,0,0,0,M,1,8.899999999999977,48340.600000000006,mid,0,0,47.0
4940,L52119,L,303.6,312.5,1286,62.4,101,0,0,0,0,0,0,L,1,8.899999999999977,80246.4,mid,0,0,54.66
4941,L52120,L,303.6,312.6,1502,39.5,103,0,0,0,0,0,0,L,1,9.0,59329.0,mid,0,0,50.9
4942,M19801,M,303.6,312.7,1699,31.5,105,0,0,0,0,0,0,M,1,9.099999999999966,53518.5,mid,0,0,50.12
4943,L52122,L,303.5,312.6,1602,34.2,108,0,0,0,0,0,0,L,1,9.100000000000023,54788.4,mid,0,0,51.86
4944,H34357,H,303.6,312.6,1436,42.0,110,0,0,0,0,0,0,H,1,9.0,60312.0,mid,0,0,54.2
4945,M19804,M,303.6,312.7,1765,27.5,115,0,0,0,0,0,0,M,1,9.099999999999966,48537.5,mid,0,0,53.32
4946,L52125,L,303.6,312.7,1418,44.1,118,0,0,0,0,0,0,L,1,9.099999999999966,62533.8,mid,0,0,57.84
4947,M19806,M,303.7,312.7,1669,31.7,120,0,0,0,0,0,0,M,1,9.0,52907.299999999996,mid,0,0,56.14
4948,L52127,L,303.7,312.7,1395,53.9,123,0,0,0,0,0,0,L,1,9.0,75190.5,mid,0,0,61.78
4949,M19808,M,303.8,312.7,1500,41.7,125,0,0,0,0,0,0,M,1,8.899999999999977,62550.00000000001,mid,0,0,60.12
4950,M19809,M,303.8,312.7,1555,33.4,128,0,0,0,0,0,0,M,1,8.899999999999977,51937.0,mid,0,0,59.66
4951,M19810,M,303.8,312.7,1919,20.2,131,0,0,0,0,0,0,M,1,8.899999999999977,38763.799999999996,mid,0,0,58.22
4952,L52131,L,303.8,312.7,1596,36.6,134,0,0,0,0,0,0,L,1,8.899999999999977,58413.600000000006,mid,0,0,62.7
4953,M19812,M,303.8,312.7,1374,53.6,136,0,0,0,0,0,0,M,1,8.899999999999977,73646.40000000001,mid,0,0,66.9
4954,L52133,L,303.7,312.5,1670,26.1,139,0,0,0,0,0,0,L,1,8.800000000000011,43587.0,mid,0,0,62.58
4955,L52134,L,303.7,312.6,1702,29.1,141,0,0,0,0,0,0,L,1,8.900000000000034,49528.200000000004,mid,0,0,64.0
4956,M19815,M,303.8,312.5,1366,45.1,143,0,0,0,0,0,0,M,1,8.699999999999989,61606.6,mid,0,0,67.96
4957,M19816,M,303.8,312.5,2344,15.2,146,0,0,0,0,0,0,M,1,8.699999999999989,35628.799999999996,mid,0,0,63.18
4958,M19817,M,303.8,312.6,1768,23.9,149,0,0,0,0,0,0,M,1,8.800000000000011,42255.2,mid,0,0,66.14
4959,L52138,L,303.8,312.5,1523,47.0,152,0,0,0,0,0,0,L,1,8.699999999999989,71581.0,high,0,0,71.94
4960,L52139,L,303.8,312.6,1735,25.9,154,0,0,0,0,0,0,L,1,8.800000000000011,44936.5,high,0,0,68.54
4961,L52140,L,303.9,312.7,1339,62.3,156,0,0,0,0,0,0,L,1,8.800000000000011,83419.7,high,0,0,76.62
4962,L52141,L,303.9,312.7,1800,24.3,158,0,0,0,0,0,0,L,1,8.800000000000011,43740.0,high,0,0,69.82
4963,M19822,M,304.0,312.7,1456,51.2,160,0,0,0,0,0,0,M,1,8.699999999999989,74547.2,high,0,0,75.98
4964,L52143,L,303.9,312.7,1789,24.4,163,0,0,0,0,0,0,L,1,8.800000000000011,43651.6,high,0,0,71.84
4965,L52144,L,303.9,312.7,1602,33.9,165,0,0,0,0,0,0,L,1,8.800000000000011,54307.799999999996,high,0,0,74.54
4966,M19825,M,303.8,312.7,1364,49.3,167,0,0,0,0,0,0,M,1,8.899999999999977,67245.2,high,0,0,78.44
4967,L52146,L,303.8,312.6,1793,28.1,170,0,0,0,0,0,0,L,1,8.800000000000011,50383.3,high,0,0,75.38
4968,L52147,L,303.9,312.6,1426,53.4,172,0,0,0,0,0,0,L,1,8.700000000000045,76148.4,high,0,0,81.22
4969,M19828,M,303.9,312.7,1485,43.3,174,0,0,0,0,0,0,M,1,8.800000000000011,64300.49999999999,high,0,0,80.02
4970,L52149,L,303.9,312.7,1528,38.4,177,0,0,0,0,0,0,L,1,8.800000000000011,58675.2,high,0,0,80.24
4971,L52150,L,303.8,312.6,1565,36.0,179,0,0,0,0,0,0,L,1,8.800000000000011,56340.0,high,0,0,80.56
4972,L52151,L,303.8,312.7,1838,27.8,181,0,0,0,0,0,0,L,1,8.899999999999977,51096.4,high,0,0,79.74
4973,H34386,H,303.8,312.6,1811,24.9,183,0,0,0,0,0,0,H,1,8.800000000000011,45093.899999999994,high,0,0,79.94
4974,L52153,L,303.8,312.7,1461,38.2,188,0,0,0,0,0,0,L,1,8.899999999999977,55810.200000000004,high,0,0,84.62
4975,L52154,L,303.8,312.7,1414,41.7,190,0,0,0,0,0,0,L,1,8.899999999999977,58963.8,high,0,0,86.12
4976,L52155,L,303.7,312.7,1426,45.5,192,0,0,0,0,0,0,L,1,9.0,64883.0,high,0,0,87.7
4977,L52156,L,303.7,312.7,1359,56.8,194,1,0,0,0,1,0,L,1,9.0,77191.2,high,0,1,140.76
4978,L52157,L,303.7,312.7,1540,44.8,196,0,0,0,0,0,0,L,1,9.0,68992.0,high,0,0,89.16
4979,L52158,L,303.6,312.7,1429,47.7,198,0,0,0,0,0,0,L,1,9.099999999999966,68163.3,high,0,0,90.56
4980,M19839,M,303.7,312.7,1612,36.3,200,0,0,0,0,0,0,M,1,9.0,58515.6,high,1,0,89.06
4981,M19840,M,303.7,312.8,1685,31.8,203,0,0,0,0,0,0,M,1,9.100000000000023,53583.0,high,1,0,89.38
4982,M19841,M,303.7,312.8,1558,37.7,206,0,0,0,0,0,0,M,1,9.100000000000023,58736.600000000006,high,1,0,91.76
4983,L52162,L,303.7,313.0,1811,24.3,209,0,0,0,0,0,0,L,1,9.300000000000011,44007.3,high,1,0,90.32
4984,L52163,L,303.8,313.1,1869,25.8,211,0,0,0,0,0,0,L,1,9.300000000000011,48220.200000000004,high,1,0,91.42
4985,L52164,L,303.8,313.1,1256,58.7,213,1,0,0,0,1,0,L,1,9.300000000000011,73727.2,high,1,1,148.8
4986,M19845,M,303.8,313.0,1789,23.5,215,0,0,0,0,0,0,M,1,9.199999999999989,42041.5,high,1,0,92.54
4987,L52166,L,303.7,312.9,1502,40.5,0,0,0,0,0,0,0,L,1,9.199999999999989,60831.0,low,0,0,9.94
4988,M19847,M,303.7,313.0,1303,54.4,2,0,0,0,0,0,0,M,1,9.300000000000011,70883.2,low,0,0,13.54
4989,L52168,L,303.8,313.1,2497,13.0,5,1,0,0,1,0,0,L,1,9.300000000000011,32461.0,low,0,1,56.46
4990,L52169,L,303.9,313.2,1499,37.4,7,0,0,0,0,0,0,L,1,9.300000000000011,56062.6,low,0,0,12.14
4991,L52170,L,303.9,313.2,1393,46.5,9,0,0,0,0,0,0,L,1,9.300000000000011,64774.5,low,0,0,14.76
4992,M19851,M,303.9,313.0,1475,41.0,11,0,0,0,0,0,0,M,1,9.100000000000023,60475.0,low,0,0,14.42
4993,L52172,L,303.8,312.9,1573,34.6,14,0,0,0,0,0,0,L,1,9.099999999999966,54425.8,low,0,0,14.34
4994,L52173,L,303.8,312.9,1819,23.7,16,0,0,0,0,0,0,L,1,9.099999999999966,43110.299999999996,low,0,0,12.96
4995,M19854,M,303.5,312.6,1642,29.4,18,0,0,0,0,0,0,M,1,9.100000000000023,48274.799999999996,low,0,0,14.9
4996,L52175,L,303.6,312.6,1540,39.8,21,0,0,0,0,0,0,L,1,9.0,61291.99999999999,low,0,0,18.16
4997,M19856,M,303.6,312.8,1400,43.2,23,0,0,0,0,0,0,M,1,9.199999999999989,60480.00000000001,low,0,0,19.68
4998,M19857,M,303.6,312.8,2659,11.4,26,1,0,0,1,0,0,M,1,9.199999999999989,30312.600000000002,low,0,1,64.52
4999,M19858,M,303.6,312.8,1825,25.2,29,0,0,0,0,0,0,M,1,9.199999999999989,45990.0,low,0,0,18.48
5000,M19859,M,303.7,312.9,1532,41.3,32,0,0,0,0,0,0,M,1,9.199999999999989,63271.6,low,0,0,22.9
5001,L52180,L,303.7,312.8,1832,23.6,35,0,0,0,0,0,0,L,1,9.100000000000023,43235.200000000004,low,0,0,20.54
5002,M19861,M,303.6,312.7,2174,17.6,37,0,0,0,0,0,0,M,1,9.099999999999966,38262.4,low,0,0,20.14
5003,L52182,L,303.7,312.8,1627,31.7,40,0,0,0,0,0,0,L,1,9.100000000000023,51575.9,low,0,0,24.16
5004,L52183,L,303.7,312.8,1437,51.3,42,0,0,0,0,0,0,L,1,9.100000000000023,73718.09999999999,low,0,0,28.88
5005,L52184,L,303.7,312.8,1364,46.3,44,0,0,0,0,0,0,L,1,9.100000000000023,63153.2,low,0,0,28.68
5006,M19865,M,303.7,312.9,1444,52.7,46,0,0,0,0,0,0,M,1,9.199999999999989,76098.8,low,0,0,30.78
5007,M19866,M,303.7,312.8,1366,47.3,49,0,0,0,0,0,0,M,1,9.100000000000023,64611.799999999996,low,0,0,30.88
5008,L52187,L,303.8,312.9,1442,48.3,52,0,0,0,0,0,0,L,1,9.099999999999966,69648.59999999999,mid,0,0,32.28
5009,H34422,H,303.7,312.8,1488,42.8,54,0,0,0,0,0,0,H,1,9.100000000000023,63686.399999999994,mid,0,0,31.98
5010,L52189,L,303.7,312.8,1523,40.7,59,0,0,0,0,0,0,L,1,9.100000000000023,61986.100000000006,mid,0,0,33.56
5011,L52190,L,303.7,312.8,1543,38.3,61,0,0,0,0,0,0,L,1,9.100000000000023,59096.899999999994,mid,0,0,33.88
5012,M19871,M,303.7,312.8,1634,33.8,63,0,0,0,0,0,0,M,1,9.100000000000023,55229.2,mid,0,0,33.78
5013,M19872,M,303.8,312.9,1815,27.8,66,0,0,0,0,0,0,M,1,9.099999999999966,50457.0,mid,0,0,33.78
5014,M19873,M,303.8,312.9,1594,35.2,69,0,0,0,0,0,0,M,1,9.099999999999966,56108.8,mid,0,0,36.46
5015,L52194,L,303.8,313.0,1452,38.6,72,0,0,0,0,0,0,L,1,9.199999999999989,56047.200000000004,mid,0,0,38.36
5016,L52195,L,303.9,313.0,1759,28.4,74,0,0,0,0,0,0,L,1,9.100000000000023,49955.6,mid,0,0,37.1
5017,L52196,L,303.9,313.0,1408,47.5,76,0,0,0,0,0,0,L,1,9.100000000000023,66880.0,mid,0,0,41.72
5018,L52197,L,303.9,313.0,1483,45.0,78,0,0,0,0,0,0,L,1,9.100000000000023,66735.0,mid,0,0,42.02
5019,M19878,M,303.9,313.0,1620,36.6,80,0,0,0,0,0,0,M,1,9.100000000000023,59292.0,mid,0,0,41.14
5020,M19879,M,304.0,313.1,1466,39.5,83,0,0,0,0,0,0,M,1,9.100000000000023,57907.0,mid,0,0,42.92
5021,L52200,L,304.1,313.1,1556,36.3,86,0,0,0,0,0,0,L,1,9.0,56482.799999999996,mid,0,0,43.46
5022,L52201,L,304.0,313.0,1350,61.1,88,0,0,0,0,0,0,L,1,9.0,82485.0,mid,0,0,49.22
5023,L52202,L,304.0,313.1,1404,47.1,90,0,0,0,0,0,0,L,1,9.100000000000023,66128.40000000001,mid,0,0,47.24
5024,M19883,M,304.0,313.0,1575,34.5,92,0,0,0,0,0,0,M,1,9.0,54337.5,mid,0,0,45.5
5025,L52204,L,303.9,313.1,1639,29.0,95,0,0,0,0,0,0,L,1,9.200000000000045,47531.0,mid,0,0,45.64
5026,M19885,M,303.9,313.1,1473,42.8,97,0,0,0,0,0,0,M,1,9.200000000000045,63044.399999999994,mid,0,0,49.2
5027,L52206,L,303.9,313.2,1481,40.0,100,0,0,0,0,0,0,L,1,9.300000000000011,59240.0,mid,0,0,49.86
5028,L52207,L,304.0,313.3,1294,54.6,102,0,0,0,0,0,0,L,1,9.300000000000011,70652.40000000001,mid,0,0,53.58
5029,M19888,M,303.9,313.2,1630,29.3,104,0,0,0,0,0,0,M,1,9.300000000000011,47759.0,mid,0,0,49.32
5030,M19889,M,303.9,313.2,1624,39.8,107,0,0,0,0,0,0,M,1,9.300000000000011,64635.2,mid,0,0,52.62
5031,M19890,M,303.9,313.1,1437,48.3,110,0,0,0,0,0,0,M,1,9.200000000000045,69407.09999999999,mid,0,0,55.5
5032,M19891,M,303.8,313.0,1514,45.0,113,0,0,0,0,0,0,M,1,9.199999999999989,68130.0,mid,0,0,56.04
5033,M19892,M,304.0,313.1,1694,31.4,116,0,0,0,0,0,0,M,1,9.100000000000023,53191.6,mid,0,0,54.5
5034,L52213,L,304.0,313.1,1564,50.9,119,0,0,0,0,0,0,L,1,9.100000000000023,79607.59999999999,mid,0,0,59.6
5035,M19894,M,303.9,313.1,1514,41.1,121,0,0,0,0,0,0,M,1,9.200000000000045,62225.4,mid,0,0,58.46
5036,M19895,M,304.0,313.2,1500,40.6,124,0,0,0,0,0,0,M,1,9.199999999999989,60900.0,mid,0,0,59.56
5037,L52216,L,304.0,313.2,1615,37.8,127,0,0,0,0,0,0,L,1,9.199999999999989,61046.99999999999,mid,0,0,60.2
5038,M19897,M,304.1,313.2,1586,41.1,129,0,0,0,0,0,0,M,1,9.099999999999966,65184.600000000006,mid,0,0,61.64
5039,L52218,L,304.1,313.3,1732,28.5,132,0,0,0,0,0,0,L,1,9.199999999999989,49362.0,mid,0,0,60.34
5040,H34453,H,304.1,313.3,1689,32.5,134,0,0,0,0,0,0,H,1,9.199999999999989,54892.5,mid,0,0,61.94
5041,H34454,H,304.1,313.2,1586,34.6,139,0,0,0,0,0,0,H,1,9.099999999999966,54875.600000000006,mid,0,0,64.34
5042,L52221,L,304.0,313.2,1314,47.1,144,0,0,0,0,0,0,L,1,9.199999999999989,61889.4,mid,0,0,68.86
5043,L52222,L,304.1,313.2,1569,35.8,146,0,0,0,0,0,0,L,1,9.099999999999966,56170.2,mid,0,0,67.38
5044,L52223,L,304.1,313.2,1468,39.4,148,0,0,0,0,0,0,L,1,9.099999999999966,57839.2,mid,0,0,68.9
5045,L52224,L,304.1,313.2,1412,47.5,150,0,0,0,0,0,0,L,1,9.099999999999966,67070.0,mid,0,0,71.32
5046,M19905,M,304.1,313.2,1510,46.9,152,0,0,0,0,0,0,M,1,9.099999999999966,70819.0,high,0,0,72.0
5047,M19906,M,304.1,313.2,1410,42.4,155,0,0,0,0,0,0,M,1,9.099999999999966,59784.0,high,0,0,72.3
5048,M19907,M,304.1,313.3,1680,29.3,158,0,0,0,0,0,0,M,1,9.199999999999989,49224.0,high,0,0,70.9
5049,H34462,H,304.0,313.2,1271,68.6,161,1,0,0,1,0,0,H,1,9.199999999999989,87190.59999999999,high,0,1,129.96
5050,H34463,H,304.0,313.1,1472,45.5,166,0,0,0,0,0,0,H,1,9.100000000000023,66976.0,high,0,0,77.32
5051,H34464,H,304.0,313.0,1701,30.4,171,0,0,0,0,0,0,H,1,9.0,51710.399999999994,high,0,0,76.28
5052,L52231,L,303.9,313.0,1480,39.9,176,0,0,0,0,0,0,L,1,9.100000000000023,59052.0,high,0,0,80.2
5053,L52232,L,303.9,313.0,1433,48.4,178,0,0,0,0,0,0,L,1,9.100000000000023,69357.2,high,0,0,82.7
5054,L52233,L,303.8,312.9,1514,34.3,180,0,0,0,0,0,0,L,1,9.099999999999966,51930.2,high,0,0,80.68
5055,L52234,L,303.8,312.9,1619,35.7,182,0,0,0,0,0,0,L,1,9.099999999999966,57798.3,high,0,0,81.76
5056,H34469,H,303.8,312.9,1378,45.6,184,0,0,0,0,0,0,H,1,9.099999999999966,62836.8,high,0,0,84.54
5057,M19916,M,303.9,312.9,1430,53.5,189,0,0,0,0,0,0,M,1,9.0,76505.0,high,0,0,88.1
5058,L52237,L,303.8,312.9,1367,49.9,192,0,0,0,0,0,0,L,1,9.099999999999966,68213.3,high,0,0,88.6
5059,L52238,L,303.9,312.9,1526,42.5,194,0,0,0,0,0,0,L,1,9.0,64855.0,high,0,0,87.9
5060,L52239,L,303.9,312.8,1419,47.9,196,0,0,0,0,0,0,L,1,8.900000000000034,67970.09999999999,high,0,0,89.76
5061,L52240,L,304.0,312.8,1542,42.7,198,0,0,0,0,0,0,L,1,8.800000000000011,65843.40000000001,high,0,0,89.5
5062,L52241,L,304.0,312.9,1363,62.5,200,1,0,0,0,1,0,L,1,8.899999999999977,85187.5,high,1,1,144.28
5063,L52242,L,304.0,312.9,1313,53.9,202,0,0,0,0,0,0,L,1,8.899999999999977,70770.7,high,1,0,93.36
5064,H34477,H,304.0,312.9,1495,46.6,0,0,0,0,0,0,0,H,1,8.899999999999977,69667.0,low,0,0,11.1
5065,L52244,L,304.0,313.0,1407,42.1,5,0,0,0,0,0,0,L,1,9.0,59234.700000000004,low,0,0,12.22
5066,L52245,L,304.1,313.0,1566,37.2,7,0,0,0,0,0,0,L,1,8.899999999999977,58255.200000000004,low,0,0,12.02
5067,L52246,L,304.1,313.1,1550,30.9,9,0,0,0,0,0,0,L,1,9.0,47895.0,low,0,0,11.58
5068,M19927,M,304.2,313.2,1396,50.5,11,0,0,0,0,0,0,M,1,9.0,70498.0,low,0,0,16.3
5069,M19928,M,304.3,313.3,1540,39.0,14,0,0,0,0,0,0,M,1,9.0,60060.0,low,0,0,15.2
5070,M19929,M,304.2,313.2,1380,48.7,17,0,0,0,0,0,0,M,1,9.0,67206.0,low,0,0,18.34
5071,M19930,M,304.2,313.1,1608,31.1,20,0,0,0,0,0,0,M,1,8.900000000000034,50008.8,low,0,0,16.0
5072,H34485,H,304.2,313.0,1442,40.9,23,0,0,0,0,0,0,H,1,8.800000000000011,58977.799999999996,low,0,0,19.14
5073,L52252,L,304.1,313.0,1408,45.3,28,0,0,0,0,0,0,L,1,8.899999999999977,63782.399999999994,low,0,0,22.04
5074,M19933,M,304.0,313.0,1454,46.8,30,0,0,0,0,0,0,M,1,9.0,68047.2,low,0,0,23.16
5075,L52254,L,304.1,313.1,1666,34.6,33,0,0,0,0,0,0,L,1,9.0,57643.600000000006,low,0,0,21.92
5076,L52255,L,304.1,313.2,1366,46.6,35,0,0,0,0,0,0,L,1,9.099999999999966,63655.6,low,0,0,25.14
5077,L52256,L,304.2,313.2,1464,44.9,37,0,0,0,0,0,0,L,1,9.0,65733.59999999999,low,0,0,25.58
5078,L52257,L,304.3,313.3,1775,24.9,39,0,0,0,0,0,0,L,1,9.0,44197.5,low,0,0,22.38
5079,M19938,M,304.3,313.4,1482,43.8,41,0,0,0,0,0,0,M,1,9.099999999999966,64911.6,low,0,0,26.98
5080,M19939,M,304.2,313.4,1411,54.8,44,0,0,0,0,0,0,M,1,9.199999999999989,77322.8,low,0,0,30.4
5081,L52260,L,304.2,313.3,1410,51.6,47,0,0,0,0,0,0,L,1,9.100000000000023,72756.0,low,0,0,30.94
5082,M19941,M,304.1,313.3,1494,39.0,49,0,0,0,0,0,0,M,1,9.199999999999989,58266.0,low,0,0,29.24
5083,H34496,H,304.1,313.2,1590,43.4,52,0,0,0,0,0,0,H,1,9.099999999999966,69006.0,mid,0,0,31.3
5084,L52263,L,304.1,313.1,1327,54.1,57,0,0,0,0,0,0,L,1,9.0,71790.7,mid,0,0,35.42
5085,L52264,L,304.1,313.1,1969,20.8,59,0,0,0,0,0,0,L,1,9.0,40955.200000000004,mid,0,0,29.56
5086,M19945,M,304.0,313.0,1377,56.0,61,0,0,0,0,0,0,M,1,9.0,77112.0,mid,0,0,37.4
5087,L52266,L,304.0,313.0,1541,45.9,64,0,0,0,0,0,0,L,1,9.0,70731.9,mid,0,0,36.58
5088,M19947,M,304.0,313.0,1685,28.2,66,0,0,0,0,0,0,M,1,9.0,47517.0,mid,0,0,33.84
5089,L52268,L,304.0,313.1,1465,41.0,69,0,0,0,0,0,0,L,1,9.100000000000023,60065.0,mid,0,0,37.62
5090,M19949,M,303.9,313.1,1483,47.2,71,0,0,0,0,0,0,M,1,9.200000000000045,69997.6,mid,0,0,39.68
5091,M19950,M,303.9,313.2,1570,40.7,74,0,0,0,0,0,0,M,1,9.300000000000011,63899.00000000001,mid,0,0,39.6
5092,L52271,L,303.9,313.2,1345,48.2,77,0,0,0,0,0,0,L,1,9.300000000000011,64829.00000000001,mid,0,0,42.3
5093,M19952,M,303.9,313.2,1608,40.6,79,0,0,0,0,0,0,M,1,9.300000000000011,65284.8,mid,0,0,41.58
5094,M19953,M,304.0,313.3,1415,52.8,82,0,0,0,0,0,0,M,1,9.300000000000011,74712.0,mid,0,0,45.22
5095,M19954,M,304.1,313.5,1470,45.8,85,0,0,0,0,0,0,M,1,9.399999999999977,67326.0,mid,0,0,45.04
5096,M19955,M,304.1,313.5,1428,39.9,88,0,0,0,0,0,0,M,1,9.399999999999977,56977.2,mid,0,0,45.06
5097,H34510,H,304.2,313.5,1627,32.2,91,0,0,0,0,0,0,H,1,9.300000000000011,52389.4,mid,0,0,44.7
5098,L52277,L,304.2,313.4,1457,49.4,96,0,0,0,0,0,0,L,1,9.199999999999989,71975.8,mid,0,0,50.12
5099,L52278,L,304.2,313.4,1475,40.2,98,0,0,0,0,0,0,L,1,9.199999999999989,59295.00000000001,mid,0,0,49.08
5100,L52279,L,304.2,313.5,1438,50.1,100,0,0,0,0,0,0,L,1,9.300000000000011,72043.8,mid,0,0,51.88
5101,M19960,M,304.2,313.5,1437,47.2,102,0,0,0,0,0,0,M,1,9.300000000000011,67826.40000000001,mid,0,0,52.1
5102,M19961,M,304.1,313.4,1518,42.4,105,0,0,0,0,0,0,M,1,9.299999999999955,64363.2,mid,0,0,52.34
5103,M19962,M,304.1,313.5,1587,33.6,108,0,0,0,0,0,0,M,1,9.399999999999977,53323.200000000004,mid,0,0,51.8
5104,L52283,L,304.1,313.4,1399,43.7,111,0,0,0,0,0,0,L,1,9.299999999999955,61136.3,mid,0,0,55.0
5105,L52284,L,304.1,313.5,1469,44.6,113,0,0,0,0,0,0,L,1,9.399999999999977,65517.4,mid,0,0,56.0
5106,L52285,L,304.1,313.4,1374,56.6,115,0,0,0,0,0,0,L,1,9.299999999999955,77768.40000000001,mid,0,0,59.18
5107,L52286,L,304.0,313.3,1519,36.7,117,0,0,0,0,0,0,L,1,9.300000000000011,55747.3,mid,0,0,56.0
5108,L52287,L,303.9,313.2,1540,44.4,119,0,0,0,0,0,0,L,1,9.300000000000011,68376.0,mid,0,0,58.34
5109,L52288,L,303.9,313.3,1394,51.6,121,0,0,0,0,0,0,L,1,9.400000000000034,71930.40000000001,mid,0,0,60.6
5110,M19969,M,304.0,313.4,1389,45.8,123,0,0,0,0,0,0,M,1,9.399999999999977,63616.2,mid,0,0,60.24
5111,M19970,M,304.0,313.5,1732,26.2,126,0,0,0,0,0,0,M,1,9.5,45378.4,mid,0,0,57.54
5112,L52291,L,304.1,313.6,1556,37.4,129,0,0,0,0,0,0,L,1,9.5,58194.399999999994,mid,0,0,60.98
5113,M19972,M,304.1,313.6,1441,43.7,131,0,0,0,0,0,0,M,1,9.5,62971.700000000004,mid,0,0,63.04
5114,L52293,L,304.1,313.6,1382,46.7,134,0,0,0,0,0,0,L,1,9.5,64539.4,mid,0,0,64.84
5115,M19974,M,304.2,313.8,1481,44.9,136,0,0,0,0,0,0,M,1,9.600000000000023,66496.9,mid,0,0,65.3
5116,M19975,M,304.2,313.7,2113,18.4,139,0,0,0,0,0,0,M,1,9.5,38879.2,mid,0,0,61.18
5117,L52296,L,304.2,313.8,1401,53.9,142,0,0,0,0,0,0,L,1,9.600000000000023,75513.9,mid,0,0,69.5
5118,L52297,L,304.1,313.6,1611,31.4,144,0,0,0,0,0,0,L,1,9.5,50585.399999999994,mid,0,0,65.78
5119,M19978,M,304.2,313.6,1512,33.4,146,0,0,0,0,0,0,M,1,9.400000000000034,50500.799999999996,mid,0,0,66.96
5120,L52299,L,304.2,313.6,1411,46.0,149,0,0,0,0,0,0,L,1,9.400000000000034,64906.0,mid,0,0,70.68
5121,M19980,M,304.2,313.6,1424,43.7,151,0,0,0,0,0,0,M,1,9.400000000000034,62228.8,high,0,0,71.02
5122,L52301,L,304.2,313.6,1469,40.0,154,0,0,0,0,0,0,L,1,9.400000000000034,58760.0,high,0,0,71.48
5123,H34536,H,304.2,313.5,1684,29.8,156,0,0,0,0,0,0,H,1,9.300000000000011,50183.200000000004,high,0,0,70.22
5124,M19983,M,304.2,313.5,1532,41.3,161,0,0,0,0,0,0,M,1,9.300000000000011,63271.6,high,0,0,74.52
5125,M19984,M,304.2,313.5,1557,37.3,164,0,0,0,0,0,0,M,1,9.300000000000011,58076.1,high,0,0,74.92
5126,M19985,M,304.3,313.5,1416,48.1,167,0,0,0,0,0,0,M,1,9.199999999999989,68109.6,high,0,0,78.26
5127,L52306,L,304.3,313.5,1802,25.4,170,0,0,0,0,0,0,L,1,9.199999999999989,45770.799999999996,high,0,0,74.92
5128,M19987,M,304.3,313.5,2245,15.1,172,0,0,0,0,0,0,M,1,9.199999999999989,33899.5,high,0,0,73.66
5129,L52308,L,304.2,313.4,1434,42.5,175,0,0,0,0,0,0,L,1,9.199999999999989,60945.0,high,0,0,80.34
5130,M19989,M,304.1,313.3,1725,28.3,177,0,0,0,0,0,0,M,1,9.199999999999989,48817.5,high,0,0,78.3
5131,L52310,L,304.2,313.3,1668,35.7,180,0,0,0,0,0,0,L,1,9.100000000000023,59547.600000000006,high,0,0,80.96
5132,L52311,L,304.1,313.3,1452,43.9,182,0,0,0,0,0,0,L,1,9.199999999999989,63742.799999999996,high,0,0,83.42
5133,L52312,L,304.1,313.3,1415,50.0,184,0,0,0,0,0,0,L,1,9.199999999999989,70750.0,high,0,0,85.44
5134,L52313,L,304.1,313.2,1824,25.8,186,0,0,0,0,0,0,L,1,9.099999999999966,47059.200000000004,high,0,0,81.38
5135,L52314,L,304.1,313.3,1438,45.5,188,0,0,0,0,0,0,L,1,9.199999999999989,65429.0,high,0,0,86.14
5136,L52315,L,304.1,313.3,1883,24.5,190,0,0,0,0,0,0,L,1,9.199999999999989,46133.5,high,0,0,82.74
5137,L52316,L,304.2,313.4,1735,28.9,192,0,0,0,0,0,0,L,1,9.199999999999989,50141.5,high,0,0,84.42
5138,L52317,L,304.3,313.5,1464,36.7,194,0,0,0,0,0,0,L,1,9.199999999999989,53728.8,high,0,0,86.78
5139,M19998,M,304.3,313.6,1489,40.3,196,0,0,0,0,0,0,M,1,9.300000000000011,60006.7,high,0,0,88.32
5140,M19999,M,304.4,313.6,1510,38.9,199,0,0,0,0,0,0,M,1,9.200000000000045,58739.0,high,0,0,89.22
5141,M20000,M,304.3,313.6,1585,32.1,202,0,0,0,0,0,0,M,1,9.300000000000011,50878.5,high,1,0,89.08
5142,L52321,L,304.4,313.7,1509,35.0,205,1,1,0,0,0,0,L,1,9.300000000000011,52815.0,high,1,1,140.86
5143,L52322,L,304.4,313.6,1568,39.1,0,0,0,0,0,0,0,L,1,9.200000000000045,61308.8,low,0,0,9.66
5144,M20003,M,304.3,313.5,1525,42.0,2,0,0,0,0,0,0,M,1,9.199999999999989,64050.0,low,0,0,11.04
5145,L52324,L,304.4,313.7,1607,33.5,5,0,0,0,0,0,0,L,1,9.300000000000011,53834.5,low,0,0,10.56
5146,L52325,L,304.5,313.7,1670,32.9,7,0,0,0,0,0,0,L,1,9.199999999999989,54943.0,low,0,0,11.22
5147,L52326,L,304.4,313.6,1585,38.9,9,0,0,0,0,0,0,L,1,9.200000000000045,61656.5,low,0,0,13.22
5148,L52327,L,304.4,313.6,1569,38.4,11,0,0,0,0,0,0,L,1,9.200000000000045,60249.6,low,0,0,13.92
5149,L52328,L,304.4,313.6,1507,43.1,13,0,0,0,0,0,0,L,1,9.200000000000045,64951.700000000004,low,0,0,15.66
5150,L52329,L,304.3,313.5,1452,41.5,15,0,0,0,0,0,0,L,1,9.199999999999989,60258.0,low,0,0,16.14
5151,L52330,L,304.3,313.5,1590,29.8,17,0,0,0,0,0,0,L,1,9.199999999999989,47382.0,low,0,0,14.6
5152,L52331,L,304.3,313.6,1409,56.0,19,0,0,0,0,0,0,L,1,9.300000000000011,78904.0,low,0,0,20.66
5153,L52332,L,304.3,313.5,2643,12.7,21,0,0,0,0,0,0,L,1,9.199999999999989,33566.1,low,0,0,12.78
5154,L52333,L,304.2,313.4,1644,31.7,23,0,0,0,0,0,0,L,1,9.199999999999989,52114.799999999996,low,0,0,17.38
5155,L52334,L,304.2,313.4,1568,37.6,25,0,0,0,0,0,0,L,1,9.199999999999989,58956.8,low,0,0,19.36
5156,H34569,H,304.2,313.3,1625,37.3,27,0,0,0,0,0,0,H,1,9.100000000000023,60612.49999999999,low,0,0,20.08
5157,L52336,L,304.2,313.4,1482,41.4,32,0,0,0,0,0,0,L,1,9.199999999999989,61354.799999999996,low,0,0,22.92
5158,H34571,H,304.1,313.3,1397,49.6,34,0,0,0,0,0,0,H,1,9.199999999999989,69291.2,low,0,0,25.36
5159,L52338,L,304.1,313.3,1459,50.3,39,0,0,0,0,0,0,L,1,9.199999999999989,73387.7,low,0,0,27.5
5160,L52339,L,304.2,313.4,1490,44.0,41,0,0,0,0,0,0,L,1,9.199999999999989,65560.0,low,0,0,27.04
5161,L52340,L,304.1,313.2,1434,50.1,43,0,0,0,0,0,0,L,1,9.099999999999966,71843.40000000001,low,0,0,29.04
5162,M20021,M,304.1,313.2,2028,18.9,45,0,0,0,0,0,0,M,1,9.099999999999966,38329.2,low,0,0,23.6
5163,L52342,L,304.2,313.3,1464,45.9,48,0,0,0,0,0,0,L,1,9.100000000000023,67197.59999999999,low,0,0,30.2
5164,M20023,M,304.2,313.4,1713,23.5,50,0,0,0,0,0,0,M,1,9.199999999999989,40255.5,low,0,0,26.54
5165,M20024,M,304.3,313.4,1624,32.1,53,0,0,0,0,0,0,M,1,9.099999999999966,52130.4,mid,0,0,29.44
5166,L52345,L,304.2,313.4,1421,43.4,56,0,0,0,0,0,0,L,1,9.199999999999989,61671.4,mid,0,0,32.92
5167,H34580,H,304.2,313.5,1546,41.4,58,0,0,0,0,0,0,H,1,9.300000000000011,64004.399999999994,mid,0,0,33.34
5168,L52347,L,304.2,313.4,1639,32.7,63,0,0,0,0,0,0,L,1,9.199999999999989,53595.3,mid,0,0,33.58
5169,H34582,H,304.1,313.4,1696,29.6,65,0,0,0,0,0,0,H,1,9.299999999999955,50201.600000000006,mid,0,0,33.78
5170,L52349,L,304.1,313.3,1470,39.9,70,0,0,0,0,0,0,L,1,9.199999999999989,58653.0,mid,0,0,37.82
5171,M20030,M,304.1,313.3,1480,38.4,72,0,0,0,0,0,0,M,1,9.199999999999989,56832.0,mid,0,0,38.32
5172,M20031,M,304.2,313.4,1329,54.5,75,0,0,0,0,0,0,M,1,9.199999999999989,72430.5,mid,0,0,42.74
5173,L52352,L,304.2,313.4,1740,28.2,78,0,0,0,0,0,0,L,1,9.199999999999989,49068.0,mid,0,0,38.68
5174,M20033,M,304.2,313.5,1739,28.1,80,0,0,0,0,0,0,M,1,9.300000000000011,48865.9,mid,0,0,39.48
5175,M20034,M,304.2,313.5,1390,47.8,83,0,0,0,0,0,0,M,1,9.300000000000011,66442.0,mid,0,0,44.62
5176,L52355,L,304.2,313.4,1740,23.7,86,0,0,0,0,0,0,L,1,9.199999999999989,41238.0,mid,0,0,40.98
5177,M20036,M,304.0,313.3,1844,27.1,88,0,0,0,0,0,0,M,1,9.300000000000011,49972.4,mid,0,0,42.48
5178,H34591,H,304.0,313.1,1388,53.2,91,0,0,0,0,0,0,H,1,9.100000000000023,73841.6,mid,0,0,48.86
5179,H34592,H,304.0,313.2,1517,43.1,96,0,0,0,0,0,0,H,1,9.199999999999989,65382.700000000004,mid,0,0,48.86
5180,M20039,M,304.0,313.1,1450,42.8,101,0,0,0,0,0,0,M,1,9.100000000000023,62059.99999999999,mid,0,0,50.78
5181,L52360,L,304.0,313.2,1584,38.7,104,0,0,0,0,0,0,L,1,9.199999999999989,61300.8,mid,0,0,51.18
5182,L52361,L,304.0,313.1,1720,28.7,106,0,0,0,0,0,0,L,1,9.100000000000023,49364.0,mid,0,0,49.96
5183,L52362,L,303.9,313.1,1586,31.9,108,0,0,0,0,0,0,L,1,9.200000000000045,50593.399999999994,mid,0,0,51.42
5184,M20043,M,303.9,313.0,1901,22.5,110,0,0,0,0,0,0,M,1,9.100000000000023,42772.5,mid,0,0,50.32
5185,L52364,L,304.0,313.0,1397,42.4,113,0,0,0,0,0,0,L,1,9.0,59232.799999999996,mid,0,0,55.48
5186,L52365,L,304.0,313.0,2012,21.1,115,0,0,0,0,0,0,L,1,9.0,42453.200000000004,mid,0,0,52.02
5187,L52366,L,304.0,313.0,2354,15.0,117,0,0,0,0,0,0,L,1,9.0,35310.0,mid,0,0,51.6
5188,L52367,L,304.0,313.1,1648,35.7,119,0,0,0,0,0,0,L,1,9.100000000000023,58833.600000000006,mid,0,0,56.56
5189,L52368,L,304.0,313.2,1632,30.6,121,0,0,0,0,0,0,L,1,9.199999999999989,49939.200000000004,mid,0,0,56.36
5190,M20049,M,304.1,313.2,1427,46.9,123,0,0,0,0,0,0,M,1,9.099999999999966,66926.3,mid,0,0,60.4
5191,L52370,L,304.1,313.2,1452,48.0,126,0,0,0,0,0,0,L,1,9.099999999999966,69696.0,mid,0,0,61.82
5192,L52371,L,304.0,313.2,1416,46.0,128,0,0,0,0,0,0,L,1,9.199999999999989,65136.0,mid,0,0,62.24
5193,L52372,L,303.9,313.1,1310,62.9,130,0,0,0,0,0,0,L,1,9.200000000000045,82399.0,mid,0,0,66.42
5194,H34607,H,304.0,313.1,1408,39.8,132,0,0,0,0,0,0,H,1,9.100000000000023,56038.399999999994,mid,0,0,62.58
5195,M20054,M,303.9,313.1,1668,34.4,137,0,0,0,0,0,0,M,1,9.200000000000045,57379.2,mid,0,0,63.52
5196,L52375,L,303.9,313.0,1551,36.8,140,0,0,0,0,0,0,L,1,9.100000000000023,57076.799999999996,mid,0,0,65.18
5197,H34610,H,303.9,313.0,1517,36.0,142,0,0,0,0,0,0,H,1,9.100000000000023,54612.0,mid,0,0,65.82
5198,H34611,H,303.8,312.9,1570,35.8,147,0,0,0,0,0,0,H,1,9.099999999999966,56205.99999999999,mid,0,0,67.78
5199,L52378,L,303.8,312.8,1428,53.3,152,0,0,0,0,0,0,L,1,9.0,76112.4,high,0,0,73.26
5200,L52379,L,303.8,312.8,1503,40.0,154,0,0,0,0,0,0,L,1,9.0,60120.0,high,0,0,71.4
5201,L52380,L,303.8,312.8,1416,58.7,156,0,0,0,0,0,0,L,1,9.0,83119.2,high,0,0,75.94
5202,M20061,M,303.7,312.7,1396,47.3,158,0,0,0,0,0,0,M,1,9.0,66030.8,high,0,0,74.46
5203,L52382,L,303.7,312.7,1335,51.1,161,0,0,0,0,0,0,L,1,9.0,68218.5,high,0,0,76.42
5204,M20063,M,303.7,312.6,1671,30.5,163,0,0,0,0,0,0,M,1,8.900000000000034,50965.5,high,0,0,73.08
5205,L52384,L,303.7,312.7,1989,22.4,166,0,0,0,0,0,0,L,1,9.0,44553.6,high,0,0,72.68
5206,L52385,L,303.7,312.7,1468,43.3,168,0,0,0,0,0,0,L,1,9.0,63564.399999999994,high,0,0,77.66
5207,H34620,H,303.7,312.6,1711,27.6,170,0,0,0,0,0,0,H,1,8.900000000000034,47223.600000000006,high,0,0,75.3
5208,M20067,M,303.8,312.7,1488,41.3,175,0,0,0,0,0,0,M,1,8.899999999999977,61454.399999999994,high,0,0,80.04
5209,L52388,L,303.8,312.7,1664,29.3,178,0,0,0,0,0,0,L,1,8.899999999999977,48755.200000000004,high,0,0,78.84
5210,M20069,M,303.8,312.7,1507,38.5,180,0,0,0,0,0,0,M,1,8.899999999999977,58019.5,high,0,0,81.48
5211,L52390,L,303.7,312.6,1466,42.5,183,0,0,0,0,0,0,L,1,8.900000000000034,62305.0,high,0,0,83.48
5212,L52391,L,303.7,312.5,1433,53.6,185,0,0,0,0,0,0,L,1,8.800000000000011,76808.8,high,0,0,86.48
5213,L52392,L,303.7,312.5,1397,45.7,187,0,0,0,0,0,0,L,1,8.800000000000011,63842.9,high,0,0,85.7
5214,M20073,M,303.7,312.6,1429,43.3,189,0,0,0,0,0,0,M,1,8.900000000000034,61875.7,high,0,0,86.04
5215,L52394,L,303.7,312.7,1572,37.2,192,0,0,0,0,0,0,L,1,9.0,58478.4,high,0,0,86.04
5216,M20075,M,303.7,312.7,1532,42.7,194,0,0,0,0,0,0,M,1,9.0,65416.4,high,0,0,87.94
5217,M20076,M,303.7,312.7,1316,51.8,197,0,0,0,0,0,0,M,1,9.0,68168.8,high,0,0,90.96
5218,M20077,M,303.8,312.8,1420,47.9,200,0,0,0,0,0,0,M,1,9.0,68018.0,high,1,0,91.38
5219,L52398,L,303.8,312.9,1589,37.2,203,0,0,0,0,0,0,L,1,9.099999999999966,59110.8,high,1,0,90.46
5220,L52399,L,303.8,313.0,1365,59.9,205,1,0,0,0,1,0,L,1,9.199999999999989,81763.5,high,1,1,145.82
5221,L52400,L,303.8,313.0,1633,32.9,207,0,0,0,0,0,0,L,1,9.199999999999989,53725.7,high,1,0,91.22
5222,L52401,L,303.9,313.0,1626,31.4,209,0,0,0,0,0,0,L,1,9.100000000000023,51056.399999999994,high,1,0,91.7
5223,L52402,L,303.9,313.1,1665,29.6,0,0,0,0,0,0,0,L,1,9.200000000000045,49284.0,low,0,0,7.76
5224,M20083,M,303.9,313.2,1350,47.2,2,0,0,0,0,0,0,M,1,9.300000000000011,63720.00000000001,low,0,0,12.1
5225,L52404,L,303.9,313.2,1590,31.9,5,0,0,0,0,0,0,L,1,9.300000000000011,50721.0,low,0,0,10.24
5226,M20085,M,304.0,313.2,1437,53.9,7,0,0,0,0,0,0,M,1,9.199999999999989,77454.3,low,0,0,15.42
5227,L52406,L,303.9,313.0,1403,48.3,10,0,0,0,0,0,0,L,1,9.100000000000023,67764.9,low,0,0,15.48
5228,L52407,L,303.9,313.1,1440,41.1,12,0,0,0,0,0,0,L,1,9.200000000000045,59184.0,low,0,0,14.86
5229,M20088,M,303.9,313.1,1343,61.4,14,0,0,0,0,0,0,M,1,9.200000000000045,82460.2,low,0,0,19.72
5230,H34643,H,303.9,313.1,1790,26.7,17,0,0,0,0,0,0,H,1,9.200000000000045,47793.0,low,0,0,13.98
5231,M20090,M,303.8,313.1,2117,18.6,22,0,0,0,0,0,0,M,1,9.300000000000011,39376.200000000004,low,0,0,14.38
5232,L52411,L,303.8,313.1,1458,42.2,25,0,0,0,0,0,0,L,1,9.300000000000011,61527.600000000006,low,0,0,20.3
5233,L52412,L,303.6,312.9,1381,57.8,27,0,0,0,0,0,0,L,1,9.299999999999955,79821.8,low,0,0,24.22
5234,L52413,L,303.6,312.9,1450,45.3,29,0,0,0,0,0,0,L,1,9.299999999999955,65685.0,low,0,0,22.52
5235,L52414,L,303.7,312.9,1461,50.1,31,0,0,0,0,0,0,L,1,9.199999999999989,73196.1,low,0,0,24.26
5236,M20095,M,303.7,312.9,1511,41.0,33,0,0,0,0,0,0,M,1,9.199999999999989,61951.0,low,0,0,23.24
5237,L52416,L,303.8,313.1,1394,45.4,36,0,0,0,0,0,0,L,1,9.300000000000011,63287.6,low,0,0,25.34
5238,L52417,L,303.8,313.0,1499,42.3,38,0,0,0,0,0,0,L,1,9.199999999999989,63407.7,low,0,0,25.5
5239,L52418,L,303.7,313.0,1457,44.1,40,0,0,0,0,0,0,L,1,9.300000000000011,64253.700000000004,low,0,0,26.68
5240,L52419,L,303.7,313.0,1753,29.0,42,0,0,0,0,0,0,L,1,9.300000000000011,50837.0,low,0,0,24.46
5241,L52420,L,303.7,313.0,1694,28.0,44,0,0,0,0,0,0,L,1,9.300000000000011,47432.0,low,0,0,25.06
5242,L52421,L,303.7,313.1,1683,28.4,46,0,0,0,0,0,0,L,1,9.400000000000034,47797.2,low,0,0,25.96
5243,L52422,L,303.7,313.1,1496,47.4,48,0,0,0,0,0,0,L,1,9.400000000000034,70910.4,low,0,0,30.56
5244,L52423,L,303.7,313.1,1721,34.8,50,0,0,0,0,0,0,L,1,9.400000000000034,59890.799999999996,low,0,0,28.84
5245,L52424,L,303.6,313.0,1593,31.6,52,0,0,0,0,0,0,L,1,9.399999999999977,50338.8,mid,0,0,29.0
5246,L52425,L,303.6,313.0,1575,38.3,54,0,0,0,0,0,0,L,1,9.399999999999977,60322.49999999999,mid,0,0,31.14
5247,L52426,L,303.5,313.0,1465,41.0,56,0,0,0,0,0,0,L,1,9.5,60065.0,mid,0,0,32.5
5248,L52427,L,303.6,313.1,1405,38.3,58,0,0,0,0,0,0,L,1,9.5,53811.49999999999,mid,0,0,32.76
5249,M20108,M,303.5,313.0,1902,21.6,60,0,0,0,0,0,0,M,1,9.5,41083.200000000004,mid,0,0,30.22
5250,M20109,M,303.4,312.9,1422,39.9,63,0,0,0,0,0,0,M,1,9.5,56737.799999999996,mid,0,0,35.08
5251,L52430,L,303.5,312.9,1332,52.9,66,0,0,0,0,0,0,L,1,9.399999999999977,70462.8,mid,0,0,38.86
5252,M20111,M,303.4,312.9,1307,54.3,68,0,0,0,0,0,0,M,1,9.5,70970.09999999999,mid,0,0,39.96
5253,L52432,L,303.5,313.0,1322,59.5,71,0,0,0,0,0,0,L,1,9.5,78659.0,mid,0,0,42.2
5254,L52433,L,303.5,313.0,1547,40.3,73,0,0,0,0,0,0,L,1,9.5,62344.1,mid,0,0,39.16
5255,L52434,L,303.5,313.1,1897,23.6,75,0,0,0,0,0,0,L,1,9.600000000000023,44769.200000000004,mid,0,0,36.64
5256,M20115,M,303.5,313.0,1403,51.9,77,0,0,0,0,0,0,M,1,9.5,72815.7,mid,0,0,43.08
5257,L52436,L,303.5,313.0,1393,51.6,80,0,0,0,0,0,0,L,1,9.5,71878.8,mid,0,0,44.22
5258,L52437,L,303.5,313.0,1482,38.5,82,0,0,0,0,0,0,L,1,9.5,57057.0,mid,0,0,42.4
5259,M20118,M,303.5,312.9,1572,44.7,84,0,0,0,0,0,0,M,1,9.399999999999977,70268.40000000001,mid,0,0,44.42
5260,L52439,L,303.5,312.9,1544,36.9,87,0,0,0,0,0,0,L,1,9.399999999999977,56973.6,mid,0,0,44.06
5261,M20120,M,303.5,313.0,1492,46.1,89,0,0,0,0,0,0,M,1,9.5,68781.2,mid,0,0,46.72
5262,L52441,L,303.4,312.8,1513,35.8,92,0,0,0,0,0,0,L,1,9.400000000000034,54165.399999999994,mid,0,0,45.84
5263,L52442,L,303.4,312.8,1449,43.9,94,0,0,0,0,0,0,L,1,9.400000000000034,63611.1,mid,0,0,48.26
5264,L52443,L,303.5,312.8,1877,22.3,96,0,0,0,0,0,0,L,1,9.300000000000011,41857.1,mid,0,0,44.72
5265,L52444,L,303.4,312.8,1376,53.4,98,0,0,0,0,0,0,L,1,9.400000000000034,73478.4,mid,0,0,51.76
5266,M20125,M,303.5,312.9,1883,23.3,100,0,0,0,0,0,0,M,1,9.399999999999977,43873.9,mid,0,0,46.54
5267,M20126,M,303.4,312.8,1518,38.7,103,0,0,0,0,0,0,M,1,9.400000000000034,58746.600000000006,mid,0,0,50.82
5268,M20127,M,303.5,312.9,1438,42.8,106,0,0,0,0,0,0,M,1,9.399999999999977,61546.399999999994,mid,0,0,52.84
5269,L52448,L,303.4,312.9,1389,54.1,109,0,0,0,0,0,0,L,1,9.5,75144.90000000001,mid,0,0,56.32
5270,L52449,L,303.5,312.9,1504,44.8,111,0,0,0,0,0,0,L,1,9.399999999999977,67379.2,mid,0,0,55.24
5271,L52450,L,303.5,312.9,1275,64.4,113,0,0,0,0,0,0,L,1,9.399999999999977,82110.0,mid,0,0,59.96
5272,L52451,L,303.6,313.0,1534,39.7,115,0,0,0,0,0,0,L,1,9.399999999999977,60899.8,mid,0,0,55.82
5273,M20132,M,303.6,313.0,1396,38.2,117,0,0,0,0,0,0,M,1,9.399999999999977,53327.200000000004,mid,0,0,56.32
5274,L52453,L,303.6,313.1,1395,44.1,120,0,0,0,0,0,0,L,1,9.5,61519.5,mid,0,0,58.72
5275,L52454,L,303.6,313.0,1617,30.9,122,0,0,0,0,0,0,L,1,9.399999999999977,49965.299999999996,mid,0,0,56.86
5276,L52455,L,303.7,313.1,1423,41.2,124,0,0,0,0,0,0,L,1,9.400000000000034,58627.600000000006,mid,0,0,59.72
5277,L52456,L,303.5,313.0,1606,34.0,126,0,0,0,0,0,0,L,1,9.5,54604.0,mid,0,0,59.1
5278,L52457,L,303.5,312.9,1501,44.0,128,0,0,0,0,0,0,L,1,9.399999999999977,66044.0,mid,0,0,61.88
5279,M20138,M,303.5,312.9,1618,30.4,130,0,0,0,0,0,0,M,1,9.399999999999977,49187.2,mid,0,0,59.96
5280,L52459,L,303.6,313.0,1522,35.8,133,0,0,0,0,0,0,L,1,9.399999999999977,54487.6,mid,0,0,62.24
5281,L52460,L,303.6,312.9,1480,41.4,135,0,0,0,0,0,0,L,1,9.299999999999955,61272.0,mid,0,0,64.14
5282,M20141,M,303.7,313.0,1469,39.9,137,0,0,0,0,0,0,M,1,9.300000000000011,58613.1,mid,0,0,64.64
5283,H34696,H,303.8,313.2,1381,52.4,140,0,0,0,0,0,0,H,1,9.399999999999977,72364.4,mid,0,0,68.36
5284,L52463,L,303.8,313.2,1525,41.9,145,0,0,0,0,0,0,L,1,9.399999999999977,63897.5,mid,0,0,68.26
5285,M20144,M,303.8,313.2,1732,29.6,147,0,0,0,0,0,0,M,1,9.399999999999977,51267.200000000004,mid,0,0,66.6
5286,L52465,L,303.8,313.1,1523,39.8,150,0,0,0,0,0,0,L,1,9.300000000000011,60615.399999999994,mid,0,0,69.82
5287,L52466,L,303.8,313.1,1422,42.4,152,0,0,0,0,0,0,L,1,9.300000000000011,60292.799999999996,high,0,0,71.14
5288,H34701,H,303.8,313.2,1506,46.9,154,0,0,0,0,0,0,H,1,9.399999999999977,70631.4,high,0,0,72.86
5289,L52468,L,303.8,313.2,1531,39.4,159,0,0,0,0,0,0,L,1,9.399999999999977,60321.4,high,0,0,73.36
5290,M20149,M,303.9,313.3,1507,34.3,161,0,0,0,0,0,0,M,1,9.400000000000034,51690.1,high,0,0,73.14
5291,L52470,L,303.9,313.3,1526,40.7,164,0,0,0,0,0,0,L,1,9.400000000000034,62108.200000000004,high,0,0,75.62
5292,L52471,L,303.8,313.3,1406,52.1,166,0,0,0,0,0,0,L,1,9.5,73252.6,high,0,0,78.72
5293,M20152,M,303.9,313.3,1567,35.0,168,0,0,0,0,0,0,M,1,9.400000000000034,54845.0,high,0,0,76.08
5294,M20153,M,303.9,313.4,1464,49.1,171,0,0,0,0,0,0,M,1,9.5,71882.40000000001,high,0,0,80.12
5295,L52474,L,303.9,313.4,1442,48.5,174,0,0,0,0,0,0,L,1,9.5,69937.0,high,0,0,81.2
5296,L52475,L,303.8,313.2,1336,47.8,176,0,0,0,0,0,0,L,1,9.399999999999977,63860.799999999996,high,0,0,81.84
5297,H34710,H,303.8,313.2,1379,50.2,178,0,0,0,0,0,0,H,1,9.399999999999977,69225.8,high,0,0,83.12
5298,L52477,L,303.7,313.1,1406,48.6,183,0,0,0,0,0,0,L,1,9.400000000000034,68331.6,high,0,0,84.8
5299,M20158,M,303.7,313.1,2130,18.1,185,0,0,0,0,0,0,M,1,9.400000000000034,38553.0,high,0,0,79.5
5300,L52479,L,303.7,313.1,1355,49.1,188,0,0,0,0,0,0,L,1,9.400000000000034,66530.5,high,0,0,86.9
5301,M20160,M,303.8,313.2,1710,26.5,190,0,0,0,0,0,0,M,1,9.399999999999977,45315.0,high,0,0,83.18
5302,L52481,L,303.8,313.1,1309,55.8,193,0,0,0,0,0,0,L,1,9.300000000000011,73042.2,high,0,0,90.22
5303,L52482,L,303.9,313.1,1491,37.2,195,0,0,0,0,0,0,L,1,9.200000000000045,55465.200000000004,high,0,0,87.28
5304,L52483,L,303.9,313.2,1481,44.1,197,0,0,0,0,0,0,L,1,9.300000000000011,65312.1,high,0,0,89.48
5305,L52484,L,303.9,313.1,1425,49.3,199,0,0,0,0,0,0,L,1,9.200000000000045,70252.5,high,0,0,91.3
5306,H34719,H,303.9,313.2,1680,29.1,201,0,0,0,0,0,0,H,1,9.300000000000011,48888.0,high,1,0,88.08
5307,H34720,H,304.0,313.2,1612,31.7,206,0,0,0,0,0,0,H,1,9.199999999999989,51100.4,high,1,0,90.58
5308,L52487,L,304.0,313.3,1530,34.8,211,0,0,0,0,0,0,L,1,9.300000000000011,53243.99999999999,high,1,0,93.22
5309,L52488,L,304.0,313.2,1481,42.6,213,0,0,0,0,0,0,L,1,9.199999999999989,63090.6,high,1,0,95.56
5310,M20169,M,303.9,313.2,1422,48.0,215,1,1,0,0,0,0,M,1,9.300000000000011,68256.0,high,1,1,147.46
5311,L52490,L,303.8,313.0,1427,43.0,0,0,0,0,0,0,0,L,1,9.199999999999989,61361.0,low,0,0,10.44
5312,H34725,H,303.7,312.9,1460,49.8,2,0,0,0,0,0,0,H,1,9.199999999999989,72708.0,low,0,0,12.6
5313,L52492,L,303.6,312.9,1873,23.5,7,0,0,0,0,0,0,L,1,9.299999999999955,44015.5,low,0,0,9.36
5314,M20173,M,303.7,312.9,1566,32.6,9,0,0,0,0,0,0,M,1,9.199999999999989,51051.600000000006,low,0,0,11.96
5315,L52494,L,303.6,312.8,1701,30.8,12,0,0,0,0,0,0,L,1,9.199999999999989,52390.8,low,0,0,12.8
5316,L52495,L,303.6,312.8,1710,27.2,14,0,0,0,0,0,0,L,1,9.199999999999989,46512.0,low,0,0,12.88
5317,M20176,M,303.6,312.8,1689,33.1,16,0,0,0,0,0,0,M,1,9.199999999999989,55905.9,low,0,0,14.86
5318,L52497,L,303.6,312.7,1637,32.9,19,0,0,0,0,0,0,L,1,9.099999999999966,53857.299999999996,low,0,0,16.0
5319,L52498,L,303.5,312.6,1496,39.0,21,0,0,0,0,0,0,L,1,9.100000000000023,58344.0,low,0,0,18.02
5320,M20179,M,303.5,312.7,1402,47.0,23,0,0,0,0,0,0,M,1,9.199999999999989,65894.0,low,0,0,20.44
5321,L52500,L,303.4,312.7,1363,45.5,26,0,0,0,0,0,0,L,1,9.300000000000011,62016.5,low,0,0,21.36
5322,M20181,M,303.4,312.7,1576,49.9,28,0,0,0,0,0,0,M,1,9.300000000000011,78642.4,low,0,0,23.04
5323,M20182,M,303.4,312.7,1357,55.3,31,0,0,0,0,0,0,M,1,9.300000000000011,75042.09999999999,low,0,0,25.32
5324,M20183,M,303.4,312.7,1399,48.4,34,0,0,0,0,0,0,M,1,9.300000000000011,67711.59999999999,low,0,0,25.14
5325,M20184,M,303.4,312.8,1526,30.8,37,0,0,0,0,0,0,M,1,9.400000000000034,47000.8,low,0,0,22.84
5326,L52505,L,303.5,312.7,1694,27.3,40,0,0,0,0,0,0,L,1,9.199999999999989,46246.200000000004,low,0,0,23.3
5327,M20186,M,303.5,312.7,1420,49.1,42,0,0,0,0,0,0,M,1,9.199999999999989,69722.0,low,0,0,28.46
5328,M20187,M,303.5,312.7,2116,16.7,45,0,0,0,0,0,0,M,1,9.199999999999989,35337.2,low,0,0,23.18
5329,M20188,M,303.7,312.9,1406,41.9,48,0,0,0,0,0,0,M,1,9.199999999999989,58911.4,low,0,0,29.42
5330,L52509,L,303.7,313.0,1456,45.5,51,0,0,0,0,0,0,L,1,9.300000000000011,66248.0,mid,0,0,31.36
5331,L52510,L,303.6,312.9,1588,31.9,53,0,0,0,0,0,0,L,1,9.299999999999955,50657.2,mid,0,0,29.44
5332,L52511,L,303.7,312.8,1448,44.5,55,0,0,0,0,0,0,L,1,9.100000000000023,64436.0,mid,0,0,32.72
5333,H34746,H,303.6,312.7,1403,46.2,57,0,0,0,0,0,0,H,1,9.099999999999966,64818.600000000006,mid,0,0,33.86
5334,M20193,M,303.5,312.6,1405,51.6,62,0,0,0,0,0,0,M,1,9.100000000000023,72498.0,mid,0,0,36.94
5335,M20194,M,303.4,312.6,2706,9.8,65,1,0,0,1,0,0,M,1,9.200000000000045,26518.800000000003,mid,0,1,79.8
5336,M20195,M,303.3,312.4,1505,38.9,68,0,0,0,0,0,0,M,1,9.099999999999966,58544.5,mid,0,0,36.8
5337,L52516,L,303.2,312.4,1663,33.7,71,0,0,0,0,0,0,L,1,9.199999999999989,56043.100000000006,mid,0,0,36.98
5338,M20197,M,303.3,312.6,1482,44.4,73,0,0,0,0,0,0,M,1,9.300000000000011,65800.8,mid,0,0,39.94
5339,M20198,M,303.3,312.5,1674,32.7,76,0,0,0,0,0,0,M,1,9.199999999999989,54739.8,mid,0,0,38.78
5340,M20199,M,303.4,312.7,1594,32.8,79,0,0,0,0,0,0,M,1,9.300000000000011,52283.2,mid,0,0,40.02
5341,L52520,L,303.5,312.7,1393,49.3,82,0,0,0,0,0,0,L,1,9.199999999999989,68674.9,mid,0,0,44.5
5342,H34755,H,303.5,312.8,1404,55.8,84,0,0,0,0,0,0,H,1,9.300000000000011,78343.2,mid,0,0,46.62
5343,M20202,M,303.5,312.8,1375,45.7,89,0,0,0,0,0,0,M,1,9.300000000000011,62837.50000000001,mid,0,0,46.6
5344,L52523,L,303.5,312.8,1607,38.4,92,0,0,0,0,0,0,L,1,9.300000000000011,61708.799999999996,mid,0,0,46.34
5345,L52524,L,303.4,312.8,1360,50.8,94,0,0,0,0,0,0,L,1,9.400000000000034,69088.0,mid,0,0,49.64
5346,L52525,L,303.5,312.8,1524,39.4,96,0,0,0,0,0,0,L,1,9.300000000000011,60045.6,mid,0,0,48.14
5347,L52526,L,303.4,312.7,1534,35.5,98,0,0,0,0,0,0,L,1,9.300000000000011,54457.0,mid,0,0,48.16
5348,L52527,L,303.3,312.7,1262,63.8,100,0,0,0,0,0,0,L,1,9.399999999999977,80515.59999999999,mid,0,0,54.64
5349,L52528,L,303.3,312.6,1623,34.6,102,0,0,0,0,0,0,L,1,9.300000000000011,56155.8,mid,0,0,49.58
5350,M20209,M,303.3,312.7,1642,33.6,104,0,0,0,0,0,0,M,1,9.399999999999977,55171.200000000004,mid,0,0,50.2
5351,M20210,M,303.4,312.8,1622,35.1,107,0,0,0,0,0,0,M,1,9.400000000000034,56932.200000000004,mid,0,0,51.7
5352,M20211,M,303.5,312.9,1530,34.5,110,0,0,0,0,0,0,M,1,9.399999999999977,52785.0,mid,0,0,52.78
5353,M20212,M,303.4,312.8,1590,36.3,113,0,0,0,0,0,0,M,1,9.400000000000034,57716.99999999999,mid,0,0,54.34
5354,L52533,L,303.4,312.7,1589,34.0,116,0,0,0,0,0,0,L,1,9.300000000000011,54026.0,mid,0,0,55.06
5355,L52534,L,303.4,312.6,1462,37.5,118,0,0,0,0,0,0,L,1,9.200000000000045,54825.0,mid,0,0,56.54
5356,H34769,H,303.3,312.5,1328,49.8,120,0,0,0,0,0,0,H,1,9.199999999999989,66134.4,mid,0,0,59.8
5357,H34770,H,303.3,312.6,1692,29.0,125,0,0,0,0,0,0,H,1,9.300000000000011,49068.0,mid,0,0,57.66
5358,L52537,L,303.3,312.5,1968,20.6,130,0,0,0,0,0,0,L,1,9.199999999999989,40540.8,mid,0,0,57.96
5359,H34772,H,303.3,312.6,1827,24.2,132,0,0,0,0,0,0,H,1,9.300000000000011,44213.4,mid,0,0,59.5
5360,M20219,M,303.3,312.6,1397,47.1,137,0,0,0,0,0,0,M,1,9.300000000000011,65798.7,mid,0,0,66.08
5361,L52540,L,303.3,312.6,1463,44.0,140,0,0,0,0,0,0,L,1,9.300000000000011,64372.0,mid,0,0,66.66
5362,L52541,L,303.3,312.7,1643,30.7,142,0,0,0,0,0,0,L,1,9.399999999999977,50440.1,mid,0,0,64.82
5363,L52542,L,303.2,312.6,1281,57.0,144,0,0,0,0,0,0,L,1,9.400000000000034,73017.0,mid,0,0,70.88
5364,L52543,L,303.2,312.5,1518,39.9,146,0,0,0,0,0,0,L,1,9.300000000000011,60568.2,mid,0,0,68.24
5365,L52544,L,303.2,312.6,1601,35.3,148,0,0,0,0,0,0,L,1,9.400000000000034,56515.299999999996,mid,0,0,68.14
5366,L52545,L,303.1,312.6,1548,36.4,150,0,0,0,0,0,0,L,1,9.5,56347.2,mid,0,0,69.18
5367,H34780,H,303.1,312.6,1404,40.6,152,0,0,0,0,0,0,H,1,9.5,57002.4,high,0,0,70.82
5368,M20227,M,303.1,312.5,1766,26.7,157,0,0,0,0,0,0,M,1,9.399999999999977,47152.2,high,0,0,70.02
5369,M20228,M,303.1,312.5,1667,30.0,160,0,0,0,0,0,0,M,1,9.399999999999977,50010.0,high,0,0,71.88
5370,H34783,H,303.0,312.5,1507,37.9,163,0,0,0,0,0,0,H,1,9.5,57115.299999999996,high,0,0,74.68
5371,H34784,H,303.0,312.4,1627,37.1,168,0,0,0,0,0,0,H,1,9.399999999999977,60361.700000000004,high,0,0,76.5
5372,L52551,L,302.9,312.3,1435,47.7,173,0,0,0,0,0,0,L,1,9.400000000000034,68449.5,high,0,0,80.62
5373,H34786,H,302.9,312.3,1509,46.8,175,0,0,0,0,0,0,H,1,9.400000000000034,70621.2,high,0,0,81.24
5374,M20233,M,302.9,312.3,1809,25.0,180,0,0,0,0,0,0,M,1,9.400000000000034,45225.0,high,0,0,78.88
5375,L52554,L,302.9,312.3,1515,40.8,183,0,0,0,0,0,0,L,1,9.400000000000034,61811.99999999999,high,0,0,83.24
5376,L52555,L,302.9,312.3,1530,34.9,185,0,0,0,0,0,0,L,1,9.400000000000034,53397.0,high,0,0,82.86
5377,H34790,H,302.8,312.3,1336,57.5,187,0,0,0,0,0,0,H,1,9.5,76820.0,high,0,0,88.2
5378,L52557,L,302.9,312.4,2030,19.1,192,0,0,0,0,0,0,L,1,9.5,38773.0,high,0,0,82.52
5379,L52558,L,302.9,312.4,1550,36.9,194,0,0,0,0,0,0,L,1,9.5,57195.0,high,0,0,86.88
5380,L52559,L,302.9,312.4,1446,41.7,196,0,0,0,0,0,0,L,1,9.5,60298.200000000004,high,0,0,88.64
5381,L52560,L,302.8,312.3,1494,37.5,198,0,0,0,0,0,0,L,1,9.5,56025.0,high,0,0,88.6
5382,L52561,L,302.8,312.4,1651,27.0,200,0,0,0,0,0,0,L,1,9.599999999999966,44577.0,high,1,0,87.32
5383,L52562,L,302.9,312.4,1698,33.8,202,0,0,0,0,0,0,L,1,9.5,57392.399999999994,high,1,0,89.46
5384,L52563,L,302.8,312.3,1504,40.3,204,0,0,0,0,0,0,L,1,9.5,60611.2,high,1,0,91.56
5385,M20244,M,302.9,312.4,1421,46.0,206,0,0,0,0,0,0,M,1,9.5,65366.0,high,1,0,93.5
5386,H34799,H,302.9,312.3,1754,26.9,209,0,0,0,0,0,0,H,1,9.400000000000034,47182.6,high,1,0,90.86
5387,L52566,L,302.9,312.2,1469,42.0,214,0,0,0,0,0,0,L,1,9.300000000000011,61698.0,high,1,0,95.86
5388,L52567,L,302.8,312.2,1433,50.0,216,0,0,0,0,0,0,L,1,9.399999999999977,71650.0,high,1,0,98.28
5389,M20248,M,302.8,312.3,1432,49.0,218,0,0,0,0,0,0,M,1,9.5,70168.0,high,1,0,98.9
5390,L52569,L,302.8,312.3,1366,49.1,221,0,0,0,0,0,0,L,1,9.5,67070.6,high,1,0,100.12
5391,H34804,H,302.8,312.3,1483,47.2,223,0,0,0,0,0,0,H,1,9.5,69997.6,high,1,0,100.54
5392,L52571,L,302.7,312.2,1572,34.4,228,0,0,0,0,0,0,L,1,9.5,54076.799999999996,high,1,0,99.98
5393,L52572,L,302.8,312.2,1481,40.2,230,0,0,0,0,0,0,L,1,9.399999999999977,59536.200000000004,high,1,0,101.92
5394,L52573,L,302.8,312.3,1473,42.6,232,0,0,0,0,0,0,L,1,9.5,62749.8,high,1,0,103.22
5395,M20254,M,302.8,312.3,1262,70.5,234,1,0,0,1,1,0,M,1,9.5,88971.0,high,1,2,159.6
5396,L52575,L,302.8,312.4,1529,36.8,237,0,0,0,0,0,0,L,1,9.599999999999966,56267.2,high,1,0,104.08
5397,L52576,L,302.8,312.4,1523,39.7,239,0,0,0,0,0,0,L,1,9.599999999999966,60463.100000000006,high,1,0,105.46
5398,M20257,M,302.8,312.3,1416,42.7,241,0,0,0,0,0,0,M,1,9.5,60463.200000000004,high,1,0,106.84
5399,L52578,L,302.9,312.4,1923,23.9,244,0,0,0,0,0,0,L,1,9.5,45959.7,high,1,0,104.28
5400,H34813,H,302.8,312.4,1411,53.8,246,1,0,0,0,1,0,H,1,9.599999999999966,75911.8,high,1,1,161.08
5401,L52580,L,302.7,312.4,1477,46.3,251,1,0,0,0,1,0,L,1,9.699999999999989,68385.09999999999,high,1,1,161.6
5402,M20261,M,302.6,312.3,1454,54.8,253,1,1,0,0,1,0,M,1,9.699999999999989,79679.2,high,1,2,164.1
5403,L52582,L,302.7,312.3,1421,48.5,0,0,0,0,0,0,0,L,1,9.600000000000023,68918.5,low,0,0,11.62
5404,L52583,L,302.7,312.3,1858,25.4,2,0,0,0,0,0,0,L,1,9.600000000000023,47193.2,low,0,0,7.8
5405,H34818,H,302.8,312.5,1422,46.1,4,0,0,0,0,0,0,H,1,9.699999999999989,65554.2,low,0,0,12.76
5406,L52585,L,302.7,312.4,1444,48.7,9,0,0,0,0,0,0,L,1,9.699999999999989,70322.8,low,0,0,15.28
5407,L52586,L,302.7,312.4,1360,47.8,11,0,0,0,0,0,0,L,1,9.699999999999989,65007.99999999999,low,0,0,15.9
5408,L52587,L,302.7,312.4,1954,24.8,13,0,0,0,0,0,0,L,1,9.699999999999989,48459.200000000004,low,0,0,12.1
5409,L52588,L,302.6,312.4,1628,33.0,15,0,0,0,0,0,0,L,1,9.799999999999955,53724.0,low,0,0,14.56
5410,L52589,L,302.7,312.4,1433,44.2,17,0,0,0,0,0,0,L,1,9.699999999999989,63338.600000000006,low,0,0,17.58
5411,M20270,M,302.7,312.5,1417,51.5,19,0,0,0,0,0,0,M,1,9.800000000000011,72975.5,low,0,0,19.86
5412,L52591,L,302.8,312.6,1462,39.4,22,0,0,0,0,0,0,L,1,9.800000000000011,57602.799999999996,low,0,0,18.64
5413,L52592,L,302.9,312.6,1328,59.9,24,0,0,0,0,0,0,L,1,9.700000000000045,79547.2,low,0,0,23.52
5414,H34827,H,302.7,312.5,1527,36.4,26,0,0,0,0,0,0,H,1,9.800000000000011,55582.799999999996,low,0,0,19.64
5415,L52594,L,302.6,312.3,1534,34.3,31,0,0,0,0,0,0,L,1,9.699999999999989,52616.2,low,0,0,21.2
5416,M20275,M,302.6,312.4,1410,50.3,33,0,0,0,0,0,0,M,1,9.799999999999955,70923.0,low,0,0,25.22
5417,L52596,L,302.6,312.3,1660,30.3,36,0,0,0,0,0,0,L,1,9.699999999999989,50298.0,low,0,0,22.4
5418,L52597,L,302.6,312.4,1386,45.8,38,0,0,0,0,0,0,L,1,9.799999999999955,63478.799999999996,low,0,0,26.32
5419,L52598,L,302.6,312.4,1398,41.6,40,0,0,0,0,0,0,L,1,9.799999999999955,58156.8,low,0,0,26.28
5420,L52599,L,302.6,312.3,1321,53.4,42,0,0,0,0,0,0,L,1,9.699999999999989,70541.4,low,0,0,29.42
5421,L52600,L,302.6,312.3,1512,34.2,44,0,0,0,0,0,0,L,1,9.699999999999989,51710.4,low,0,0,26.38
5422,M20281,M,302.6,312.3,1566,36.6,46,0,0,0,0,0,0,M,1,9.699999999999989,57315.600000000006,low,0,0,27.66
5423,M20282,M,302.7,312.4,1422,44.5,49,0,0,0,0,0,0,M,1,9.699999999999989,63279.0,low,0,0,30.44
5424,L52603,L,302.6,312.3,1647,31.8,52,0,0,0,0,0,0,L,1,9.699999999999989,52374.6,mid,0,0,29.1
5425,L52604,L,302.6,312.2,1377,45.5,54,0,0,0,0,0,0,L,1,9.599999999999966,62653.5,mid,0,0,32.62
5426,L52605,L,302.5,312.2,1775,27.9,56,0,0,0,0,0,0,L,1,9.699999999999989,49522.5,mid,0,0,29.92
5427,L52606,L,302.6,312.3,1554,42.0,58,0,0,0,0,0,0,L,1,9.699999999999989,65268.0,mid,0,0,33.54
5428,L52607,L,302.7,312.4,1423,51.9,60,0,0,0,0,0,0,L,1,9.699999999999989,73853.7,mid,0,0,36.32
5429,L52608,L,302.7,312.4,1453,47.3,62,0,0,0,0,0,0,L,1,9.699999999999989,68726.9,mid,0,0,36.2
5430,L52609,L,302.8,312.4,1590,34.4,64,0,0,0,0,0,0,L,1,9.599999999999966,54696.0,mid,0,0,34.4
5431,L52610,L,302.8,312.5,1694,28.4,66,0,0,0,0,0,0,L,1,9.699999999999989,48109.6,mid,0,0,34.02
5432,L52611,L,302.8,312.5,1462,43.4,68,0,0,0,0,0,0,L,1,9.699999999999989,63450.799999999996,mid,0,0,37.82
5433,L52612,L,302.8,312.4,1392,46.2,70,0,0,0,0,0,0,L,1,9.599999999999966,64310.4,mid,0,0,39.16
5434,L52613,L,302.9,312.5,1550,45.5,72,0,0,0,0,0,0,L,1,9.600000000000023,70525.0,mid,0,0,39.82
5435,L52614,L,302.9,312.5,1629,30.4,74,0,0,0,0,0,0,L,1,9.600000000000023,49521.6,mid,0,0,37.6
5436,M20295,M,303.0,312.5,1524,42.1,76,0,0,0,0,0,0,M,1,9.5,64160.4,mid,0,0,40.72
5437,M20296,M,302.9,312.5,1679,30.9,79,0,0,0,0,0,0,M,1,9.600000000000023,51881.1,mid,0,0,39.7
5438,M20297,M,302.9,312.6,1394,46.4,82,0,0,0,0,0,0,M,1,9.700000000000045,64681.6,mid,0,0,44.02
5439,L52618,L,302.9,312.5,1683,32.1,85,0,0,0,0,0,0,L,1,9.600000000000023,54024.3,mid,0,0,42.34
5440,L52619,L,303.0,312.5,1626,30.5,87,0,0,0,0,0,0,L,1,9.5,49593.0,mid,0,0,42.8
5441,H34854,H,303.0,312.5,1698,30.0,89,0,0,0,0,0,0,H,1,9.5,50940.0,mid,0,0,43.5
5442,M20301,M,303.0,312.6,1392,42.9,94,0,0,0,0,0,0,M,1,9.600000000000023,59716.799999999996,mid,0,0,48.1
5443,L52622,L,303.1,312.7,1353,51.8,97,0,0,0,0,0,0,L,1,9.599999999999966,70085.4,mid,0,0,51.08
5444,M20303,M,303.0,312.7,1426,46.8,99,0,0,0,0,0,0,M,1,9.699999999999989,66736.8,mid,0,0,50.9
5445,L52624,L,303.0,312.7,2024,19.9,102,0,0,0,0,0,0,L,1,9.699999999999989,40277.6,mid,0,0,46.72
5446,M20305,M,303.0,312.8,1648,32.1,104,0,0,0,0,0,0,M,1,9.800000000000011,52900.8,mid,0,0,49.98
5447,L52626,L,303.1,312.9,1511,40.1,107,0,0,0,0,0,0,L,1,9.799999999999955,60591.1,mid,0,0,52.78
5448,L52627,L,303.1,312.8,1465,44.1,109,0,0,0,0,0,0,L,1,9.699999999999989,64606.5,mid,0,0,54.36
5449,L52628,L,303.0,312.7,1551,41.8,111,0,0,0,0,0,0,L,1,9.699999999999989,64831.799999999996,mid,0,0,54.7
5450,L52629,L,303.1,312.8,2329,15.1,113,0,0,0,0,0,0,L,1,9.699999999999989,35167.9,mid,0,0,50.16
5451,H34864,H,303.1,312.8,1435,41.9,115,0,0,0,0,0,0,H,1,9.699999999999989,60126.5,mid,0,0,56.32
5452,L52631,L,303.0,312.7,1361,48.8,120,0,0,0,0,0,0,L,1,9.699999999999989,66416.8,mid,0,0,59.7
5453,M20312,M,303.0,312.7,1553,35.8,122,0,0,0,0,0,0,M,1,9.699999999999989,55597.399999999994,mid,0,0,57.9
5454,L52633,L,303.0,312.6,1451,42.1,125,0,0,0,0,0,0,L,1,9.600000000000023,61087.1,mid,0,0,60.34
5455,L52634,L,303.0,312.5,1461,40.2,127,0,0,0,0,0,0,L,1,9.5,58732.200000000004,mid,0,0,60.74
5456,M20315,M,303.1,312.6,1895,23.5,129,0,0,0,0,0,0,M,1,9.5,44532.5,mid,0,0,58.2
5457,M20316,M,303.1,312.6,1567,32.9,132,0,0,0,0,0,0,M,1,9.5,51554.299999999996,mid,0,0,61.28
5458,M20317,M,303.0,312.5,1602,33.7,135,0,0,0,0,0,0,M,1,9.5,53987.4,mid,0,0,62.64
5459,L52638,L,303.1,312.6,1514,42.1,138,0,0,0,0,0,0,L,1,9.5,63739.4,mid,0,0,65.52
5460,L52639,L,303.1,312.5,1453,49.1,140,0,0,0,0,0,0,L,1,9.399999999999977,71342.3,mid,0,0,67.7
5461,M20320,M,303.0,312.4,1526,36.1,142,0,0,0,0,0,0,M,1,9.399999999999977,55088.6,mid,0,0,65.9
5462,M20321,M,302.9,312.3,1339,52.1,145,0,0,0,0,0,0,M,1,9.400000000000034,69761.90000000001,mid,0,0,70.3
5463,L52642,L,302.9,312.3,1889,22.8,148,0,0,0,0,0,0,L,1,9.400000000000034,43069.200000000004,mid,0,0,65.64
5464,L52643,L,302.9,312.4,1561,34.8,150,0,0,0,0,0,0,L,1,9.5,54322.799999999996,mid,0,0,68.86
5465,M20324,M,302.9,312.4,1659,33.1,152,0,0,0,0,0,0,M,1,9.5,54912.9,high,0,0,69.32
5466,L52645,L,302.9,312.4,1424,49.5,155,0,0,0,0,0,0,L,1,9.5,70488.0,high,0,0,73.8
5467,M20326,M,302.9,312.3,1426,44.7,157,0,0,0,0,0,0,M,1,9.400000000000034,63742.200000000004,high,0,0,73.62
5468,L52647,L,302.9,312.4,1383,51.4,160,0,0,0,0,0,0,L,1,9.5,71086.2,high,0,0,76.18
5469,L52648,L,302.8,312.3,1764,29.9,162,0,0,0,0,0,0,L,1,9.5,52743.6,high,0,0,72.68
5470,M20329,M,302.7,312.2,1439,42.5,164,0,0,0,0,0,0,M,1,9.5,61157.5,high,0,0,76.0
5471,M20330,M,302.7,312.2,1585,35.5,167,0,0,0,0,0,0,M,1,9.5,56267.5,high,0,0,75.8
5472,L52651,L,302.7,312.3,1346,61.2,170,0,0,0,0,0,1,L,1,9.600000000000023,82375.2,high,0,1,82.16
5473,L52652,L,302.8,312.3,1386,57.8,172,0,0,0,0,0,0,L,1,9.5,80110.8,high,0,0,82.26
5474,L52653,L,302.7,312.2,1369,51.8,174,0,0,0,0,0,0,L,1,9.5,70914.2,high,0,0,81.86
5475,M20334,M,302.7,312.1,1378,46.9,176,0,0,0,0,0,0,M,1,9.400000000000034,64628.2,high,0,0,81.66
5476,L52655,L,302.7,312.2,1336,46.8,179,0,0,0,0,0,0,L,1,9.5,62524.799999999996,high,0,0,82.86
5477,M20336,M,302.6,312.1,1445,42.0,181,0,0,0,0,0,0,M,1,9.5,60690.0,high,0,0,82.7
5478,L52657,L,302.7,312.1,1763,26.5,184,0,0,0,0,0,0,L,1,9.400000000000034,46719.5,high,0,0,80.78
5479,L52658,L,302.7,312.2,1611,34.1,186,0,0,0,0,0,0,L,1,9.5,54935.100000000006,high,0,0,83.12
5480,M20339,M,302.7,312.1,1564,32.1,188,0,0,0,0,0,0,M,1,9.400000000000034,50204.4,high,0,0,83.5
5481,H34894,H,302.7,312.1,1478,36.0,191,0,0,0,0,0,0,H,1,9.400000000000034,53208.0,high,0,0,85.48
5482,L52661,L,302.6,312.0,1781,28.5,196,0,0,0,0,0,0,L,1,9.399999999999977,50758.5,high,0,0,85.98
5483,L52662,L,302.6,312.1,1782,26.8,198,0,0,0,0,0,0,L,1,9.5,47757.6,high,0,0,86.46
5484,M20343,M,302.6,312.1,2000,21.9,200,0,0,0,0,0,0,M,1,9.5,43800.0,high,1,0,86.28
5485,M20344,M,302.5,312.0,1826,25.3,203,0,0,0,0,0,0,M,1,9.5,46197.8,high,1,0,88.16
5486,L52665,L,302.6,312.1,1344,51.0,206,0,0,0,0,0,0,L,1,9.5,68544.0,high,1,0,94.5
5487,L52666,L,302.6,312.2,1520,43.0,208,0,0,0,0,0,0,L,1,9.599999999999966,65360.0,high,1,0,93.72
5488,M20347,M,302.6,312.1,1611,39.9,210,0,0,0,0,0,0,M,1,9.5,64278.899999999994,high,1,0,93.88
5489,L52668,L,302.7,312.2,1450,52.1,213,1,0,0,0,1,0,L,1,9.5,75545.0,high,1,1,147.52
5490,L52669,L,302.6,312.1,1499,35.0,215,0,0,0,0,0,1,L,1,9.5,52465.0,high,1,1,94.9
5491,L52670,L,302.6,312.1,1288,68.5,0,1,0,0,1,0,0,L,1,9.5,88228.0,low,0,1,65.6
5492,M20351,M,302.7,312.2,1350,58.6,2,0,0,0,0,0,0,M,1,9.5,79110.0,low,0,0,14.42
5493,M20352,M,302.9,312.4,1334,50.9,5,0,0,0,0,0,0,M,1,9.5,67900.59999999999,low,0,0,14.08
5494,L52673,L,302.8,312.4,1376,57.1,8,0,0,0,0,0,0,L,1,9.599999999999966,78569.6,low,0,0,16.54
5495,L52674,L,302.8,312.4,1368,49.5,10,0,0,0,0,0,0,L,1,9.599999999999966,67716.0,low,0,0,15.82
5496,H34909,H,302.9,312.5,1357,55.0,12,0,0,0,0,0,1,H,1,9.600000000000023,74635.0,low,0,1,17.72
5497,M20356,M,302.9,312.5,1924,24.0,17,0,0,0,0,0,0,M,1,9.600000000000023,46176.0,low,0,0,13.52
5498,M20357,M,302.9,312.5,1551,40.0,20,0,0,0,0,0,0,M,1,9.600000000000023,62040.0,low,0,0,17.92
5499,M20358,M,302.9,312.5,1903,21.2,23,0,0,0,0,0,0,M,1,9.600000000000023,40343.6,low,0,0,15.36
5500,H34913,H,302.9,312.3,1417,48.7,26,0,0,0,0,0,0,H,1,9.400000000000034,69007.90000000001,low,0,0,22.02
5501,L52680,L,302.7,312.1,1601,35.2,31,0,0,0,0,0,0,L,1,9.400000000000034,56355.200000000004,low,0,0,21.32
5502,L52681,L,302.7,312.1,1543,37.5,33,0,0,0,0,0,0,L,1,9.400000000000034,57862.5,low,0,0,22.58
5503,L52682,L,302.6,312.1,1439,52.3,35,0,0,0,0,0,0,L,1,9.5,75259.7,low,0,0,26.36
5504,H34917,H,302.6,312.0,1657,29.3,37,0,0,0,0,0,0,H,1,9.399999999999977,48550.1,low,0,0,22.54
5505,L52684,L,302.8,312.2,1458,51.0,42,0,0,0,0,0,0,L,1,9.399999999999977,74358.0,low,0,0,28.88
5506,L52685,L,302.8,312.2,1746,27.4,44,0,0,0,0,0,0,L,1,9.399999999999977,47840.399999999994,low,0,0,24.96
5507,L52686,L,302.9,312.2,1677,30.5,46,0,0,0,0,0,0,L,1,9.300000000000011,51148.5,low,0,0,26.36
5508,L52687,L,302.8,312.1,1520,39.9,48,0,0,0,0,0,0,L,1,9.300000000000011,60648.0,low,0,0,29.04
5509,L52688,L,302.9,312.2,1367,55.1,50,0,0,0,0,0,0,L,1,9.300000000000011,75321.7,low,0,0,32.88
5510,L52689,L,302.8,312.2,1509,36.5,52,0,0,0,0,0,1,L,1,9.399999999999977,55078.5,mid,0,1,29.98
5511,L52690,L,302.8,312.1,1418,51.4,54,0,0,0,0,0,0,L,1,9.300000000000011,72885.2,mid,0,0,33.74
5512,L52691,L,302.8,312.1,1958,20.3,56,0,0,0,0,0,0,L,1,9.300000000000011,39747.4,mid,0,0,28.32
5513,L52692,L,302.8,312.2,1682,30.9,58,0,0,0,0,0,0,L,1,9.399999999999977,51973.799999999996,mid,0,0,31.26
5514,M20373,M,302.8,312.2,1452,50.3,60,0,0,0,0,0,0,M,1,9.399999999999977,73035.59999999999,mid,0,0,35.94
5515,L52694,L,302.7,312.0,1828,24.0,63,0,0,0,0,0,0,L,1,9.300000000000011,43872.0,mid,0,0,31.86
5516,H34929,H,302.7,312.0,1484,41.5,65,0,0,0,0,0,0,H,1,9.300000000000011,61586.0,mid,0,0,36.16
5517,L52696,L,302.6,312.0,1674,32.2,70,0,0,0,0,0,0,L,1,9.399999999999977,53902.8,mid,0,0,36.32
5518,L52697,L,302.6,311.9,1448,49.5,72,0,0,0,0,0,0,L,1,9.299999999999955,71676.0,mid,0,0,40.56
5519,M20378,M,302.5,311.8,2023,19.1,74,0,0,0,0,0,0,M,1,9.300000000000011,38639.3,mid,0,0,35.28
5520,L52699,L,302.5,311.9,1452,47.4,77,0,0,0,0,0,0,L,1,9.399999999999977,68824.8,mid,0,0,42.16
5521,M20380,M,302.6,312.0,1496,45.0,79,0,0,0,0,0,0,M,1,9.399999999999977,67320.0,mid,0,0,42.48
5522,L52701,L,302.6,311.9,1397,46.9,82,0,0,0,0,0,0,L,1,9.299999999999955,65519.299999999996,mid,0,0,44.04
5523,L52702,L,302.6,311.9,1453,39.1,84,0,0,0,0,0,0,L,1,9.299999999999955,56812.3,mid,0,0,43.28
5524,M20383,M,302.5,311.9,1524,34.8,86,0,0,0,0,0,0,M,1,9.399999999999977,53035.2,mid,0,0,43.24
5525,L52704,L,302.6,311.9,1633,30.9,89,0,0,0,0,0,0,L,1,9.299999999999955,50459.7,mid,0,0,43.64
5526,M20385,M,302.6,312.0,1363,45.7,91,0,0,0,0,0,0,M,1,9.399999999999977,62289.100000000006,mid,0,0,47.42
5527,L52706,L,302.5,311.9,1520,44.9,94,0,0,0,0,0,0,L,1,9.399999999999977,68248.0,mid,0,0,48.46
5528,M20387,M,302.5,311.9,1532,38.8,96,0,0,0,0,0,0,M,1,9.399999999999977,59441.6,mid,0,0,48.04
5529,L52708,L,302.4,311.8,1384,50.9,99,0,0,0,0,0,0,L,1,9.400000000000034,70445.59999999999,mid,0,0,51.66
5530,M20389,M,302.4,311.8,1539,39.9,101,0,0,0,0,0,0,M,1,9.400000000000034,61406.1,mid,0,0,50.26
5531,M20390,M,302.3,311.8,1355,50.1,104,0,0,0,0,0,0,M,1,9.5,67885.5,mid,0,0,53.52
5532,M20391,M,302.3,311.7,1504,37.3,107,0,0,0,0,0,0,M,1,9.399999999999977,56099.2,mid,0,0,52.14
5533,L52712,L,302.4,311.8,1476,46.6,110,0,0,0,0,0,0,L,1,9.400000000000034,68781.6,mid,0,0,55.2
5534,L52713,L,302.4,311.7,1721,26.9,112,0,0,0,0,0,0,L,1,9.300000000000011,46294.899999999994,mid,0,0,52.04
5535,M20394,M,302.3,311.7,1494,37.1,114,0,0,0,0,0,0,M,1,9.399999999999977,55427.4,mid,0,0,54.9
5536,L52715,L,302.3,311.7,1465,43.5,117,0,0,0,0,0,0,L,1,9.399999999999977,63727.5,mid,0,0,57.38
5537,M20396,M,302.3,311.8,1363,54.0,119,1,0,0,0,0,0,M,1,9.5,73602.0,mid,0,0,110.3
5538,L52717,L,302.4,311.8,1648,30.0,122,0,0,0,0,0,0,L,1,9.400000000000034,49440.0,mid,0,0,56.68
5539,M20398,M,302.3,311.8,1879,23.0,124,0,0,0,0,0,0,M,1,9.5,43217.0,mid,0,0,56.1
5540,H34953,H,302.3,311.7,1482,39.0,127,0,0,0,0,0,0,H,1,9.399999999999977,57798.0,mid,0,0,60.48
5541,L52720,L,302.4,311.8,1493,38.4,132,0,0,0,0,0,0,L,1,9.400000000000034,57331.2,mid,0,0,62.36
5542,L52721,L,302.4,311.8,1433,42.2,134,0,0,0,0,0,0,L,1,9.400000000000034,60472.600000000006,mid,0,0,63.92
5543,L52722,L,302.3,311.7,1400,41.6,136,0,0,0,0,0,0,L,1,9.399999999999977,58240.0,mid,0,0,64.6
5544,L52723,L,302.4,311.8,1255,59.0,138,0,0,0,0,0,0,L,1,9.400000000000034,74045.0,mid,0,0,68.88
5545,L52724,L,302.2,311.7,1471,45.6,140,0,0,0,0,0,0,L,1,9.5,67077.6,mid,0,0,67.02
5546,H34959,H,302.2,311.6,1357,44.2,142,0,0,0,0,0,0,H,1,9.400000000000034,59979.4,mid,0,0,67.52
5547,L52726,L,302.3,311.7,1453,41.2,147,0,0,0,0,0,0,L,1,9.399999999999977,59863.600000000006,mid,0,0,68.92
5548,M20407,M,302.3,311.7,1540,28.9,149,0,0,0,0,0,0,M,1,9.399999999999977,44506.0,mid,0,0,67.26
5549,L52728,L,302.3,311.8,1605,35.2,152,0,0,0,0,0,0,L,1,9.5,56496.00000000001,high,0,0,69.74
5550,H34963,H,302.3,311.9,1374,52.4,154,0,0,0,0,0,0,H,1,9.599999999999966,71997.59999999999,high,0,0,74.0
5551,M20410,M,302.3,311.9,1508,42.3,159,0,0,0,0,0,0,M,1,9.599999999999966,63788.399999999994,high,0,0,73.98
5552,H34965,H,302.4,311.9,1366,47.3,162,0,0,0,0,0,0,H,1,9.5,64611.799999999996,high,0,0,76.16
5553,H34966,H,302.5,312.0,1579,35.7,167,0,0,0,0,0,0,H,1,9.5,56370.3,high,0,0,75.84
5554,L52733,L,302.5,311.9,1306,59.7,172,0,0,0,0,0,1,L,1,9.399999999999977,77968.2,high,0,1,82.62
5555,M20414,M,302.5,312.0,1521,40.2,174,0,0,0,0,0,0,M,1,9.5,61144.200000000004,high,0,0,79.54
5556,L52735,L,302.5,312.0,1411,44.2,177,0,0,0,0,0,0,L,1,9.5,62366.200000000004,high,0,0,81.54
5557,H34970,H,302.5,312.0,1357,42.0,179,0,0,0,0,0,0,H,1,9.5,56994.0,high,0,0,81.9
5558,M20417,M,302.5,312.0,1436,43.5,184,0,0,0,0,0,0,M,1,9.5,62466.0,high,0,0,84.2
5559,L52738,L,302.5,311.9,1553,40.1,187,0,0,0,0,0,0,L,1,9.399999999999977,62275.3,high,0,0,84.7
5560,M20419,M,302.5,312.0,1451,43.2,189,0,0,0,0,0,0,M,1,9.5,62683.200000000004,high,0,0,86.14
5561,L52740,L,302.4,311.9,1541,37.9,192,0,0,0,0,0,0,L,1,9.5,58403.899999999994,high,0,0,86.28
5562,M20421,M,302.3,311.7,1341,46.3,194,0,0,0,0,0,0,M,1,9.399999999999977,62088.299999999996,high,0,0,88.74
5563,L52742,L,302.3,311.7,1648,32.1,197,0,0,0,0,0,0,L,1,9.399999999999977,52900.8,high,0,0,87.1
5564,M20423,M,302.3,311.7,1640,31.5,199,0,0,0,0,0,0,M,1,9.399999999999977,51660.0,high,0,0,87.78
5565,L52744,L,302.4,311.8,1416,46.1,202,0,0,0,0,0,0,L,1,9.400000000000034,65277.6,high,1,0,91.9
5566,L52745,L,302.4,311.9,1671,29.9,204,0,0,0,0,0,0,L,1,9.5,49962.899999999994,high,1,0,89.48
5567,L52746,L,302.4,312.0,1457,45.5,206,0,0,0,0,0,0,L,1,9.600000000000023,66293.5,high,1,0,93.42
5568,M20427,M,302.5,312.0,1445,54.8,0,0,0,0,0,0,0,M,1,9.5,79186.0,low,0,0,12.86
5569,L52748,L,302.5,312.1,1534,38.6,3,0,0,0,0,0,0,L,1,9.600000000000023,59212.4,low,0,0,10.84
5570,L52749,L,302.4,312.0,1508,36.9,5,0,0,0,0,0,0,L,1,9.600000000000023,55645.2,low,0,0,11.3
5571,M20430,M,302.4,312.1,1492,47.7,7,0,0,0,0,0,0,M,1,9.700000000000045,71168.40000000001,low,0,0,14.28
5572,L52751,L,302.4,312.0,1562,37.9,10,0,0,0,0,0,0,L,1,9.600000000000023,59199.799999999996,low,0,0,13.5
5573,L52752,L,302.4,312.0,1545,36.4,12,0,0,0,0,0,0,L,1,9.600000000000023,56238.0,low,0,0,14.0
5574,L52753,L,302.5,312.2,1738,25.3,14,0,0,0,0,0,0,L,1,9.699999999999989,43971.4,low,0,0,12.6
5575,L52754,L,302.4,312.0,1305,49.1,16,0,0,0,0,0,0,L,1,9.600000000000023,64075.5,low,0,0,18.14
5576,H34989,H,302.4,312.0,1477,39.7,18,0,0,0,0,0,0,H,1,9.600000000000023,58636.9,low,0,0,17.06
5577,H34990,H,302.4,312.0,1457,43.4,23,0,0,0,0,0,0,H,1,9.600000000000023,63233.799999999996,low,0,0,19.8
5578,L52757,L,302.4,312.1,1455,40.4,28,0,0,0,0,0,0,L,1,9.700000000000045,58782.0,low,0,0,21.22
5579,L52758,L,302.5,312.2,1574,38.7,30,0,0,0,0,0,0,L,1,9.699999999999989,60913.8,low,0,0,21.68
5580,L52759,L,302.6,312.2,1695,27.1,32,0,0,0,0,0,0,L,1,9.599999999999966,45934.5,low,0,0,20.14
5581,M20440,M,302.6,312.2,1458,38.8,34,0,0,0,0,0,0,M,1,9.599999999999966,56570.399999999994,low,0,0,23.28
5582,M20441,M,302.5,312.1,1454,47.6,37,0,0,0,0,0,0,M,1,9.600000000000023,69210.40000000001,low,0,0,26.24
5583,L52762,L,302.5,312.0,2052,18.9,40,0,0,0,0,0,0,L,1,9.5,38782.799999999996,low,0,0,21.68
5584,L52763,L,302.5,312.0,1673,29.9,42,0,0,0,0,0,0,L,1,9.5,50022.7,low,0,0,24.68
5585,L52764,L,302.4,311.9,1578,29.9,44,0,0,0,0,0,0,L,1,9.5,47182.2,low,0,0,25.48
5586,M20445,M,302.5,312.0,1642,29.1,46,0,0,0,0,0,0,M,1,9.5,47782.200000000004,low,0,0,26.12
5587,M20446,M,302.4,311.8,1557,31.5,49,0,0,0,0,0,0,M,1,9.400000000000034,49045.5,low,0,0,27.78
5588,L52767,L,302.5,311.9,1481,42.9,52,0,0,0,0,0,0,L,1,9.399999999999977,63534.9,mid,0,0,31.26
5589,M20448,M,302.5,311.8,1566,37.6,54,0,0,0,0,0,0,M,1,9.300000000000011,58881.600000000006,mid,0,0,30.98
5590,M20449,M,302.5,311.9,1298,57.5,57,0,0,0,0,0,0,M,1,9.399999999999977,74635.0,mid,0,0,36.18
5591,M20450,M,302.5,311.9,1340,59.4,60,0,0,0,0,0,0,M,1,9.399999999999977,79596.0,mid,0,0,37.76
5592,L52771,L,302.5,312.0,1574,33.8,63,0,0,0,0,0,0,L,1,9.5,53201.2,mid,0,0,33.86
5593,L52772,L,302.5,311.9,1437,46.7,65,0,0,0,0,0,0,L,1,9.399999999999977,67107.90000000001,mid,0,0,37.22
5594,L52773,L,302.6,311.9,1354,48.0,67,0,0,0,0,0,0,L,1,9.299999999999955,64992.0,mid,0,0,38.26
5595,L52774,L,302.6,311.9,1598,35.5,69,0,0,0,0,0,0,L,1,9.299999999999955,56729.0,mid,0,0,36.56
5596,M20455,M,302.7,312.0,1944,21.4,71,0,0,0,0,0,0,M,1,9.300000000000011,41601.6,mid,0,0,34.54
5597,M20456,M,302.7,312.0,1538,36.7,74,0,0,0,0,0,0,M,1,9.300000000000011,56444.600000000006,mid,0,0,38.8
5598,L52777,L,302.7,312.0,1501,37.0,77,0,0,0,0,0,0,L,1,9.300000000000011,55537.0,mid,0,0,40.06
5599,L52778,L,302.8,312.1,1441,52.1,79,0,0,0,0,0,0,L,1,9.300000000000011,75076.1,mid,0,0,43.88
5600,M20459,M,302.7,312.0,1652,31.0,81,0,0,0,0,0,0,M,1,9.300000000000011,51212.0,mid,0,0,40.46
5601,L52780,L,302.8,312.1,1487,36.6,84,0,0,0,0,0,0,L,1,9.300000000000011,54424.200000000004,mid,0,0,42.78
5602,L52781,L,302.9,312.2,1605,33.9,86,0,0,0,0,0,0,L,1,9.300000000000011,54409.5,mid,0,0,43.04
5603,L52782,L,302.9,312.1,1334,54.7,88,0,0,0,0,0,0,L,1,9.200000000000045,72969.8,mid,0,0,47.98
5604,L52783,L,302.9,312.2,1340,57.8,90,0,0,0,0,0,0,L,1,9.300000000000011,77452.0,mid,0,0,49.42
5605,L52784,L,302.9,312.2,1513,37.8,92,0,0,0,0,0,0,L,1,9.300000000000011,57191.399999999994,mid,0,0,46.22
5606,L52785,L,302.9,312.2,1510,41.4,94,0,0,0,0,0,0,L,1,9.300000000000011,62514.0,mid,0,0,47.74
5607,L52786,L,302.9,312.2,1729,23.6,96,0,0,0,0,0,0,L,1,9.300000000000011,40804.4,mid,0,0,44.98
5608,M20467,M,302.9,312.2,1745,25.5,98,0,0,0,0,0,0,M,1,9.300000000000011,44497.5,mid,0,0,46.16
5609,M20468,M,303.1,312.3,1623,31.6,101,0,0,0,0,0,0,M,1,9.199999999999989,51286.8,mid,0,0,48.56
5610,M20469,M,303.1,312.4,1378,50.1,104,0,0,0,0,0,0,M,1,9.299999999999955,69037.8,mid,0,0,53.48
5611,L52790,L,303.1,312.4,1407,41.2,107,0,0,0,0,0,0,L,1,9.299999999999955,57968.4,mid,0,0,52.9
5612,M20471,M,303.0,312.3,1674,29.5,109,0,0,0,0,0,0,M,1,9.300000000000011,49383.0,mid,0,0,51.36
5613,L52792,L,303.0,312.3,1486,42.4,112,0,0,0,0,0,0,L,1,9.300000000000011,63006.4,mid,0,0,55.14
5614,M20473,M,303.0,312.3,1483,38.8,114,0,0,0,0,0,0,M,1,9.300000000000011,57540.399999999994,mid,0,0,55.22
5615,H35028,H,303.0,312.2,1624,28.8,117,0,0,0,0,0,0,H,1,9.199999999999989,46771.200000000004,mid,0,0,54.4
5616,M20475,M,303.0,312.2,1257,71.3,122,1,0,0,1,0,0,M,1,9.199999999999989,89624.09999999999,mid,0,1,114.9
5617,L52796,L,303.0,312.3,1480,41.4,125,0,0,0,0,0,0,L,1,9.300000000000011,61272.0,mid,0,0,60.14
5618,L52797,L,303.1,312.4,1404,61.5,127,1,0,0,1,0,0,L,1,9.299999999999955,86346.0,mid,0,1,114.96
5619,M20478,M,303.0,312.4,1645,29.6,129,0,0,0,0,0,0,M,1,9.399999999999977,48692.0,mid,0,0,59.4
5620,L52799,L,303.0,312.3,1932,21.9,132,0,0,0,0,0,0,L,1,9.300000000000011,42310.799999999996,mid,0,0,59.04
5621,L52800,L,303.0,312.3,1533,38.5,134,0,0,0,0,0,0,L,1,9.300000000000011,59020.5,mid,0,0,63.16
5622,M20481,M,302.9,312.2,1292,54.4,136,0,0,0,0,0,0,M,1,9.300000000000011,70284.8,mid,0,0,67.14
5623,L52802,L,302.9,312.2,1571,40.6,139,0,0,0,0,0,0,L,1,9.300000000000011,63782.600000000006,mid,0,0,65.58
5624,L52803,L,302.9,312.3,1578,36.3,141,0,0,0,0,0,0,L,1,9.400000000000034,57281.399999999994,mid,0,0,65.54
5625,M20484,M,302.8,312.2,1469,36.9,143,0,0,0,0,0,0,M,1,9.399999999999977,54206.1,mid,0,0,66.46
5626,L52805,L,302.7,312.1,1728,24.4,146,0,0,0,0,0,0,L,1,9.400000000000034,42163.2,mid,0,0,65.16
5627,H35040,H,302.7,312.1,1603,32.5,148,0,0,0,0,0,0,H,1,9.400000000000034,52097.5,mid,0,0,67.58
5628,L52807,L,302.7,312.1,1597,39.8,153,0,0,0,0,0,0,L,1,9.400000000000034,63560.6,high,0,0,71.04
5629,L52808,L,302.7,312.1,1688,32.0,155,0,0,0,0,0,0,L,1,9.400000000000034,54016.0,high,0,0,70.28
5630,L52809,L,302.7,312.2,1405,51.4,157,0,0,0,0,0,0,L,1,9.5,72217.0,high,0,0,74.98
5631,M20490,M,302.8,312.2,1615,32.9,159,0,0,0,0,0,0,M,1,9.399999999999977,53133.5,high,0,0,72.06
5632,L52811,L,302.8,312.2,1515,36.8,162,0,0,0,0,0,0,L,1,9.399999999999977,55751.99999999999,high,0,0,74.04
5633,L52812,L,302.7,312.2,1376,52.8,164,0,0,0,0,0,0,L,1,9.5,72652.8,high,0,0,78.06
5634,L52813,L,302.7,312.2,1447,47.5,166,0,0,0,0,0,0,L,1,9.5,68732.5,high,0,0,77.8
5635,M20494,M,302.6,312.2,1353,56.5,168,0,0,0,0,0,0,M,1,9.599999999999966,76444.5,high,0,0,80.42
5636,L52815,L,302.6,312.1,1502,47.3,171,0,0,0,0,0,0,L,1,9.5,71044.59999999999,high,0,0,79.76
5637,L52816,L,302.6,312.0,1447,45.5,173,0,0,0,0,0,0,L,1,9.399999999999977,65838.5,high,0,0,80.18
5638,M20497,M,302.5,312.0,1487,46.1,175,0,0,0,0,0,0,M,1,9.5,68550.7,high,0,0,81.12
5639,L52818,L,302.6,312.1,1519,38.1,178,0,0,0,0,0,0,L,1,9.5,57873.9,high,0,0,80.72
5640,L52819,L,302.6,312.1,1668,28.7,180,0,0,0,0,0,1,L,1,9.5,47871.6,high,0,1,79.64
5641,L52820,L,302.6,312.1,1420,51.6,182,0,0,0,0,0,0,L,1,9.5,73272.0,high,0,0,85.02
5642,L52821,L,302.6,312.1,1473,37.3,184,0,0,0,0,0,0,L,1,9.5,54942.899999999994,high,0,0,82.96
5643,L52822,L,302.5,312.0,1495,38.8,186,0,0,0,0,0,0,L,1,9.5,58005.99999999999,high,0,0,84.06
5644,L52823,L,302.5,312.0,1574,42.0,188,0,0,0,0,0,0,L,1,9.5,66108.0,high,0,0,85.5
5645,L52824,L,302.5,312.0,1383,51.3,190,0,0,0,0,0,0,L,1,9.5,70947.9,high,0,0,88.16
5646,M20505,M,302.5,312.0,1591,29.4,192,0,0,0,0,0,0,M,1,9.5,46775.399999999994,high,0,0,84.58
5647,M20506,M,302.4,311.8,1644,37.2,195,0,0,0,0,0,0,M,1,9.400000000000034,61156.8,high,0,0,87.32
5648,H35061,H,302.5,311.8,2370,14.7,198,0,0,0,0,0,0,H,1,9.300000000000011,34839.0,high,0,0,84.0
5649,L52828,L,302.5,311.9,1401,44.9,203,0,0,0,0,0,0,L,1,9.399999999999977,62904.9,high,1,0,92.06
5650,M20509,M,302.5,311.9,1414,51.6,205,0,0,0,0,0,0,M,1,9.399999999999977,72962.40000000001,high,1,0,94.2
5651,L52830,L,302.5,312.0,1456,46.3,208,0,0,0,0,0,0,L,1,9.5,67412.8,high,1,0,94.36
5652,M20511,M,302.5,312.0,1447,45.7,210,0,0,0,0,0,0,M,1,9.5,66127.90000000001,high,1,0,95.04
5653,L52832,L,302.4,311.8,1727,26.5,213,0,0,0,0,0,0,L,1,9.400000000000034,45765.5,high,1,0,92.38
5654,L52833,L,302.4,311.7,1495,36.8,215,0,0,0,0,0,0,L,1,9.300000000000011,55015.99999999999,high,1,0,95.22
5655,L52834,L,302.3,311.6,1544,34.3,0,0,0,0,0,0,0,L,1,9.300000000000011,52959.2,low,0,0,8.72
5656,L52835,L,302.3,311.5,1387,47.3,2,0,0,0,0,0,0,L,1,9.199999999999989,65605.09999999999,low,0,0,12.1
5657,M20516,M,302.3,311.5,1316,47.2,4,0,0,0,0,0,0,M,1,9.199999999999989,62115.200000000004,low,0,0,12.88
5658,L52837,L,302.3,311.5,1794,26.1,7,0,0,0,0,0,0,L,1,9.199999999999989,46823.4,low,0,0,9.86
5659,M20518,M,302.2,311.4,1372,55.1,9,0,0,0,0,0,0,M,1,9.199999999999989,75597.2,low,0,0,16.46
5660,M20519,M,302.3,311.5,1674,30.0,12,0,0,0,0,0,0,M,1,9.199999999999989,50220.0,low,0,0,12.64
5661,L52840,L,302.2,311.4,1477,41.7,15,0,0,0,0,0,0,L,1,9.199999999999989,61590.9,low,0,0,16.18
5662,L52841,L,302.2,311.4,1397,53.0,17,0,0,0,0,0,0,L,1,9.199999999999989,74041.0,low,0,0,19.24
5663,L52842,L,302.2,311.5,1616,34.0,19,0,0,0,0,0,0,L,1,9.300000000000011,54944.0,low,0,0,16.26
5664,M20523,M,302.3,311.5,1530,42.3,21,0,0,0,0,0,0,M,1,9.199999999999989,64718.99999999999,low,0,0,18.7
5665,M20524,M,302.2,311.4,1539,35.1,24,0,0,0,0,0,0,M,1,9.199999999999989,54018.9,low,0,0,18.46
5666,L52845,L,302.3,311.4,1845,21.9,27,0,0,0,0,0,0,L,1,9.099999999999966,40405.5,low,0,0,17.0
5667,L52846,L,302.2,311.4,1430,43.1,29,0,0,0,0,0,0,L,1,9.199999999999989,61633.0,low,0,0,22.06
5668,L52847,L,302.2,311.4,2080,19.2,31,0,0,0,0,0,0,L,1,9.199999999999989,39936.0,low,0,0,18.08
5669,M20528,M,302.2,311.4,1432,45.3,33,0,0,0,0,0,0,M,1,9.199999999999989,64869.6,low,0,0,24.1
5670,M20529,M,302.2,311.5,1479,39.5,36,0,0,0,0,0,0,M,1,9.300000000000011,58420.5,low,0,0,24.16
5671,L52850,L,302.2,311.5,1424,45.2,39,0,0,0,0,0,0,L,1,9.300000000000011,64364.8,low,0,0,26.5
5672,H35085,H,302.2,311.6,1534,37.2,41,0,0,0,0,0,0,H,1,9.400000000000034,57064.8,low,0,0,25.72
5673,H35086,H,302.1,311.6,1701,26.2,46,0,0,0,0,0,0,H,1,9.5,44566.2,low,0,0,25.54
5674,L52853,L,302.2,311.6,1462,50.0,51,0,0,0,0,0,0,L,1,9.400000000000034,73100.0,mid,0,0,32.28
5675,M20534,M,302.2,311.7,1393,42.5,53,0,0,0,0,0,0,M,1,9.5,59202.5,mid,0,0,31.6
5676,M20535,M,302.3,311.7,1453,42.5,56,0,0,0,0,0,0,M,1,9.399999999999977,61752.5,mid,0,0,32.78
5677,L52856,L,302.3,311.8,1565,37.8,59,0,0,0,0,0,0,L,1,9.5,59156.99999999999,mid,0,0,33.06
5678,L52857,L,302.3,311.8,1281,51.7,61,0,0,0,0,0,0,L,1,9.5,66227.7,mid,0,0,36.64
5679,M20538,M,302.2,311.7,1584,36.2,63,0,0,0,0,0,0,M,1,9.5,57340.8,mid,0,0,34.34
5680,M20539,M,302.2,311.7,1466,49.0,66,0,0,0,0,0,0,M,1,9.5,71834.0,mid,0,0,38.1
5681,M20540,M,302.2,311.6,1386,50.5,69,0,0,0,0,0,0,M,1,9.400000000000034,69993.0,mid,0,0,39.58
5682,L52861,L,302.2,311.6,1383,44.3,72,0,0,0,0,0,0,L,1,9.400000000000034,61266.899999999994,mid,0,0,39.54
5683,H35096,H,302.3,311.6,1441,53.9,74,0,0,0,0,0,0,H,1,9.300000000000011,77669.9,mid,0,0,42.24
5684,M20543,M,302.2,311.6,1592,37.7,79,0,0,0,0,0,0,M,1,9.400000000000034,60018.4,mid,0,0,41.02
5685,H35098,H,302.2,311.6,1594,36.8,82,0,0,0,0,0,0,H,1,9.400000000000034,58659.2,mid,0,0,42.04
5686,L52865,L,302.2,311.5,1482,45.6,87,0,0,0,0,0,0,L,1,9.300000000000011,67579.2,mid,0,0,45.78
5687,L52866,L,302.2,311.6,1658,31.4,89,0,0,0,0,0,0,L,1,9.400000000000034,52061.2,mid,0,0,43.76
5688,L52867,L,302.3,311.7,2170,18.2,91,0,0,0,0,0,0,L,1,9.399999999999977,39494.0,mid,0,0,41.92
5689,M20548,M,302.3,311.7,1423,44.6,93,0,0,0,0,0,0,M,1,9.399999999999977,63465.8,mid,0,0,48.0
5690,L52869,L,302.4,311.8,1543,31.1,96,0,0,0,0,0,0,L,1,9.400000000000034,47987.3,mid,0,0,46.5
5691,L52870,L,302.3,311.8,1435,44.8,98,0,0,0,0,0,0,L,1,9.5,64287.99999999999,mid,0,0,50.06
5692,L52871,L,302.4,311.8,1320,56.4,100,0,0,0,0,0,0,L,1,9.400000000000034,74448.0,mid,0,0,53.16
5693,M20552,M,302.4,311.9,1313,55.7,102,0,0,0,0,0,0,M,1,9.5,73134.1,mid,0,0,53.84
5694,M20553,M,302.4,311.8,1453,42.1,105,0,0,0,0,0,0,M,1,9.400000000000034,61171.3,mid,0,0,52.3
5695,L52874,L,302.4,311.8,1508,45.7,108,0,0,0,0,0,0,L,1,9.400000000000034,68915.6,mid,0,0,54.22
5696,L52875,L,302.4,311.8,1451,42.0,110,0,0,0,0,0,0,L,1,9.400000000000034,60942.0,mid,0,0,54.28
5697,H35110,H,302.5,311.9,1595,34.6,112,0,0,0,0,0,0,H,1,9.399999999999977,55187.0,mid,0,0,53.6
5698,L52877,L,302.5,311.9,1354,49.4,117,0,0,0,0,0,0,L,1,9.399999999999977,66887.59999999999,mid,0,0,58.56
5699,L52878,L,302.5,311.9,1265,59.8,119,0,0,0,0,0,0,L,1,9.399999999999977,75647.0,mid,0,0,61.44
5700,L52879,L,302.4,311.9,1867,25.9,121,0,0,0,0,0,0,L,1,9.5,48355.299999999996,mid,0,0,55.48
5701,L52880,L,302.5,311.9,1497,41.6,123,0,0,0,0,0,0,L,1,9.399999999999977,62275.200000000004,mid,0,0,59.4
5702,M20561,M,302.5,311.9,1347,54.3,125,0,0,0,0,0,0,M,1,9.399999999999977,73142.09999999999,mid,0,0,62.74
5703,L52882,L,302.3,311.7,1544,43.2,128,0,0,0,0,0,0,L,1,9.399999999999977,66700.8,mid,0,0,61.72
5704,H35117,H,302.3,311.7,1456,45.4,130,0,0,0,0,0,0,H,1,9.399999999999977,66102.4,mid,0,0,62.96
5705,L52884,L,302.5,311.8,1335,52.7,135,0,0,0,0,0,0,L,1,9.300000000000011,70354.5,mid,0,0,66.4
5706,L52885,L,302.4,311.9,1452,43.1,137,0,0,0,0,0,0,L,1,9.5,62581.200000000004,mid,0,0,65.32
5707,L52886,L,302.4,311.9,1290,70.0,139,1,0,0,1,0,0,L,1,9.5,90300.0,mid,0,1,121.5
5708,L52887,L,302.4,311.8,1448,43.4,141,0,0,0,0,0,0,L,1,9.400000000000034,62843.2,mid,0,0,66.96
5709,L52888,L,302.3,311.7,1611,38.6,143,0,0,0,0,0,0,L,1,9.399999999999977,62184.600000000006,mid,0,0,66.8
5710,L52889,L,302.2,311.7,1556,38.6,145,0,0,0,0,0,0,L,1,9.5,60061.600000000006,mid,0,0,67.62
5711,H35124,H,302.2,311.7,1413,46.5,147,0,0,0,0,0,0,H,1,9.5,65704.5,mid,0,0,70.0
5712,L52891,L,302.2,311.6,1545,35.9,152,0,0,0,0,0,0,L,1,9.400000000000034,55465.5,high,0,0,69.86
5713,L52892,L,302.2,311.7,1330,54.6,154,0,0,0,0,0,0,L,1,9.5,72618.0,high,0,0,74.42
5714,L52893,L,302.2,311.9,1596,38.0,156,0,0,0,0,0,0,L,1,9.699999999999989,60648.0,high,0,0,71.94
5715,L52894,L,302.2,311.8,1618,36.0,158,0,0,0,0,0,0,L,1,9.600000000000023,58248.0,high,0,0,72.32
5716,H35129,H,302.2,311.9,1597,35.8,160,0,0,0,0,0,0,H,1,9.699999999999989,57172.6,high,0,0,73.1
5717,L52896,L,302.3,312.0,1354,52.2,165,0,0,0,0,0,0,L,1,9.699999999999989,70678.8,high,0,0,78.38
5718,L52897,L,302.3,312.0,1746,28.1,167,0,0,0,0,0,0,L,1,9.699999999999989,49062.600000000006,high,0,0,74.36
5719,L52898,L,302.4,312.0,1621,32.5,169,0,0,0,0,0,0,L,1,9.600000000000023,52682.5,high,0,0,76.02
5720,L52899,L,302.3,312.0,1398,43.3,171,0,0,0,0,0,0,L,1,9.699999999999989,60533.399999999994,high,0,0,79.0
5721,L52900,L,302.3,311.9,1434,51.9,173,0,0,0,0,0,0,L,1,9.599999999999966,74424.59999999999,high,0,0,81.5
5722,M20581,M,302.3,311.8,1443,43.4,175,0,0,0,0,0,0,M,1,9.5,62626.2,high,0,0,80.58
5723,L52902,L,302.2,311.7,1488,44.6,178,0,0,0,0,0,0,L,1,9.5,66364.8,high,0,0,82.02
5724,M20583,M,302.3,311.8,1475,48.0,180,0,0,0,0,0,0,M,1,9.5,70800.0,high,0,0,83.5
5725,L52904,L,302.3,311.8,1433,50.3,183,0,0,0,0,0,0,L,1,9.5,72079.9,high,0,0,85.16
5726,M20585,M,302.3,311.8,1557,34.1,185,0,0,0,0,0,0,M,1,9.5,53093.700000000004,high,0,0,82.72
5727,M20586,M,302.4,311.9,1398,50.1,188,0,0,0,0,0,0,M,1,9.5,70039.8,high,0,0,87.12
5728,M20587,M,302.3,311.8,1559,34.4,191,0,0,0,0,0,0,M,1,9.5,53629.6,high,0,0,85.18
5729,M20588,M,302.4,311.9,1422,46.4,194,0,0,0,0,0,0,M,1,9.5,65980.8,high,0,0,88.78
5730,M20589,M,302.3,311.8,1463,35.7,197,0,0,0,0,0,0,M,1,9.5,52229.100000000006,high,0,0,87.84
5731,L52910,L,302.3,311.7,1793,25.3,200,0,0,0,0,0,0,L,1,9.399999999999977,45362.9,high,1,0,86.94
5732,L52911,L,302.2,311.6,1872,20.4,202,0,0,0,0,0,0,L,1,9.400000000000034,38188.799999999996,high,1,0,86.76
5733,L52912,L,302.2,311.7,1412,44.5,204,0,0,0,0,0,0,L,1,9.5,62834.0,high,1,0,92.4
5734,L52913,L,302.3,311.8,1487,43.2,206,0,0,0,0,0,0,L,1,9.5,64238.4,high,1,0,92.94
5735,L52914,L,302.3,311.8,1369,56.2,208,1,0,0,0,1,0,L,1,9.5,76937.8,high,1,1,146.34
5736,L52915,L,302.4,311.8,1673,30.1,210,0,0,0,0,0,0,L,1,9.400000000000034,50357.3,high,1,0,91.9
5737,M20596,M,302.4,311.9,1439,36.6,212,0,0,0,0,0,0,M,1,9.5,52667.4,high,1,0,94.02
5738,L52917,L,302.3,311.8,1574,42.8,215,0,0,0,0,0,0,L,1,9.5,67367.2,high,1,0,96.46
5739,L52918,L,302.3,311.7,1281,48.8,0,0,0,0,0,0,0,L,1,9.399999999999977,62512.799999999996,low,0,0,11.64
5740,M20599,M,302.2,311.7,1653,31.4,2,0,0,0,0,0,0,M,1,9.5,51904.2,low,0,0,8.98
5741,M20600,M,302.3,311.7,1535,38.3,5,0,0,0,0,0,0,M,1,9.399999999999977,58790.49999999999,low,0,0,11.54
5742,M20601,M,302.3,311.7,1483,40.5,8,0,0,0,0,0,0,M,1,9.399999999999977,60061.5,low,0,0,13.18
5743,L52922,L,302.3,311.7,1414,47.0,11,0,0,0,0,0,0,L,1,9.399999999999977,66458.0,low,0,0,15.68
5744,M20603,M,302.2,311.6,1379,42.9,13,0,0,0,0,0,0,M,1,9.400000000000034,59159.1,low,0,0,15.66
5745,H35158,H,302.2,311.5,1482,42.6,16,0,0,0,0,0,0,H,1,9.300000000000011,63133.200000000004,low,0,0,16.78
5746,L52925,L,302.1,311.5,1987,20.1,21,0,0,0,0,0,0,L,1,9.399999999999977,39938.700000000004,low,0,0,14.3
5747,M20606,M,302.1,311.5,1635,31.6,23,0,0,0,0,0,0,M,1,9.399999999999977,51666.0,low,0,0,17.4
5748,L52927,L,302.1,311.5,1533,39.4,26,0,0,0,0,0,0,L,1,9.399999999999977,60400.2,low,0,0,20.16
5749,M20608,M,302.2,311.7,1576,34.0,28,0,0,0,0,0,0,M,1,9.5,53584.0,low,0,0,19.9
5750,H35163,H,302.2,311.8,1330,62.4,31,0,0,0,0,0,0,H,1,9.600000000000023,82992.0,low,0,0,26.8
5751,L52930,L,302.2,311.8,1981,21.8,36,0,0,0,0,0,0,L,1,9.600000000000023,43185.8,low,0,0,20.68
5752,H35165,H,302.3,311.8,1475,42.8,38,0,0,0,0,0,0,H,1,9.5,63129.99999999999,low,0,0,25.66
5753,H35166,H,302.3,311.8,1804,25.0,43,0,0,0,0,0,0,H,1,9.5,45100.0,low,0,0,24.1
5754,L52933,L,302.2,311.6,1416,54.1,48,0,0,0,0,0,0,L,1,9.400000000000034,76605.6,low,0,0,31.9
5755,L52934,L,302.1,311.5,1727,27.7,50,0,0,0,0,0,0,L,1,9.399999999999977,47837.9,low,0,0,27.42
5756,L52935,L,302.1,311.4,1391,49.2,52,0,0,0,0,0,0,L,1,9.299999999999955,68437.2,mid,0,0,32.5
5757,M20616,M,302.0,311.5,1366,52.3,54,0,0,0,0,0,0,M,1,9.5,71441.8,mid,0,0,33.96
5758,L52937,L,301.9,311.3,1366,55.6,57,0,0,0,0,0,0,L,1,9.400000000000034,75949.6,mid,0,0,35.8
5759,L52938,L,301.9,311.3,1501,40.8,59,0,0,0,0,0,0,L,1,9.400000000000034,61240.799999999996,mid,0,0,33.64
5760,L52939,L,301.8,311.3,1551,35.8,61,0,0,0,0,0,0,L,1,9.5,55525.799999999996,mid,0,0,33.46
5761,M20620,M,301.9,311.3,1522,35.6,63,0,0,0,0,0,0,M,1,9.400000000000034,54183.200000000004,mid,0,0,34.2
5762,L52941,L,301.9,311.2,1369,49.8,66,0,0,0,0,0,0,L,1,9.300000000000011,68176.2,mid,0,0,38.22
5763,L52942,L,301.8,311.2,1334,52.3,68,0,0,0,0,0,0,L,1,9.399999999999977,69768.2,mid,0,0,39.54
5764,H35177,H,301.8,311.2,1451,39.4,70,0,0,0,0,0,0,H,1,9.399999999999977,57169.4,mid,0,0,37.76
5765,L52944,L,301.7,311.2,1589,37.9,75,0,0,0,0,0,0,L,1,9.5,60223.1,mid,0,0,39.48
5766,L52945,L,301.7,311.3,1708,30.5,77,0,0,0,0,0,0,L,1,9.600000000000023,52094.0,mid,0,0,38.82
5767,M20626,M,301.7,311.2,1413,42.6,79,0,0,0,0,0,0,M,1,9.5,60193.8,mid,0,0,42.02
5768,M20627,M,301.6,311.2,1415,46.5,82,0,0,0,0,0,0,M,1,9.599999999999966,65797.5,mid,0,0,44.02
5769,L52948,L,301.7,311.3,1421,45.9,85,0,0,0,0,0,0,L,1,9.600000000000023,65223.9,mid,0,0,45.1
5770,L52949,L,301.7,311.3,1348,51.0,87,0,0,0,0,0,0,L,1,9.600000000000023,68748.0,mid,0,0,46.92
5771,L52950,L,301.6,311.2,1408,42.9,89,0,0,0,0,0,0,L,1,9.599999999999966,60403.2,mid,0,0,46.1
5772,L52951,L,301.6,311.2,1525,43.7,91,0,0,0,0,0,0,L,1,9.599999999999966,66642.5,mid,0,0,47.06
5773,L52952,L,301.6,311.3,1706,29.9,93,0,0,0,0,0,0,L,1,9.699999999999989,51009.399999999994,mid,0,0,45.12
5774,H35187,H,301.6,311.2,1395,46.8,95,0,0,0,0,0,0,H,1,9.599999999999966,65285.99999999999,mid,0,0,49.28
5775,L52954,L,301.5,311.1,1602,34.3,100,0,0,0,0,0,0,L,1,9.600000000000023,54948.6,mid,0,0,48.78
5776,L52955,L,301.6,311.1,1907,21.5,102,0,0,0,0,0,0,L,1,9.5,41000.5,mid,0,0,47.0
5777,L52956,L,301.6,311.1,1325,49.2,104,0,0,0,0,0,0,L,1,9.5,65190.00000000001,mid,0,0,53.34
5778,L52957,L,301.6,311.1,1408,44.4,106,0,0,0,0,0,0,L,1,9.5,62515.2,mid,0,0,53.18
5779,M20638,M,301.7,311.1,1489,41.4,108,0,0,0,0,0,0,M,1,9.400000000000034,61644.6,mid,0,0,53.36
5780,L52959,L,301.6,311.1,1680,29.2,111,0,0,0,0,0,0,L,1,9.5,49056.0,mid,0,0,52.14
5781,L52960,L,301.7,311.2,1517,42.4,113,0,0,0,0,0,0,L,1,9.5,64320.799999999996,mid,0,0,55.58
5782,M20641,M,301.7,311.1,1618,36.7,115,0,0,0,0,0,0,M,1,9.400000000000034,59380.600000000006,mid,0,0,55.22
5783,L52962,L,301.7,311.1,1455,39.8,118,0,0,0,0,0,0,L,1,9.400000000000034,57908.99999999999,mid,0,0,57.04
5784,H35197,H,301.8,311.1,1543,36.4,120,0,0,0,0,0,0,H,1,9.300000000000011,56165.2,mid,0,0,57.14
5785,M20644,M,301.8,311.1,1399,41.8,125,0,0,0,0,0,0,M,1,9.300000000000011,58478.2,mid,0,0,60.22
5786,L52965,L,301.7,311.1,1469,37.2,128,0,0,0,0,0,0,L,1,9.400000000000034,54646.8,mid,0,0,60.52
5787,L52966,L,301.7,311.2,1521,36.7,130,0,0,0,0,0,0,L,1,9.5,55820.700000000004,mid,0,0,61.24
5788,L52967,L,301.7,311.3,1584,38.8,132,0,0,0,0,0,0,L,1,9.600000000000023,61459.2,mid,0,0,62.48
5789,L52968,L,301.8,311.5,1443,43.3,134,0,0,0,0,0,0,L,1,9.699999999999989,62481.899999999994,mid,0,0,64.2
5790,M20649,M,301.8,311.5,1416,49.0,136,0,0,0,0,0,0,M,1,9.699999999999989,69384.0,mid,0,0,66.14
5791,M20650,M,301.7,311.2,1563,34.5,139,0,0,0,0,0,0,M,1,9.5,53923.5,mid,0,0,64.4
5792,M20651,M,301.8,311.3,1542,40.1,142,0,0,0,0,0,0,M,1,9.5,61834.200000000004,mid,0,0,66.72
5793,M20652,M,301.8,311.3,1624,31.6,145,0,0,0,0,0,0,M,1,9.5,51318.4,mid,0,0,66.22
5794,L52973,L,301.8,311.3,1471,44.2,148,0,0,0,0,0,0,L,1,9.5,65018.200000000004,mid,0,0,69.94
5795,M20654,M,301.9,311.5,1492,40.8,150,0,0,0,0,0,0,M,1,9.600000000000023,60873.6,mid,0,0,70.08
5796,M20655,M,301.9,311.4,1465,39.9,153,0,0,0,0,0,0,M,1,9.5,58453.5,high,0,0,71.08
5797,L52976,L,301.7,311.1,1399,55.1,156,0,0,0,0,0,0,L,1,9.400000000000034,77084.90000000001,high,0,0,75.3
5798,L52977,L,301.6,311.0,1431,42.6,158,0,0,0,0,0,0,L,1,9.399999999999977,60960.6,high,0,0,73.6
5799,L52978,L,301.5,310.9,1600,39.0,160,0,0,0,0,0,0,L,1,9.399999999999977,62400.0,high,0,0,73.68
5800,L52979,L,301.5,310.8,1593,34.5,162,0,0,0,0,0,0,L,1,9.300000000000011,54958.5,high,0,0,73.56
5801,L52980,L,301.5,310.9,1469,44.7,164,0,0,0,0,0,0,L,1,9.399999999999977,65664.3,high,0,0,76.42
5802,L52981,L,301.5,310.8,1413,44.6,166,0,0,0,0,0,0,L,1,9.300000000000011,63019.8,high,0,0,77.18
5803,L52982,L,301.4,310.8,1490,38.0,168,0,0,0,0,0,0,L,1,9.400000000000034,56620.0,high,0,0,76.68
5804,L52983,L,301.5,310.9,1671,31.1,170,0,0,0,0,0,0,L,1,9.399999999999977,51968.100000000006,high,0,0,76.1
5805,L52984,L,301.5,310.9,1365,46.5,172,0,0,0,0,0,0,L,1,9.399999999999977,63472.5,high,0,0,79.98
5806,M20665,M,301.4,310.9,1557,39.3,174,0,0,0,0,0,0,M,1,9.5,61190.1,high,0,0,79.36
5807,L52986,L,301.4,310.9,1440,45.4,177,0,0,0,0,0,0,L,1,9.5,65376.0,high,0,0,81.78
5808,M20667,M,301.4,310.9,1489,38.9,179,0,0,0,0,0,0,M,1,9.5,57922.1,high,0,0,81.28
5809,L52988,L,301.4,311.0,1733,25.7,182,0,0,0,0,0,0,L,1,9.600000000000023,44538.1,high,0,0,79.86
5810,H35223,H,301.3,311.0,1580,36.6,184,0,0,0,0,0,0,H,1,9.699999999999989,57828.0,high,0,0,82.86
5811,L52990,L,301.3,311.0,1856,21.9,189,0,0,0,0,0,0,L,1,9.699999999999989,40646.399999999994,high,0,0,81.92
5812,L52991,L,301.3,311.1,1454,40.3,191,0,0,0,0,0,0,L,1,9.800000000000011,58596.2,high,0,0,86.42
5813,L52992,L,301.4,311.1,1495,36.3,193,0,0,0,0,0,0,L,1,9.700000000000045,54268.49999999999,high,0,0,86.4
5814,L52993,L,301.2,311.0,1761,29.1,195,0,0,0,0,0,0,L,1,9.800000000000011,51245.100000000006,high,0,0,85.78
5815,M20674,M,301.3,311.0,1402,47.5,197,0,0,0,0,0,0,M,1,9.699999999999989,66595.0,high,0,0,90.24
5816,L52995,L,301.2,311.0,1670,33.0,200,0,0,0,0,0,0,L,1,9.800000000000011,55110.0,high,1,0,88.56
5817,L52996,L,301.3,311.0,1582,35.6,202,0,0,0,0,0,0,L,1,9.699999999999989,56319.200000000004,high,1,0,89.86
5818,L52997,L,301.3,311.0,1542,35.1,204,0,0,0,0,0,0,L,1,9.699999999999989,54124.200000000004,high,1,0,90.56
5819,L52998,L,301.3,311.0,1539,36.9,206,0,0,0,0,0,0,L,1,9.699999999999989,56789.1,high,1,0,91.72
5820,L52999,L,301.3,311.0,1418,41.9,208,0,0,0,0,0,0,L,1,9.699999999999989,59414.2,high,1,0,93.52
5821,L53000,L,301.3,311.1,1723,27.6,210,0,0,0,0,0,0,L,1,9.800000000000011,47554.8,high,1,0,91.48
5822,L53001,L,301.3,311.1,1303,49.2,212,0,0,0,0,0,0,L,1,9.800000000000011,64107.600000000006,high,1,0,96.6
5823,M20682,M,301.3,311.0,1463,50.2,214,0,0,0,0,0,0,M,1,9.699999999999989,73442.6,high,1,0,97.58
5824,L53003,L,301.2,311.0,1544,39.3,217,0,0,0,0,0,0,L,1,9.800000000000011,60679.2,high,1,0,96.62
5825,L53004,L,301.2,311.0,1596,37.2,219,0,0,0,0,0,0,L,1,9.800000000000011,59371.200000000004,high,1,0,97.0
5826,L53005,L,301.3,311.1,1413,42.0,221,0,0,0,0,0,0,L,1,9.800000000000011,59346.0,high,1,0,98.76
5827,M20686,M,301.3,311.1,1492,41.2,223,0,0,0,0,0,0,M,1,9.800000000000011,61470.4,high,1,0,99.4
5828,L53007,L,301.3,311.1,1624,40.9,0,0,0,0,0,0,0,L,1,9.800000000000011,66421.59999999999,low,0,0,10.14
5829,L53008,L,301.3,311.1,1504,39.1,2,0,0,0,0,0,0,L,1,9.800000000000011,58806.4,low,0,0,10.58
5830,M20689,M,301.2,311.1,1574,34.3,4,0,0,0,0,0,0,M,1,9.900000000000034,53988.2,low,0,0,10.44
5831,M20690,M,301.3,311.2,1438,42.4,7,0,0,0,0,0,0,M,1,9.899999999999977,60971.2,low,0,0,13.26
5832,L53011,L,301.3,311.3,1474,50.7,10,0,0,0,0,0,0,L,1,10.0,74731.8,low,0,0,16.14
5833,L53012,L,301.3,311.2,1675,32.1,12,0,0,0,0,0,0,L,1,9.899999999999977,53767.5,low,0,0,13.2
5834,L53013,L,301.3,311.2,1457,44.5,14,0,0,0,0,0,0,L,1,9.899999999999977,64836.5,low,0,0,16.48
5835,L53014,L,301.3,311.3,1434,49.8,16,0,0,0,0,0,0,L,1,10.0,71413.2,low,0,0,18.36
5836,L53015,L,301.3,311.2,1668,30.1,18,0,0,0,0,0,0,L,1,9.899999999999977,50206.8,low,0,0,15.2
5837,L53016,L,301.2,311.1,1550,39.7,20,0,0,0,0,0,0,L,1,9.900000000000034,61535.00000000001,low,0,0,17.92
5838,M20697,M,301.3,311.1,1834,25.4,22,0,0,0,0,0,0,M,1,9.800000000000011,46583.6,low,0,0,15.84
5839,M20698,M,301.4,311.2,1476,36.5,25,0,0,0,0,0,0,M,1,9.800000000000011,53874.0,low,0,0,19.26
5840,M20699,M,301.4,311.2,1541,36.3,28,0,0,0,0,0,0,M,1,9.800000000000011,55938.299999999996,low,0,0,20.42
5841,M20700,M,301.3,311.1,1581,30.9,31,0,0,0,0,0,0,M,1,9.800000000000011,48852.899999999994,low,0,0,20.54
5842,M20701,M,301.3,311.1,1678,30.7,34,0,0,0,0,0,0,M,1,9.800000000000011,51514.6,low,0,0,21.7
5843,L53022,L,301.4,311.2,1355,50.6,37,0,0,0,0,0,0,L,1,9.800000000000011,68563.0,low,0,0,26.88
5844,L53023,L,301.5,311.2,1700,28.8,39,0,0,0,0,0,0,L,1,9.699999999999989,48960.0,low,0,0,23.3
5845,L53024,L,301.4,311.1,1462,37.1,41,0,0,0,0,0,0,L,1,9.700000000000045,54240.200000000004,low,0,0,25.76
5846,M20705,M,301.4,311.2,1727,26.5,43,0,0,0,0,0,0,M,1,9.800000000000011,45765.5,low,0,0,24.46
5847,L53026,L,301.4,311.3,1674,33.3,46,0,0,0,0,0,0,L,1,9.900000000000034,55744.2,low,0,0,27.04
5848,L53027,L,301.4,311.3,1397,42.3,48,0,0,0,0,0,0,L,1,9.900000000000034,59093.1,low,0,0,29.64
5849,L53028,L,301.4,311.3,2323,15.9,50,0,0,0,0,0,0,L,1,9.900000000000034,36935.700000000004,low,0,0,25.16
5850,M20709,M,301.4,311.2,1434,47.6,52,0,0,0,0,0,0,M,1,9.800000000000011,68258.40000000001,mid,0,0,32.28
5851,L53030,L,301.3,311.1,1560,35.3,55,0,0,0,0,0,0,L,1,9.800000000000011,55067.99999999999,mid,0,0,31.02
5852,L53031,L,301.2,311.0,1573,32.8,57,0,0,0,0,0,0,L,1,9.800000000000011,51594.399999999994,mid,0,0,31.32
5853,H35266,H,301.2,310.9,1798,22.3,59,0,0,0,0,0,0,H,1,9.699999999999989,40095.4,mid,0,0,30.0
5854,L53033,L,301.2,311.0,1567,35.1,64,0,0,0,0,0,0,L,1,9.800000000000011,55001.700000000004,mid,0,0,34.58
5855,L53034,L,301.2,310.9,1416,53.3,66,0,0,0,0,0,0,L,1,9.699999999999989,75472.8,mid,0,0,39.0
5856,M20715,M,301.2,310.9,1424,45.2,68,0,0,0,0,0,0,M,1,9.699999999999989,64364.8,mid,0,0,38.18
5857,H35270,H,301.2,310.9,1598,35.9,71,0,0,0,0,0,0,H,1,9.699999999999989,57368.2,mid,0,0,37.52
5858,L53037,L,301.3,310.9,1760,23.9,76,0,0,0,0,0,0,L,1,9.599999999999966,42064.0,mid,0,0,37.1
5859,L53038,L,301.3,311.0,1348,44.5,78,0,0,0,0,0,0,L,1,9.699999999999989,59986.0,mid,0,0,42.04
5860,L53039,L,301.3,311.0,1542,33.6,80,0,0,0,0,0,0,L,1,9.699999999999989,51811.200000000004,mid,0,0,40.66
5861,L53040,L,301.3,310.9,1566,33.1,82,0,0,0,0,0,0,L,1,9.599999999999966,51834.600000000006,mid,0,0,41.34
5862,L53041,L,301.3,311.0,1554,47.7,84,0,0,0,0,0,0,L,1,9.699999999999989,74125.8,mid,0,0,45.08
5863,L53042,L,301.4,311.0,1470,40.6,86,0,0,0,0,0,0,L,1,9.600000000000023,59682.0,mid,0,0,44.44
5864,M20723,M,301.4,311.1,1758,25.4,88,0,0,0,0,0,0,M,1,9.700000000000045,44653.2,mid,0,0,42.22
5865,M20724,M,301.4,311.0,1486,36.5,91,0,0,0,0,0,0,M,1,9.600000000000023,54239.0,mid,0,0,45.62
5866,M20725,M,301.5,311.1,1402,40.0,94,0,0,0,0,0,0,M,1,9.600000000000023,56080.0,mid,0,0,47.52
5867,L53046,L,301.5,311.1,1459,45.1,97,0,0,0,0,0,0,L,1,9.600000000000023,65800.90000000001,mid,0,0,49.74
5868,L53047,L,301.5,311.0,1494,45.3,99,0,0,0,0,0,0,L,1,9.5,67678.2,mid,0,0,50.56
5869,L53048,L,301.5,311.1,1731,27.9,101,0,0,0,0,0,0,L,1,9.600000000000023,48294.899999999994,mid,0,0,47.9
5870,L53049,L,301.5,311.1,2076,18.7,103,0,0,0,0,0,0,L,1,9.600000000000023,38821.2,mid,0,0,46.86
5871,L53050,L,301.5,311.1,2055,16.8,105,0,0,0,0,0,0,L,1,9.600000000000023,34524.0,mid,0,0,47.28
5872,L53051,L,301.5,311.1,1469,49.5,107,0,0,0,0,0,0,L,1,9.600000000000023,72715.5,mid,0,0,54.62
5873,M20732,M,301.5,311.0,1504,42.6,109,0,0,0,0,0,0,M,1,9.5,64070.4,mid,0,0,54.02
5874,M20733,M,301.5,311.1,1396,43.5,112,0,0,0,0,0,0,M,1,9.600000000000023,60726.0,mid,0,0,55.42
5875,M20734,M,301.5,311.1,1660,33.8,115,0,0,0,0,0,0,M,1,9.600000000000023,56107.99999999999,mid,0,0,54.68
5876,M20735,M,301.5,311.0,1577,39.7,118,0,0,0,0,0,0,M,1,9.5,62606.9,mid,0,0,57.04
5877,L53056,L,301.5,311.1,1426,52.1,121,0,0,0,0,0,0,L,1,9.600000000000023,74294.6,mid,0,0,60.74
5878,L53057,L,301.5,311.1,1458,41.4,123,0,0,0,0,0,0,L,1,9.600000000000023,60361.2,mid,0,0,59.4
5879,L53058,L,301.4,311.0,1533,45.8,125,0,0,0,0,0,0,L,1,9.600000000000023,70211.4,mid,0,0,61.08
5880,L53059,L,301.4,311.0,1701,28.4,127,0,0,0,0,0,0,L,1,9.600000000000023,48308.399999999994,mid,0,0,58.4
5881,L53060,L,301.5,311.1,1434,49.6,129,0,0,0,0,0,0,L,1,9.600000000000023,71126.40000000001,mid,0,0,63.44
5882,L53061,L,301.4,311.1,1952,22.7,131,0,0,0,0,0,0,L,1,9.700000000000045,44310.4,mid,0,0,58.88
5883,L53062,L,301.4,311.1,1469,36.9,133,0,0,0,0,0,0,L,1,9.700000000000045,54206.1,mid,0,0,62.52
5884,L53063,L,301.4,311.1,1800,26.0,135,0,0,0,0,0,0,L,1,9.700000000000045,46800.0,mid,0,0,61.14
5885,M20744,M,301.3,311.1,1438,43.0,137,0,0,0,0,0,0,M,1,9.800000000000011,61834.0,mid,0,0,65.36
5886,L53065,L,301.3,311.1,1647,28.2,140,0,0,0,0,0,0,L,1,9.800000000000011,46445.4,mid,0,0,63.6
5887,L53066,L,301.4,311.1,1494,41.9,142,0,0,0,0,0,0,L,1,9.700000000000045,62598.6,mid,0,0,67.12
5888,H35301,H,301.4,311.1,1445,41.4,144,0,0,0,0,0,0,H,1,9.700000000000045,59823.0,mid,0,0,67.82
5889,M20748,M,301.5,311.1,1507,38.6,149,0,0,0,0,0,0,M,1,9.600000000000023,58170.200000000004,mid,0,0,69.24
5890,M20749,M,301.4,311.0,1234,55.8,152,0,0,0,0,0,0,M,1,9.600000000000023,68857.2,high,0,0,73.88
5891,L53070,L,301.4,311.0,1634,32.6,155,0,0,0,0,0,0,L,1,9.600000000000023,53268.4,high,0,0,70.44
5892,L53071,L,301.4,311.0,1334,53.3,157,0,0,0,0,0,0,L,1,9.600000000000023,71102.2,high,0,0,75.38
5893,L53072,L,301.4,311.1,1472,44.5,159,0,0,0,0,0,0,L,1,9.700000000000045,65504.0,high,0,0,74.44
5894,M20753,M,301.3,311.0,1410,52.7,161,0,0,0,0,0,0,M,1,9.699999999999989,74307.0,high,0,0,76.88
5895,L53074,L,301.2,310.9,1597,37.9,164,0,0,0,0,0,0,L,1,9.699999999999989,60526.299999999996,high,0,0,75.12
5896,M20755,M,301.2,310.9,1460,46.7,166,0,0,0,0,0,0,M,1,9.699999999999989,68182.0,high,0,0,77.68
5897,L53076,L,301.1,310.8,1274,55.7,169,0,0,0,0,0,0,L,1,9.699999999999989,70961.8,high,0,0,80.68
5898,M20757,M,301.0,310.7,1517,40.2,171,0,0,0,0,0,0,M,1,9.699999999999989,60983.4,high,0,0,78.38
5899,L53078,L,301.0,310.7,1300,57.2,174,0,0,0,0,0,0,L,1,9.699999999999989,74360.0,high,0,0,82.98
5900,H35313,H,300.9,310.6,1686,27.7,176,0,0,0,0,0,0,H,1,9.700000000000045,46702.2,high,0,0,77.88
5901,M20760,M,300.9,310.7,1485,41.0,181,0,0,0,0,0,0,M,1,9.800000000000011,60885.0,high,0,0,82.56
5902,L53081,L,301.0,310.7,1464,45.8,184,0,0,0,0,0,0,L,1,9.699999999999989,67051.2,high,0,0,84.7
5903,L53082,L,300.9,310.6,1598,35.4,186,0,0,0,0,0,0,L,1,9.700000000000045,56569.2,high,0,0,83.42
5904,L53083,L,300.9,310.5,1894,21.9,188,0,0,0,0,0,0,L,1,9.600000000000023,41478.6,high,0,0,81.5
5905,M20764,M,300.8,310.5,1330,59.0,190,0,0,0,0,0,0,M,1,9.699999999999989,78470.0,high,0,0,89.74
5906,H35319,H,300.8,310.5,1582,31.1,193,0,0,0,0,0,0,H,1,9.699999999999989,49200.200000000004,high,0,0,85.36
5907,L53086,L,300.7,310.3,1533,35.6,198,0,0,0,0,0,0,L,1,9.600000000000023,54574.8,high,0,0,88.24
5908,H35321,H,300.8,310.4,1419,46.4,200,0,0,0,0,0,0,H,1,9.599999999999966,65841.59999999999,high,1,0,91.2
5909,M20768,M,300.8,310.3,1526,36.3,205,0,0,0,0,0,0,M,1,9.5,55393.799999999996,high,1,0,91.16
5910,H35323,H,300.7,310.2,1364,65.3,208,1,1,0,1,1,0,H,1,9.5,89069.2,high,1,3,148.16
5911,M20770,M,300.8,310.3,1458,43.4,0,0,0,0,0,0,0,M,1,9.5,63277.2,low,0,0,10.58
5912,M20771,M,300.8,310.4,1288,64.0,3,0,0,0,0,0,0,M,1,9.599999999999966,82432.0,low,0,0,15.92
5913,M20772,M,300.7,310.3,1659,29.8,6,0,0,0,0,0,0,M,1,9.600000000000023,49438.200000000004,low,0,0,10.28
5914,H35327,H,300.7,310.2,1479,52.3,9,0,0,0,0,0,0,H,1,9.5,77351.7,low,0,0,15.96
5915,L53094,L,300.7,310.3,1592,36.0,14,0,0,0,0,0,0,L,1,9.600000000000023,57312.0,low,0,0,14.72
5916,M20775,M,300.6,310.2,1532,38.7,16,0,0,0,0,0,0,M,1,9.599999999999966,59288.4,low,0,0,16.06
5917,L53096,L,300.6,310.2,1555,41.9,19,0,0,0,0,0,0,L,1,9.599999999999966,65154.5,low,0,0,17.9
5918,L53097,L,300.6,310.2,1341,52.6,21,0,0,0,0,0,0,L,1,9.599999999999966,70536.6,low,0,0,20.84
5919,L53098,L,300.6,310.1,1541,42.0,23,0,0,0,0,0,0,L,1,9.5,64722.0,low,0,0,19.5
5920,L53099,L,300.6,310.3,1414,50.6,25,0,0,0,0,0,0,L,1,9.699999999999989,71548.40000000001,low,0,0,22.06
5921,L53100,L,300.5,310.2,1764,25.9,27,0,0,0,0,0,0,L,1,9.699999999999989,45687.6,low,0,0,17.92
5922,L53101,L,300.5,310.3,1336,57.1,29,0,0,0,0,0,0,L,1,9.800000000000011,76285.6,low,0,0,24.98
5923,L53102,L,300.5,310.3,1435,43.3,31,0,0,0,0,0,0,L,1,9.800000000000011,62135.49999999999,low,0,0,23.02
5924,M20783,M,300.4,310.3,1537,35.0,33,0,0,0,0,0,0,M,1,9.900000000000034,53795.0,low,0,0,22.18
5925,L53104,L,300.3,310.2,1369,48.8,36,0,0,0,0,0,0,L,1,9.899999999999977,66807.2,low,0,0,26.14
5926,M20785,M,300.2,310.1,1619,31.3,38,0,0,0,0,0,0,M,1,9.900000000000034,50674.700000000004,low,0,0,23.44
5927,L53106,L,300.2,310.1,1440,51.1,41,0,0,0,0,0,0,L,1,9.900000000000034,73584.0,low,0,0,28.6
5928,L53107,L,300.2,310.1,1649,30.5,43,0,0,0,0,0,0,L,1,9.900000000000034,50294.5,low,0,0,25.28
5929,M20788,M,300.2,310.1,1550,38.7,45,0,0,0,0,0,0,M,1,9.900000000000034,59985.00000000001,low,0,0,27.72
5930,L53109,L,300.3,310.2,1471,45.2,48,0,0,0,0,0,0,L,1,9.899999999999977,66489.2,low,0,0,30.22
5931,L53110,L,300.3,310.3,1483,51.6,50,0,0,0,0,0,0,L,1,10.0,76522.8,low,0,0,32.32
5932,L53111,L,300.3,310.4,1336,54.4,52,0,0,0,0,0,0,L,1,10.099999999999966,72678.4,mid,0,0,33.7
5933,L53112,L,300.5,310.5,1515,36.6,54,0,0,0,0,0,0,L,1,10.0,55449.0,mid,0,0,30.92
5934,L53113,L,300.5,310.5,1373,47.4,56,0,0,0,0,0,0,L,1,10.0,65080.2,mid,0,0,33.88
5935,H35348,H,300.6,310.5,1454,51.2,58,0,0,0,0,0,0,H,1,9.899999999999977,74444.8,mid,0,0,35.42
5936,L53115,L,300.5,310.5,1646,34.5,63,0,0,0,0,0,0,L,1,10.0,56787.0,mid,0,0,34.1
5937,M20796,M,300.5,310.4,1548,37.3,65,0,0,0,0,0,0,M,1,9.899999999999977,57740.399999999994,mid,0,0,35.44
5938,M20797,M,300.6,310.5,1462,41.3,68,0,0,0,0,0,0,M,1,9.899999999999977,60380.6,mid,0,0,37.44
5939,L53118,L,300.5,310.4,1702,33.1,71,0,0,0,0,0,0,L,1,9.899999999999977,56336.200000000004,mid,0,0,37.0
5940,L53119,L,300.5,310.5,1409,60.9,73,0,0,0,0,0,0,L,1,10.0,85808.09999999999,mid,0,0,43.38
5941,M20800,M,300.6,310.6,1427,52.8,75,0,0,0,0,0,0,M,1,10.0,75345.59999999999,mid,0,0,42.56
5942,L53121,L,300.6,310.7,1438,48.5,78,1,0,0,0,0,0,L,1,10.099999999999966,69743.0,mid,0,0,92.92
5943,L53122,L,300.7,310.7,1450,43.4,80,0,0,0,0,0,0,L,1,10.0,62930.0,mid,0,0,42.68
5944,L53123,L,300.7,310.7,1541,41.3,82,0,0,0,0,0,0,L,1,10.0,63643.299999999996,mid,0,0,43.06
5945,M20804,M,300.7,310.6,1484,38.0,84,0,0,0,0,0,0,M,1,9.900000000000034,56392.0,mid,0,0,43.18
5946,M20805,M,300.8,310.8,1415,44.5,87,0,0,0,0,0,0,M,1,10.0,62967.5,mid,0,0,45.7
5947,L53126,L,300.7,310.8,1496,46.4,90,0,0,0,0,0,0,L,1,10.100000000000023,69414.4,mid,0,0,47.3
5948,M20807,M,300.7,310.8,1465,45.2,92,0,0,0,0,0,0,M,1,10.100000000000023,66218.0,mid,0,0,47.86
5949,L53128,L,300.7,310.8,2113,18.5,95,0,0,0,0,0,0,L,1,10.100000000000023,39090.5,mid,0,0,43.72
5950,M20809,M,300.7,310.8,1506,44.0,97,0,0,0,0,0,0,M,1,10.100000000000023,66264.0,mid,0,0,49.62
5951,L53130,L,300.7,310.8,1689,28.9,100,0,0,0,0,0,0,L,1,10.100000000000023,48812.1,mid,0,0,47.8
5952,L53131,L,300.7,310.9,1650,29.4,102,0,0,0,0,0,0,L,1,10.199999999999989,48510.0,mid,0,0,48.72
5953,L53132,L,300.7,310.8,1563,33.8,104,0,0,0,0,0,0,L,1,10.100000000000023,52829.399999999994,mid,0,0,50.38
5954,M20813,M,300.7,310.9,1486,38.9,106,0,0,0,0,0,0,M,1,10.199999999999989,57805.4,mid,0,0,52.22
5955,L53134,L,300.8,310.9,1732,25.7,109,0,0,0,0,0,0,L,1,10.099999999999966,44512.4,mid,0,0,50.76
5956,L53135,L,300.7,310.8,1653,31.6,111,0,0,0,0,0,0,L,1,10.100000000000023,52234.8,mid,0,0,52.74
5957,L53136,L,300.7,310.9,1535,37.1,113,0,0,0,0,0,0,L,1,10.199999999999989,56948.5,mid,0,0,54.66
5958,L53137,L,300.7,310.9,1637,37.2,115,0,0,0,0,0,0,L,1,10.199999999999989,60896.4,mid,0,0,55.48
5959,L53138,L,300.6,310.8,1533,38.5,117,0,0,0,0,0,0,L,1,10.199999999999989,59020.5,mid,0,0,56.54
5960,L53139,L,300.6,310.8,1378,51.2,119,0,0,0,0,0,0,L,1,10.199999999999989,70553.6,mid,0,0,59.88
5961,L53140,L,300.5,310.7,1606,33.5,121,0,0,0,0,0,0,L,1,10.199999999999989,53801.0,mid,0,0,57.14
5962,L53141,L,300.3,310.7,1539,32.3,123,0,0,0,0,0,0,L,1,10.399999999999977,49709.7,mid,0,0,57.74
5963,L53142,L,300.5,310.8,1728,26.3,125,0,0,0,0,0,0,L,1,10.300000000000011,45446.4,mid,0,0,57.32
5964,H35377,H,300.4,310.7,1656,36.3,127,0,0,0,0,0,0,H,1,10.300000000000011,60112.799999999996,mid,0,0,60.12
5965,H35378,H,300.5,310.8,1631,30.5,132,0,0,0,0,0,0,H,1,10.300000000000011,49745.5,mid,0,0,60.96
5966,H35379,H,300.5,310.9,1447,46.5,137,0,0,0,0,0,0,H,1,10.399999999999977,67285.5,mid,0,0,66.18
5967,L53146,L,300.4,310.8,1396,49.3,142,0,0,0,0,0,0,L,1,10.400000000000034,68822.8,mid,0,0,68.74
5968,L53147,L,300.4,310.8,1390,52.5,144,0,0,0,0,0,0,L,1,10.400000000000034,72975.0,mid,0,0,70.18
5969,L53148,L,300.4,310.8,1348,56.0,146,0,0,0,0,0,0,L,1,10.400000000000034,75488.0,mid,0,0,71.68
5970,M20829,M,300.4,310.8,1491,35.9,148,0,0,0,0,0,0,M,1,10.400000000000034,53526.9,mid,0,0,68.46
5971,L53150,L,300.4,310.8,1520,37.6,151,0,0,0,0,0,0,L,1,10.400000000000034,57152.0,high,0,0,70.0
5972,L53151,L,300.5,310.8,1509,33.0,153,0,0,0,0,0,0,L,1,10.300000000000011,49797.0,high,0,0,69.86
5973,L53152,L,300.5,310.8,1445,46.6,155,0,0,0,0,0,0,L,1,10.300000000000011,67337.0,high,0,0,73.38
5974,L53153,L,300.5,310.8,1354,51.8,157,0,0,0,0,0,0,L,1,10.300000000000011,70137.2,high,0,0,75.22
5975,L53154,L,300.5,310.7,1488,39.4,159,0,0,0,0,0,0,L,1,10.199999999999989,58627.2,high,0,0,73.52
5976,H35389,H,300.5,310.7,1654,28.6,161,0,0,0,0,0,0,H,1,10.199999999999989,47304.4,high,0,0,72.16
5977,H35390,H,300.5,310.6,1378,51.5,166,0,0,0,0,0,0,H,1,10.100000000000023,70967.0,high,0,0,78.72
5978,L53157,L,300.6,310.7,1750,30.6,171,0,0,0,0,0,0,L,1,10.099999999999966,53550.0,high,0,0,76.54
5979,L53158,L,300.5,310.6,1448,46.3,173,0,0,0,0,0,0,L,1,10.100000000000023,67042.4,high,0,0,80.48
5980,H35393,H,300.6,310.7,1501,45.3,175,0,0,0,0,0,0,H,1,10.099999999999966,67995.3,high,0,0,81.08
5981,M20840,M,300.6,310.7,1654,32.0,180,0,0,0,0,0,0,M,1,10.099999999999966,52928.0,high,0,0,80.42
5982,M20841,M,300.7,310.7,1347,46.5,183,0,0,0,0,0,0,M,1,10.0,62635.5,high,0,0,84.5
5983,L53162,L,300.7,310.8,1486,37.1,186,0,0,0,0,0,0,L,1,10.100000000000023,55130.6,high,0,0,83.84
5984,H35397,H,300.8,310.8,1466,45.2,188,0,0,0,0,0,0,H,1,10.0,66263.2,high,0,0,86.24
5985,H35398,H,300.7,310.8,1346,52.0,193,0,0,0,0,0,0,H,1,10.100000000000023,69992.0,high,0,0,89.62
5986,L53165,L,300.7,310.7,1314,42.4,198,0,0,0,0,0,0,L,1,10.0,55713.6,high,0,0,89.68
5987,L53166,L,300.6,310.7,1440,52.5,200,0,0,0,0,0,0,L,1,10.099999999999966,75600.0,high,1,0,92.52
5988,L53167,L,300.7,310.8,1608,39.5,202,0,0,0,0,0,0,L,1,10.100000000000023,63516.0,high,1,0,90.72
5989,H35402,H,300.7,310.8,1296,58.2,204,0,0,0,0,0,0,H,1,10.100000000000023,75427.2,high,1,0,95.26
5990,L53169,L,300.7,310.7,1507,46.1,209,0,0,0,0,0,0,L,1,10.0,69472.7,high,1,0,94.82
5991,M20850,M,300.7,310.7,1343,51.6,211,0,0,0,0,0,0,M,1,10.0,69298.8,high,1,0,96.72
5992,L53171,L,300.7,310.7,1416,40.4,214,0,0,0,0,0,0,L,1,10.0,57206.4,high,1,0,95.68
5993,L53172,L,300.7,310.6,1288,47.2,216,0,0,0,0,0,0,L,1,9.900000000000034,60793.600000000006,high,1,0,97.82
5994,M20853,M,300.7,310.6,1407,42.4,218,0,0,0,0,0,0,M,1,9.900000000000034,59656.799999999996,high,1,0,97.66
5995,L53174,L,300.6,310.4,1608,39.2,221,0,0,0,0,0,0,L,1,9.799999999999955,63033.600000000006,high,1,0,98.2
5996,L53175,L,300.6,310.3,1920,22.3,223,0,0,0,0,0,0,L,1,9.699999999999989,42816.0,high,1,0,95.6
5997,M20856,M,300.5,310.2,1386,48.2,225,0,0,0,0,0,0,M,1,9.699999999999989,66805.2,high,1,0,101.58
5998,M20857,M,300.5,310.2,1571,34.6,228,0,0,0,0,0,0,M,1,9.699999999999989,54356.600000000006,high,1,0,100.06
5999,M20858,M,300.4,310.2,1613,36.9,231,0,0,0,0,0,0,M,1,9.800000000000011,59519.7,high,1,0,101.74
6000,M20859,M,300.4,310.2,1671,30.5,234,1,1,0,0,0,0,M,1,9.800000000000011,50965.5,high,1,1,151.66
6001,H35414,H,300.4,310.2,1431,43.2,0,0,0,0,0,0,0,H,1,9.800000000000011,61819.200000000004,low,0,0,10.6
6002,M20861,M,300.4,310.2,1380,47.3,5,0,0,0,0,0,0,M,1,9.800000000000011,65273.99999999999,low,0,0,13.42
6003,L53182,L,300.5,310.3,1683,31.5,8,0,0,0,0,0,0,L,1,9.800000000000011,53014.5,low,0,0,11.46
6004,L53183,L,300.4,310.2,1529,36.2,10,0,0,0,0,0,0,L,1,9.800000000000011,55349.8,low,0,0,13.2
6005,L53184,L,300.5,310.4,1761,26.5,12,0,0,0,0,0,0,L,1,9.899999999999977,46666.5,low,0,0,12.08
6006,L53185,L,300.6,310.5,1570,38.3,14,0,0,0,0,0,0,L,1,9.899999999999977,60130.99999999999,low,0,0,15.24
6007,M20866,M,300.6,310.5,2156,18.0,16,0,0,0,0,0,0,M,1,9.899999999999977,38808.0,low,0,0,11.98
6008,M20867,M,300.7,310.6,1349,54.5,19,0,0,0,0,0,0,M,1,9.900000000000034,73520.5,low,0,0,20.48
6009,L53188,L,300.7,310.7,1431,39.3,22,0,0,0,0,0,0,L,1,10.0,56238.299999999996,low,0,0,18.66
6010,L53189,L,300.6,310.6,1931,22.0,24,0,0,0,0,0,0,L,1,10.0,42482.0,low,0,0,16.0
6011,H35424,H,300.7,310.7,1428,43.4,26,0,0,0,0,0,0,H,1,10.0,61975.2,low,0,0,21.08
6012,L53191,L,300.8,310.8,1564,36.2,31,0,0,0,0,0,0,L,1,10.0,56616.8,low,0,0,21.64
6013,H35426,H,300.8,310.9,1425,44.0,33,0,0,0,0,0,0,H,1,10.099999999999966,62700.0,low,0,0,24.02
6014,L53193,L,300.7,310.8,1597,30.5,38,0,0,0,0,0,0,L,1,10.100000000000023,48708.5,low,0,0,23.32
6015,H35428,H,300.8,310.8,1618,32.8,40,0,0,0,0,0,0,H,1,10.0,53070.399999999994,low,0,0,24.56
6016,M20875,M,300.8,310.8,1520,38.0,45,0,0,0,0,0,0,M,1,10.0,57760.0,low,0,0,27.6
6017,L53196,L,300.7,310.7,1425,45.3,48,0,0,0,0,0,0,L,1,10.0,64552.49999999999,low,0,0,30.26
6018,L53197,L,300.8,310.9,1398,38.2,50,0,0,0,0,0,0,L,1,10.099999999999966,53403.600000000006,low,0,0,29.66
6019,M20878,M,300.8,310.9,1557,31.6,52,0,0,0,0,0,0,M,1,10.099999999999966,49201.200000000004,mid,0,0,29.14
6020,L53199,L,300.7,310.8,1519,43.9,55,0,0,0,0,0,0,L,1,10.100000000000023,66684.09999999999,mid,0,0,32.8
6021,L53200,L,300.7,310.8,1619,34.9,57,0,0,0,0,0,0,L,1,10.100000000000023,56503.1,mid,0,0,31.8
6022,L53201,L,300.7,310.8,1814,21.4,59,0,0,0,0,0,0,L,1,10.100000000000023,38819.6,mid,0,0,29.9
6023,L53202,L,300.7,310.9,1521,39.4,61,0,0,0,0,0,0,L,1,10.199999999999989,59927.4,mid,0,0,34.32
6024,M20883,M,300.7,310.9,1369,51.2,63,0,0,0,0,0,0,M,1,10.199999999999989,70092.8,mid,0,0,37.48
6025,L53204,L,300.7,310.9,1356,65.3,66,1,0,0,1,0,0,L,1,10.199999999999989,88546.8,mid,0,1,91.5
6026,L53205,L,300.7,311.0,1336,53.3,68,0,0,0,0,0,0,L,1,10.300000000000011,71208.8,mid,0,0,39.92
6027,L53206,L,300.7,311.0,1403,48.3,70,0,0,0,0,0,0,L,1,10.300000000000011,67764.9,mid,0,0,39.72
6028,M20887,M,300.7,311.0,1413,44.3,72,0,0,0,0,0,0,M,1,10.300000000000011,62595.899999999994,mid,0,0,39.72
6029,L53208,L,300.6,310.9,1472,47.6,75,0,0,0,0,0,0,L,1,10.299999999999955,70067.2,mid,0,0,41.58
6030,M20889,M,300.7,310.8,1452,47.9,77,0,0,0,0,0,0,M,1,10.100000000000023,69550.8,mid,0,0,42.4
6031,L53210,L,300.6,310.7,1397,53.7,80,0,0,0,0,0,0,L,1,10.099999999999966,75018.90000000001,mid,0,0,44.76
6032,L53211,L,300.6,310.7,1455,40.6,82,0,0,0,0,0,0,L,1,10.099999999999966,59073.0,mid,0,0,42.94
6033,L53212,L,300.7,310.8,1754,27.7,84,0,0,0,0,0,0,L,1,10.100000000000023,48585.799999999996,mid,0,0,41.16
6034,L53213,L,300.6,310.9,1471,37.9,86,0,0,0,0,0,0,L,1,10.299999999999955,55750.9,mid,0,0,44.04
6035,M20894,M,300.6,310.8,1389,48.1,88,0,0,0,0,0,0,M,1,10.199999999999989,66810.90000000001,mid,0,0,46.86
6036,M20895,M,300.6,310.9,1702,30.3,91,0,0,0,0,0,0,M,1,10.299999999999955,51570.6,mid,0,0,44.52
6037,M20896,M,300.6,311.0,1401,54.6,94,0,0,0,0,0,0,M,1,10.399999999999977,76494.6,mid,0,0,50.6
6038,L53217,L,300.7,311.1,1426,46.2,97,0,0,0,0,0,0,L,1,10.400000000000034,65881.2,mid,0,0,50.12
6039,L53218,L,300.7,311.0,1496,38.3,99,0,0,0,0,0,0,L,1,10.300000000000011,57296.799999999996,mid,0,0,49.32
6040,L53219,L,300.6,310.9,1433,42.6,101,0,0,0,0,0,0,L,1,10.299999999999955,61045.8,mid,0,0,50.98
6041,M20900,M,300.7,311.1,1438,46.6,103,0,0,0,0,0,0,M,1,10.400000000000034,67010.8,mid,0,0,52.6
6042,M20901,M,300.7,311.0,1418,49.3,106,0,0,0,0,0,0,M,1,10.300000000000011,69907.4,mid,0,0,54.32
6043,M20902,M,300.8,311.0,1580,36.6,109,0,0,0,0,0,0,M,1,10.199999999999989,57828.0,mid,0,0,52.96
6044,M20903,M,300.7,310.9,1468,41.8,112,0,0,0,0,0,0,M,1,10.199999999999989,61362.399999999994,mid,0,0,55.2
6045,M20904,M,300.8,310.9,1522,41.7,115,0,0,0,0,0,0,M,1,10.099999999999966,63467.4,mid,0,0,56.36
6046,L53225,L,300.8,310.9,1311,55.8,118,0,0,0,0,0,0,L,1,10.099999999999966,73153.8,mid,0,0,60.38
6047,L53226,L,300.9,311.0,1316,56.5,120,0,0,0,0,0,0,L,1,10.100000000000023,74354.0,mid,0,0,61.32
6048,H35461,H,300.9,311.0,1853,23.6,122,0,0,0,0,0,0,H,1,10.100000000000023,43730.8,mid,0,0,55.54
6049,M20908,M,300.9,311.0,1556,38.8,127,0,0,0,0,0,0,M,1,10.100000000000023,60372.799999999996,mid,0,0,60.58
6050,M20909,M,300.9,311.0,1567,34.3,130,0,0,0,0,0,0,M,1,10.100000000000023,53748.1,mid,0,0,60.88
6051,M20910,M,300.9,311.1,1546,37.7,133,0,0,0,0,0,0,M,1,10.200000000000045,58284.200000000004,mid,0,0,62.78
6052,L53231,L,300.9,311.0,1382,51.2,136,0,0,0,0,0,0,L,1,10.100000000000023,70758.40000000001,mid,0,0,66.66
6053,L53232,L,300.9,311.0,2003,20.2,138,0,0,0,0,0,0,L,1,10.100000000000023,40460.6,mid,0,0,61.26
6054,L53233,L,300.8,310.9,1748,29.9,140,0,0,0,0,0,0,L,1,10.099999999999966,52265.2,mid,0,0,64.0
6055,H35468,H,300.7,310.8,1518,40.1,142,0,0,0,0,0,0,H,1,10.100000000000023,60871.8,mid,0,0,66.84
6056,L53235,L,300.7,310.8,1475,42.0,147,0,0,0,0,0,0,L,1,10.100000000000023,61950.0,mid,0,0,69.22
6057,L53236,L,300.8,310.8,1634,29.2,149,0,0,0,0,0,0,L,1,10.0,47712.799999999996,mid,0,0,67.44
6058,L53237,L,300.8,310.8,1689,32.9,151,0,0,0,0,0,0,L,1,10.0,55568.1,high,0,0,68.98
6059,M20918,M,300.9,310.9,1636,35.3,153,0,0,0,0,0,0,M,1,10.0,57750.799999999996,high,0,0,70.26
6060,L53239,L,300.9,311.0,2235,15.8,156,0,0,0,0,0,0,L,1,10.100000000000023,35313.0,high,0,0,67.58
6061,L53240,L,301.0,311.1,1615,35.6,158,0,0,0,0,0,0,L,1,10.100000000000023,57494.0,high,0,0,72.34
6062,H35475,H,301.1,311.1,1618,29.5,160,0,0,0,0,0,0,H,1,10.0,47731.0,high,0,0,71.9
6063,M20922,M,301.1,311.2,1407,53.0,165,0,0,0,0,0,0,M,1,10.099999999999966,74571.0,high,0,0,78.62
6064,L53243,L,301.1,311.1,1450,43.3,168,0,0,0,0,0,0,L,1,10.0,62784.99999999999,high,0,0,77.86
6065,L53244,L,301.1,311.1,1889,23.8,170,0,0,0,0,0,0,L,1,10.0,44958.200000000004,high,0,0,74.76
6066,L53245,L,301.0,310.9,1568,38.2,172,0,0,0,0,0,0,L,1,9.899999999999977,59897.600000000006,high,0,0,78.42
6067,L53246,L,301.0,311.0,1804,25.8,174,0,0,0,0,0,0,L,1,10.0,46543.200000000004,high,0,0,76.76
6068,L53247,L,301.0,311.0,1582,37.5,176,0,0,0,0,0,0,L,1,10.0,59325.0,high,0,0,79.9
6069,M20928,M,301.0,310.9,2047,17.9,178,0,0,0,0,0,0,M,1,9.899999999999977,36641.299999999996,high,0,0,76.76
6070,L53249,L,300.9,310.9,1601,34.0,181,0,0,0,0,0,0,L,1,10.0,54434.0,high,0,0,81.2
6071,L53250,L,300.9,310.9,1615,32.0,183,0,0,0,0,0,0,L,1,10.0,51680.0,high,0,0,81.6
6072,M20931,M,300.9,310.8,1452,43.6,185,0,0,0,0,0,0,M,1,9.900000000000034,63307.200000000004,high,0,0,84.7
6073,M20932,M,300.9,310.8,1695,30.2,188,0,0,0,0,0,0,M,1,9.900000000000034,51189.0,high,0,0,83.22
6074,M20933,M,300.9,310.8,1790,26.2,191,0,0,0,0,0,0,M,1,9.900000000000034,46898.0,high,0,0,83.62
6075,M20934,M,301.0,310.8,1533,39.3,194,0,0,0,0,0,0,M,1,9.800000000000011,60246.899999999994,high,0,0,87.42
6076,L53255,L,301.0,310.9,1813,28.5,197,0,0,0,0,0,0,L,1,9.899999999999977,51670.5,high,0,0,86.48
6077,L53256,L,301.0,310.9,1492,36.7,199,0,0,0,0,0,0,L,1,9.899999999999977,54756.4,high,0,0,88.92
6078,L53257,L,300.9,310.7,1479,43.3,201,0,0,0,0,0,0,L,1,9.800000000000011,64040.7,high,1,0,91.02
6079,L53258,L,300.8,310.7,1339,59.1,203,1,0,0,0,1,0,L,1,9.899999999999977,79134.90000000001,high,1,1,145.0
6080,M20939,M,300.8,310.7,1371,44.7,205,0,0,0,0,0,0,M,1,9.899999999999977,61283.700000000004,high,1,0,92.92
6081,L53260,L,300.9,310.7,1468,36.2,208,0,0,0,0,0,0,L,1,9.800000000000011,53141.600000000006,high,1,0,92.4
6082,L53261,L,300.9,310.7,1517,41.7,210,0,0,0,0,0,0,L,1,9.800000000000011,63258.9,high,1,0,94.3
6083,L53262,L,300.9,310.7,1352,46.4,212,0,0,0,0,0,0,L,1,9.800000000000011,62732.799999999996,high,1,0,96.04
6084,L53263,L,300.9,310.7,1389,50.0,214,0,0,0,0,0,0,L,1,9.800000000000011,69450.0,high,1,0,97.56
6085,M20944,M,300.8,310.6,1505,36.2,0,0,0,0,0,0,0,M,1,9.800000000000011,54481.00000000001,low,0,0,9.2
6086,L53265,L,300.9,310.6,1538,36.7,3,0,0,0,0,0,0,L,1,9.700000000000045,56444.600000000006,low,0,0,10.48
6087,L53266,L,300.9,310.8,1482,37.0,5,0,0,0,0,0,0,L,1,9.900000000000034,54834.0,low,0,0,11.38
6088,M20947,M,300.9,310.8,1599,33.0,7,0,0,0,0,0,0,M,1,9.900000000000034,52767.0,low,0,0,11.38
6089,L53268,L,300.9,310.8,1476,39.0,10,0,0,0,0,0,0,L,1,9.900000000000034,57564.0,low,0,0,13.78
6090,L53269,L,300.9,310.7,1509,37.5,12,0,0,0,0,0,0,L,1,9.800000000000011,56587.5,low,0,0,14.26
6091,L53270,L,300.9,310.8,1708,29.1,14,0,0,0,0,0,0,L,1,9.900000000000034,49702.8,low,0,0,13.4
6092,L53271,L,300.9,310.7,1412,57.5,16,0,0,0,0,0,1,L,1,9.800000000000011,81190.0,low,0,1,19.86
6093,L53272,L,300.9,310.7,1658,28.5,18,0,0,0,0,0,0,L,1,9.800000000000011,47253.0,low,0,0,14.86
6094,L53273,L,301.0,310.8,1375,57.2,20,0,0,0,0,0,0,L,1,9.800000000000011,78650.0,low,0,0,21.4
6095,M20954,M,300.9,310.8,1402,48.1,22,0,0,0,0,0,0,M,1,9.900000000000034,67436.2,low,0,0,20.4
6096,M20955,M,300.9,310.7,1452,47.3,25,0,0,0,0,0,0,M,1,9.800000000000011,68679.59999999999,low,0,0,21.42
6097,M20956,M,300.8,310.7,1483,40.8,28,0,0,0,0,0,0,M,1,9.899999999999977,60506.399999999994,low,0,0,21.34
6098,H35511,H,300.9,310.8,1477,38.4,31,0,0,0,0,0,0,H,1,9.900000000000034,56716.799999999996,low,0,0,22.06
6099,M20958,M,300.8,310.7,1924,22.4,36,0,0,0,0,0,0,M,1,9.899999999999977,43097.6,low,0,0,20.86
6100,H35513,H,300.9,310.7,1609,28.7,39,0,0,0,0,0,0,H,1,9.800000000000011,46178.299999999996,low,0,0,23.3
6101,M20960,M,300.8,310.7,1886,21.1,44,0,0,0,0,0,0,M,1,9.899999999999977,39794.600000000006,low,0,0,23.8
6102,L53281,L,300.7,310.6,1616,29.6,47,0,0,0,0,0,0,L,1,9.900000000000034,47833.600000000006,low,0,0,26.7
6103,L53282,L,300.7,310.7,1442,43.2,49,0,0,0,0,0,0,L,1,10.0,62294.4,low,0,0,30.24
6104,L53283,L,300.8,310.8,1407,45.1,51,0,0,0,0,0,0,L,1,10.0,63455.700000000004,mid,0,0,31.42
6105,M20964,M,300.8,310.8,1461,41.3,53,0,0,0,0,0,0,M,1,10.0,60339.299999999996,mid,0,0,31.46
6106,M20965,M,300.8,310.9,1522,46.2,56,0,0,0,0,0,0,M,1,10.099999999999966,70316.40000000001,mid,0,0,33.66
6107,L53286,L,300.9,311.0,1432,48.1,59,0,0,0,0,0,0,L,1,10.100000000000023,68879.2,mid,0,0,35.24
6108,L53287,L,300.9,311.0,1438,49.0,61,0,0,0,0,0,0,L,1,10.100000000000023,70462.0,mid,0,0,36.22
6109,M20968,M,300.8,310.9,1678,28.1,63,0,0,0,0,0,0,M,1,10.099999999999966,47151.8,mid,0,0,32.84
6110,M20969,M,300.8,310.9,1514,38.7,66,0,0,0,0,0,0,M,1,10.099999999999966,58591.8,mid,0,0,36.16
6111,L53290,L,300.7,310.8,1534,41.3,69,0,0,0,0,0,0,L,1,10.100000000000023,63354.2,mid,0,0,37.88
6112,M20971,M,300.7,310.8,1486,41.2,71,0,0,0,0,0,0,M,1,10.100000000000023,61223.200000000004,mid,0,0,38.66
6113,L53292,L,300.7,310.8,1925,22.0,74,0,0,0,0,0,0,L,1,10.100000000000023,42350.0,mid,0,0,36.02
6114,M20973,M,300.7,310.8,1724,30.0,76,0,0,0,0,0,0,M,1,10.100000000000023,51720.0,mid,0,0,38.42
6115,M20974,M,300.8,310.8,1549,35.5,79,0,0,0,0,0,0,M,1,10.0,54989.5,mid,0,0,40.7
6116,L53295,L,300.8,310.9,1457,47.7,82,0,0,0,0,0,0,L,1,10.099999999999966,69498.90000000001,mid,0,0,44.36
6117,L53296,L,300.8,310.9,1453,43.9,84,0,0,0,0,0,0,L,1,10.099999999999966,63786.7,mid,0,0,44.4
6118,L53297,L,300.8,311.0,1578,44.4,86,0,0,0,0,0,0,L,1,10.199999999999989,70063.2,mid,0,0,45.32
6119,M20978,M,300.9,311.1,1325,61.4,88,0,0,0,0,0,0,M,1,10.200000000000045,81355.0,mid,0,0,49.52
6120,L53299,L,300.9,311.1,1471,39.3,91,0,0,0,0,0,0,L,1,10.200000000000045,57810.299999999996,mid,0,0,46.3
6121,M20980,M,300.9,311.2,1472,40.0,93,0,0,0,0,0,0,M,1,10.300000000000011,58880.0,mid,0,0,47.26
6122,L53301,L,300.9,311.1,1457,37.4,96,0,0,0,0,0,0,L,1,10.200000000000045,54491.799999999996,mid,0,0,47.92
6123,L53302,L,301.0,311.0,1402,55.3,98,0,0,0,0,0,0,L,1,10.0,77530.59999999999,mid,0,0,52.26
6124,L53303,L,300.9,310.9,1477,41.5,100,0,0,0,0,0,0,L,1,10.0,61295.5,mid,0,0,50.3
6125,M20984,M,300.9,310.9,1727,30.1,102,0,0,0,0,0,0,M,1,10.0,51982.700000000004,mid,0,0,48.82
6126,L53305,L,300.9,310.9,1995,20.2,105,0,0,0,0,0,0,L,1,10.0,40299.0,mid,0,0,48.04
6127,L53306,L,300.9,310.9,1370,52.5,107,0,0,0,0,0,0,L,1,10.0,71925.0,mid,0,0,55.3
6128,L53307,L,300.9,310.9,1228,66.4,109,0,0,0,0,0,0,L,1,10.0,81539.20000000001,mid,0,0,58.88
6129,L53308,L,300.9,311.0,1499,38.0,111,0,0,0,0,0,0,L,1,10.100000000000023,56962.0,mid,0,0,54.02
6130,M20989,M,301.0,311.0,1508,46.9,113,0,0,0,0,0,0,M,1,10.0,70725.2,mid,0,0,56.58
6131,L53310,L,301.0,310.9,1473,44.2,116,0,0,0,0,0,0,L,1,9.899999999999977,65106.600000000006,mid,0,0,57.22
6132,H35545,H,301.0,311.0,1640,37.6,118,0,0,0,0,0,0,H,1,10.0,61664.0,mid,0,0,56.72
6133,L53312,L,301.1,311.1,1429,42.5,123,0,0,0,0,0,0,L,1,10.0,60732.5,mid,0,0,59.7
6134,L53313,L,301.1,311.1,1470,40.9,125,0,0,0,0,0,0,L,1,10.0,60123.0,mid,0,0,60.18
6135,L53314,L,301.0,311.0,1581,37.0,127,0,0,0,0,0,0,L,1,10.0,58497.0,mid,0,0,60.2
6136,L53315,L,301.0,310.9,1740,28.9,129,0,0,0,0,0,0,L,1,9.899999999999977,50286.0,mid,0,0,59.36
6137,H35550,H,300.9,310.8,1390,40.6,131,0,0,0,0,0,0,H,1,9.900000000000034,56434.0,mid,0,0,62.5
6138,M20997,M,300.9,310.8,1988,19.7,136,0,0,0,0,0,0,M,1,9.900000000000034,39163.6,mid,0,0,60.32
6139,M20998,M,300.8,310.7,1452,43.0,139,0,0,0,0,0,0,M,1,9.899999999999977,62436.0,mid,0,0,66.18
6140,L53319,L,300.8,310.7,1586,33.4,142,0,0,0,0,0,0,L,1,9.899999999999977,52972.399999999994,mid,0,0,65.46
6141,L53320,L,300.8,310.7,1589,34.3,144,0,0,0,0,0,0,L,1,9.899999999999977,54502.7,mid,0,0,66.44
6142,L53321,L,300.8,310.8,1486,45.7,146,0,0,0,0,0,0,L,1,10.0,67910.2,mid,0,0,69.54
6143,L53322,L,300.9,310.9,1755,27.9,148,0,0,0,0,0,0,L,1,10.0,48964.5,mid,0,0,66.78
6144,M21003,M,301.0,310.9,1575,34.6,150,0,0,0,0,0,0,M,1,9.899999999999977,54495.0,mid,0,0,68.9
6145,M21004,M,301.1,311.1,1615,37.7,153,0,0,0,0,0,0,M,1,10.0,60885.50000000001,high,0,0,70.74
6146,M21005,M,301.1,311.1,1436,41.8,156,0,0,0,0,0,0,M,1,10.0,60024.799999999996,high,0,0,72.76
6147,M21006,M,301.1,311.1,1470,40.6,159,0,0,0,0,0,0,M,1,10.0,59682.0,high,0,0,73.72
6148,M21007,M,301.1,311.1,2089,19.8,162,0,0,0,0,0,0,M,1,10.0,41362.200000000004,high,0,0,70.76
6149,L53328,L,301.1,311.2,1564,37.0,165,0,0,0,0,0,0,L,1,10.099999999999966,57868.0,high,0,0,75.42
6150,M21009,M,301.0,311.1,1420,47.4,167,0,0,0,0,0,0,M,1,10.100000000000023,67308.0,high,0,0,78.3
6151,L53330,L,301.1,311.1,1711,29.1,170,0,0,0,0,0,0,L,1,10.0,49790.100000000006,high,0,0,75.82
6152,L53331,L,301.1,311.2,1555,35.3,172,0,0,0,0,0,0,L,1,10.099999999999966,54891.49999999999,high,0,0,77.88
6153,M21012,M,301.1,311.1,1592,35.7,174,0,0,0,0,0,0,M,1,10.0,56834.4,high,0,0,78.74
6154,L53333,L,301.0,311.1,1236,64.4,177,1,0,0,0,1,0,L,1,10.100000000000023,79598.40000000001,high,0,1,135.7
6155,M21014,M,301.0,310.9,1765,24.2,179,0,0,0,0,0,0,M,1,9.899999999999977,42713.0,high,0,0,78.42
6156,L53335,L,301.0,311.0,1634,31.2,182,0,0,0,0,0,0,L,1,10.0,50980.799999999996,high,0,0,81.04
6157,L53336,L,301.1,311.1,1508,41.5,184,0,0,0,0,0,0,L,1,10.0,62582.0,high,0,0,83.9
6158,L53337,L,301.1,311.2,1774,29.6,186,0,0,0,0,0,0,L,1,10.099999999999966,52510.4,high,0,0,82.34
6159,L53338,L,301.1,311.0,1677,29.1,188,0,0,0,0,0,0,L,1,9.899999999999977,48800.700000000004,high,0,0,83.0
6160,L53339,L,301.0,311.0,1399,58.0,190,1,0,0,0,1,0,L,1,10.0,81142.0,high,0,1,139.6
6161,L53340,L,301.0,310.9,1570,34.0,192,0,0,0,0,0,0,L,1,9.899999999999977,53380.0,high,0,0,85.58
6162,L53341,L,301.0,310.9,1479,44.3,194,0,0,0,0,0,0,L,1,9.899999999999977,65519.7,high,0,0,88.44
6163,L53342,L,301.0,310.8,1558,34.9,196,0,0,0,0,0,0,L,1,9.800000000000011,54374.2,high,0,0,87.34
6164,L53343,L,300.8,310.7,1358,48.1,198,0,0,0,0,0,0,L,1,9.899999999999977,65319.8,high,0,0,90.8
6165,H35578,H,300.9,310.7,1656,30.7,200,0,0,0,0,0,0,H,1,9.800000000000011,50839.2,high,1,0,88.1
6166,L53345,L,300.9,310.7,1523,35.8,205,0,0,0,0,0,0,L,1,9.800000000000011,54523.399999999994,high,1,0,91.12
6167,H35580,H,300.9,310.7,1403,40.6,207,0,0,0,0,0,0,H,1,9.800000000000011,56961.8,high,1,0,92.88
6168,M21027,M,300.9,310.7,1362,51.6,212,0,0,0,0,0,0,M,1,9.800000000000011,70279.2,high,1,0,97.08
6169,M21028,M,300.7,310.6,1778,27.1,215,0,0,0,0,0,0,M,1,9.900000000000034,48183.8,high,1,0,93.4
6170,L53349,L,300.7,310.5,1448,38.2,218,0,0,0,0,0,0,L,1,9.800000000000011,55313.600000000006,high,1,0,96.8
6171,H35584,H,300.8,310.5,1559,40.1,220,0,0,0,0,0,0,H,1,9.699999999999989,62515.9,high,1,0,97.96
6172,L53351,L,300.8,310.6,1416,42.2,225,0,0,0,0,0,0,L,1,9.800000000000011,59755.200000000004,high,1,0,100.4
6173,L53352,L,300.8,310.6,1577,37.9,227,1,1,0,0,0,0,L,1,9.800000000000011,59768.299999999996,high,1,1,150.34
6174,L53353,L,300.8,310.7,1633,27.8,0,0,0,0,0,0,0,L,1,9.899999999999977,45397.4,low,0,0,7.54
6175,L53354,L,300.9,310.7,1573,31.2,2,0,0,0,0,0,0,L,1,9.800000000000011,49077.6,low,0,0,9.0
6176,L53355,L,300.9,310.8,1517,44.3,4,0,0,0,0,0,0,L,1,9.900000000000034,67203.09999999999,low,0,0,12.44
6177,L53356,L,301.0,310.9,1515,37.3,6,0,0,0,0,0,0,L,1,9.899999999999977,56509.49999999999,low,0,0,11.84
6178,L53357,L,301.0,310.8,1527,45.3,8,0,0,0,0,0,0,L,1,9.800000000000011,69173.09999999999,low,0,0,14.22
6179,L53358,L,301.1,310.9,1282,67.9,10,1,0,0,1,0,0,L,1,9.799999999999955,87047.8,low,0,1,69.54
6180,M21039,M,301.1,310.9,1396,45.1,12,0,0,0,0,0,0,M,1,9.799999999999955,62959.6,low,0,0,15.78
6181,L53360,L,301.0,310.9,1492,44.6,15,0,0,0,0,0,0,L,1,9.899999999999977,66543.2,low,0,0,16.9
6182,L53361,L,301.0,310.8,1975,19.7,17,0,0,0,0,0,0,L,1,9.800000000000011,38907.5,low,0,0,12.7
6183,L53362,L,301.0,310.8,1475,35.3,19,0,0,0,0,0,0,L,1,9.800000000000011,52067.49999999999,low,0,0,16.62
6184,H35597,H,301.0,310.9,1495,37.3,21,0,0,0,0,0,0,H,1,9.899999999999977,55763.49999999999,low,0,0,17.84
6185,L53364,L,301.0,311.0,1553,35.8,26,0,0,0,0,0,0,L,1,10.0,55597.399999999994,low,0,0,19.56
6186,L53365,L,301.1,311.0,1918,21.7,28,0,0,0,0,0,0,L,1,9.899999999999977,41620.6,low,0,0,17.52
6187,M21046,M,301.1,311.0,1413,46.6,30,0,0,0,0,0,0,M,1,9.899999999999977,65845.8,low,0,0,23.3
6188,L53367,L,301.0,311.0,1437,56.0,33,0,0,0,0,0,0,L,1,10.0,80472.0,low,0,0,26.4
6189,L53368,L,301.0,310.9,1450,45.9,35,0,0,0,0,0,0,L,1,9.899999999999977,66555.0,low,0,0,25.16
6190,M21049,M,301.0,310.9,1910,21.9,37,0,0,0,0,0,0,M,1,9.899999999999977,41829.0,low,0,0,21.16
6191,L53370,L,300.9,310.9,1749,26.4,40,0,0,0,0,0,0,L,1,10.0,46173.6,low,0,0,23.28
6192,H35605,H,301.0,310.9,1916,22.0,42,0,0,0,0,0,0,H,1,9.899999999999977,42152.0,low,0,0,23.18
6193,L53372,L,301.0,310.9,1428,45.3,47,0,0,0,0,0,0,L,1,9.899999999999977,64688.399999999994,low,0,0,29.84
6194,L53373,L,301.0,310.9,1578,38.4,49,0,0,0,0,0,0,L,1,9.899999999999977,60595.2,low,0,0,29.26
6195,L53374,L,300.9,310.8,1571,39.9,51,0,0,0,0,0,0,L,1,9.900000000000034,62682.899999999994,mid,0,0,30.36
6196,L53375,L,300.9,310.8,1729,30.2,53,0,0,0,0,0,0,L,1,9.900000000000034,52215.799999999996,mid,0,0,29.22
6197,L53376,L,300.9,310.8,1701,30.4,55,0,0,0,0,0,0,L,1,9.900000000000034,51710.399999999994,mid,0,0,30.06
6198,L53377,L,300.9,310.8,1493,45.8,57,0,0,0,0,0,0,L,1,9.900000000000034,68379.4,mid,0,0,33.94
6199,M21058,M,301.0,310.9,1554,32.7,59,0,0,0,0,0,0,M,1,9.899999999999977,50815.8,mid,0,0,32.12
6200,L53379,L,300.9,310.9,1497,43.2,62,0,0,0,0,0,0,L,1,10.0,64670.4,mid,0,0,35.44
6201,L53380,L,301.0,310.9,1679,29.8,64,0,0,0,0,0,0,L,1,9.899999999999977,50034.200000000004,mid,0,0,33.54
6202,M21061,M,301.0,310.9,1510,44.5,66,0,0,0,0,0,0,M,1,9.899999999999977,67195.0,mid,0,0,37.28
6203,L53382,L,301.0,310.9,1296,54.9,69,0,0,0,0,0,0,L,1,9.899999999999977,71150.4,mid,0,0,40.56
6204,L53383,L,301.0,310.9,1404,41.8,71,0,0,0,0,0,0,L,1,9.899999999999977,58687.2,mid,0,0,38.74
6205,M21064,M,300.9,310.8,1519,34.9,73,0,0,0,0,0,0,M,1,9.900000000000034,53013.1,mid,0,0,38.16
6206,M21065,M,300.9,310.7,1696,27.3,76,0,0,0,0,0,0,M,1,9.800000000000011,46300.8,mid,0,0,37.82
6207,M21066,M,300.8,310.6,1669,28.4,79,0,0,0,0,0,0,M,1,9.800000000000011,47399.6,mid,0,0,39.24
6208,L53387,L,300.7,310.6,1447,40.7,82,0,0,0,0,0,0,L,1,9.900000000000034,58892.9,mid,0,0,42.92
6209,M21068,M,300.7,310.6,1418,46.3,84,0,0,0,0,0,0,M,1,9.900000000000034,65653.4,mid,0,0,44.84
6210,L53389,L,300.7,310.6,1407,40.5,87,0,0,0,0,0,0,L,1,9.900000000000034,56983.5,mid,0,0,44.88
6211,L53390,L,300.8,310.5,1434,44.5,89,0,0,0,0,0,0,L,1,9.699999999999989,63813.0,mid,0,0,46.44
6212,L53391,L,300.8,310.6,1360,48.8,91,0,0,0,0,0,0,L,1,9.800000000000011,66368.0,mid,0,0,48.12
6213,L53392,L,300.8,310.6,1402,53.7,93,0,0,0,0,0,0,L,1,9.800000000000011,75287.40000000001,mid,0,0,49.9
6214,L53393,L,300.9,310.6,1552,34.9,95,0,0,0,0,0,0,L,1,9.700000000000045,54164.799999999996,mid,0,0,46.92
6215,L53394,L,300.9,310.7,1392,44.2,97,0,0,0,0,0,0,L,1,9.800000000000011,61526.4,mid,0,0,49.6
6216,L53395,L,301.1,310.8,1521,41.0,99,0,0,0,0,0,0,L,1,9.699999999999989,62361.0,mid,0,0,49.74
6217,L53396,L,301.1,310.8,1724,27.5,101,0,0,0,0,0,0,L,1,9.699999999999989,47410.0,mid,0,0,47.84
6218,M21077,M,301.0,310.7,1455,46.1,103,0,0,0,0,0,0,M,1,9.699999999999989,67075.5,mid,0,0,52.36
6219,H35632,H,301.0,310.6,1366,50.6,106,0,0,0,0,0,0,H,1,9.600000000000023,69119.6,mid,0,0,54.44
6220,H35633,H,301.1,310.6,1407,43.9,111,0,0,0,0,0,0,H,1,9.5,61767.299999999996,mid,0,0,55.08
6221,L53400,L,301.1,310.8,1470,49.3,116,0,0,0,0,0,0,L,1,9.699999999999989,72471.0,mid,0,0,58.2
6222,M21081,M,301.2,310.9,1359,50.8,118,0,0,0,0,0,0,M,1,9.699999999999989,69037.2,mid,0,0,59.3
6223,H35636,H,301.1,310.8,1792,25.8,121,0,0,0,0,0,0,H,1,9.699999999999989,46233.6,mid,0,0,55.5
6224,M21083,M,301.1,310.9,1552,37.9,126,0,0,0,0,0,0,M,1,9.799999999999955,58820.799999999996,mid,0,0,59.94
6225,L53404,L,301.2,311.0,1612,32.9,129,0,0,0,0,0,0,L,1,9.800000000000011,53034.799999999996,mid,0,0,60.14
6226,M21085,M,301.2,311.0,1424,41.4,131,0,0,0,0,0,0,M,1,9.800000000000011,58953.6,mid,0,0,62.64
6227,H35640,H,301.3,311.0,1341,59.3,134,0,0,0,0,0,0,H,1,9.699999999999989,79521.3,mid,0,0,67.4
6228,L53407,L,301.2,310.8,1479,38.2,139,0,0,0,0,0,0,L,1,9.600000000000023,56497.8,mid,0,0,65.16
6229,L53408,L,301.2,310.9,1413,50.1,141,0,0,0,0,0,0,L,1,9.699999999999989,70791.3,mid,0,0,68.36
6230,L53409,L,301.3,310.9,2165,17.4,143,0,0,0,0,0,0,L,1,9.599999999999966,37671.0,mid,0,0,62.6
6231,M21090,M,301.3,311.0,1641,33.0,145,0,0,0,0,0,0,M,1,9.699999999999989,54153.0,mid,0,0,66.54
6232,M21091,M,301.3,311.0,1495,40.8,148,0,0,0,0,0,0,M,1,9.699999999999989,60995.99999999999,mid,0,0,69.3
6233,L53412,L,301.3,311.0,1576,30.4,151,0,0,0,0,0,0,L,1,9.699999999999989,47910.399999999994,high,0,0,68.42
6234,L53413,L,301.2,310.9,1467,37.1,153,0,0,0,0,0,0,L,1,9.699999999999989,54425.700000000004,high,0,0,70.56
6235,L53414,L,301.2,310.8,1479,41.2,155,0,0,0,0,0,0,L,1,9.600000000000023,60934.8,high,0,0,72.16
6236,L53415,L,301.3,310.9,1596,33.9,157,0,0,0,0,0,0,L,1,9.599999999999966,54104.399999999994,high,0,0,71.5
6237,M21096,M,301.3,310.9,1512,36.9,159,0,0,0,0,0,0,M,1,9.599999999999966,55792.799999999996,high,0,0,72.9
6238,L53417,L,301.4,310.9,1414,38.8,162,0,0,0,0,0,0,L,1,9.5,54863.2,high,0,0,74.46
6239,L53418,L,301.3,310.8,1390,57.4,164,0,0,0,0,0,0,L,1,9.5,79786.0,high,0,0,78.98
6240,L53419,L,301.2,310.7,1644,31.6,166,0,0,0,0,0,0,L,1,9.5,51950.4,high,0,0,74.62
6241,M21100,M,301.2,310.7,1394,42.8,168,0,0,0,0,0,0,M,1,9.5,59663.2,high,0,0,77.66
6242,L53421,L,301.1,310.5,1324,52.4,171,0,0,0,0,0,0,L,1,9.399999999999977,69377.59999999999,high,0,0,80.76
6243,L53422,L,301.0,310.4,1476,43.6,173,0,0,0,0,0,0,L,1,9.399999999999977,64353.6,high,0,0,79.8
6244,L53423,L,301.0,310.4,2204,16.6,175,0,0,0,0,0,0,L,1,9.399999999999977,36586.4,high,0,0,75.2
6245,M21104,M,301.0,310.4,1665,30.9,177,0,0,0,0,0,0,M,1,9.399999999999977,51448.5,high,0,0,78.86
6246,L53425,L,300.9,310.4,1445,41.7,180,0,0,0,0,0,0,L,1,9.5,60256.50000000001,high,0,0,82.24
6247,H35660,H,300.8,310.3,1457,46.8,182,0,0,0,0,0,0,H,1,9.5,68187.59999999999,high,0,0,84.06
6248,L53427,L,300.8,310.2,1492,46.3,187,0,0,0,0,0,0,L,1,9.399999999999977,69079.59999999999,high,0,0,85.94
6249,L53428,L,300.8,310.1,1405,61.2,189,1,0,0,1,1,0,L,1,9.300000000000011,85986.0,high,0,2,139.7
6250,L53429,L,300.7,310.1,1542,35.5,191,0,0,0,0,0,0,L,1,9.400000000000034,54741.0,high,0,0,85.38
6251,L53430,L,300.8,310.2,1520,37.7,193,0,0,0,0,0,0,L,1,9.399999999999977,57304.00000000001,high,0,0,86.62
6252,M21111,M,300.8,310.2,1598,36.5,195,0,0,0,0,0,0,M,1,9.399999999999977,58327.0,high,0,0,87.18
6253,L53432,L,300.8,310.3,1538,36.1,198,0,0,0,0,0,0,L,1,9.5,55521.8,high,0,0,88.32
6254,L53433,L,300.9,310.4,1615,30.9,200,0,0,0,0,0,0,L,1,9.5,49903.5,high,1,0,88.08
6255,L53434,L,301.0,310.5,1408,47.0,202,0,0,0,0,0,0,L,1,9.5,66176.0,high,1,0,92.1
6256,L53435,L,301.0,310.5,1379,57.3,204,1,0,0,0,1,0,L,1,9.5,79016.7,high,1,1,144.96
6257,L53436,L,301.0,310.6,1493,37.8,206,1,1,0,0,0,0,L,1,9.600000000000023,56435.399999999994,high,1,1,141.88
6258,L53437,L,301.1,310.7,1376,49.1,0,0,0,0,0,0,0,L,1,9.599999999999966,67561.6,low,0,0,11.74
6259,M21118,M,301.1,310.7,1583,40.7,2,0,0,0,0,0,0,M,1,9.599999999999966,64428.100000000006,low,0,0,10.86
6260,M21119,M,301.2,310.8,1396,47.4,5,0,0,0,0,0,0,M,1,9.600000000000023,66170.4,low,0,0,13.4
6261,L53440,L,301.1,310.7,1436,45.3,8,0,0,0,0,0,0,L,1,9.599999999999966,65050.799999999996,low,0,0,14.18
6262,L53441,L,301.1,310.6,1417,47.6,10,0,0,0,0,0,0,L,1,9.5,67449.2,low,0,0,15.42
6263,L53442,L,301.0,310.6,1641,33.4,12,0,0,0,0,0,0,L,1,9.600000000000023,54809.399999999994,low,0,0,13.4
6264,M21123,M,301.0,310.6,1698,27.3,14,0,0,0,0,0,0,M,1,9.600000000000023,46355.4,low,0,0,12.98
6265,L53444,L,300.9,310.4,1541,39.1,17,0,0,0,0,0,0,L,1,9.5,60253.100000000006,low,0,0,16.52
6266,L53445,L,300.8,310.3,1383,46.6,19,0,0,0,0,0,0,L,1,9.5,64447.8,low,0,0,18.82
6267,L53446,L,300.8,310.4,1368,46.8,21,0,0,0,0,0,0,L,1,9.599999999999966,64022.399999999994,low,0,0,19.68
6268,L53447,L,300.8,310.4,1570,35.2,23,0,0,0,0,0,0,L,1,9.599999999999966,55264.00000000001,low,0,0,18.16
6269,L53448,L,300.9,310.5,1616,33.5,25,0,0,0,0,0,0,L,1,9.600000000000023,54136.0,low,0,0,18.62
6270,M21129,M,300.9,310.5,1444,43.2,27,0,0,0,0,0,0,M,1,9.600000000000023,62380.8,low,0,0,21.36
6271,L53450,L,300.9,310.4,2021,18.8,30,0,0,0,0,0,0,L,1,9.5,37994.8,low,0,0,17.66
6272,M21131,M,300.9,310.5,1702,29.3,32,0,0,0,0,0,0,M,1,9.600000000000023,49868.6,low,0,0,20.58
6273,M21132,M,301.1,310.6,1429,52.7,35,0,0,0,0,0,0,M,1,9.5,75308.3,low,0,0,26.44
6274,L53453,L,301.2,310.8,1711,28.9,38,0,0,0,0,0,0,L,1,9.600000000000023,49447.899999999994,low,0,0,22.9
6275,M21134,M,301.2,310.7,1543,32.9,40,0,0,0,0,0,0,M,1,9.5,50764.7,low,0,0,24.48
6276,L53455,L,301.3,310.8,1628,32.2,43,0,0,0,0,0,0,L,1,9.5,52421.600000000006,low,0,0,25.54
6277,L53456,L,301.2,310.8,1233,64.6,45,0,0,0,0,0,0,L,1,9.600000000000023,79651.79999999999,low,0,0,32.84
6278,L53457,L,301.2,310.8,1461,40.6,47,0,0,0,0,0,0,L,1,9.600000000000023,59316.6,low,0,0,28.84
6279,L53458,L,301.2,310.7,1568,38.3,49,0,0,0,0,0,0,L,1,9.5,60054.399999999994,low,0,0,29.16
6280,L53459,L,301.3,310.8,1432,54.4,51,0,0,0,0,0,0,L,1,9.5,77900.8,mid,0,0,33.18
6281,M21140,M,301.2,310.7,1527,41.1,53,0,0,0,0,0,0,M,1,9.5,62759.700000000004,mid,0,0,31.32
6282,M21141,M,301.3,310.8,1455,41.2,56,0,0,0,0,0,0,M,1,9.5,59946.00000000001,mid,0,0,32.54
6283,M21142,M,301.3,310.8,1418,45.4,59,0,0,0,0,0,0,M,1,9.5,64377.2,mid,0,0,34.58
6284,L53463,L,301.3,310.8,1719,29.5,62,0,0,0,0,0,0,L,1,9.5,50710.5,mid,0,0,32.6
6285,M21144,M,301.2,310.8,1734,31.3,64,0,0,0,0,0,0,M,1,9.600000000000023,54274.200000000004,mid,0,0,33.78
6286,M21145,M,301.2,310.7,1426,46.1,67,0,0,0,0,0,0,M,1,9.5,65738.6,mid,0,0,37.92
6287,L53466,L,301.1,310.6,1611,35.2,70,0,0,0,0,0,0,L,1,9.5,56707.200000000004,mid,0,0,36.94
6288,M21147,M,301.1,310.6,1479,41.1,72,0,0,0,0,0,0,M,1,9.5,60786.9,mid,0,0,38.92
6289,L53468,L,301.0,310.5,1317,50.9,75,0,0,0,0,0,0,L,1,9.5,67035.3,mid,0,0,42.08
6290,L53469,L,301.0,310.5,1248,61.4,77,0,0,0,0,0,0,L,1,9.5,76627.2,mid,0,0,44.98
6291,L53470,L,301.0,310.5,1932,21.7,79,0,0,0,0,0,0,L,1,9.5,41924.4,mid,0,0,37.84
6292,M21151,M,301.1,310.5,1547,35.8,81,0,0,0,0,0,0,M,1,9.399999999999977,55382.6,mid,0,0,41.44
6293,L53472,L,301.0,310.4,1614,31.6,84,0,0,0,0,0,0,L,1,9.399999999999977,51002.4,mid,0,0,41.8
6294,H35707,H,301.0,310.4,1512,44.9,86,0,0,0,0,0,0,H,1,9.399999999999977,67888.8,mid,0,0,45.26
6295,L53474,L,301.1,310.5,1529,38.7,91,0,0,0,0,0,0,L,1,9.399999999999977,59172.3,mid,0,0,46.02
6296,H35709,H,301.1,310.6,1782,24.9,93,0,0,0,0,0,0,H,1,9.5,44371.799999999996,mid,0,0,44.08
6297,L53476,L,301.0,310.5,1429,39.4,98,0,0,0,0,0,0,L,1,9.5,56302.6,mid,0,0,48.98
6298,M21157,M,301.1,310.5,1309,60.7,100,0,0,0,0,0,0,M,1,9.399999999999977,79456.3,mid,0,0,54.02
6299,L53478,L,301.1,310.5,1428,44.1,103,0,0,0,0,0,0,L,1,9.399999999999977,62974.8,mid,0,0,51.9
6300,L53479,L,301.2,310.6,1385,49.2,105,0,0,0,0,0,0,L,1,9.400000000000034,68142.0,mid,0,0,53.72
6301,L53480,L,301.2,310.7,1517,39.4,107,0,0,0,0,0,0,L,1,9.5,59769.799999999996,mid,0,0,52.58
6302,M21161,M,301.2,310.6,1576,39.6,109,0,0,0,0,0,0,M,1,9.400000000000034,62409.600000000006,mid,0,0,53.4
6303,L53482,L,301.2,310.6,1437,51.2,112,0,0,0,0,0,0,L,1,9.400000000000034,73574.40000000001,mid,0,0,56.92
6304,H35717,H,301.2,310.6,1457,50.5,114,0,0,0,0,0,0,H,1,9.400000000000034,73578.5,mid,0,0,57.58
6305,L53484,L,301.1,310.5,1532,37.5,119,0,0,0,0,0,0,L,1,9.399999999999977,57450.0,mid,0,0,56.98
6306,M21165,M,301.1,310.5,1603,32.6,121,0,0,0,0,0,0,M,1,9.399999999999977,52257.8,mid,0,0,56.8
6307,L53486,L,301.0,310.4,1563,34.4,124,0,0,0,0,0,0,L,1,9.399999999999977,53767.2,mid,0,0,58.36
6308,L53487,L,301.0,310.3,1617,34.5,126,0,0,0,0,0,0,L,1,9.300000000000011,55786.5,mid,0,0,59.16
6309,M21168,M,300.8,310.1,1686,26.9,128,0,0,0,0,0,0,M,1,9.300000000000011,45353.399999999994,mid,0,0,58.44
6310,L53489,L,300.9,310.2,1382,50.4,131,0,0,0,0,0,0,L,1,9.300000000000011,69652.8,mid,0,0,64.34
6311,L53490,L,300.9,310.1,2090,17.8,133,0,0,0,0,0,0,L,1,9.200000000000045,37202.0,mid,0,0,58.6
6312,L53491,L,300.9,310.3,1446,44.5,135,0,0,0,0,0,0,L,1,9.400000000000034,64347.0,mid,0,0,64.78
6313,M21172,M,300.9,310.2,1533,38.1,137,0,0,0,0,0,0,M,1,9.300000000000011,58407.3,mid,0,0,64.28
6314,L53493,L,300.9,310.3,1440,47.6,140,0,0,0,0,0,0,L,1,9.400000000000034,68544.0,mid,0,0,67.4
6315,M21174,M,301.0,310.4,1793,25.0,142,0,0,0,0,0,0,M,1,9.399999999999977,44825.0,mid,0,0,63.68
6316,M21175,M,301.0,310.4,1517,46.1,145,0,0,0,0,0,0,M,1,9.399999999999977,69933.7,mid,0,0,69.1
6317,L53496,L,300.9,310.4,1544,36.0,148,0,0,0,0,0,0,L,1,9.5,55584.0,mid,0,0,68.3
6318,L53497,L,300.9,310.3,1321,48.8,150,0,0,0,0,0,0,L,1,9.400000000000034,64464.799999999996,mid,0,0,71.64
6319,M21178,M,300.9,310.3,1416,50.9,152,0,0,0,0,0,0,M,1,9.400000000000034,72074.4,high,0,0,72.86
6320,L53499,L,300.8,310.2,1514,40.0,155,0,0,0,0,0,0,L,1,9.399999999999977,60560.0,high,0,0,71.88
6321,M21180,M,300.8,310.2,1304,52.5,157,0,0,0,0,0,0,M,1,9.399999999999977,68460.0,high,0,0,75.18
6322,L53501,L,300.7,310.2,1286,64.9,160,0,0,0,0,0,0,L,1,9.5,83461.40000000001,high,0,0,78.88
6323,M21182,M,300.7,310.1,1483,40.2,162,0,0,0,0,0,0,M,1,9.400000000000034,59616.600000000006,high,0,0,74.72
6324,L53503,L,300.7,310.1,1351,46.9,165,0,0,0,0,0,0,L,1,9.400000000000034,63361.9,high,0,0,77.26
6325,M21184,M,300.7,310.1,1367,52.6,167,0,0,0,0,0,0,M,1,9.400000000000034,71904.2,high,0,0,79.2
6326,L53505,L,300.7,310.1,1721,32.3,170,0,0,0,0,0,0,L,1,9.400000000000034,55588.299999999996,high,0,0,76.34
6327,L53506,L,300.6,310.0,1455,40.4,172,0,0,0,0,0,0,L,1,9.399999999999977,58782.0,high,0,0,78.76
6328,L53507,L,300.6,310.0,1425,49.5,174,0,0,0,0,0,0,L,1,9.399999999999977,70537.5,high,0,0,81.38
6329,L53508,L,300.7,310.0,1672,29.7,176,0,0,0,0,0,0,L,1,9.300000000000011,49658.4,high,0,0,78.2
6330,M21189,M,300.7,310.0,1641,34.6,178,0,0,0,0,0,0,M,1,9.300000000000011,56778.600000000006,high,0,0,79.98
6331,M21190,M,300.5,310.0,1580,37.0,181,0,0,0,0,0,0,M,1,9.5,58460.0,high,0,0,81.7
6332,H35745,H,300.5,310.0,1495,47.4,184,0,0,0,0,0,0,H,1,9.5,70863.0,high,0,0,84.98
6333,M21192,M,300.5,309.9,1994,19.8,189,0,0,0,0,0,0,M,1,9.399999999999977,39481.200000000004,high,0,0,81.44
6334,M21193,M,300.4,309.9,1415,31.8,192,0,0,0,0,0,0,M,1,9.5,44997.0,high,0,0,85.06
6335,M21194,M,300.4,309.8,1725,30.4,195,0,0,0,0,0,0,M,1,9.400000000000034,52440.0,high,0,0,85.96
6336,M21195,M,300.4,309.8,1430,43.4,198,0,0,0,0,0,0,M,1,9.400000000000034,62062.0,high,0,0,89.76
6337,L53516,L,300.4,309.8,1395,48.1,201,0,0,0,0,0,0,L,1,9.400000000000034,67099.5,high,1,0,91.9
6338,M21197,M,300.4,309.8,1435,43.6,203,0,0,0,0,0,0,M,1,9.400000000000034,62566.0,high,1,0,91.8
6339,L53518,L,300.4,309.9,1681,28.6,206,0,0,0,0,0,0,L,1,9.5,48076.600000000006,high,1,0,90.02
6340,L53519,L,300.5,310.0,1451,48.6,208,0,0,0,0,0,0,L,1,9.5,70518.6,high,1,0,94.82
6341,H35754,H,300.5,309.9,1397,45.9,210,1,1,0,0,0,0,H,1,9.399999999999977,64122.299999999996,high,1,1,145.06
6342,M21201,M,300.4,309.8,1421,47.2,0,0,0,0,0,0,0,M,1,9.400000000000034,67071.2,low,0,0,11.32
6343,M21202,M,300.3,309.8,1444,42.0,3,0,0,0,0,0,0,M,1,9.5,60648.0,low,0,0,11.5
6344,L53523,L,300.2,309.8,1827,23.0,6,0,0,0,0,0,0,L,1,9.600000000000023,42021.0,low,0,0,8.92
6345,H35758,H,300.2,309.8,1374,47.7,8,0,0,0,0,0,0,H,1,9.600000000000023,65539.8,low,0,0,14.66
6346,L53525,L,300.2,309.8,1650,29.6,13,0,0,0,0,0,0,L,1,9.600000000000023,48840.0,low,0,0,13.04
6347,L53526,L,300.2,309.7,1275,60.7,15,0,0,0,0,0,0,L,1,9.5,77392.5,low,0,0,20.04
6348,L53527,L,300.2,309.7,1421,44.6,17,0,0,0,0,0,0,L,1,9.5,63376.6,low,0,0,17.62
6349,L53528,L,300.2,309.8,1557,33.8,19,0,0,0,0,0,0,L,1,9.600000000000023,52626.6,low,0,0,16.28
6350,L53529,L,300.1,309.8,1506,35.2,21,0,0,0,0,0,0,L,1,9.699999999999989,53011.200000000004,low,0,0,17.38
6351,L53530,L,300.1,309.7,1362,49.1,23,0,0,0,0,0,0,L,1,9.599999999999966,66874.2,low,0,0,20.94
6352,L53531,L,300.0,309.7,1542,47.1,25,0,0,0,0,0,0,L,1,9.699999999999989,72628.2,low,0,0,21.36
6353,L53532,L,300.0,309.6,1496,38.8,27,0,0,0,0,0,0,L,1,9.600000000000023,58044.799999999996,low,0,0,20.48
6354,M21213,M,300.0,309.6,1491,42.0,29,0,0,0,0,0,0,M,1,9.600000000000023,62622.0,low,0,0,21.92
6355,L53534,L,300.1,309.6,1565,34.8,32,0,0,0,0,0,0,L,1,9.5,54461.99999999999,low,0,0,21.66
6356,L53535,L,300.1,309.7,1481,37.9,34,0,0,0,0,0,0,L,1,9.599999999999966,56129.9,low,0,0,23.1
6357,M21216,M,300.1,309.7,1420,48.4,36,0,0,0,0,0,0,M,1,9.599999999999966,68728.0,low,0,0,26.0
6358,L53537,L,300.2,309.8,1398,54.8,39,0,0,0,0,0,0,L,1,9.600000000000023,76610.4,low,0,0,28.48
6359,M21218,M,300.2,309.8,1466,45.7,41,0,0,0,0,0,0,M,1,9.600000000000023,66996.2,low,0,0,27.46
6360,L53539,L,300.1,309.8,1430,56.7,44,0,0,0,0,0,0,L,1,9.699999999999989,81081.0,low,0,0,30.88
6361,L53540,L,300.1,309.7,1441,40.1,46,0,0,0,0,0,0,L,1,9.599999999999966,57784.1,low,0,0,28.34
6362,M21221,M,300.1,309.7,1348,57.3,48,0,0,0,0,0,0,M,1,9.599999999999966,77240.4,low,0,0,32.58
6363,L53542,L,300.0,309.6,1738,28.7,51,0,0,0,0,0,0,L,1,9.600000000000023,49880.6,mid,0,0,28.06
6364,M21223,M,300.0,309.6,1618,36.2,53,0,0,0,0,0,0,M,1,9.600000000000023,58571.600000000006,mid,0,0,30.36
6365,M21224,M,299.9,309.6,1489,41.7,56,0,0,0,0,0,0,M,1,9.700000000000045,62091.3,mid,0,0,32.68
6366,M21225,M,299.9,309.5,1412,57.9,59,0,0,0,0,0,0,M,1,9.600000000000023,81754.8,mid,0,0,37.1
6367,M21226,M,299.9,309.5,2065,18.1,62,0,0,0,0,0,0,M,1,9.600000000000023,37376.5,mid,0,0,30.34
6368,L53547,L,300.0,309.6,1571,33.1,65,0,0,0,0,0,0,L,1,9.600000000000023,52000.100000000006,mid,0,0,34.54
6369,M21228,M,300.0,309.6,1423,48.7,67,0,0,0,0,0,0,M,1,9.600000000000023,69300.1,mid,0,0,38.46
6370,H35783,H,300.0,309.5,1781,24.9,70,0,0,0,0,0,0,H,1,9.5,44346.899999999994,mid,0,0,34.88
6371,L53550,L,300.1,309.6,1321,46.9,75,0,0,0,0,0,0,L,1,9.5,61954.9,mid,0,0,41.28
6372,L53551,L,300.1,309.6,1546,36.7,77,0,0,0,0,0,0,L,1,9.5,56738.200000000004,mid,0,0,40.04
6373,M21232,M,300.0,309.5,1879,22.4,79,0,0,0,0,0,0,M,1,9.5,42089.6,mid,0,0,37.98
6374,H35787,H,300.0,309.5,1735,28.9,82,0,0,0,0,0,0,H,1,9.5,50141.5,mid,0,0,40.48
6375,L53554,L,300.0,309.5,1506,38.8,87,0,0,0,0,0,0,L,1,9.5,58432.799999999996,mid,0,0,44.46
6376,H35789,H,300.0,309.6,1629,32.3,89,0,0,0,0,0,0,H,1,9.600000000000023,52616.7,mid,0,0,43.98
6377,L53556,L,300.0,309.6,1694,28.7,94,0,0,0,0,0,0,L,1,9.600000000000023,48617.799999999996,mid,0,0,45.26
6378,L53557,L,300.1,309.6,1541,37.0,96,0,0,0,0,0,0,L,1,9.5,57017.0,mid,0,0,47.7
6379,L53558,L,300.0,309.6,1514,44.6,98,0,0,0,0,0,0,L,1,9.600000000000023,67524.40000000001,mid,0,0,50.04
6380,L53559,L,300.1,309.7,1485,45.9,100,0,0,0,0,0,0,L,1,9.599999999999966,68161.5,mid,0,0,51.1
6381,L53560,L,300.2,309.8,1430,55.0,102,0,0,0,0,0,0,L,1,9.600000000000023,78650.0,mid,0,0,53.72
6382,L53561,L,300.2,309.7,1771,27.1,104,0,0,0,0,0,0,L,1,9.5,47994.100000000006,mid,0,0,48.92
6383,L53562,L,300.2,309.8,1481,41.9,106,0,0,0,0,0,0,L,1,9.600000000000023,62053.9,mid,0,0,52.7
6384,H35797,H,300.2,309.7,1483,43.8,108,0,0,0,0,0,0,H,1,9.5,64955.399999999994,mid,0,0,53.86
6385,H35798,H,300.1,309.6,1463,45.1,113,0,0,0,0,0,0,H,1,9.5,65981.3,mid,0,0,56.12
6386,L53565,L,300.1,309.7,1410,48.3,118,0,0,0,0,0,0,L,1,9.599999999999966,68103.0,mid,0,0,58.78
6387,L53566,L,300.2,309.7,1656,34.3,120,0,0,0,0,0,0,L,1,9.5,56800.799999999996,mid,0,0,56.76
6388,M21247,M,300.2,309.8,1487,39.2,122,0,0,0,0,0,0,M,1,9.600000000000023,58290.4,mid,0,0,58.56
6389,H35802,H,300.3,309.9,1509,46.6,125,0,0,0,0,0,0,H,1,9.599999999999966,70319.40000000001,mid,0,0,61.24
6390,H35803,H,300.3,309.9,1677,30.1,130,0,0,0,0,0,0,H,1,9.599999999999966,50477.700000000004,mid,0,0,59.94
6391,L53570,L,300.3,309.8,1450,55.0,135,0,0,0,0,0,0,L,1,9.5,79750.0,mid,0,0,66.9
6392,M21251,M,300.2,309.7,1413,43.0,137,0,0,0,0,0,0,M,1,9.5,60759.0,mid,0,0,65.3
6393,L53572,L,300.1,309.7,1680,33.8,140,0,0,0,0,0,0,L,1,9.599999999999966,56783.99999999999,mid,0,0,64.68
6394,L53573,L,300.2,309.7,1678,30.5,142,0,0,0,0,0,0,L,1,9.5,51179.0,mid,0,0,64.8
6395,M21254,M,300.2,309.7,1408,44.0,144,0,0,0,0,0,0,M,1,9.5,61952.0,mid,0,0,68.3
6396,M21255,M,300.1,309.6,1376,52.1,147,0,0,0,0,0,0,M,1,9.5,71689.6,mid,0,0,71.12
6397,L53576,L,300.0,309.6,1526,46.4,150,0,0,0,0,0,0,L,1,9.600000000000023,70806.4,mid,0,0,71.2
6398,M21257,M,300.0,309.6,1587,32.6,152,0,0,0,0,0,0,M,1,9.600000000000023,51736.200000000004,high,0,0,69.24
6399,L53578,L,300.1,309.7,1351,58.2,155,0,0,0,0,0,0,L,1,9.599999999999966,78628.2,high,0,0,75.56
6400,M21259,M,300.1,309.6,1501,38.0,157,0,0,0,0,0,0,M,1,9.5,57038.0,high,0,0,72.3
6401,L53580,L,300.1,309.7,1601,35.8,160,0,0,0,0,0,0,L,1,9.599999999999966,57315.799999999996,high,0,0,73.08
6402,M21261,M,300.0,309.6,1573,39.7,162,0,0,0,0,0,0,M,1,9.600000000000023,62448.100000000006,high,0,0,74.66
6403,M21262,M,300.1,309.6,1584,36.7,165,0,0,0,0,0,0,M,1,9.5,58132.8,high,0,0,75.24
6404,L53583,L,300.1,309.6,1649,33.6,168,0,0,0,0,0,0,L,1,9.5,55406.4,high,0,0,75.82
6405,M21264,M,300.2,309.7,1183,61.4,170,0,0,0,0,0,0,M,1,9.5,72636.2,high,0,0,82.18
6406,L53585,L,300.1,309.7,2151,17.5,173,0,0,0,0,0,0,L,1,9.599999999999966,37642.5,high,0,0,74.62
6407,L53586,L,300.2,309.8,1526,45.6,175,0,0,0,0,0,0,L,1,9.600000000000023,69585.6,high,0,0,81.04
6408,M21267,M,300.3,309.9,1611,29.0,177,0,0,0,0,0,0,M,1,9.599999999999966,46719.0,high,0,0,78.52
6409,L53588,L,300.3,309.9,1601,31.7,180,0,0,0,0,0,0,L,1,9.599999999999966,50751.7,high,0,0,80.26
6410,L53589,L,300.3,310.0,1560,40.8,182,0,0,0,0,0,0,L,1,9.699999999999989,63647.99999999999,high,0,0,82.9
6411,L53590,L,300.4,310.1,1544,41.9,184,0,0,0,0,0,0,L,1,9.700000000000045,64693.6,high,0,0,83.92
6412,M21271,M,300.4,310.0,1560,42.3,186,0,0,0,0,0,0,M,1,9.600000000000023,65988.0,high,0,0,84.78
6413,L53592,L,300.4,310.0,1423,44.2,189,0,0,0,0,0,0,L,1,9.600000000000023,62896.600000000006,high,0,0,86.36
6414,L53593,L,300.4,310.1,1614,33.5,191,0,0,0,0,0,0,L,1,9.700000000000045,54069.0,high,0,0,85.04
6415,M21274,M,300.4,310.1,1457,35.1,193,0,0,0,0,0,0,M,1,9.700000000000045,51140.700000000004,high,0,0,86.16
6416,L53595,L,300.4,310.1,1503,42.2,196,0,0,0,0,0,0,L,1,9.700000000000045,63426.600000000006,high,0,0,88.78
6417,H35830,H,300.4,310.1,1484,38.0,198,0,0,0,0,0,0,H,1,9.700000000000045,56392.0,high,0,0,88.74
6418,L53597,L,300.3,309.9,1540,39.9,203,0,0,0,0,0,0,L,1,9.599999999999966,61446.0,high,1,0,91.1
6419,H35832,H,300.3,309.9,1405,52.1,205,0,0,0,0,0,0,H,1,9.599999999999966,73200.5,high,1,0,94.34
6420,H35833,H,300.3,309.9,1394,46.7,210,1,1,0,0,0,0,H,1,9.599999999999966,65099.8,high,1,1,145.26
6421,L53600,L,300.3,309.9,1518,36.4,0,0,0,0,0,0,0,L,1,9.599999999999966,55255.2,low,0,0,9.2
6422,L53601,L,300.3,309.9,1527,41.4,2,0,0,0,0,0,0,L,1,9.599999999999966,63217.799999999996,low,0,0,11.0
6423,L53602,L,300.3,309.9,1377,55.3,4,0,0,0,0,0,0,L,1,9.599999999999966,76148.09999999999,low,0,0,14.58
6424,M21283,M,300.3,310.0,1537,37.5,6,0,0,0,0,0,0,M,1,9.699999999999989,57637.5,low,0,0,11.84
6425,M21284,M,300.3,310.0,1409,43.2,9,0,0,0,0,0,0,M,1,9.699999999999989,60868.8,low,0,0,14.18
6426,L53605,L,300.3,309.9,1393,56.1,12,0,0,0,0,0,0,L,1,9.599999999999966,78147.3,low,0,0,17.94
6427,L53606,L,300.2,309.7,1448,36.8,14,0,0,0,0,0,0,L,1,9.5,53286.399999999994,low,0,0,14.86
6428,L53607,L,300.2,309.8,1418,49.3,16,0,0,0,0,0,0,L,1,9.600000000000023,69907.4,low,0,0,18.18
6429,M21288,M,300.2,309.8,1743,24.1,18,0,0,0,0,0,0,M,1,9.600000000000023,42006.3,low,0,0,13.94
6430,M21289,M,300.2,309.8,1394,47.4,21,0,0,0,0,0,0,M,1,9.600000000000023,66075.59999999999,low,0,0,19.8
6431,L53610,L,300.3,309.8,1523,39.2,24,0,0,0,0,0,0,L,1,9.5,59701.600000000006,low,0,0,19.34
6432,L53611,L,300.2,309.8,1353,59.4,26,0,0,0,0,0,0,L,1,9.600000000000023,80368.2,low,0,0,24.2
6433,M21292,M,300.3,309.9,1447,46.5,28,0,0,0,0,0,0,M,1,9.599999999999966,67285.5,low,0,0,22.42
6434,L53613,L,300.3,309.9,1570,34.0,31,0,0,0,0,0,0,L,1,9.599999999999966,53380.0,low,0,0,21.12
6435,M21294,M,300.3,309.9,1494,38.5,33,0,0,0,0,0,0,M,1,9.599999999999966,57519.0,low,0,0,22.82
6436,L53615,L,300.3,309.9,1621,34.1,36,0,0,0,0,0,0,L,1,9.599999999999966,55276.100000000006,low,0,0,23.14
6437,L53616,L,300.4,310.0,1769,26.1,38,0,0,0,0,0,0,L,1,9.600000000000023,46170.9,low,0,0,22.34
6438,L53617,L,300.4,310.0,1282,66.1,40,0,0,0,0,0,0,L,1,9.600000000000023,84740.2,low,0,0,31.14
6439,L53618,L,300.4,310.0,1581,30.3,42,0,0,0,0,0,0,L,1,9.600000000000023,47904.3,low,0,0,24.78
6440,L53619,L,300.6,310.1,1656,32.7,44,0,0,0,0,0,0,L,1,9.5,54151.200000000004,low,0,0,26.04
6441,L53620,L,300.6,310.2,1648,31.7,46,0,0,0,0,0,0,L,1,9.599999999999966,52241.6,low,0,0,26.66
6442,L53621,L,300.7,310.2,1639,31.4,48,0,0,0,0,0,0,L,1,9.5,51464.6,low,0,0,27.38
6443,L53622,L,300.7,310.2,1348,54.8,50,0,0,0,0,0,0,L,1,9.5,73870.4,low,0,0,32.86
6444,L53623,L,300.8,310.3,1537,33.3,52,0,0,0,0,0,0,L,1,9.5,51182.1,mid,0,0,29.36
6445,M21304,M,300.8,310.3,1270,61.0,54,0,0,0,0,0,0,M,1,9.5,77470.0,mid,0,0,35.7
6446,L53625,L,300.7,310.3,1662,34.4,57,0,0,0,0,0,0,L,1,9.600000000000023,57172.799999999996,mid,0,0,31.6
6447,M21306,M,300.7,310.3,1471,40.2,59,0,0,0,0,0,0,M,1,9.600000000000023,59134.200000000004,mid,0,0,33.56
6448,L53627,L,300.6,310.1,1337,45.8,62,0,0,0,0,0,0,L,1,9.5,61234.6,mid,0,0,35.86
6449,H35862,H,300.7,310.2,1877,24.8,64,0,0,0,0,0,0,H,1,9.5,46549.6,mid,0,0,32.46
6450,L53629,L,300.6,310.2,1519,44.6,69,0,0,0,0,0,0,L,1,9.599999999999966,67747.40000000001,mid,0,0,38.44
6451,L53630,L,300.6,310.2,1378,47.3,71,0,0,0,0,0,0,L,1,9.599999999999966,65179.399999999994,mid,0,0,39.78
6452,L53631,L,300.7,310.2,1696,27.5,73,0,0,0,0,0,0,L,1,9.5,46640.0,mid,0,0,36.6
6453,L53632,L,300.7,310.1,1376,50.8,75,0,0,0,0,0,0,L,1,9.400000000000034,69900.8,mid,0,0,42.04
6454,L53633,L,300.7,310.2,1807,24.2,77,0,0,0,0,0,0,L,1,9.5,43729.4,mid,0,0,37.54
6455,L53634,L,300.7,310.1,1598,32.8,79,0,0,0,0,0,0,L,1,9.400000000000034,52414.399999999994,mid,0,0,40.04
6456,L53635,L,300.7,310.1,1565,40.2,81,0,0,0,0,0,0,L,1,9.400000000000034,62913.00000000001,mid,0,0,42.32
6457,L53636,L,300.7,310.2,1387,50.6,83,0,0,0,0,0,0,L,1,9.5,70182.2,mid,0,0,45.22
6458,L53637,L,300.7,310.0,1395,48.0,85,0,0,0,0,0,0,L,1,9.300000000000011,66960.0,mid,0,0,45.46
6459,M21318,M,300.6,310.0,1302,62.9,87,0,0,0,0,0,0,M,1,9.399999999999977,81895.8,mid,0,0,49.26
6460,M21319,M,300.6,310.0,1397,55.2,90,0,0,0,0,0,0,M,1,9.399999999999977,77114.40000000001,mid,0,0,48.92
6461,L53640,L,300.6,310.0,1313,52.9,93,0,0,0,0,0,0,L,1,9.399999999999977,69457.7,mid,0,0,49.66
6462,L53641,L,300.6,310.0,1505,35.9,95,0,0,0,0,0,0,L,1,9.399999999999977,54029.5,mid,0,0,47.06
6463,H35876,H,300.6,310.0,1483,44.0,97,0,0,0,0,0,0,H,1,9.399999999999977,65252.0,mid,0,0,49.48
6464,H35877,H,300.5,310.0,1358,60.4,102,0,0,0,0,0,0,H,1,9.5,82023.2,mid,0,0,54.78
6465,M21324,M,300.5,309.9,1735,27.0,107,0,0,0,0,0,0,M,1,9.399999999999977,46845.0,mid,0,0,50.08
6466,M21325,M,300.5,309.8,1416,48.5,110,0,0,0,0,0,0,M,1,9.300000000000011,68676.0,mid,0,0,55.56
6467,L53646,L,300.4,309.7,1740,31.1,113,0,0,0,0,0,0,L,1,9.300000000000011,54114.0,mid,0,0,53.28
6468,L53647,L,300.4,309.7,1692,27.4,115,0,0,0,0,0,0,L,1,9.300000000000011,46360.799999999996,mid,0,0,53.34
6469,L53648,L,300.5,309.8,1507,42.5,117,0,0,0,0,0,0,L,1,9.300000000000011,64047.5,mid,0,0,57.16
6470,M21329,M,300.4,309.6,1521,35.0,119,0,0,0,0,0,0,M,1,9.200000000000045,53235.0,mid,0,0,56.44
6471,L53650,L,300.4,309.6,1379,54.5,122,0,0,0,0,0,0,L,1,9.200000000000045,75155.5,mid,0,0,61.54
6472,L53651,L,300.4,309.6,1523,38.5,124,0,0,0,0,0,0,L,1,9.200000000000045,58635.5,mid,0,0,59.14
6473,H35886,H,300.4,309.6,1571,33.6,126,0,0,0,0,0,0,H,1,9.200000000000045,52785.600000000006,mid,0,0,58.96
6474,H35887,H,300.4,309.5,1547,50.7,131,0,0,0,0,0,0,H,1,9.100000000000023,78432.90000000001,mid,0,0,64.36
6475,M21334,M,300.5,309.7,1347,54.3,136,0,0,0,0,0,0,M,1,9.199999999999989,73142.09999999999,mid,0,0,67.1
6476,L53655,L,300.5,309.7,1560,30.2,139,0,0,0,0,0,0,L,1,9.199999999999989,47112.0,mid,0,0,63.48
6477,L53656,L,300.5,309.7,1384,48.6,141,0,0,0,0,0,0,L,1,9.199999999999989,67262.40000000001,mid,0,0,67.96
6478,L53657,L,300.5,309.7,1841,24.6,143,0,0,0,0,0,0,L,1,9.199999999999989,45288.600000000006,mid,0,0,63.96
6479,L53658,L,300.5,309.8,1663,29.1,145,1,0,0,0,0,0,L,1,9.300000000000011,48393.3,mid,0,0,115.68
6480,L53659,L,300.6,309.8,1418,42.7,147,0,0,0,0,0,0,L,1,9.199999999999989,60548.600000000006,mid,0,0,69.18
6481,L53660,L,300.7,309.9,1775,26.6,149,0,0,0,0,0,0,L,1,9.199999999999989,47215.0,mid,0,0,66.76
6482,L53661,L,300.7,309.8,1406,48.4,151,0,0,0,0,0,0,L,1,9.100000000000023,68050.4,high,0,0,71.9
6483,L53662,L,300.6,309.9,1480,43.7,153,0,0,0,0,0,0,L,1,9.299999999999955,64676.00000000001,high,0,0,71.8
6484,L53663,L,300.7,309.9,1412,45.3,155,0,0,0,0,0,0,L,1,9.199999999999989,63963.6,high,0,0,72.9
6485,H35898,H,300.6,309.8,1913,22.5,157,0,0,0,0,0,0,H,1,9.199999999999989,43042.5,high,0,0,69.14
6486,L53665,L,300.6,309.8,1629,37.6,162,0,0,0,0,0,0,L,1,9.199999999999989,61250.4,high,0,0,74.16
6487,L53666,L,300.5,309.8,1939,21.4,164,0,0,0,0,0,0,L,1,9.300000000000011,41494.6,high,0,0,71.74
6488,H35901,H,300.6,309.8,1541,36.2,166,0,0,0,0,0,0,H,1,9.199999999999989,55784.200000000004,high,0,0,75.48
6489,L53668,L,300.7,309.8,1330,54.4,171,0,0,0,0,0,0,L,1,9.100000000000023,72352.0,high,0,0,81.1
6490,M21349,M,300.7,309.8,1490,38.8,173,0,0,0,0,0,0,M,1,9.100000000000023,57811.99999999999,high,0,0,78.78
6491,L53670,L,300.7,309.9,1383,44.5,176,0,0,0,0,0,0,L,1,9.199999999999989,61543.5,high,0,0,81.14
6492,L53671,L,300.8,310.0,1468,52.7,178,0,0,0,0,0,0,L,1,9.199999999999989,77363.6,high,0,0,83.58
6493,M21352,M,300.8,309.9,1444,46.0,180,0,0,0,0,0,0,M,1,9.099999999999966,66424.0,high,0,0,83.02
6494,L53673,L,300.7,309.8,1363,53.1,183,0,0,0,0,0,0,L,1,9.100000000000023,72375.3,high,0,0,85.64
6495,L53674,L,300.6,309.7,1617,33.2,185,0,0,0,0,0,0,L,1,9.099999999999966,53684.4,high,0,0,82.46
6496,M21355,M,300.6,309.8,1694,31.1,187,0,0,0,0,0,0,M,1,9.199999999999989,52683.4,high,0,0,82.86
6497,L53676,L,300.7,309.9,1815,27.0,190,0,0,0,0,0,0,L,1,9.199999999999989,49005.0,high,0,0,83.24
6498,L53677,L,300.8,309.9,1312,65.3,192,1,0,0,0,1,0,L,1,9.099999999999966,85673.59999999999,high,0,1,141.68
6499,H35912,H,300.8,309.9,2041,19.2,194,0,0,0,0,0,0,H,1,9.099999999999966,39187.2,high,0,0,83.26
6500,L53679,L,300.9,310.0,1671,26.8,199,0,0,0,0,0,0,L,1,9.100000000000023,44782.8,high,0,0,86.78
6501,M21360,M,300.9,310.0,1416,46.6,201,0,0,0,0,0,0,M,1,9.100000000000023,65985.6,high,1,0,91.54
6502,M21361,M,300.9,310.0,1600,36.0,204,0,0,0,0,0,0,M,1,9.100000000000023,57600.0,high,1,0,90.62
6503,L53682,L,300.9,310.0,2595,13.7,207,0,0,0,0,0,0,L,1,9.100000000000023,35551.5,high,1,0,87.36
6504,M21363,M,300.9,309.9,1465,42.9,209,0,0,0,0,0,0,M,1,9.0,62848.5,high,1,0,93.98
6505,M21364,M,301.0,310.1,1681,27.4,212,0,0,0,0,0,0,M,1,9.100000000000023,46059.399999999994,high,1,0,92.1
6506,L53685,L,301.1,310.1,1457,39.6,215,0,0,0,0,0,0,L,1,9.0,57697.200000000004,high,1,0,95.72
6507,H35920,H,301.0,310.1,1454,44.1,217,0,0,0,0,0,0,H,1,9.100000000000023,64121.4,high,1,0,97.44
6508,L53687,L,301.0,310.1,1558,32.6,0,0,0,0,0,0,0,L,1,9.100000000000023,50790.8,low,0,0,8.34
6509,H35922,H,301.0,310.1,1756,30.7,2,0,0,0,0,0,0,H,1,9.100000000000023,53909.2,low,0,0,8.76
6510,L53689,L,301.1,310.1,1564,36.8,7,0,0,0,0,0,0,L,1,9.0,57555.2,low,0,0,11.96
6511,L53690,L,301.1,310.2,1455,55.3,9,0,0,0,0,0,0,L,1,9.099999999999966,80461.5,low,0,0,16.48
6512,M21371,M,301.2,310.1,2280,15.7,11,0,0,0,0,0,0,M,1,8.900000000000034,35796.0,low,0,0,9.32
6513,M21372,M,301.1,310.0,1433,48.1,14,0,0,0,0,0,0,M,1,8.899999999999977,68927.3,low,0,0,17.0
6514,L53693,L,301.1,310.0,1513,38.0,17,0,0,0,0,0,0,L,1,8.899999999999977,57494.0,low,0,0,16.18
6515,L53694,L,301.0,309.9,1507,41.8,19,0,0,0,0,0,0,L,1,8.899999999999977,62992.6,low,0,0,17.74
6516,L53695,L,301.0,310.0,1480,43.5,21,0,0,0,0,0,0,L,1,9.0,64380.0,low,0,0,18.9
6517,H35930,H,301.1,310.0,1470,40.1,23,0,0,0,0,0,0,H,1,8.899999999999977,58947.0,low,0,0,19.0
6518,L53697,L,301.1,310.1,1540,36.6,28,0,0,0,0,0,0,L,1,9.0,56364.0,low,0,0,20.32
6519,H35932,H,301.0,310.0,1212,67.9,30,0,0,0,0,0,0,H,1,9.0,82294.8,low,0,0,27.38
6520,L53699,L,301.1,310.1,1417,46.9,35,0,0,0,0,0,0,L,1,9.0,66457.3,low,0,0,25.18
6521,M21380,M,301.2,310.1,1666,34.9,37,0,0,0,0,0,0,M,1,8.900000000000034,58143.399999999994,low,0,0,23.56
6522,L53701,L,301.1,310.1,1666,27.2,40,0,0,0,0,0,0,L,1,9.0,45315.2,low,0,0,23.24
6523,L53702,L,301.1,310.1,1489,45.8,42,0,0,0,0,0,0,L,1,9.0,68196.2,low,0,0,27.76
6524,M21383,M,301.1,310.2,1850,27.7,44,0,0,0,0,0,0,M,1,9.099999999999966,51245.0,low,0,0,24.96
6525,L53704,L,301.1,310.4,1874,24.8,47,0,0,0,0,0,0,L,1,9.299999999999955,46475.200000000004,low,0,0,25.62
6526,L53705,L,301.1,310.4,1312,73.6,49,1,0,0,1,0,0,L,1,9.299999999999955,96563.2,low,0,1,86.18
6527,L53706,L,301.2,310.4,1515,38.4,51,0,0,0,0,0,0,L,1,9.199999999999989,58176.0,mid,0,0,29.92
6528,L53707,L,301.2,310.4,1516,44.4,53,0,0,0,0,0,0,L,1,9.199999999999989,67310.4,mid,0,0,31.92
6529,L53708,L,301.2,310.5,1546,40.0,55,0,0,0,0,0,0,L,1,9.300000000000011,61840.0,mid,0,0,31.86
6530,L53709,L,301.3,310.6,1481,40.9,57,0,0,0,0,0,0,L,1,9.300000000000011,60572.9,mid,0,0,32.84
6531,H35944,H,301.3,310.6,1605,32.5,59,0,0,0,0,0,0,H,1,9.300000000000011,52162.5,mid,0,0,31.96
6532,H35945,H,301.2,310.7,1656,26.2,64,0,0,0,0,0,0,H,1,9.5,43387.2,mid,0,0,32.74
6533,H35946,H,301.2,310.6,1352,52.0,69,0,0,0,0,0,0,H,1,9.400000000000034,70304.0,mid,0,0,39.88
6534,L53713,L,301.3,310.7,1504,47.2,74,0,0,0,0,0,0,L,1,9.399999999999977,70988.8,mid,0,0,40.92
6535,L53714,L,301.3,310.6,1436,44.2,76,0,0,0,0,0,0,L,1,9.300000000000011,63471.200000000004,mid,0,0,41.1
6536,H35949,H,301.2,310.5,1505,43.6,78,0,0,0,0,0,0,H,1,9.300000000000011,65618.0,mid,0,0,41.78
6537,L53716,L,301.3,310.5,1406,47.1,83,0,0,0,0,0,0,L,1,9.199999999999989,66222.6,mid,0,0,44.46
6538,M21397,M,301.3,310.5,1481,39.7,85,0,0,0,0,0,0,M,1,9.199999999999989,58795.700000000004,mid,0,0,43.78
6539,L53718,L,301.4,310.7,1487,44.6,88,0,0,0,0,0,0,L,1,9.300000000000011,66320.2,mid,0,0,45.98
6540,L53719,L,301.4,310.7,1436,54.1,90,0,0,0,0,0,0,L,1,9.300000000000011,77687.6,mid,0,0,48.68
6541,M21400,M,301.4,310.7,1368,63.7,92,1,0,0,1,0,0,M,1,9.300000000000011,87141.6,mid,0,1,101.4
6542,L53721,L,301.4,310.7,1509,38.3,95,0,0,0,0,0,0,L,1,9.300000000000011,57794.7,mid,0,0,47.52
6543,L53722,L,301.4,310.8,1543,36.9,97,0,0,0,0,0,0,L,1,9.400000000000034,56936.7,mid,0,0,48.06
6544,L53723,L,301.4,310.8,1698,29.6,99,0,0,0,0,0,0,L,1,9.400000000000034,50260.8,mid,0,0,47.4
6545,M21404,M,301.4,310.7,1470,46.5,101,0,0,0,0,0,0,M,1,9.300000000000011,68355.0,mid,0,0,51.56
6546,M21405,M,301.4,310.8,1738,30.3,104,0,0,0,0,0,0,M,1,9.400000000000034,52661.4,mid,0,0,49.54
6547,M21406,M,301.4,310.8,1530,39.9,107,0,0,0,0,0,0,M,1,9.400000000000034,61047.0,mid,0,0,52.66
6548,L53727,L,301.4,310.8,1740,29.2,110,0,0,0,0,0,0,L,1,9.400000000000034,50808.0,mid,0,0,51.72
6549,L53728,L,301.4,310.8,1770,24.1,112,0,0,0,0,0,0,L,1,9.400000000000034,42657.0,mid,0,0,51.5
6550,H35963,H,301.3,310.6,1527,44.0,114,0,0,0,0,0,0,H,1,9.300000000000011,67188.0,mid,0,0,56.26
6551,L53730,L,301.3,310.7,1516,46.0,119,0,0,0,0,0,0,L,1,9.399999999999977,69736.0,mid,0,0,58.68
6552,L53731,L,301.4,310.7,1616,36.5,121,0,0,0,0,0,0,L,1,9.300000000000011,58984.0,mid,0,0,57.56
6553,L53732,L,301.4,310.7,1786,26.1,123,0,0,0,0,0,0,L,1,9.300000000000011,46614.600000000006,mid,0,0,56.28
6554,L53733,L,301.4,310.8,1389,52.7,125,0,0,0,0,0,0,L,1,9.400000000000034,73200.3,mid,0,0,62.42
6555,M21414,M,301.4,310.7,1639,29.8,127,0,0,0,0,0,0,M,1,9.300000000000011,48842.200000000004,mid,0,0,58.62
6556,H35969,H,301.5,310.7,1394,46.7,130,0,0,0,0,0,0,H,1,9.199999999999989,65099.8,mid,0,0,63.18
6557,L53736,L,301.5,310.7,1686,27.9,135,0,0,0,0,0,0,L,1,9.199999999999989,47039.399999999994,mid,0,0,61.42
6558,M21417,M,301.5,310.6,1638,31.9,137,0,0,0,0,0,0,M,1,9.100000000000023,52252.2,mid,0,0,63.0
6559,M21418,M,301.5,310.6,1447,41.9,140,0,0,0,0,0,0,M,1,9.100000000000023,60629.299999999996,mid,0,0,66.2
6560,H35973,H,301.5,310.6,1512,39.0,143,0,0,0,0,0,0,H,1,9.100000000000023,58968.0,mid,0,0,66.82
6561,L53740,L,301.6,310.8,1961,21.8,148,0,0,0,0,0,0,L,1,9.199999999999989,42749.8,mid,0,0,65.4
6562,L53741,L,301.5,310.7,1596,35.4,150,0,0,0,0,0,0,L,1,9.199999999999989,56498.399999999994,mid,0,0,68.92
6563,M21422,M,301.5,310.7,1871,21.3,152,0,0,0,0,0,0,M,1,9.199999999999989,39852.3,high,0,0,66.9
6564,L53743,L,301.5,310.7,1942,20.5,155,0,0,0,0,0,0,L,1,9.199999999999989,39811.0,high,0,0,67.94
6565,L53744,L,301.4,310.6,1557,38.2,157,0,0,0,0,0,0,L,1,9.200000000000045,59477.4,high,0,0,72.28
6566,L53745,L,301.4,310.6,1550,36.8,159,0,0,0,0,0,0,L,1,9.200000000000045,57039.99999999999,high,0,0,72.8
6567,L53746,L,301.3,310.6,1966,22.6,161,0,0,0,0,0,0,L,1,9.300000000000011,44431.600000000006,high,0,0,70.78
6568,M21427,M,301.3,310.6,1499,36.1,163,0,0,0,0,0,0,M,1,9.300000000000011,54113.9,high,0,0,74.28
6569,L53748,L,301.3,310.6,1521,36.3,166,0,0,0,0,0,0,L,1,9.300000000000011,55212.299999999996,high,0,0,75.52
6570,M21429,M,301.4,310.7,1375,42.0,168,0,0,0,0,0,0,M,1,9.300000000000011,57750.0,high,0,0,77.46
6571,L53750,L,301.4,310.6,1634,31.1,171,0,0,0,0,0,0,L,1,9.200000000000045,50817.4,high,0,0,76.46
6572,M21431,M,301.3,310.6,1378,49.4,173,0,0,0,0,0,0,M,1,9.300000000000011,68073.2,high,0,0,80.94
6573,L53752,L,301.4,310.7,1428,53.7,176,0,0,0,0,0,0,L,1,9.300000000000011,76683.6,high,0,0,83.0
6574,M21433,M,301.4,310.6,1855,25.3,178,0,0,0,0,0,0,M,1,9.200000000000045,46931.5,high,0,0,78.1
6575,L53754,L,301.4,310.6,1578,33.0,181,0,0,0,0,0,0,L,1,9.200000000000045,52074.0,high,0,0,80.84
6576,M21435,M,301.4,310.5,1451,45.3,183,0,0,0,0,0,0,M,1,9.100000000000023,65730.3,high,0,0,84.08
6577,L53756,L,301.5,310.5,1644,34.9,186,0,0,0,0,0,0,L,1,9.0,57375.6,high,0,0,83.18
6578,L53757,L,301.4,310.4,1388,45.3,188,0,0,0,0,0,0,L,1,9.0,62876.399999999994,high,0,0,86.06
6579,L53758,L,301.4,310.4,1543,40.9,190,0,0,0,0,0,0,L,1,9.0,63108.7,high,0,0,85.98
6580,L53759,L,301.3,310.4,1501,41.6,192,0,0,0,0,0,0,L,1,9.099999999999966,62441.6,high,0,0,86.94
6581,L53760,L,301.3,310.4,1507,39.1,194,0,0,0,0,0,0,L,1,9.099999999999966,58923.700000000004,high,0,0,87.24
6582,L53761,L,301.4,310.4,1559,36.0,196,0,0,0,0,0,0,L,1,9.0,56124.0,high,0,0,87.4
6583,L53762,L,301.5,310.5,1528,35.7,198,0,0,0,0,0,0,L,1,9.0,54549.600000000006,high,0,0,88.14
6584,M21443,M,301.5,310.5,1503,38.2,200,0,0,0,0,0,0,M,1,9.0,57414.600000000006,high,1,0,89.44
6585,L53764,L,301.5,310.5,1372,44.0,203,0,0,0,0,0,0,L,1,9.0,60368.0,high,1,0,91.8
6586,M21445,M,301.5,310.5,1600,32.8,205,0,0,0,0,0,0,M,1,9.0,52479.99999999999,high,1,0,90.36
6587,L53766,L,301.5,310.6,1453,44.0,208,0,0,0,0,0,0,L,1,9.100000000000023,63932.0,high,1,0,93.82
6588,M21447,M,301.6,310.7,1813,24.6,210,0,0,0,0,0,0,M,1,9.099999999999966,44599.8,high,1,0,90.74
6589,L53768,L,301.6,310.7,1457,40.4,213,0,0,0,0,0,0,L,1,9.099999999999966,58862.799999999996,high,1,0,95.1
6590,M21449,M,301.6,310.6,1553,38.9,0,0,0,0,0,0,0,M,1,9.0,60411.7,low,0,0,9.58
6591,L53770,L,301.7,310.7,1763,25.9,3,0,0,0,0,0,0,L,1,9.0,45661.7,low,0,0,8.18
6592,L53771,L,301.7,310.7,2023,20.9,5,0,0,0,0,0,0,L,1,9.0,42280.7,low,0,0,7.98
6593,M21452,M,301.6,310.7,1457,47.8,7,0,0,0,0,0,0,M,1,9.099999999999966,69644.59999999999,low,0,0,14.18
6594,L53773,L,301.6,310.7,1679,29.5,10,0,0,0,0,0,0,L,1,9.099999999999966,49530.5,low,0,0,11.72
6595,L53774,L,301.6,310.6,2103,19.7,12,0,0,0,0,0,0,L,1,9.0,41429.1,low,0,0,10.54
6596,M21455,M,301.5,310.7,1460,38.6,14,0,0,0,0,0,0,M,1,9.199999999999989,56356.0,low,0,0,15.16
6597,M21456,M,301.5,310.7,1454,39.4,17,0,0,0,0,0,0,M,1,9.199999999999989,57287.6,low,0,0,16.52
6598,L53777,L,301.5,310.6,1481,46.8,20,0,0,0,0,0,0,L,1,9.100000000000023,69310.8,low,0,0,19.18
6599,L53778,L,301.5,310.7,1424,51.1,22,0,0,0,0,0,0,L,1,9.199999999999989,72766.40000000001,low,0,0,20.86
6600,L53779,L,301.6,310.7,1494,39.5,24,0,0,0,0,0,0,L,1,9.099999999999966,59013.0,low,0,0,19.32
6601,M21460,M,301.5,310.6,1424,47.0,26,0,0,0,0,0,0,M,1,9.100000000000023,66928.0,low,0,0,21.62
6602,M21461,M,301.5,310.7,1347,47.9,29,0,0,0,0,0,0,M,1,9.199999999999989,64521.299999999996,low,0,0,23.02
6603,L53782,L,301.5,310.6,1374,46.7,32,0,0,0,0,0,0,L,1,9.100000000000023,64165.8,low,0,0,23.96
6604,M21463,M,301.5,310.6,1403,47.4,34,0,0,0,0,0,0,M,1,9.100000000000023,66502.2,low,0,0,24.9
6605,M21464,M,301.5,310.6,1573,37.4,37,0,0,0,0,0,0,M,1,9.100000000000023,58830.2,low,0,0,24.1
6606,M21465,M,301.6,310.6,1691,30.1,40,0,0,0,0,0,0,M,1,9.0,50899.100000000006,low,0,0,23.82
6607,H36020,H,301.5,310.5,1538,44.3,43,0,0,0,0,0,0,H,1,9.0,68133.4,low,0,0,27.86
6608,L53787,L,301.5,310.5,1556,39.1,48,0,0,0,0,0,0,L,1,9.0,60839.600000000006,low,0,0,28.82
6609,M21468,M,301.5,310.4,1593,36.8,50,0,0,0,0,0,0,M,1,8.899999999999977,58622.399999999994,low,0,0,29.14
6610,L53789,L,301.5,310.4,1474,39.9,53,0,0,0,0,0,0,L,1,8.899999999999977,58812.6,mid,0,0,30.96
6611,L53790,L,301.5,310.4,1543,34.0,55,0,0,0,0,0,0,L,1,8.899999999999977,52462.0,mid,0,0,30.58
6612,H36025,H,301.5,310.5,1587,33.8,57,0,0,0,0,0,0,H,1,9.0,53640.6,mid,0,0,31.36
6613,L53792,L,301.6,310.6,1222,70.0,62,0,0,0,0,0,0,L,1,9.0,85540.0,mid,0,0,40.6
6614,L53793,L,301.7,310.6,1513,41.1,64,0,0,0,0,0,0,L,1,8.900000000000034,62184.3,mid,0,0,35.6
6615,L53794,L,301.7,310.6,1660,28.7,66,0,0,0,0,0,0,L,1,8.900000000000034,47642.0,mid,0,0,33.92
6616,L53795,L,301.7,310.6,1545,42.1,68,0,0,0,0,0,0,L,1,8.900000000000034,65044.5,mid,0,0,37.4
6617,M21476,M,301.7,310.6,1380,45.8,70,0,0,0,0,0,0,M,1,8.900000000000034,63203.99999999999,mid,0,0,38.94
6618,L53797,L,301.6,310.6,1321,60.8,73,0,0,0,0,0,0,L,1,9.0,80316.8,mid,0,0,43.16
6619,M21478,M,301.6,310.6,1309,65.8,75,1,0,0,1,0,0,M,1,9.0,86132.2,mid,0,1,94.96
6620,M21479,M,301.7,310.7,1627,31.3,78,0,0,0,0,0,0,M,1,9.0,50925.1,mid,0,0,39.26
6621,M21480,M,301.6,310.7,1791,23.8,81,0,0,0,0,0,0,M,1,9.099999999999966,42625.8,mid,0,0,38.98
6622,M21481,M,301.7,310.7,1861,21.8,84,0,0,0,0,0,0,M,1,9.0,40569.8,mid,0,0,39.76
6623,L53802,L,301.7,310.7,1493,51.1,87,0,0,0,0,0,0,L,1,9.0,76292.3,mid,0,0,46.82
6624,M21483,M,301.7,310.7,1442,41.1,89,0,0,0,0,0,0,M,1,9.0,59266.200000000004,mid,0,0,45.62
6625,L53804,L,301.7,310.7,1532,39.8,92,0,0,0,0,0,0,L,1,9.0,60973.6,mid,0,0,46.56
6626,M21485,M,301.6,310.7,1421,44.4,94,0,0,0,0,0,0,M,1,9.099999999999966,63092.4,mid,0,0,48.3
6627,L53806,L,301.6,310.6,1613,42.5,97,0,0,0,0,0,0,L,1,9.0,68552.5,mid,0,0,49.1
6628,M21487,M,301.7,310.6,1876,22.1,99,0,0,0,0,0,0,M,1,8.900000000000034,41459.600000000006,mid,0,0,45.8
6629,L53808,L,301.6,310.5,1593,34.5,102,0,0,0,0,0,0,L,1,8.899999999999977,54958.5,mid,0,0,49.48
6630,L53809,L,301.6,310.5,1397,49.4,104,0,0,0,0,0,0,L,1,8.899999999999977,69011.8,mid,0,0,53.26
6631,M21490,M,301.6,310.5,1414,49.3,106,0,0,0,0,0,0,M,1,8.899999999999977,69710.2,mid,0,0,54.04
6632,M21491,M,301.5,310.4,1378,55.3,109,0,0,0,0,0,0,M,1,8.899999999999977,76203.4,mid,0,0,56.44
6633,L53812,L,301.4,310.4,1301,51.2,112,0,0,0,0,0,0,L,1,9.0,66611.2,mid,0,0,56.84
6634,M21493,M,301.5,310.5,1737,29.3,114,0,0,0,0,0,0,M,1,9.0,50894.1,mid,0,0,53.26
6635,L53814,L,301.5,310.5,1396,44.5,117,0,0,0,0,0,0,L,1,9.0,62122.0,mid,0,0,57.5
6636,L53815,L,301.5,310.5,1534,39.3,119,0,0,0,0,0,0,L,1,9.0,60286.2,mid,0,0,57.26
6637,M21496,M,301.5,310.5,1774,25.5,121,0,0,0,0,0,0,M,1,9.0,45237.0,mid,0,0,55.3
6638,H36051,H,301.5,310.5,1453,48.0,124,0,0,0,0,0,0,H,1,9.0,69744.0,mid,0,0,61.0
6639,L53818,L,301.5,310.5,1453,44.2,129,0,0,0,0,0,0,L,1,9.0,64222.600000000006,mid,0,0,62.24
6640,L53819,L,301.4,310.5,1380,48.4,131,0,0,0,0,0,0,L,1,9.100000000000023,66792.0,mid,0,0,63.9
6641,L53820,L,301.4,310.4,1334,43.2,133,0,0,0,0,0,0,L,1,9.0,57628.8,mid,0,0,63.64
6642,L53821,L,301.5,310.5,1702,28.7,135,0,0,0,0,0,0,L,1,9.0,48847.4,mid,0,0,61.54
6643,L53822,L,301.6,310.6,1431,37.5,137,0,0,0,0,0,0,L,1,9.0,53662.5,mid,0,0,64.1
6644,M21503,M,301.5,310.5,1308,60.5,139,0,0,0,0,0,0,M,1,9.0,79134.0,mid,0,0,69.5
6645,L53824,L,301.5,310.6,1565,43.9,142,0,0,0,0,0,0,L,1,9.100000000000023,68703.5,mid,0,0,67.4
6646,M21505,M,301.5,310.4,1486,39.6,144,0,0,0,0,0,0,M,1,8.899999999999977,58845.6,mid,0,0,67.3
6647,L53826,L,301.5,310.5,1479,34.2,147,0,0,0,0,0,0,L,1,9.0,50581.8,mid,0,0,67.44
6648,L53827,L,301.5,310.5,1927,22.4,149,0,0,0,0,0,0,L,1,9.0,43164.799999999996,mid,0,0,65.88
6649,L53828,L,301.5,310.4,1488,41.1,151,0,0,0,0,0,0,L,1,8.899999999999977,61156.8,high,0,0,70.4
6650,M21509,M,301.5,310.4,1350,54.9,153,0,0,0,0,0,0,M,1,8.899999999999977,74115.0,high,0,0,73.96
6651,L53830,L,301.6,310.4,1561,35.3,156,0,0,0,0,0,0,L,1,8.799999999999955,55103.299999999996,high,0,0,71.22
6652,M21511,M,301.5,310.4,1276,55.6,158,0,0,0,0,0,0,M,1,8.899999999999977,70945.6,high,0,0,76.1
6653,H36066,H,301.5,310.4,1580,35.7,161,0,0,0,0,0,0,H,1,8.899999999999977,56406.00000000001,high,0,0,73.32
6654,M21513,M,301.4,310.3,1610,29.1,166,0,0,0,0,0,0,M,1,8.900000000000034,46851.0,high,0,0,74.0
6655,L53834,L,301.4,310.3,2203,16.6,169,0,0,0,0,0,0,L,1,8.900000000000034,36569.8,high,0,0,72.7
6656,L53835,L,301.4,310.3,1639,32.7,171,0,0,0,0,0,0,L,1,8.900000000000034,53595.3,high,0,0,76.72
6657,M21516,M,301.4,310.4,1553,44.7,173,0,0,0,0,0,0,M,1,9.0,69419.1,high,0,0,79.94
6658,L53837,L,301.4,310.3,1374,47.6,176,0,0,0,0,0,0,L,1,8.900000000000034,65402.4,high,0,0,81.7
6659,L53838,L,301.4,310.4,1430,50.9,178,0,0,0,0,0,0,L,1,9.0,72787.0,high,0,0,83.18
6660,L53839,L,301.3,310.3,1626,31.3,180,0,0,0,0,0,0,L,1,9.0,50893.8,high,0,0,80.06
6661,H36074,H,301.4,310.5,1421,43.8,182,0,0,0,0,0,0,H,1,9.100000000000023,62239.799999999996,high,0,0,83.38
6662,M21521,M,301.3,310.4,1501,39.8,187,0,0,0,0,0,0,M,1,9.099999999999966,59739.799999999996,high,0,0,84.58
6663,M21522,M,301.3,310.4,2093,18.7,190,0,0,0,0,0,0,M,1,9.099999999999966,39139.1,high,0,0,81.56
6664,L53843,L,301.3,310.4,1504,47.2,193,0,0,0,0,0,0,L,1,9.099999999999966,70988.8,high,0,0,88.46
6665,L53844,L,301.3,310.4,1538,38.4,195,0,0,0,0,0,0,L,1,9.099999999999966,59059.2,high,0,0,87.5
6666,L53845,L,301.3,310.4,1440,41.5,197,0,0,0,0,0,0,L,1,9.099999999999966,59760.0,high,0,0,88.92
6667,L53846,L,301.3,310.4,1414,51.4,199,0,0,0,0,0,0,L,1,9.099999999999966,72679.59999999999,high,0,0,91.7
6668,H36081,H,301.4,310.5,1536,39.9,201,0,0,0,0,0,0,H,1,9.100000000000023,61286.399999999994,high,1,0,90.2
6669,L53848,L,301.4,310.5,1476,39.2,206,0,0,0,0,0,0,L,1,9.100000000000023,57859.200000000004,high,1,0,92.06
6670,L53849,L,301.4,310.5,1571,33.9,208,0,0,0,0,0,0,L,1,9.100000000000023,53256.899999999994,high,1,0,91.8
6671,L53850,L,301.5,310.6,1998,20.2,210,0,0,0,0,0,0,L,1,9.100000000000023,40359.6,high,1,0,89.86
6672,L53851,L,301.5,310.6,1357,42.1,212,0,0,0,0,0,0,L,1,9.100000000000023,57129.700000000004,high,1,0,95.04
6673,L53852,L,301.6,310.7,1424,50.5,214,0,0,0,0,0,0,L,1,9.099999999999966,71912.0,high,1,0,97.52
6674,L53853,L,301.6,310.7,1380,51.8,216,1,0,0,0,1,0,L,1,9.099999999999966,71484.0,high,1,1,148.58
6675,L53854,L,301.5,310.7,1618,35.5,218,0,0,0,0,0,0,L,1,9.199999999999989,57439.0,high,1,0,96.14
6676,L53855,L,301.5,310.6,1579,28.0,220,0,0,0,0,0,0,L,1,9.100000000000023,44212.0,high,1,0,95.42
6677,L53856,L,301.5,310.7,1423,44.0,222,0,0,0,0,0,0,L,1,9.199999999999989,62612.0,high,1,0,99.44
6678,L53857,L,301.5,310.7,1435,38.5,224,0,0,0,0,0,0,L,1,9.199999999999989,55247.5,high,1,0,99.14
6679,M21538,M,301.5,310.7,1336,65.6,0,1,0,0,1,0,0,M,1,9.199999999999989,87641.59999999999,low,0,1,64.96
6680,L53859,L,301.6,310.8,1392,42.4,3,0,0,0,0,0,0,L,1,9.199999999999989,59020.799999999996,low,0,0,11.52
6681,L53860,L,301.5,310.8,1417,49.7,5,0,0,0,0,0,0,L,1,9.300000000000011,70424.90000000001,low,0,0,13.8
6682,L53861,L,301.4,310.7,1425,45.1,7,0,0,0,0,0,0,L,1,9.300000000000011,64267.5,low,0,0,13.68
6683,L53862,L,301.5,310.8,1512,38.9,9,0,0,0,0,0,0,L,1,9.300000000000011,58816.799999999996,low,0,0,13.24
6684,L53863,L,301.5,310.9,1318,50.6,11,0,0,0,0,0,0,L,1,9.399999999999977,66690.8,low,0,0,16.4
6685,L53864,L,301.6,310.9,1538,40.4,13,0,0,0,0,0,0,L,1,9.299999999999955,62135.2,low,0,0,15.14
6686,L53865,L,301.6,310.9,1532,43.6,15,0,0,0,0,0,0,L,1,9.299999999999955,66795.2,low,0,0,16.58
6687,L53866,L,301.7,311.0,1715,24.8,17,0,0,0,0,0,0,L,1,9.300000000000011,42532.0,low,0,0,13.62
6688,L53867,L,301.7,311.0,1700,28.7,19,0,0,0,0,0,0,L,1,9.300000000000011,48790.0,low,0,0,15.2
6689,L53868,L,301.7,311.0,1548,40.3,21,0,0,0,0,0,0,L,1,9.300000000000011,62384.399999999994,low,0,0,18.32
6690,L53869,L,301.7,311.0,1546,43.0,23,0,0,0,0,0,0,L,1,9.300000000000011,66478.0,low,0,0,19.66
6691,L53870,L,301.7,311.0,1343,49.2,25,0,0,0,0,0,0,L,1,9.300000000000011,66075.6,low,0,0,21.7
6692,M21551,M,301.7,311.0,1510,47.8,27,0,0,0,0,0,0,M,1,9.300000000000011,72178.0,low,0,0,22.22
6693,M21552,M,301.8,311.0,1839,23.6,30,0,0,0,0,0,0,M,1,9.199999999999989,43400.4,low,0,0,18.56
6694,M21553,M,301.8,311.0,1756,26.7,33,0,0,0,0,0,0,M,1,9.199999999999989,46885.2,low,0,0,20.38
6695,M21554,M,301.7,310.9,1300,62.7,36,0,0,0,0,0,0,M,1,9.199999999999989,81510.0,low,0,0,28.78
6696,M21555,M,301.7,311.0,1311,55.8,39,0,0,0,0,0,0,M,1,9.300000000000011,73153.8,low,0,0,28.62
6697,L53876,L,301.7,310.9,1636,31.3,42,0,0,0,0,0,0,L,1,9.199999999999989,51206.8,low,0,0,24.9
6698,L53877,L,301.6,310.9,1643,34.1,44,0,0,0,0,0,0,L,1,9.299999999999955,56026.3,low,0,0,26.28
6699,L53878,L,301.6,310.8,1418,44.7,46,0,0,0,0,0,0,L,1,9.199999999999989,63384.600000000006,low,0,0,29.18
6700,M21559,M,301.7,310.8,1516,40.4,48,0,0,0,0,0,0,M,1,9.100000000000023,61246.4,low,0,0,29.1
6701,H36114,H,301.6,310.9,1419,50.2,51,0,0,0,0,0,0,H,1,9.299999999999955,71233.8,mid,0,0,32.3
6702,L53881,L,301.6,310.9,1623,34.1,56,0,0,0,0,0,0,L,1,9.299999999999955,55344.3,mid,0,0,31.08
6703,M21562,M,301.6,310.8,1664,32.0,58,0,0,0,0,0,0,M,1,9.199999999999989,53248.0,mid,0,0,31.44
6704,M21563,M,301.5,310.7,1744,28.2,61,0,0,0,0,0,0,M,1,9.199999999999989,49180.799999999996,mid,0,0,31.88
6705,M21564,M,301.5,310.7,1510,36.0,64,0,0,0,0,0,0,M,1,9.199999999999989,54360.0,mid,0,0,34.64
6706,M21565,M,301.5,310.6,1382,58.1,67,0,0,0,0,0,0,M,1,9.100000000000023,80294.2,mid,0,0,40.24
6707,L53886,L,301.4,310.6,1381,46.1,70,0,0,0,0,0,0,L,1,9.200000000000045,63664.1,mid,0,0,39.06
6708,L53887,L,301.3,310.6,1556,39.0,72,0,0,0,0,0,0,L,1,9.300000000000011,60684.0,mid,0,0,38.46
6709,M21568,M,301.4,310.6,1464,37.4,74,0,0,0,0,0,0,M,1,9.200000000000045,54753.6,mid,0,0,38.92
6710,L53889,L,301.4,310.6,1481,37.6,77,0,0,0,0,0,0,L,1,9.200000000000045,55685.6,mid,0,0,40.16
6711,L53890,L,301.5,310.7,1323,49.7,79,0,0,0,0,0,0,L,1,9.199999999999989,65753.1,mid,0,0,43.38
6712,L53891,L,301.5,310.7,1426,46.1,81,0,0,0,0,0,0,L,1,9.199999999999989,65738.6,mid,0,0,43.46
6713,H36126,H,301.4,310.7,1516,36.4,83,0,0,0,0,0,0,H,1,9.300000000000011,55182.4,mid,0,0,42.34
6714,L53893,L,301.3,310.6,1416,45.2,88,0,0,0,0,0,0,L,1,9.300000000000011,64003.200000000004,mid,0,0,46.1
6715,L53894,L,301.3,310.6,1440,53.8,90,0,0,0,0,0,0,L,1,9.300000000000011,77472.0,mid,0,0,48.62
6716,L53895,L,301.3,310.6,1576,30.4,92,0,0,0,0,0,0,L,1,9.300000000000011,47910.399999999994,mid,0,0,44.74
6717,L53896,L,301.3,310.6,1387,53.6,94,0,0,0,0,0,0,L,1,9.300000000000011,74343.2,mid,0,0,50.18
6718,M21577,M,301.4,310.6,1464,48.6,96,0,0,0,0,0,0,M,1,9.200000000000045,71150.40000000001,mid,0,0,49.96
6719,L53898,L,301.4,310.6,2137,18.0,99,0,0,0,0,0,0,L,1,9.200000000000045,38466.0,mid,0,0,45.04
6720,M21579,M,301.4,310.6,1431,40.6,101,0,0,0,0,0,0,M,1,9.200000000000045,58098.6,mid,0,0,50.36
6721,L53900,L,301.3,310.6,1458,48.0,104,0,0,0,0,0,0,L,1,9.300000000000011,69984.0,mid,0,0,53.06
6722,L53901,L,301.4,310.7,1280,61.0,106,0,0,0,0,0,0,L,1,9.300000000000011,78080.0,mid,0,0,56.46
6723,L53902,L,301.4,310.7,1657,28.7,108,0,0,0,0,0,0,L,1,9.300000000000011,47555.9,mid,0,0,50.8
6724,M21583,M,301.4,310.6,1565,36.1,110,0,0,0,0,0,0,M,1,9.200000000000045,56496.5,mid,0,0,53.06
6725,L53904,L,301.3,310.6,1560,36.8,113,0,0,0,0,0,0,L,1,9.300000000000011,57407.99999999999,mid,0,0,54.42
6726,M21585,M,301.5,310.7,1359,47.1,115,0,0,0,0,0,0,M,1,9.199999999999989,64008.9,mid,0,0,57.26
6727,L53906,L,301.5,310.8,1500,41.0,118,0,0,0,0,0,0,L,1,9.300000000000011,61500.0,mid,0,0,57.26
6728,L53907,L,301.5,310.8,1785,25.5,120,0,0,0,0,0,0,L,1,9.300000000000011,45517.5,mid,0,0,54.96
6729,L53908,L,301.5,310.9,1891,23.2,122,0,0,0,0,0,0,L,1,9.399999999999977,43871.2,mid,0,0,55.32
6730,H36143,H,301.5,310.9,1524,40.4,124,0,0,0,0,0,0,H,1,9.399999999999977,61569.6,mid,0,0,59.56
6731,M21590,M,301.6,311.0,1431,42.3,129,0,0,0,0,0,0,M,1,9.399999999999977,60531.299999999996,mid,0,0,61.94
6732,L53911,L,301.6,310.9,1385,51.2,132,0,0,0,0,0,0,L,1,9.299999999999955,70912.0,mid,0,0,64.9
6733,L53912,L,301.7,311.0,1503,44.8,134,0,0,0,0,0,0,L,1,9.300000000000011,67334.4,mid,0,0,64.42
6734,M21593,M,301.7,311.0,1311,46.8,136,0,0,0,0,0,0,M,1,9.300000000000011,61354.799999999996,mid,0,0,65.62
6735,M21594,M,301.6,310.9,1575,40.1,139,0,0,0,0,0,0,M,1,9.299999999999955,63157.5,mid,0,0,65.48
6736,L53915,L,301.6,311.0,1485,40.1,142,0,0,0,0,0,0,L,1,9.399999999999977,59548.5,mid,0,0,66.7
6737,L53916,L,301.7,311.0,1527,42.2,144,0,0,0,0,0,0,L,1,9.300000000000011,64439.4,mid,0,0,67.9
6738,M21597,M,301.7,311.0,1537,33.5,146,0,0,0,0,0,0,M,1,9.300000000000011,51489.5,mid,0,0,66.96
6739,H36152,H,301.8,311.1,1463,50.1,149,0,0,0,0,0,0,H,1,9.300000000000011,73296.3,mid,0,0,71.48
6740,L53919,L,301.7,311.2,1482,43.6,154,0,0,0,0,0,0,L,1,9.5,64615.200000000004,high,0,0,72.22
6741,L53920,L,301.8,311.2,1417,55.9,156,0,0,0,0,0,0,L,1,9.399999999999977,79210.3,high,0,0,75.46
6742,M21601,M,301.7,311.1,1506,39.5,158,0,0,0,0,0,0,M,1,9.400000000000034,59487.0,high,0,0,72.98
6743,H36156,H,301.7,311.2,1639,30.0,161,0,0,0,0,0,0,H,1,9.5,49170.0,high,0,0,72.3
6744,L53923,L,301.7,311.2,1418,38.0,166,0,0,0,0,0,0,L,1,9.5,53884.0,high,0,0,75.9
6745,M21604,M,301.7,311.0,1298,58.1,168,0,0,0,0,0,0,M,1,9.300000000000011,75413.8,high,0,0,80.68
6746,M21605,M,301.8,311.1,1395,44.6,171,0,0,0,0,0,0,M,1,9.300000000000011,62217.0,high,0,0,79.18
6747,M21606,M,301.7,311.1,1578,40.5,174,0,0,0,0,0,0,M,1,9.400000000000034,63909.0,high,0,0,79.58
6748,M21607,M,301.8,311.1,1597,29.8,177,0,0,0,0,0,0,M,1,9.300000000000011,47590.6,high,0,0,78.62
6749,H36162,H,301.7,311.0,2016,19.3,180,0,0,0,0,0,0,H,1,9.300000000000011,38908.8,high,0,0,77.72
6750,L53929,L,301.7,311.0,1585,35.9,185,0,0,0,0,0,0,L,1,9.300000000000011,56901.5,high,0,0,83.04
6751,M21610,M,301.7,311.0,1505,44.0,187,0,0,0,0,0,0,M,1,9.300000000000011,66220.0,high,0,0,85.46
6752,M21611,M,301.7,311.0,1505,37.1,190,0,0,0,0,0,0,M,1,9.300000000000011,55835.5,high,0,0,85.28
6753,L53932,L,301.6,310.9,1706,29.5,193,0,0,0,0,0,0,L,1,9.299999999999955,50327.0,high,0,0,84.96
6754,L53933,L,301.6,310.9,1385,50.7,195,0,0,0,0,0,0,L,1,9.299999999999955,70219.5,high,0,0,90.0
6755,L53934,L,301.8,311.1,1495,36.9,197,0,0,0,0,0,0,L,1,9.300000000000011,55165.5,high,0,0,88.04
6756,M21615,M,301.8,311.1,1663,31.6,199,0,0,0,0,0,0,M,1,9.300000000000011,52550.8,high,0,0,87.78
6757,L53936,L,301.8,311.2,1840,26.6,202,0,0,0,0,0,0,L,1,9.399999999999977,48944.0,high,1,0,88.0
6758,L53937,L,301.8,311.2,1822,26.2,204,0,0,0,0,0,0,L,1,9.399999999999977,47736.4,high,1,0,88.72
6759,L53938,L,301.7,311.1,1644,32.8,206,0,0,0,0,0,0,L,1,9.400000000000034,53923.2,high,1,0,90.84
6760,L53939,L,301.7,311.0,1441,44.3,208,1,1,0,0,0,0,L,1,9.300000000000011,63836.299999999996,high,1,1,143.92
6761,L53940,L,301.5,310.9,1451,40.6,0,0,0,0,0,0,0,L,1,9.399999999999977,58910.6,low,0,0,10.0
6762,L53941,L,301.5,310.9,1400,50.8,2,0,0,0,0,0,0,L,1,9.399999999999977,71120.0,low,0,0,12.84
6763,L53942,L,301.4,310.8,1362,53.2,4,0,0,0,0,0,0,L,1,9.400000000000034,72458.40000000001,low,0,0,14.12
6764,M21623,M,301.4,310.8,1782,26.5,6,0,0,0,0,0,0,M,1,9.400000000000034,47223.0,low,0,0,9.58
6765,L53944,L,301.4,310.9,1536,38.3,9,0,0,0,0,0,0,L,1,9.5,58828.799999999996,low,0,0,13.16
6766,L53945,L,301.5,310.9,1580,32.3,11,0,0,0,0,0,0,L,1,9.399999999999977,51033.99999999999,low,0,0,12.74
6767,M21626,M,301.4,311.0,1427,43.2,13,0,0,0,0,0,0,M,1,9.600000000000023,61646.4,low,0,0,15.76
6768,L53947,L,301.3,310.9,1509,41.7,16,0,0,0,0,0,0,L,1,9.599999999999966,62925.3,low,0,0,16.66
6769,H36182,H,301.3,310.8,1434,39.5,18,0,0,0,0,0,0,H,1,9.5,56643.0,low,0,0,17.0
6770,L53949,L,301.2,310.8,1392,52.6,23,0,0,0,0,0,0,L,1,9.600000000000023,73219.2,low,0,0,21.64
6771,M21630,M,301.3,310.8,1509,40.1,25,0,0,0,0,0,0,M,1,9.5,60510.9,low,0,0,19.92
6772,M21631,M,301.2,310.7,1962,22.5,28,0,0,0,0,0,0,M,1,9.5,44145.0,low,0,0,17.6
6773,L53952,L,301.3,310.7,1536,39.3,31,0,0,0,0,0,0,L,1,9.399999999999977,60364.799999999996,low,0,0,22.14
6774,L53953,L,301.3,310.8,1381,47.9,33,0,0,0,0,0,0,L,1,9.5,66149.9,low,0,0,24.68
6775,H36188,H,301.2,310.7,1747,27.3,35,0,0,0,0,0,0,H,1,9.5,47693.1,low,0,0,21.36
6776,L53955,L,301.2,310.6,1670,30.0,40,0,0,0,0,0,0,L,1,9.400000000000034,50100.0,low,0,0,23.88
6777,L53956,L,301.3,310.6,1451,47.5,42,0,0,0,0,0,0,L,1,9.300000000000011,68922.5,low,0,0,28.16
6778,L53957,L,301.2,310.7,1951,21.3,44,0,0,0,0,0,0,L,1,9.5,41556.3,low,0,0,23.76
6779,M21638,M,301.3,310.7,1819,25.5,46,0,0,0,0,0,0,M,1,9.399999999999977,46384.5,low,0,0,25.38
6780,M21639,M,301.3,310.8,1372,54.2,49,0,0,0,0,0,0,M,1,9.5,74362.40000000001,low,0,0,32.34
6781,L53960,L,301.3,310.8,1560,38.5,52,0,0,0,0,0,0,L,1,9.5,60060.0,mid,0,0,30.4
6782,M21641,M,301.3,310.8,1494,35.3,54,0,0,0,0,0,0,M,1,9.5,52738.2,mid,0,0,30.56
6783,L53962,L,301.3,310.8,1531,53.4,57,0,0,0,0,0,0,L,1,9.5,81755.4,mid,0,0,35.38
6784,L53963,L,301.3,310.8,1450,46.9,59,0,0,0,0,0,0,L,1,9.5,68005.0,mid,0,0,34.88
6785,M21644,M,301.3,310.7,1391,52.5,61,0,0,0,0,0,0,M,1,9.399999999999977,73027.5,mid,0,0,36.78
6786,L53965,L,301.2,310.6,1389,45.3,64,0,0,0,0,0,0,L,1,9.400000000000034,62921.7,mid,0,0,36.54
6787,L53966,L,301.2,310.6,1409,50.9,66,0,0,0,0,0,0,L,1,9.400000000000034,71718.09999999999,mid,0,0,38.46
6788,H36201,H,301.1,310.6,1388,58.5,68,0,0,0,0,0,0,H,1,9.5,81198.0,mid,0,0,40.8
6789,M21648,M,301.1,310.6,1410,43.9,73,0,0,0,0,0,0,M,1,9.5,61899.0,mid,0,0,39.88
6790,M21649,M,301.1,310.5,1646,30.7,76,0,0,0,0,0,0,M,1,9.399999999999977,50532.2,mid,0,0,38.42
6791,M21650,M,301.1,310.7,2219,16.7,79,0,0,0,0,0,0,M,1,9.599999999999966,37057.299999999996,mid,0,0,36.86
6792,L53971,L,301.2,310.7,1551,41.2,82,0,0,0,0,0,0,L,1,9.5,63901.200000000004,mid,0,0,42.94
6793,L53972,L,301.2,310.6,1811,24.0,84,0,0,0,0,0,0,L,1,9.400000000000034,43464.0,mid,0,0,40.28
6794,L53973,L,301.3,310.7,1608,31.4,86,0,0,0,0,0,0,L,1,9.399999999999977,50491.2,mid,0,0,42.56
6795,L53974,L,301.3,310.8,1428,55.2,88,0,0,0,0,0,0,L,1,9.5,78825.6,mid,0,0,48.14
6796,L53975,L,301.4,310.8,1477,50.4,90,0,0,0,0,0,0,L,1,9.400000000000034,74440.8,mid,0,0,47.96
6797,M21656,M,301.3,310.7,1300,58.3,92,0,0,0,0,0,0,M,1,9.399999999999977,75790.0,mid,0,0,50.34
6798,M21657,M,301.2,310.7,1615,34.9,95,0,0,0,0,0,0,M,1,9.5,56363.5,mid,0,0,46.88
6799,L53978,L,301.2,310.7,1676,32.4,98,0,0,0,0,0,0,L,1,9.5,54302.399999999994,mid,0,0,47.58
6800,M21659,M,301.1,310.7,2636,12.2,100,1,0,0,1,0,0,M,1,9.599999999999966,32159.199999999997,mid,0,1,94.36
6801,M21660,M,301.1,310.6,1310,48.8,103,0,0,0,0,0,0,M,1,9.5,63927.99999999999,mid,0,0,52.86
6802,L53981,L,301.1,310.7,1334,48.2,106,0,0,0,0,0,0,L,1,9.599999999999966,64298.8,mid,0,0,53.96
6803,M21662,M,301.1,310.7,1621,31.0,108,0,0,0,0,0,0,M,1,9.599999999999966,50251.0,mid,0,0,51.32
6804,M21663,M,301.1,310.7,1367,43.4,111,0,0,0,0,0,0,M,1,9.599999999999966,59327.799999999996,mid,0,0,55.0
6805,L53984,L,301.0,310.6,1588,33.7,114,0,0,0,0,0,0,L,1,9.600000000000023,53515.600000000006,mid,0,0,54.26
6806,M21665,M,301.0,310.7,1497,37.6,116,0,0,0,0,0,0,M,1,9.699999999999989,56287.200000000004,mid,0,0,55.86
6807,L53986,L,301.1,310.8,1608,32.9,119,0,0,0,0,0,0,L,1,9.699999999999989,52903.2,mid,0,0,56.12
6808,L53987,L,301.0,310.8,1549,41.4,121,0,0,0,0,0,0,L,1,9.800000000000011,64128.6,mid,0,0,58.64
6809,L53988,L,301.0,310.7,1391,45.0,123,0,0,0,0,0,0,L,1,9.699999999999989,62595.0,mid,0,0,60.14
6810,L53989,L,300.9,310.8,1490,38.1,125,0,0,0,0,0,0,L,1,9.900000000000034,56769.0,mid,0,0,59.6
6811,L53990,L,301.0,310.7,1727,34.5,127,0,0,0,0,0,0,L,1,9.699999999999989,59581.5,mid,0,0,59.64
6812,L53991,L,300.9,310.6,1504,46.4,129,0,0,0,0,0,0,L,1,9.700000000000045,69785.59999999999,mid,0,0,62.82
6813,L53992,L,300.9,310.6,1350,53.8,131,0,0,0,0,0,0,L,1,9.700000000000045,72630.0,mid,0,0,65.1
6814,M21673,M,300.9,310.7,1420,43.0,133,0,0,0,0,0,0,M,1,9.800000000000011,61060.0,mid,0,0,63.76
6815,H36228,H,300.8,310.6,1465,44.1,136,0,0,0,0,0,0,H,1,9.800000000000011,64606.5,mid,0,0,65.18
6816,L53995,L,300.9,310.7,1427,44.1,141,0,0,0,0,0,0,L,1,9.800000000000011,62930.700000000004,mid,0,0,67.18
6817,L53996,L,300.9,310.7,1477,43.2,143,0,0,0,0,0,0,L,1,9.800000000000011,63806.4,mid,0,0,67.8
6818,M21677,M,301.0,310.7,1493,48.1,145,0,0,0,0,0,0,M,1,9.699999999999989,71813.3,mid,0,0,69.56
6819,M21678,M,301.0,310.7,1657,29.9,148,0,0,0,0,0,0,M,1,9.699999999999989,49544.299999999996,mid,0,0,67.12
6820,L53999,L,300.9,310.7,1359,46.0,151,0,0,0,0,0,0,L,1,9.800000000000011,62514.0,high,0,0,71.56
6821,L54000,L,300.8,310.6,1551,34.5,153,0,0,0,0,0,0,L,1,9.800000000000011,53509.5,high,0,0,70.06
6822,M21681,M,300.8,310.6,1545,37.5,155,0,0,0,0,0,0,M,1,9.800000000000011,57937.5,high,0,0,71.46
6823,M21682,M,300.9,310.6,1709,29.2,158,0,0,0,0,0,0,M,1,9.700000000000045,49902.799999999996,high,0,0,70.98
6824,M21683,M,300.9,310.7,1268,56.3,161,0,0,0,0,0,0,M,1,9.800000000000011,71388.4,high,0,0,77.62
6825,L54004,L,300.9,310.7,1740,25.3,164,0,0,0,0,0,0,L,1,9.800000000000011,44022.0,high,0,0,72.62
6826,L54005,L,301.0,310.9,1828,25.1,166,0,0,0,0,0,0,L,1,9.899999999999977,45882.8,high,0,0,73.4
6827,L54006,L,301.0,310.9,1822,21.6,168,0,0,0,0,0,0,L,1,9.899999999999977,39355.200000000004,high,0,0,73.5
6828,M21687,M,301.0,310.9,1515,41.8,170,0,0,0,0,0,0,M,1,9.899999999999977,63326.99999999999,high,0,0,78.34
6829,L54008,L,301.0,310.9,1392,52.9,173,0,0,0,0,0,0,L,1,9.899999999999977,73636.8,high,0,0,81.76
6830,H36243,H,300.9,310.9,1474,35.7,175,0,0,0,0,0,0,H,1,10.0,52621.8,high,0,0,79.14
6831,M21690,M,301.0,310.9,1359,53.4,180,0,0,0,0,0,0,M,1,9.899999999999977,72570.59999999999,high,0,0,84.66
6832,L54011,L,301.1,311.0,1565,52.3,183,0,0,0,0,0,0,L,1,9.899999999999977,81849.5,high,0,0,85.64
6833,M21692,M,301.1,311.1,1384,42.5,185,0,0,0,0,0,0,M,1,10.0,58820.0,high,0,0,84.5
6834,L54013,L,301.1,311.1,1387,53.1,188,0,0,0,0,0,0,L,1,10.0,73649.7,high,0,0,87.82
6835,L54014,L,301.1,311.0,1378,51.1,190,0,0,0,0,0,0,L,1,9.899999999999977,70415.8,high,0,0,88.2
6836,L54015,L,301.0,310.9,1809,25.7,192,0,0,0,0,0,0,L,1,9.899999999999977,46491.299999999996,high,0,0,83.92
6837,H36250,H,301.1,311.0,1339,52.8,194,0,0,0,0,0,0,H,1,9.899999999999977,70699.2,high,0,0,90.14
6838,M21697,M,301.0,311.0,1423,38.6,199,0,0,0,0,0,0,M,1,10.0,54927.8,high,0,0,89.32
6839,L54018,L,301.1,311.1,1570,41.6,202,0,0,0,0,0,0,L,1,10.0,65312.0,high,1,0,91.12
6840,L54019,L,301.2,311.2,1558,34.1,204,0,0,0,0,0,0,L,1,10.0,53127.8,high,1,0,90.42
6841,L54020,L,301.1,311.1,1799,21.7,206,0,0,0,0,0,0,L,1,10.0,39038.299999999996,high,1,0,88.74
6842,M21701,M,301.1,311.2,1591,35.0,208,0,0,0,0,0,0,M,1,10.099999999999966,55685.0,high,1,0,92.22
6843,L54022,L,301.2,311.2,1635,29.6,211,0,0,0,0,0,0,L,1,10.0,48396.0,high,1,0,92.32
6844,L54023,L,301.3,311.3,1509,42.5,213,0,0,0,0,0,0,L,1,10.0,64132.5,high,1,0,95.7
6845,M21704,M,301.3,311.4,1838,23.2,215,0,0,0,0,0,0,M,1,10.099999999999966,42641.6,high,1,0,92.66
6846,M21705,M,301.3,311.5,1648,32.4,0,0,0,0,0,0,0,M,1,10.199999999999989,53395.2,low,0,0,8.52
6847,M21706,M,301.2,311.5,1498,49.5,3,0,0,0,0,0,0,M,1,10.300000000000011,74151.0,low,0,0,13.16
6848,L54027,L,301.2,311.4,1757,28.0,6,0,0,0,0,0,0,L,1,10.199999999999989,49196.0,low,0,0,10.04
6849,M21708,M,301.1,311.3,1389,53.3,8,0,0,0,0,0,0,M,1,10.199999999999989,74033.7,low,0,0,15.9
6850,L54029,L,301.1,311.3,1498,37.6,11,0,0,0,0,0,0,L,1,10.199999999999989,56324.8,low,0,0,13.96
6851,M21710,M,301.0,311.2,1521,35.8,13,0,0,0,0,0,0,M,1,10.199999999999989,54451.799999999996,low,0,0,14.4
6852,M21711,M,301.0,311.2,1394,41.3,16,0,0,0,0,0,0,M,1,10.199999999999989,57572.2,low,0,0,16.7
6853,H36266,H,301.0,311.2,1602,32.7,19,0,0,0,0,0,0,H,1,10.199999999999989,52385.4,low,0,0,16.18
6854,L54033,L,300.9,311.1,1417,40.7,24,0,0,0,0,0,0,L,1,10.200000000000045,57671.9,low,0,0,19.78
6855,L54034,L,301.0,311.2,1511,42.9,26,0,0,0,0,0,0,L,1,10.199999999999989,64821.9,low,0,0,21.02
6856,M21715,M,301.1,311.3,1654,30.7,28,0,0,0,0,0,0,M,1,10.199999999999989,50777.799999999996,low,0,0,19.38
6857,M21716,M,301.1,311.3,1836,22.8,31,0,0,0,0,0,0,M,1,10.199999999999989,41860.8,low,0,0,19.0
6858,L54037,L,301.1,311.3,1622,35.6,34,0,0,0,0,0,0,L,1,10.199999999999989,57743.200000000004,low,0,0,22.76
6859,L54038,L,301.0,311.2,1467,45.4,36,0,0,0,0,0,0,L,1,10.199999999999989,66601.8,low,0,0,25.52
6860,M21719,M,301.1,311.3,1909,22.7,38,0,0,0,0,0,0,M,1,10.199999999999989,43334.299999999996,low,0,0,21.78
6861,L54040,L,301.1,311.2,1910,20.2,41,0,0,0,0,0,0,L,1,10.099999999999966,38582.0,low,0,0,22.46
6862,H36275,H,301.1,311.3,2207,16.6,43,0,0,0,0,0,0,H,1,10.199999999999989,36636.200000000004,low,0,0,22.56
6863,M21722,M,301.1,311.2,1384,49.4,48,0,0,0,0,0,0,M,1,10.099999999999966,68369.59999999999,low,0,0,31.1
6864,L54043,L,301.1,311.3,1630,29.5,51,0,0,0,0,0,0,L,1,10.199999999999989,48085.0,mid,0,0,28.34
6865,L54044,L,301.1,311.3,1268,60.0,53,0,0,0,0,0,0,L,1,10.199999999999989,76080.0,mid,0,0,35.24
6866,L54045,L,301.1,311.4,1531,38.7,55,0,0,0,0,0,0,L,1,10.299999999999955,59249.700000000004,mid,0,0,31.8
6867,M21726,M,301.0,311.3,1454,41.5,57,0,0,0,0,0,0,M,1,10.300000000000011,60341.0,mid,0,0,33.16
6868,L54047,L,301.0,311.3,1342,50.9,60,0,0,0,0,0,0,L,1,10.300000000000011,68307.8,mid,0,0,36.24
6869,L54048,L,301.0,311.2,1363,46.3,62,0,0,0,0,0,0,L,1,10.199999999999989,63106.899999999994,mid,0,0,36.1
6870,L54049,L,301.0,311.2,1412,42.1,64,0,0,0,0,0,0,L,1,10.199999999999989,59445.200000000004,mid,0,0,36.06
6871,H36284,H,301.0,311.3,1597,39.2,66,0,0,0,0,0,0,H,1,10.300000000000011,62602.4,mid,0,0,36.3
6872,L54051,L,301.0,311.3,1349,47.0,71,0,0,0,0,0,0,L,1,10.300000000000011,63403.0,mid,0,0,39.86
6873,L54052,L,301.0,311.3,1472,35.3,73,0,0,0,0,0,0,L,1,10.300000000000011,51961.6,mid,0,0,38.32
6874,L54053,L,301.0,311.4,1478,39.5,75,0,0,0,0,0,0,L,1,10.399999999999977,58381.0,mid,0,0,39.98
6875,H36288,H,300.9,311.3,1295,58.9,77,0,0,0,0,0,0,H,1,10.400000000000034,76275.5,mid,0,0,44.66
6876,M21735,M,300.8,311.2,1592,32.9,82,0,0,0,0,0,0,M,1,10.399999999999977,52376.799999999996,mid,0,0,41.46
6877,L54056,L,300.8,311.2,1430,54.4,85,0,0,0,0,0,0,L,1,10.399999999999977,77792.0,mid,0,0,46.96
6878,M21737,M,300.8,311.2,1488,40.1,87,0,0,0,0,0,0,M,1,10.399999999999977,59668.8,mid,0,0,44.9
6879,H36292,H,300.9,311.2,1518,35.0,90,0,0,0,0,0,0,H,1,10.300000000000011,53130.0,mid,0,0,45.06
6880,H36293,H,300.8,311.2,2237,17.0,95,0,0,0,0,0,0,H,1,10.399999999999977,38029.0,mid,0,0,43.48
6881,M21740,M,300.9,311.3,1801,24.6,100,0,0,0,0,0,0,M,1,10.400000000000034,44304.600000000006,mid,0,0,47.0
6882,L54061,L,301.0,311.4,1573,37.6,103,0,0,0,0,0,0,L,1,10.399999999999977,59144.8,mid,0,0,50.8
6883,L54062,L,300.9,311.4,2073,21.4,105,0,0,0,0,0,0,L,1,10.5,44362.2,mid,0,0,48.38
6884,L54063,L,300.9,311.3,1953,19.4,107,0,0,0,0,0,0,L,1,10.400000000000034,37888.2,mid,0,0,48.76
6885,L54064,L,300.8,311.2,1492,39.0,109,0,0,0,0,0,0,L,1,10.399999999999977,58188.0,mid,0,0,53.48
6886,L54065,L,300.8,311.2,1397,48.7,111,0,0,0,0,0,0,L,1,10.399999999999977,68033.90000000001,mid,0,0,56.22
6887,M21746,M,300.8,311.3,1465,43.2,113,0,0,0,0,0,0,M,1,10.5,63288.00000000001,mid,0,0,55.94
6888,L54067,L,300.8,311.3,1782,26.9,116,0,0,0,0,0,0,L,1,10.5,47935.799999999996,mid,0,0,53.88
6889,M21748,M,300.9,311.4,1434,45.4,118,0,0,0,0,0,0,M,1,10.5,65103.6,mid,0,0,58.38
6890,H36303,H,300.9,311.4,1387,42.7,121,0,0,0,0,0,0,H,1,10.5,59224.9,mid,0,0,59.04
6891,M21750,M,300.9,311.4,1532,41.5,126,0,0,0,0,0,0,M,1,10.5,63578.0,mid,0,0,60.8
6892,L54071,L,300.9,311.5,1505,41.1,129,0,0,0,0,0,0,L,1,10.600000000000023,61855.5,mid,0,0,61.94
6893,L54072,L,301.0,311.6,1440,43.3,131,0,0,0,0,0,0,L,1,10.600000000000023,62351.99999999999,mid,0,0,63.18
6894,L54073,L,301.0,311.6,1470,43.4,133,0,0,0,0,0,0,L,1,10.600000000000023,63798.0,mid,0,0,64.0
6895,L54074,L,301.1,311.7,1408,46.3,135,0,0,0,0,0,0,L,1,10.599999999999966,65190.399999999994,mid,0,0,65.38
6896,M21755,M,301.0,311.6,1357,45.6,137,0,0,0,0,0,0,M,1,10.600000000000023,61879.200000000004,mid,0,0,66.04
6897,M21756,M,301.0,311.6,1454,40.0,140,0,0,0,0,0,0,M,1,10.600000000000023,58160.0,mid,0,0,66.12
6898,L54077,L,301.0,311.6,1352,63.5,143,0,0,0,0,0,0,L,1,10.600000000000023,85852.0,mid,0,0,72.02
6899,M21758,M,301.0,311.6,1448,43.9,145,0,0,0,0,0,0,M,1,10.600000000000023,63567.2,mid,0,0,68.9
6900,L54079,L,300.9,311.6,1671,33.5,148,0,0,0,0,0,0,L,1,10.700000000000045,55978.5,mid,0,0,68.04
6901,L54080,L,301.0,311.7,1670,31.3,150,0,0,0,0,0,0,L,1,10.699999999999989,52271.0,mid,0,0,68.4
6902,L54081,L,301.0,311.7,1547,34.5,152,0,0,0,0,0,0,L,1,10.699999999999989,53371.5,high,0,0,69.84
6903,L54082,L,301.0,311.6,1461,40.6,154,0,0,0,0,0,0,L,1,10.600000000000023,59316.6,high,0,0,71.84
6904,M21763,M,301.0,311.6,1609,35.8,156,0,0,0,0,0,0,M,1,10.600000000000023,57602.2,high,0,0,71.68
6905,M21764,M,300.9,311.5,1704,31.3,159,0,0,0,0,0,0,M,1,10.600000000000023,53335.200000000004,high,0,0,71.98
6906,M21765,M,301.0,311.5,1550,34.9,162,0,0,0,0,0,0,M,1,10.5,54095.0,high,0,0,73.88
6907,M21766,M,301.0,311.5,1530,43.9,165,0,0,0,0,0,0,M,1,10.5,67167.0,high,0,0,76.88
6908,L54087,L,300.9,311.3,1449,40.2,168,0,0,0,0,0,0,L,1,10.400000000000034,58249.8,high,0,0,77.32
6909,L54088,L,300.9,311.3,1613,32.7,170,0,0,0,0,0,0,L,1,10.400000000000034,52745.100000000006,high,0,0,76.62
6910,L54089,L,300.8,311.2,1376,48.1,172,0,0,0,0,0,0,L,1,10.399999999999977,66185.6,high,0,0,80.5
6911,L54090,L,300.8,311.2,1434,45.6,174,0,0,0,0,0,0,L,1,10.399999999999977,65390.4,high,0,0,80.8
6912,L54091,L,300.8,311.1,1480,41.1,176,0,0,0,0,0,0,L,1,10.300000000000011,60828.0,high,0,0,80.68
6913,M21772,M,300.8,311.2,1634,31.9,178,0,0,0,0,0,0,M,1,10.399999999999977,52124.6,high,0,0,79.66
6914,L54093,L,300.8,311.2,1481,38.5,181,0,0,0,0,0,1,L,1,10.399999999999977,57018.5,high,0,1,82.18
6915,H36328,H,300.9,311.3,1668,28.9,183,0,0,0,0,0,0,H,1,10.400000000000034,48205.2,high,0,0,81.06
6916,L54095,L,301.0,311.4,1484,36.2,188,0,0,0,0,0,0,L,1,10.399999999999977,53720.8,high,0,0,84.52
6917,M21776,M,300.9,311.3,1603,31.8,190,0,0,0,0,0,0,M,1,10.400000000000034,50975.4,high,0,0,84.44
6918,L54097,L,301.0,311.4,1481,37.5,193,0,0,0,0,0,0,L,1,10.399999999999977,55537.5,high,0,0,86.78
6919,L54098,L,301.0,311.5,1559,31.8,195,0,0,0,0,0,0,L,1,10.5,49576.200000000004,high,0,0,86.46
6920,L54099,L,301.0,311.5,1444,39.8,197,0,0,0,0,0,0,L,1,10.5,57471.2,high,0,0,88.86
6921,M21780,M,301.2,311.6,1423,48.0,199,0,0,0,0,0,0,M,1,10.400000000000034,68304.0,high,0,0,91.28
6922,L54101,L,301.1,311.6,1432,48.1,202,0,0,0,0,0,0,L,1,10.5,68879.2,high,1,0,92.52
6923,L54102,L,301.2,311.7,1463,48.3,204,0,0,0,0,0,0,L,1,10.5,70662.9,high,1,0,93.36
6924,L54103,L,301.2,311.7,1433,49.3,206,0,0,0,0,0,0,L,1,10.5,70646.9,high,1,0,94.36
6925,L54104,L,301.2,311.6,1461,52.9,208,1,0,0,0,1,0,L,1,10.400000000000034,77286.9,high,1,1,145.86
6926,M21785,M,301.1,311.6,1266,55.5,210,0,0,0,0,0,0,M,1,10.5,70263.0,high,1,0,97.2
6927,H36340,H,301.1,311.6,1417,53.4,0,0,0,0,0,0,0,H,1,10.5,75667.8,low,0,0,12.78
6928,L54107,L,301.1,311.6,1488,43.4,5,0,0,0,0,0,0,L,1,10.5,64579.2,low,0,0,12.78
6929,L54108,L,301.1,311.7,1816,24.5,7,0,0,0,0,0,0,L,1,10.599999999999966,44492.0,low,0,0,9.82
6930,M21789,M,301.0,311.6,1301,55.0,9,0,0,0,0,0,0,M,1,10.600000000000023,71555.0,low,0,0,16.72
6931,M21790,M,300.9,311.5,1836,21.8,12,0,0,0,0,0,0,M,1,10.600000000000023,40024.8,low,0,0,11.28
6932,M21791,M,300.8,311.4,1521,39.9,15,0,0,0,0,0,0,M,1,10.599999999999966,60687.9,low,0,0,16.1
6933,L54112,L,300.8,311.4,1322,67.2,18,1,0,0,1,0,0,L,1,10.599999999999966,88838.40000000001,low,0,1,72.76
6934,L54113,L,300.8,311.4,1492,40.6,20,0,0,0,0,0,0,L,1,10.599999999999966,60575.200000000004,low,0,0,18.24
6935,L54114,L,300.8,311.4,1536,40.9,22,0,0,0,0,0,0,L,1,10.599999999999966,62822.399999999994,low,0,0,19.1
6936,L54115,L,300.7,311.2,1878,24.3,24,0,0,0,0,0,0,L,1,10.5,45635.4,low,0,0,16.56
6937,L54116,L,300.6,311.1,1471,40.7,26,0,0,0,0,0,0,L,1,10.5,59869.700000000004,low,0,0,20.64
6938,H36351,H,300.6,311.1,1452,40.2,28,0,0,0,0,0,0,H,1,10.5,58370.4,low,0,0,21.34
6939,L54118,L,300.7,311.2,1452,44.4,33,0,0,0,0,0,0,L,1,10.5,64468.799999999996,low,0,0,24.18
6940,M21799,M,300.7,311.3,1348,53.0,35,0,0,0,0,0,0,M,1,10.600000000000023,71444.0,low,0,0,26.72
6941,H36354,H,300.8,311.4,1453,44.6,38,0,0,0,0,0,0,H,1,10.599999999999966,64803.8,low,0,0,26.24
6942,L54121,L,300.8,311.4,1316,57.6,43,0,0,0,0,0,0,L,1,10.599999999999966,75801.6,low,0,0,30.84
6943,M21802,M,300.8,311.4,1732,26.9,45,0,0,0,0,0,0,M,1,10.599999999999966,46590.799999999996,low,0,0,25.5
6944,L54123,L,300.7,311.3,1522,35.2,48,0,0,0,0,0,0,L,1,10.600000000000023,53574.4,low,0,0,28.36
6945,M21804,M,300.7,311.3,1487,39.8,50,0,0,0,0,0,0,M,1,10.600000000000023,59182.6,low,0,0,30.08
6946,M21805,M,300.8,311.4,1852,22.2,53,0,0,0,0,0,0,M,1,10.599999999999966,41114.4,mid,0,0,27.76
6947,L54126,L,300.7,311.2,1486,46.8,56,0,0,0,0,0,0,L,1,10.5,69544.8,mid,0,0,33.86
6948,M21807,M,300.7,311.3,1562,37.1,58,0,0,0,0,0,0,M,1,10.600000000000023,57950.200000000004,mid,0,0,32.74
6949,L54128,L,300.7,311.2,1457,51.4,61,0,0,0,0,0,0,L,1,10.5,74889.8,mid,0,0,36.78
6950,M21809,M,300.7,311.2,1769,26.5,63,0,0,0,0,0,0,M,1,10.5,46878.5,mid,0,0,32.6
6951,H36364,H,300.7,311.3,1374,53.1,66,0,0,0,0,0,0,H,1,10.600000000000023,72959.40000000001,mid,0,0,39.14
6952,L54131,L,300.8,311.3,1524,43.5,71,0,0,0,0,0,0,L,1,10.5,66294.0,mid,0,0,39.2
6953,L54132,L,300.8,311.3,1498,40.2,73,0,0,0,0,0,0,L,1,10.5,60219.600000000006,mid,0,0,39.34
6954,L54133,L,300.8,311.3,1462,41.4,75,0,0,0,0,0,0,L,1,10.5,60526.799999999996,mid,0,0,40.38
6955,M21814,M,300.8,311.2,1429,52.3,77,0,0,0,0,0,0,M,1,10.399999999999977,74736.7,mid,0,0,43.34
6956,L54135,L,300.7,311.2,1399,47.9,80,0,0,0,0,0,0,L,1,10.5,67012.09999999999,mid,0,0,43.68
6957,M21816,M,300.8,311.2,1434,39.1,82,0,0,0,0,0,0,M,1,10.399999999999977,56069.4,mid,0,0,42.7
6958,L54137,L,300.7,311.1,1324,52.2,85,0,0,0,0,0,0,L,1,10.400000000000034,69112.8,mid,0,0,46.52
6959,L54138,L,300.6,311.0,1563,40.7,87,0,0,0,0,0,0,L,1,10.399999999999977,63614.100000000006,mid,0,0,45.02
6960,L54139,L,300.6,311.0,1543,34.7,89,0,0,0,0,0,0,L,1,10.399999999999977,53542.100000000006,mid,0,0,44.62
6961,L54140,L,300.7,311.0,1413,52.0,91,0,0,0,0,0,1,L,1,10.300000000000011,73476.0,mid,0,1,48.86
6962,M21821,M,300.7,311.0,1378,41.2,93,0,0,0,0,0,0,M,1,10.300000000000011,56773.600000000006,mid,0,0,47.5
6963,M21822,M,300.7,311.1,1373,49.9,96,0,0,0,0,0,0,M,1,10.400000000000034,68512.7,mid,0,0,50.46
6964,H36377,H,300.7,311.0,1981,19.9,99,0,0,0,0,0,0,H,1,10.300000000000011,39421.899999999994,mid,0,0,45.64
6965,M21824,M,300.7,311.0,1263,52.3,104,0,0,0,0,0,0,M,1,10.300000000000011,66054.9,mid,0,0,54.12
6966,L54145,L,300.7,311.0,1312,52.1,107,0,0,0,0,0,0,L,1,10.300000000000011,68355.2,mid,0,0,55.28
6967,L54146,L,300.7,311.0,1969,20.7,109,0,0,0,0,0,0,L,1,10.300000000000011,40758.299999999996,mid,0,0,49.8
6968,M21827,M,300.8,311.2,1365,51.7,111,0,0,0,0,0,0,M,1,10.399999999999977,70570.5,mid,0,0,56.82
6969,L54148,L,300.9,311.2,1789,25.5,114,0,0,0,0,0,0,L,1,10.300000000000011,45619.5,mid,0,0,52.76
6970,M21829,M,300.8,311.1,1583,32.1,116,0,0,0,0,0,0,M,1,10.300000000000011,50814.3,mid,0,0,54.88
6971,L54150,L,300.7,311.0,1436,44.9,119,0,0,0,0,0,0,L,1,10.300000000000011,64476.4,mid,0,0,58.64
6972,M21831,M,300.7,311.0,1559,42.8,121,0,0,0,0,0,0,M,1,10.300000000000011,66725.2,mid,0,0,59.02
6973,L54152,L,300.7,311.0,1377,49.9,124,0,0,0,0,0,0,L,1,10.300000000000011,68712.3,mid,0,0,61.64
6974,L54153,L,300.7,311.0,1462,41.9,126,0,0,0,0,0,0,L,1,10.300000000000011,61257.799999999996,mid,0,0,60.84
6975,L54154,L,300.7,311.0,1318,48.2,128,0,0,0,0,0,0,L,1,10.300000000000011,63527.600000000006,mid,0,0,62.9
6976,M21835,M,300.7,311.0,1378,51.6,130,0,0,0,0,0,0,M,1,10.300000000000011,71104.8,mid,0,0,64.38
6977,L54156,L,300.6,310.9,1344,46.7,133,0,0,0,0,0,0,L,1,10.299999999999955,62764.8,mid,0,0,64.6
6978,L54157,L,300.7,311.1,2377,14.3,135,0,0,0,0,0,0,L,1,10.400000000000034,33991.1,mid,0,0,58.94
6979,L54158,L,300.7,311.1,1427,50.3,137,0,0,0,0,0,0,L,1,10.400000000000034,71778.09999999999,mid,0,0,66.94
6980,L54159,L,300.9,311.2,1353,60.4,139,0,0,0,0,0,0,L,1,10.300000000000011,81721.2,mid,0,0,69.74
6981,L54160,L,300.8,311.3,1505,45.5,141,0,0,0,0,0,0,L,1,10.5,68477.5,mid,0,0,67.6
6982,H36395,H,300.8,311.2,1612,32.5,143,0,0,0,0,0,0,H,1,10.399999999999977,52390.0,mid,0,0,65.78
6983,L54162,L,300.7,311.1,1440,43.0,148,0,0,0,0,0,0,L,1,10.400000000000034,61920.0,mid,0,0,69.88
6984,M21843,M,300.7,311.0,1334,53.9,150,0,0,0,0,0,0,M,1,10.300000000000011,71902.59999999999,mid,0,0,72.84
6985,M21844,M,300.7,311.0,1706,25.0,153,0,0,0,0,0,0,M,1,10.300000000000011,42650.0,high,0,0,68.26
6986,H36399,H,300.8,311.1,1698,24.8,156,0,0,0,0,0,0,H,1,10.300000000000011,42110.4,high,0,0,69.42
6987,L54166,L,300.7,311.1,1688,30.7,161,0,0,0,0,0,0,L,1,10.400000000000034,51821.6,high,0,0,72.62
6988,L54167,L,300.7,311.1,2437,13.8,163,0,0,0,0,0,0,L,1,10.400000000000034,33630.6,high,0,0,70.04
6989,L54168,L,300.7,311.1,1478,46.8,165,0,0,0,0,0,0,L,1,10.400000000000034,69170.4,high,0,0,77.44
6990,M21849,M,300.7,311.1,1608,35.3,167,0,0,0,0,0,0,M,1,10.400000000000034,56762.399999999994,high,0,0,75.94
6991,L54170,L,300.7,311.1,2478,13.4,170,1,0,0,1,0,0,L,1,10.400000000000034,33205.200000000004,high,0,1,122.76
6992,L54171,L,300.8,311.1,1509,33.4,172,0,0,0,0,0,0,L,1,10.300000000000011,50400.6,high,0,0,77.54
6993,L54172,L,300.7,311.0,1596,36.9,174,0,0,0,0,0,0,L,1,10.300000000000011,58892.399999999994,high,0,0,79.04
6994,M21853,M,300.7,311.0,1740,25.6,176,0,0,0,0,0,0,M,1,10.300000000000011,44544.0,high,0,0,77.58
6995,L54174,L,300.6,310.8,1375,53.2,179,0,0,0,0,0,0,L,1,10.199999999999989,73150.0,high,0,0,84.28
6996,M21855,M,300.6,310.7,1705,31.2,181,0,0,0,0,0,0,M,1,10.099999999999966,53196.0,high,0,0,80.66
6997,M21856,M,300.5,310.6,1621,32.0,184,0,0,0,0,0,0,M,1,10.100000000000023,51872.0,high,0,0,82.02
6998,M21857,M,300.6,310.7,1566,38.2,187,0,0,0,0,0,0,M,1,10.099999999999966,59821.200000000004,high,0,0,84.46
6999,M21858,M,300.6,310.7,1388,42.9,190,0,0,0,0,0,0,M,1,10.099999999999966,59545.2,high,0,0,86.6
7000,M21859,M,300.6,310.7,1457,36.7,193,0,0,0,0,0,0,M,1,10.099999999999966,53471.9,high,0,0,86.56
7001,M21860,M,300.6,310.6,1463,45.5,196,0,0,0,0,0,0,M,1,10.0,66566.5,high,0,0,89.5
7002,L54181,L,300.5,310.5,1564,38.2,199,0,0,0,0,0,0,L,1,10.0,59744.8,high,0,0,89.24
7003,H36416,H,300.5,310.6,1411,47.2,201,0,0,0,0,0,0,H,1,10.100000000000023,66599.2,high,1,0,91.86
7004,L54183,L,300.5,310.6,1540,46.7,206,0,0,0,0,0,0,L,1,10.100000000000023,71918.0,high,1,0,93.76
7005,L54184,L,300.5,310.6,1950,20.3,208,0,0,0,0,0,0,L,1,10.100000000000023,39585.0,high,1,0,89.28
7006,M21865,M,300.6,310.7,1339,52.9,0,0,0,0,0,0,0,M,1,10.099999999999966,70833.09999999999,low,0,0,12.6
7007,H36420,H,300.6,310.6,1419,39.6,3,0,0,0,0,0,0,H,1,10.0,56192.4,low,0,0,11.12
7008,L54187,L,300.5,310.6,1499,45.2,8,0,0,0,0,0,0,L,1,10.100000000000023,67754.8,low,0,0,14.26
7009,L54188,L,300.5,310.6,1368,49.6,10,0,0,0,0,0,0,L,1,10.100000000000023,67852.8,low,0,0,15.94
7010,L54189,L,300.5,310.5,1536,36.2,12,0,0,0,0,0,0,L,1,10.0,55603.200000000004,low,0,0,14.04
7011,M21870,M,300.5,310.5,1469,42.9,14,0,0,0,0,0,0,M,1,10.0,63020.1,low,0,0,16.18
7012,L54191,L,300.5,310.5,2633,12.2,17,1,0,0,1,0,0,L,1,10.0,32122.6,low,0,1,61.24
7013,L54192,L,300.4,310.4,1298,61.4,19,0,0,0,0,0,0,L,1,10.0,79697.2,low,0,0,21.88
7014,M21873,M,300.4,310.4,1544,36.3,21,0,0,0,0,0,0,M,1,10.0,56047.2,low,0,0,17.66
7015,H36428,H,300.5,310.5,1403,47.7,24,0,0,0,0,0,0,H,1,10.0,66923.1,low,0,0,21.14
7016,L54195,L,300.5,310.5,1452,42.9,29,0,0,0,0,0,0,L,1,10.0,62290.799999999996,low,0,0,22.18
7017,L54196,L,300.6,310.5,1509,43.1,31,0,0,0,0,0,0,L,1,9.899999999999977,65037.9,low,0,0,23.0
7018,M21877,M,300.7,310.6,1474,37.0,33,0,0,0,0,0,0,M,1,9.900000000000034,54538.0,low,0,0,22.58
7019,M21878,M,300.7,310.7,1377,46.7,36,0,0,0,0,0,0,M,1,10.0,64305.9,low,0,0,25.74
7020,L54199,L,300.8,310.8,1741,27.1,39,0,0,0,0,0,0,L,1,10.0,47181.100000000006,low,0,0,23.02
7021,L54200,L,300.8,310.8,1460,53.8,41,0,0,0,0,0,0,L,1,10.0,78548.0,low,0,0,29.16
7022,H36435,H,300.7,310.6,1631,32.6,43,0,0,0,0,0,0,H,1,9.900000000000034,53170.600000000006,low,0,0,25.7
7023,L54202,L,300.7,310.5,1561,33.2,48,0,0,0,0,0,0,L,1,9.800000000000011,51825.200000000004,low,0,0,27.8
7024,M21883,M,300.7,310.6,1572,38.5,50,0,0,0,0,0,0,M,1,9.900000000000034,60522.0,low,0,0,29.68
7025,L54204,L,300.6,310.6,2127,18.7,53,0,0,0,0,0,0,L,1,10.0,39774.9,mid,0,0,26.94
7026,H36439,H,300.6,310.6,1448,44.7,55,0,0,0,0,0,0,H,1,10.0,64725.600000000006,mid,0,0,32.94
7027,L54206,L,300.6,310.7,1543,39.6,60,0,0,0,0,0,0,L,1,10.099999999999966,61102.8,mid,0,0,33.94
7028,L54207,L,300.6,310.6,1508,34.8,62,0,0,0,0,0,0,L,1,10.0,52478.399999999994,mid,0,0,33.76
7029,M21888,M,300.6,310.6,1403,50.4,64,0,0,0,0,0,0,M,1,10.0,70711.2,mid,0,0,37.68
7030,L54209,L,300.6,310.6,1454,39.7,67,0,0,0,0,0,0,L,1,10.0,57723.8,mid,0,0,36.74
7031,L54210,L,300.7,310.8,1772,27.3,69,0,0,0,0,0,0,L,1,10.100000000000023,48375.6,mid,0,0,35.08
7032,L54211,L,300.7,310.8,1479,49.1,71,0,0,0,0,0,0,L,1,10.100000000000023,72618.90000000001,mid,0,0,40.24
7033,L54212,L,300.7,310.9,1723,31.0,73,0,0,0,0,0,0,L,1,10.199999999999989,53413.0,mid,0,0,37.44
7034,M21893,M,300.7,310.8,1469,46.4,75,0,0,0,0,0,0,M,1,10.100000000000023,68161.59999999999,mid,0,0,41.3
7035,H36448,H,300.6,310.6,1830,26.2,78,0,0,0,0,0,0,H,1,10.0,47946.0,mid,0,0,38.44
7036,L54215,L,300.6,310.6,1497,38.2,83,0,0,0,0,0,0,L,1,10.0,57185.4,mid,0,0,42.84
7037,L54216,L,300.7,310.6,1540,52.7,85,0,0,0,0,0,0,L,1,9.900000000000034,81158.0,mid,0,0,46.52
7038,L54217,L,300.6,310.6,1514,39.5,87,0,0,0,0,0,0,L,1,10.0,59803.0,mid,0,0,44.7
7039,L54218,L,300.7,310.6,1654,34.2,89,0,0,0,0,0,0,L,1,9.900000000000034,56566.8,mid,0,0,44.42
7040,H36453,H,300.6,310.5,1519,37.0,91,0,0,0,0,0,0,H,1,9.899999999999977,56203.0,mid,0,0,45.78
7041,L54220,L,300.7,310.6,1720,30.3,96,0,0,0,0,0,0,L,1,9.900000000000034,52116.0,mid,0,0,46.44
7042,L54221,L,300.6,310.5,1470,37.7,98,0,0,0,0,0,0,L,1,9.899999999999977,55419.00000000001,mid,0,0,48.72
7043,L54222,L,300.6,310.5,1642,29.9,100,0,0,0,0,0,0,L,1,9.899999999999977,49095.799999999996,mid,0,0,47.96
7044,M21903,M,300.7,310.6,2006,19.1,102,0,0,0,0,0,0,M,1,9.900000000000034,38314.600000000006,mid,0,0,46.6
7045,M21904,M,300.7,310.6,1505,35.6,105,0,0,0,0,0,0,M,1,9.900000000000034,53578.0,mid,0,0,51.1
7046,M21905,M,300.7,310.6,1609,27.6,108,0,0,0,0,0,0,M,1,9.900000000000034,44408.4,mid,0,0,50.7
7047,M21906,M,300.7,310.5,1863,22.2,111,0,0,0,0,0,0,M,1,9.800000000000011,41358.6,mid,0,0,50.8
7048,L54227,L,300.6,310.4,1401,42.6,114,0,0,0,0,0,0,L,1,9.799999999999955,59682.6,mid,0,0,56.08
7049,L54228,L,300.6,310.4,2007,19.8,116,0,0,0,0,0,0,L,1,9.799999999999955,39738.6,mid,0,0,52.32
7050,L54229,L,300.6,310.4,1494,47.3,118,0,0,0,0,0,0,L,1,9.799999999999955,70666.2,mid,0,0,58.62
7051,L54230,L,300.6,310.4,1457,47.7,120,0,0,0,0,0,0,L,1,9.799999999999955,69498.90000000001,mid,0,0,59.5
7052,L54231,L,300.6,310.4,1556,37.7,122,0,0,0,0,0,0,L,1,9.799999999999955,58661.200000000004,mid,0,0,58.3
7053,H36466,H,300.6,310.4,1510,42.8,124,0,0,0,0,0,0,H,1,9.799999999999955,64627.99999999999,mid,0,0,60.12
7054,H36467,H,300.7,310.5,1567,38.7,129,0,0,0,0,0,0,H,1,9.800000000000011,60642.9,mid,0,0,61.3
7055,H36468,H,300.7,310.5,1476,43.1,134,0,0,0,0,0,0,H,1,9.800000000000011,63615.6,mid,0,0,64.18
7056,L54235,L,300.8,310.6,1663,30.6,139,0,0,0,0,0,0,L,1,9.800000000000011,50887.8,mid,0,0,63.68
7057,M21916,M,300.8,310.5,1409,50.6,141,0,0,0,0,0,0,M,1,9.699999999999989,71295.40000000001,mid,0,0,68.46
7058,L54237,L,300.8,310.6,1666,36.2,144,0,0,0,0,0,0,L,1,9.800000000000011,60309.200000000004,mid,0,0,66.8
7059,L54238,L,300.7,310.6,1520,45.9,146,0,0,0,0,0,0,L,1,9.900000000000034,69768.0,mid,0,0,69.56
7060,L54239,L,300.6,310.5,1644,33.8,148,0,0,0,0,0,0,L,1,9.899999999999977,55567.2,mid,0,0,67.94
7061,H36474,H,300.6,310.4,1479,35.6,150,0,0,0,0,0,0,H,1,9.799999999999955,52652.4,mid,0,0,69.08
7062,L54241,L,300.6,310.4,1446,49.7,155,0,0,0,0,0,0,L,1,9.799999999999955,71866.2,high,0,0,73.9
7063,M21922,M,300.6,310.4,1407,51.1,157,0,0,0,0,0,0,M,1,9.799999999999955,71897.7,high,0,0,74.98
7064,L54243,L,300.7,310.4,1234,51.7,160,0,0,0,0,0,0,L,1,9.699999999999989,63797.8,high,0,0,76.28
7065,M21924,M,300.8,310.5,1696,29.7,162,0,0,0,0,0,0,M,1,9.699999999999989,50371.2,high,0,0,72.68
7066,L54245,L,300.8,310.6,1384,52.9,165,0,0,0,0,0,0,L,1,9.800000000000011,73213.59999999999,high,0,0,78.54
7067,M21926,M,300.8,310.7,1572,36.2,167,0,0,0,0,0,0,M,1,9.899999999999977,56906.4,high,0,0,76.02
7068,M21927,M,300.8,310.7,1386,42.1,170,0,0,0,0,0,0,M,1,9.899999999999977,58350.6,high,0,0,78.4
7069,L54248,L,300.8,310.7,1461,42.8,173,0,0,0,0,0,0,L,1,9.899999999999977,62530.799999999996,high,0,0,79.74
7070,L54249,L,300.8,310.7,1525,39.4,175,0,0,0,0,0,0,L,1,9.899999999999977,60085.0,high,0,0,79.86
7071,L54250,L,300.7,310.7,1333,61.0,177,0,0,0,0,0,0,L,1,10.0,81313.0,high,0,0,85.0
7072,H36485,H,300.7,310.6,1505,40.6,179,0,0,0,0,0,0,H,1,9.900000000000034,61103.0,high,0,0,81.7
7073,M21932,M,300.7,310.6,1439,41.7,184,0,0,0,0,0,0,M,1,9.900000000000034,60006.3,high,0,0,83.92
7074,L54253,L,300.7,310.6,1491,43.2,187,0,0,0,0,0,0,L,1,9.900000000000034,64411.200000000004,high,0,0,85.42
7075,M21934,M,300.7,310.6,1488,39.2,189,0,0,0,0,0,0,M,1,9.900000000000034,58329.600000000006,high,0,0,85.42
7076,L54255,L,300.7,310.5,1536,47.4,192,0,0,0,0,0,0,L,1,9.800000000000011,72806.4,high,0,0,88.24
7077,L54256,L,300.7,310.5,1960,21.0,194,0,0,0,0,0,0,L,1,9.800000000000011,41160.0,high,0,0,83.76
7078,M21937,M,300.7,310.5,1594,31.0,196,0,0,0,0,0,0,M,1,9.800000000000011,49414.0,high,0,0,86.56
7079,L54258,L,300.7,310.5,1357,52.6,199,0,0,0,0,0,0,L,1,9.800000000000011,71378.2,high,0,0,92.08
7080,L54259,L,300.7,310.5,1445,41.1,201,0,0,0,0,0,0,L,1,9.800000000000011,59389.5,high,1,0,90.58
7081,L54260,L,300.7,310.4,1543,47.3,203,0,0,0,0,0,0,L,1,9.699999999999989,72983.9,high,1,0,92.6
7082,L54261,L,300.7,310.4,1366,52.6,205,0,0,0,0,0,0,L,1,9.699999999999989,71851.6,high,1,0,94.46
7083,L54262,L,300.7,310.3,1458,40.0,207,0,0,0,0,0,0,L,1,9.600000000000023,58320.0,high,1,0,92.72
7084,L54263,L,300.7,310.4,1416,61.8,209,1,0,0,1,1,0,L,1,9.699999999999989,87508.8,high,1,2,147.9
7085,L54264,L,300.6,310.3,1794,24.4,211,0,0,0,0,0,0,L,1,9.699999999999989,43773.6,high,1,0,91.22
7086,L54265,L,300.6,310.3,1484,41.0,213,0,0,0,0,0,0,L,1,9.699999999999989,60844.0,high,1,0,95.34
7087,L54266,L,300.6,310.4,2514,13.4,215,0,0,0,0,0,0,L,1,9.799999999999955,33687.6,high,1,0,90.64
7088,L54267,L,300.6,310.3,1648,30.5,217,1,1,0,0,0,0,L,1,9.699999999999989,50264.0,high,1,1,144.84
7089,M21948,M,300.6,310.3,1614,32.7,0,0,0,0,0,0,0,M,1,9.699999999999989,52777.8,low,0,0,8.48
7090,L54269,L,300.6,310.2,1622,34.1,3,0,0,0,0,0,0,L,1,9.599999999999966,55310.200000000004,low,0,0,9.94
7091,M21950,M,300.6,310.2,1478,40.1,5,0,0,0,0,0,0,M,1,9.599999999999966,59267.8,low,0,0,11.94
7092,L54271,L,300.6,310.2,1318,51.0,8,0,0,0,0,0,0,L,1,9.599999999999966,67218.0,low,0,0,15.32
7093,L54272,L,300.7,310.2,1493,35.9,10,0,0,0,0,0,0,L,1,9.5,53598.7,low,0,0,13.08
7094,H36507,H,300.7,310.3,1369,50.7,12,0,0,0,0,0,0,H,1,9.600000000000023,69408.3,low,0,0,16.86
7095,L54274,L,300.6,310.2,1447,45.9,17,0,0,0,0,0,0,L,1,9.599999999999966,66417.3,low,0,0,17.9
7096,L54275,L,300.6,310.1,1485,49.9,19,0,0,0,0,0,0,L,1,9.5,74101.5,low,0,0,19.48
7097,L54276,L,300.6,310.2,1489,47.8,21,0,0,0,0,0,0,L,1,9.599999999999966,71174.2,low,0,0,19.88
7098,M21957,M,300.6,310.2,1233,52.3,23,0,0,0,0,0,0,M,1,9.599999999999966,64485.899999999994,low,0,0,21.58
7099,L54278,L,300.7,310.2,1642,32.6,26,0,0,0,0,0,0,L,1,9.5,53529.200000000004,low,0,0,18.82
7100,M21959,M,300.7,310.2,1373,44.1,28,0,0,0,0,0,0,M,1,9.5,60549.3,low,0,0,21.92
7101,L54280,L,300.7,310.2,1569,32.8,31,0,0,0,0,0,0,L,1,9.5,51463.2,low,0,0,20.86
7102,L54281,L,300.8,310.2,1850,22.8,33,0,0,0,0,0,0,L,1,9.399999999999977,42180.0,low,0,0,19.64
7103,M21962,M,300.8,310.3,1494,42.2,35,0,0,0,0,0,0,M,1,9.5,63046.8,low,0,0,24.34
7104,H36517,H,300.8,310.3,1777,30.1,38,0,0,0,0,0,0,H,1,9.5,53487.700000000004,low,0,0,23.12
7105,L54284,L,300.9,310.4,1454,43.1,43,0,0,0,0,0,0,L,1,9.5,62667.4,low,0,0,27.72
7106,L54285,L,300.9,310.4,1536,34.2,45,0,0,0,0,0,0,L,1,9.5,52531.200000000004,low,0,0,26.74
7107,L54286,L,300.8,310.5,1482,39.0,47,0,0,0,0,0,0,L,1,9.699999999999989,57798.0,low,0,0,28.54
7108,H36521,H,300.9,310.5,1512,41.2,49,0,0,0,0,0,0,H,1,9.600000000000023,62294.4,low,0,0,29.76
7109,M21968,M,300.8,310.5,1511,35.8,54,0,0,0,0,0,0,M,1,9.699999999999989,54093.799999999996,mid,0,0,30.7
7110,L54289,L,300.9,310.5,1599,40.5,57,0,0,0,0,0,0,L,1,9.600000000000023,64759.5,mid,0,0,32.82
7111,M21970,M,300.8,310.4,1518,36.0,59,0,0,0,0,0,0,M,1,9.599999999999966,54648.0,mid,0,0,32.72
7112,M21971,M,300.8,310.4,1450,39.4,62,0,0,0,0,0,0,M,1,9.599999999999966,57130.0,mid,0,0,34.6
7113,L54292,L,300.9,310.4,1427,47.0,65,0,0,0,0,0,0,L,1,9.5,67069.0,mid,0,0,37.3
7114,L54293,L,300.9,310.4,1561,32.7,67,0,0,0,0,0,0,L,1,9.5,51044.700000000004,mid,0,0,35.24
7115,H36528,H,300.9,310.4,1457,43.8,69,0,0,0,0,0,0,H,1,9.5,63816.6,mid,0,0,38.26
7116,M21975,M,301.0,310.6,1460,53.6,74,0,0,0,0,0,0,M,1,9.600000000000023,78256.0,mid,0,0,42.24
7117,L54296,L,301.0,310.5,1601,33.2,77,0,0,0,0,0,0,L,1,9.5,53153.200000000004,mid,0,0,39.34
7118,L54297,L,300.9,310.5,1570,40.1,79,0,0,0,0,0,0,L,1,9.600000000000023,62957.0,mid,0,0,41.54
7119,L54298,L,300.9,310.5,1565,35.9,81,0,0,0,0,0,0,L,1,9.600000000000023,56183.5,mid,0,0,41.5
7120,L54299,L,301.0,310.5,1378,44.4,83,0,0,0,0,0,0,L,1,9.5,61183.2,mid,0,0,43.98
7121,L54300,L,300.9,310.5,2288,16.1,85,0,0,0,0,0,0,L,1,9.600000000000023,36836.8,mid,0,0,39.14
7122,M21981,M,300.9,310.4,1375,44.7,87,0,0,0,0,0,0,M,1,9.5,61462.50000000001,mid,0,0,45.64
7123,L54302,L,300.9,310.4,1788,27.8,90,0,0,0,0,0,0,L,1,9.5,49706.4,mid,0,0,43.46
7124,M21983,M,300.9,310.4,1576,40.4,92,0,0,0,0,0,0,M,1,9.5,63670.399999999994,mid,0,0,46.78
7125,M21984,M,300.8,310.3,1868,24.5,95,0,0,0,0,0,0,M,1,9.5,45766.0,mid,0,0,44.8
7126,L54305,L,300.7,310.1,1261,56.6,98,0,0,0,0,0,0,L,1,9.400000000000034,71372.6,mid,0,0,52.4
7127,M21986,M,300.6,310.0,1542,33.9,100,0,0,0,0,0,0,M,1,9.399999999999977,52273.799999999996,mid,0,0,48.66
7128,L54307,L,300.6,310.0,1438,53.8,103,0,0,0,0,0,0,L,1,9.399999999999977,77364.4,mid,0,0,53.84
7129,L54308,L,300.6,310.0,1511,36.9,105,0,0,0,0,0,0,L,1,9.399999999999977,55755.9,mid,0,0,51.26
7130,L54309,L,300.6,310.0,1635,31.0,107,0,0,0,0,0,0,L,1,9.399999999999977,50685.0,mid,0,0,50.88
7131,L54310,L,300.6,309.9,1428,48.8,109,0,0,0,0,0,0,L,1,9.299999999999955,69686.4,mid,0,0,55.22
7132,M21991,M,300.5,309.8,1410,44.4,111,0,0,0,0,0,0,M,1,9.300000000000011,62604.0,mid,0,0,55.14
7133,L54312,L,300.5,309.9,1423,47.9,114,0,0,0,0,0,0,L,1,9.399999999999977,68161.7,mid,0,0,57.06
7134,M21993,M,300.5,309.9,1552,41.3,116,0,0,0,0,0,0,M,1,9.399999999999977,64097.6,mid,0,0,56.54
7135,M21994,M,300.5,310.0,1406,50.2,119,0,0,0,0,0,0,M,1,9.5,70581.2,mid,0,0,59.54
7136,L54315,L,300.5,309.9,1443,48.3,122,0,0,0,0,0,0,L,1,9.399999999999977,69696.9,mid,0,0,60.34
7137,M21996,M,300.5,309.9,1343,63.7,124,0,0,0,0,0,0,M,1,9.399999999999977,85549.1,mid,0,0,64.22
7138,M21997,M,300.6,310.0,1486,41.2,127,0,0,0,0,0,0,M,1,9.399999999999977,61223.200000000004,mid,0,0,60.92
7139,L54318,L,300.6,310.1,1297,50.0,130,0,0,0,0,0,0,L,1,9.5,64850.0,mid,0,0,63.9
7140,L54319,L,300.6,310.1,1495,42.3,132,0,0,0,0,0,0,L,1,9.5,63238.49999999999,mid,0,0,63.16
7141,L54320,L,300.5,309.9,1382,46.5,134,0,0,0,0,0,0,L,1,9.399999999999977,64263.0,mid,0,0,64.78
7142,M22001,M,300.4,309.8,1356,44.4,136,0,0,0,0,0,0,M,1,9.400000000000034,60206.4,mid,0,0,65.16
7143,H36556,H,300.3,309.7,1452,41.5,139,0,0,0,0,0,0,H,1,9.399999999999977,60258.0,mid,0,0,65.78
7144,H36557,H,300.3,309.7,1582,30.8,144,0,0,0,0,0,0,H,1,9.399999999999977,48725.6,mid,0,0,65.64
7145,M22004,M,300.4,309.8,1517,40.3,149,0,0,0,0,0,0,M,1,9.400000000000034,61135.1,mid,0,0,69.54
7146,L54325,L,300.5,310.0,1413,44.5,152,0,0,0,0,0,0,L,1,9.5,62878.5,high,0,0,71.6
7147,L54326,L,300.4,309.9,1496,31.8,154,0,0,0,0,0,0,L,1,9.5,47572.8,high,0,0,69.86
7148,L54327,L,300.3,309.8,1466,41.2,156,0,0,0,0,0,0,L,1,9.5,60399.200000000004,high,0,0,72.54
7149,M22008,M,300.3,309.8,1617,40.8,158,0,0,0,0,0,0,M,1,9.5,65973.59999999999,high,0,0,73.26
7150,L54329,L,300.2,309.8,1506,41.8,161,0,0,0,0,0,0,L,1,9.600000000000023,62950.799999999996,high,0,0,74.68
7151,L54330,L,300.2,309.8,1401,49.3,163,0,0,0,0,0,0,L,1,9.600000000000023,69069.3,high,0,0,76.98
7152,H36565,H,300.2,309.9,1906,22.9,165,0,0,0,0,0,0,H,1,9.699999999999989,43647.399999999994,high,0,0,72.52
7153,L54332,L,300.2,309.9,1566,36.4,170,0,0,0,0,0,0,L,1,9.699999999999989,57002.399999999994,high,0,0,77.22
7154,L54333,L,300.2,310.0,1493,47.3,172,0,0,0,0,0,0,L,1,9.800000000000011,70618.9,high,0,0,80.22
7155,L54334,L,300.3,310.1,1483,39.9,174,0,0,0,0,0,0,L,1,9.800000000000011,59171.7,high,0,0,79.54
7156,M22015,M,300.2,309.9,1569,31.2,176,0,0,0,0,0,0,M,1,9.699999999999989,48952.799999999996,high,0,0,78.58
7157,M22016,M,300.2,310.0,1664,30.7,179,0,0,0,0,0,0,M,1,9.800000000000011,51084.799999999996,high,0,0,79.7
7158,L54337,L,300.2,310.0,1486,40.1,182,0,0,0,0,0,0,L,1,9.800000000000011,59588.6,high,0,0,82.78
7159,L54338,L,300.2,310.0,1389,53.6,184,0,0,0,0,0,0,L,1,9.800000000000011,74450.40000000001,high,0,0,86.28
7160,L54339,L,300.1,310.0,1511,41.7,186,0,0,0,0,0,0,L,1,9.899999999999977,63008.700000000004,high,0,0,84.72
7161,M22020,M,300.2,310.1,1485,40.5,188,0,0,0,0,0,0,M,1,9.900000000000034,60142.5,high,0,0,85.28
7162,L54341,L,300.2,310.2,1440,42.9,191,0,0,0,0,0,0,L,1,10.0,61776.0,high,0,0,86.98
7163,L54342,L,300.2,310.2,1378,43.9,193,0,0,0,0,0,0,L,1,10.0,60494.2,high,0,0,87.98
7164,M22023,M,300.1,310.1,1501,39.3,195,0,0,0,0,0,0,M,1,10.0,58989.299999999996,high,0,0,87.86
7165,M22024,M,300.2,310.1,1474,44.0,198,0,0,0,0,0,0,M,1,9.900000000000034,64856.0,high,0,0,89.98
7166,L54345,L,300.2,310.1,1392,47.9,201,0,0,0,0,0,0,L,1,9.900000000000034,66676.8,high,1,0,91.96
7167,M22026,M,300.3,310.2,1429,44.7,203,0,0,0,0,0,0,M,1,9.899999999999977,63876.3,high,1,0,92.12
7168,L54347,L,300.3,310.3,1362,60.3,206,1,0,0,0,1,0,L,1,10.0,82128.59999999999,high,1,1,146.46
7169,L54348,L,300.3,310.3,1704,29.5,0,0,0,0,0,0,0,L,1,10.0,50268.0,low,0,0,7.9
7170,L54349,L,300.3,310.2,1492,52.3,2,0,0,0,0,0,0,L,1,9.899999999999977,78031.59999999999,low,0,0,13.24
7171,M22030,M,300.3,310.2,1442,39.5,4,0,0,0,0,0,0,M,1,9.899999999999977,56959.0,low,0,0,11.48
7172,M22031,M,300.2,310.2,1438,51.5,7,0,0,0,0,0,0,M,1,10.0,74057.0,low,0,0,15.1
7173,M22032,M,300.1,310.1,1402,46.6,10,0,0,0,0,0,0,M,1,10.0,65333.200000000004,low,0,0,15.32
7174,L54353,L,300.1,310.1,1684,30.8,13,0,0,0,0,0,0,L,1,10.0,51867.200000000004,low,0,0,13.36
7175,L54354,L,300.2,310.2,1530,48.5,15,0,0,0,0,0,0,L,1,10.0,74205.0,low,0,0,17.7
7176,L54355,L,300.1,310.1,1569,43.5,17,0,0,0,0,0,0,L,1,10.0,68251.5,low,0,0,17.5
7177,L54356,L,300.1,310.1,1650,31.6,19,0,0,0,0,0,0,L,1,10.0,52140.0,low,0,0,15.92
7178,L54357,L,300.2,310.2,1415,49.6,21,0,0,0,0,0,0,L,1,10.0,70184.0,low,0,0,20.32
7179,L54358,L,300.2,310.2,1600,31.5,23,0,0,0,0,0,0,L,1,10.0,50400.0,low,0,0,17.5
7180,L54359,L,300.2,310.1,1523,42.3,25,0,0,0,0,0,0,L,1,9.900000000000034,64422.899999999994,low,0,0,20.44
7181,M22040,M,300.2,310.2,1628,30.3,27,0,0,0,0,0,0,M,1,10.0,49328.4,low,0,0,18.86
7182,L54361,L,300.2,310.3,1331,52.1,30,0,0,0,0,0,0,L,1,10.100000000000023,69345.1,low,0,0,24.44
7183,L54362,L,300.3,310.3,2158,16.8,32,0,0,0,0,0,0,L,1,10.0,36254.4,low,0,0,18.16
7184,L54363,L,300.2,310.3,1445,50.9,34,0,0,0,0,0,0,L,1,10.100000000000023,73550.5,low,0,0,25.8
7185,M22044,M,300.2,310.3,1593,36.1,36,0,0,0,0,0,0,M,1,10.100000000000023,57507.3,low,0,0,23.64
7186,L54365,L,300.3,310.4,1672,29.2,39,0,0,0,0,0,0,L,1,10.099999999999966,48822.4,low,0,0,23.46
7187,M22046,M,300.4,310.5,1644,31.4,41,0,0,0,0,0,0,M,1,10.100000000000023,51621.6,low,0,0,24.7
7188,L54367,L,300.4,310.5,1402,54.3,44,0,0,0,0,0,0,L,1,10.100000000000023,76128.59999999999,low,0,0,30.48
7189,L54368,L,300.4,310.4,1286,56.8,46,0,0,0,0,0,0,L,1,10.0,73044.8,low,0,0,31.76
7190,L54369,L,300.4,310.4,1486,46.3,48,0,0,0,0,0,0,L,1,10.0,68801.8,low,0,0,30.46
7191,L54370,L,300.3,310.3,1345,46.3,50,0,0,0,0,0,0,L,1,10.0,62273.49999999999,low,0,0,31.26
7192,L54371,L,300.3,310.3,1629,34.1,52,0,0,0,0,0,0,L,1,10.0,55548.9,mid,0,0,29.62
7193,M22052,M,300.2,310.2,1429,43.8,54,0,0,0,0,0,0,M,1,10.0,62590.2,mid,0,0,32.36
7194,L54373,L,300.1,310.1,1306,64.7,57,0,0,0,0,0,0,L,1,10.0,84498.2,mid,0,0,37.74
7195,L54374,L,300.1,310.1,1380,52.6,59,0,0,0,0,0,0,L,1,10.0,72588.0,mid,0,0,36.12
7196,M22055,M,300.1,310.1,1443,49.3,61,0,0,0,0,0,0,M,1,10.0,71139.9,mid,0,0,36.26
7197,H36610,H,300.1,310.1,1426,42.7,64,0,0,0,0,0,0,H,1,10.0,60890.200000000004,mid,0,0,36.14
7198,L54377,L,300.0,310.0,1486,41.8,69,0,0,0,0,0,0,L,1,10.0,62114.799999999996,mid,0,0,37.96
7199,M22058,M,300.0,309.9,1530,34.5,71,0,0,0,0,0,0,M,1,9.899999999999977,52785.0,mid,0,0,37.28
7200,L54379,L,300.0,309.9,1507,41.4,74,0,0,0,0,0,0,L,1,9.899999999999977,62389.799999999996,mid,0,0,39.86
7201,L54380,L,300.0,309.9,1608,33.4,76,0,0,0,0,0,0,L,1,9.899999999999977,53707.2,mid,0,0,39.06
7202,L54381,L,300.0,309.8,1474,40.6,78,0,0,0,0,0,0,L,1,9.800000000000011,59844.4,mid,0,0,41.28
7203,L54382,L,300.0,309.7,1326,61.9,80,0,0,0,0,0,0,L,1,9.699999999999989,82079.4,mid,0,0,46.32
7204,M22063,M,299.8,309.6,1434,48.0,82,0,0,0,0,0,0,M,1,9.800000000000011,68832.0,mid,0,0,44.36
7205,L54384,L,299.8,309.6,1526,41.7,85,0,0,0,0,0,0,L,1,9.800000000000011,63634.200000000004,mid,0,0,44.3
7206,L54385,L,299.8,309.7,1483,39.6,87,0,0,0,0,0,0,L,1,9.899999999999977,58726.8,mid,0,0,44.7
7207,L54386,L,299.8,309.7,1457,51.9,89,0,0,0,0,0,0,L,1,9.899999999999977,75618.3,mid,0,0,47.96
7208,M22067,M,299.7,309.6,1540,34.4,91,0,0,0,0,0,0,M,1,9.900000000000034,52976.0,mid,0,0,45.26
7209,L54388,L,299.8,309.7,1707,29.1,94,0,0,0,0,0,0,L,1,9.899999999999977,49673.700000000004,mid,0,0,45.4
7210,L54389,L,299.8,309.7,1624,34.2,96,0,0,0,0,0,0,L,1,9.899999999999977,55540.8,mid,0,0,47.22
7211,M22070,M,299.8,309.6,1331,50.2,98,0,0,0,0,0,0,M,1,9.800000000000011,66816.2,mid,0,0,51.2
7212,L54391,L,299.8,309.7,1431,40.3,101,0,0,0,0,0,0,L,1,9.899999999999977,57669.299999999996,mid,0,0,50.44
7213,M22072,M,299.8,309.7,1705,28.5,103,0,0,0,0,0,0,M,1,9.899999999999977,48592.5,mid,0,0,48.88
7214,M22073,M,299.8,309.8,1427,45.2,106,0,0,0,0,0,0,M,1,10.0,64500.4,mid,0,0,53.44
7215,M22074,M,299.9,309.8,1625,41.2,109,0,0,0,0,0,0,M,1,9.900000000000034,66950.0,mid,0,0,53.82
7216,L54395,L,299.9,309.8,1477,47.7,112,0,0,0,0,0,0,L,1,9.900000000000034,70452.90000000001,mid,0,0,56.32
7217,M22076,M,300.0,309.9,1651,28.1,114,0,0,0,0,0,0,M,1,9.899999999999977,46393.100000000006,mid,0,0,53.2
7218,L54397,L,299.9,309.8,1716,28.2,117,0,0,0,0,0,0,L,1,9.900000000000034,48391.2,mid,0,0,54.42
7219,H36632,H,299.9,309.8,1400,48.7,119,0,0,0,0,0,0,H,1,9.900000000000034,68180.0,mid,0,0,59.32
7220,M22079,M,299.8,309.7,1556,37.7,124,0,0,0,0,0,0,M,1,9.899999999999977,58661.200000000004,mid,0,0,59.12
7221,L54400,L,299.8,309.7,1429,42.6,127,0,0,0,0,0,0,L,1,9.899999999999977,60875.4,mid,0,0,61.3
7222,H36635,H,299.7,309.6,1433,49.6,129,0,0,0,0,0,0,H,1,9.900000000000034,71076.8,mid,0,0,63.5
7223,M22082,M,299.8,309.7,1320,61.7,134,0,0,0,0,0,0,M,1,9.899999999999977,81444.0,mid,0,0,67.92
7224,L54403,L,299.8,309.6,1374,51.6,137,0,0,0,0,0,0,L,1,9.800000000000011,70898.40000000001,mid,0,0,67.08
7225,L54404,L,299.8,309.6,1598,31.0,139,0,0,0,0,0,0,L,1,9.800000000000011,49538.0,mid,0,0,63.76
7226,M22085,M,299.8,309.7,1910,21.8,141,0,0,0,0,0,0,M,1,9.899999999999977,41638.0,mid,0,0,62.74
7227,L54406,L,299.7,309.6,1399,51.3,144,0,0,0,0,0,0,L,1,9.900000000000034,71768.7,mid,0,0,69.84
7228,L54407,L,299.7,309.6,1720,27.1,146,0,0,0,0,0,0,L,1,9.900000000000034,46612.0,mid,0,0,65.8
7229,H36642,H,299.8,309.7,1368,47.4,148,0,0,0,0,0,0,H,1,9.899999999999977,64843.2,mid,0,0,70.66
7230,L54409,L,299.8,309.8,1749,33.4,153,0,0,0,0,0,0,L,1,10.0,58416.6,high,0,0,69.88
7231,L54410,L,299.8,309.8,1542,39.4,155,0,0,0,0,0,0,L,1,10.0,60754.799999999996,high,0,0,71.88
7232,L54411,L,299.8,309.9,1553,36.6,157,0,0,0,0,0,0,L,1,10.099999999999966,56839.8,high,0,0,72.14
7233,M22092,M,299.9,309.9,1639,42.1,159,0,0,0,0,0,0,M,1,10.0,69001.90000000001,high,0,0,74.02
7234,L54413,L,299.9,310.0,1447,45.9,162,0,0,0,0,0,0,L,1,10.100000000000023,66417.3,high,0,0,76.0
7235,M22094,M,299.8,310.0,1397,48.1,164,0,0,0,0,0,0,M,1,10.199999999999989,67195.7,high,0,0,77.26
7236,L54415,L,299.8,310.0,1361,53.8,167,0,0,0,0,0,0,L,1,10.199999999999989,73221.8,high,0,0,79.6
7237,M22096,M,299.8,310.0,1460,37.1,169,0,0,0,0,0,0,M,1,10.199999999999989,54166.0,high,0,0,77.06
7238,M22097,M,299.8,310.0,1632,33.7,172,0,0,0,0,0,0,M,1,10.199999999999989,54998.4,high,0,0,77.58
7239,L54418,L,299.8,310.0,1697,36.0,175,0,0,0,0,0,0,L,1,10.199999999999989,61092.0,high,0,0,79.24
7240,L54419,L,299.8,310.1,1553,42.0,177,0,0,0,0,0,0,L,1,10.300000000000011,65226.0,high,0,0,81.26
7241,M22100,M,299.9,310.1,1362,56.3,179,0,0,0,0,0,0,M,1,10.200000000000045,76680.59999999999,high,0,0,84.9
7242,M22101,M,299.9,310.0,1484,42.1,182,0,0,0,0,0,0,M,1,10.100000000000023,62476.4,high,0,0,83.24
7243,H36656,H,299.9,310.1,1447,51.4,185,0,0,0,0,0,0,H,1,10.200000000000045,74375.8,high,0,0,86.32
7244,M22103,M,300.0,310.2,1393,51.2,190,0,0,0,0,0,0,M,1,10.199999999999989,71321.6,high,0,0,88.28
7245,L54424,L,300.0,310.2,1760,26.9,193,0,0,0,0,0,0,L,1,10.199999999999989,47344.0,high,0,0,84.62
7246,L54425,L,300.0,310.1,1477,34.6,195,0,0,0,0,0,0,L,1,10.100000000000023,51104.200000000004,high,0,0,86.94
7247,L54426,L,299.9,310.1,1681,29.1,197,0,0,0,0,0,0,L,1,10.200000000000045,48917.100000000006,high,0,0,86.66
7248,M22107,M,300.0,310.1,1314,53.5,199,0,0,0,0,0,0,M,1,10.100000000000023,70299.0,high,0,0,92.32
7249,L54428,L,300.0,310.1,1762,28.0,202,0,0,0,0,0,0,L,1,10.100000000000023,49336.0,high,1,0,88.42
7250,L54429,L,299.9,310.0,1402,44.7,204,0,0,0,0,0,0,L,1,10.100000000000023,62669.4,high,1,0,92.56
7251,M22110,M,300.1,310.2,1429,42.0,206,0,0,0,0,0,0,M,1,10.099999999999966,60018.0,high,1,0,92.82
7252,M22111,M,300.2,310.3,1448,40.1,209,0,0,0,0,0,0,M,1,10.100000000000023,58064.8,high,1,0,93.64
7253,H36666,H,300.2,310.4,1501,42.9,212,0,0,0,0,0,0,H,1,10.199999999999989,64392.9,high,1,0,95.42
7254,L54433,L,300.3,310.5,1522,39.1,217,0,0,0,0,0,0,L,1,10.199999999999989,59510.200000000004,high,1,0,96.66
7255,L54434,L,300.3,310.4,1493,37.5,219,0,0,0,0,0,0,L,1,10.099999999999966,55987.5,high,1,0,97.12
7256,M22115,M,300.2,310.3,1704,29.4,221,0,0,0,0,0,0,M,1,10.100000000000023,50097.6,high,1,0,96.3
7257,H36670,H,300.2,310.3,1408,42.5,0,0,0,0,0,0,0,H,1,10.100000000000023,59840.0,low,0,0,10.52
7258,L54437,L,300.2,310.4,1518,41.8,5,0,0,0,0,0,0,L,1,10.199999999999989,63452.399999999994,low,0,0,12.4
7259,L54438,L,300.3,310.4,1742,25.9,7,0,0,0,0,0,0,L,1,10.099999999999966,45117.799999999996,low,0,0,10.0
7260,M22119,M,300.4,310.5,1500,43.0,9,0,0,0,0,0,0,M,1,10.100000000000023,64500.0,low,0,0,14.22
7261,L54440,L,300.4,310.5,2424,14.5,12,0,0,0,0,0,0,L,1,10.100000000000023,35148.0,low,0,0,9.72
7262,L54441,L,300.4,310.5,1818,25.1,14,0,0,0,0,0,0,L,1,10.100000000000023,45631.8,low,0,0,12.64
7263,M22122,M,300.4,310.6,1545,35.6,16,0,0,0,0,0,0,M,1,10.200000000000045,55002.0,low,0,0,15.56
7264,L54443,L,300.4,310.6,1429,46.9,19,0,0,0,0,0,0,L,1,10.200000000000045,67020.09999999999,low,0,0,19.02
7265,M22124,M,300.4,310.6,1448,44.9,21,0,0,0,0,0,0,M,1,10.200000000000045,65015.2,low,0,0,19.42
7266,L54445,L,300.4,310.6,1384,48.7,24,0,0,0,0,0,0,L,1,10.200000000000045,67400.8,low,0,0,21.38
7267,L54446,L,300.4,310.5,1578,32.8,26,0,0,0,0,0,0,L,1,10.100000000000023,51758.399999999994,low,0,0,18.98
7268,L54447,L,300.5,310.5,1695,26.7,28,0,0,0,0,0,0,L,1,10.0,45256.5,low,0,0,18.54
7269,L54448,L,300.5,310.6,1543,36.2,30,0,0,0,0,0,0,L,1,10.100000000000023,55856.600000000006,low,0,0,21.26
7270,M22129,M,300.4,310.5,1540,33.4,32,0,0,0,0,0,0,M,1,10.100000000000023,51436.0,low,0,0,21.5
7271,L54450,L,300.2,310.4,1808,25.8,35,0,0,0,0,0,0,L,1,10.199999999999989,46646.4,low,0,0,21.2
7272,M22131,M,300.3,310.4,1293,49.7,37,0,0,0,0,0,0,M,1,10.099999999999966,64262.100000000006,low,0,0,26.76
7273,L54452,L,300.2,310.3,1202,59.5,40,0,0,0,0,0,0,L,1,10.100000000000023,71519.0,low,0,0,29.92
7274,M22133,M,300.2,310.3,1704,29.2,42,0,0,0,0,0,0,M,1,10.100000000000023,49756.799999999996,low,0,0,24.66
7275,M22134,M,300.2,310.3,1478,38.1,45,0,0,0,0,0,0,M,1,10.100000000000023,56311.8,low,0,0,27.64
7276,L54455,L,300.2,310.3,1514,38.7,48,0,0,0,0,0,0,L,1,10.100000000000023,58591.8,low,0,0,28.96
7277,M22136,M,300.1,310.3,1350,48.8,50,0,0,0,0,0,0,M,1,10.199999999999989,65880.0,low,0,0,31.8
7278,L54457,L,300.1,310.2,1475,54.2,53,0,0,0,0,0,0,L,1,10.099999999999966,79945.0,mid,0,0,34.06
7279,H36692,H,300.0,310.1,1714,28.7,55,0,0,0,0,0,0,H,1,10.100000000000023,49191.799999999996,mid,0,0,29.76
7280,L54459,L,300.0,310.1,1465,40.9,60,0,0,0,0,0,0,L,1,10.100000000000023,59918.5,mid,0,0,34.2
7281,L54460,L,299.9,310.2,1288,69.6,62,1,0,0,1,0,0,L,1,10.300000000000011,89644.79999999999,mid,0,1,90.78
7282,L54461,L,300.0,310.2,1675,29.7,64,0,0,0,0,0,0,L,1,10.199999999999989,49747.5,mid,0,0,33.58
7283,L54462,L,300.0,310.2,1486,36.4,66,0,0,0,0,0,0,L,1,10.199999999999989,54090.4,mid,0,0,35.72
7284,M22143,M,300.0,310.2,1443,58.7,68,0,0,0,0,0,0,M,1,10.199999999999989,84704.1,mid,0,0,40.98
7285,M22144,M,300.1,310.3,1345,57.1,71,0,0,0,0,0,0,M,1,10.199999999999989,76799.5,mid,0,0,41.86
7286,M22145,M,300.2,310.4,1202,61.7,74,0,0,0,0,0,0,M,1,10.199999999999989,74163.40000000001,mid,0,0,43.98
7287,M22146,M,300.1,310.4,1480,37.1,77,0,0,0,0,0,0,M,1,10.299999999999955,54908.0,mid,0,0,40.28
7288,M22147,M,300.2,310.4,1530,35.7,80,0,0,0,0,0,0,M,1,10.199999999999989,54621.00000000001,mid,0,0,41.18
7289,M22148,M,300.2,310.6,1983,20.8,83,0,0,0,0,0,0,M,1,10.400000000000034,41246.4,mid,0,0,39.44
7290,L54469,L,300.3,310.6,1433,53.8,86,0,0,0,0,0,0,L,1,10.300000000000011,77095.4,mid,0,0,47.22
7291,L54470,L,300.3,310.6,1806,24.4,88,0,0,0,0,0,0,L,1,10.300000000000011,44066.399999999994,mid,0,0,42.14
7292,L54471,L,300.2,310.5,1416,46.7,90,0,0,0,0,0,0,L,1,10.300000000000011,66127.2,mid,0,0,47.4
7293,M22152,M,300.1,310.4,1556,38.1,92,0,0,0,0,0,0,M,1,10.299999999999955,59283.600000000006,mid,0,0,46.48
7294,L54473,L,300.1,310.5,1627,29.2,95,0,0,0,0,0,0,L,1,10.399999999999977,47508.4,mid,0,0,45.92
7295,L54474,L,300.1,310.6,1809,24.3,97,0,0,0,0,0,0,L,1,10.5,43958.700000000004,mid,0,0,45.76
7296,M22155,M,300.1,310.5,1329,57.4,99,0,0,0,0,0,0,M,1,10.399999999999977,76284.59999999999,mid,0,0,53.16
7297,H36710,H,300.0,310.4,1881,21.9,102,0,0,0,0,0,0,H,1,10.399999999999977,41193.899999999994,mid,0,0,47.26
7298,L54477,L,300.1,310.5,1500,39.8,107,0,0,0,0,0,0,L,1,10.399999999999977,59699.99999999999,mid,0,0,52.84
7299,L54478,L,300.1,310.5,1532,36.0,109,0,0,0,0,0,0,L,1,10.399999999999977,55152.0,mid,0,0,52.88
7300,L54479,L,300.1,310.5,1492,50.9,111,0,0,0,0,0,0,L,1,10.399999999999977,75942.8,mid,0,0,56.66
7301,L54480,L,300.2,310.6,1431,42.3,113,0,0,0,0,0,0,L,1,10.400000000000034,60531.299999999996,mid,0,0,55.74
7302,L54481,L,300.1,310.4,1554,39.4,115,0,0,0,0,0,0,L,1,10.299999999999955,61227.6,mid,0,0,55.94
7303,L54482,L,300.1,310.5,1494,44.2,117,0,0,0,0,0,0,L,1,10.399999999999977,66034.8,mid,0,0,57.72
7304,L54483,L,300.1,310.6,1374,45.4,119,0,0,0,0,0,0,L,1,10.5,62379.6,mid,0,0,58.78
7305,L54484,L,300.1,310.5,1394,44.3,121,0,0,0,0,0,0,L,1,10.399999999999977,61754.2,mid,0,0,59.34
7306,M22165,M,300.0,310.5,1790,25.7,123,0,0,0,0,0,0,M,1,10.5,46003.0,mid,0,0,56.44
7307,L54486,L,300.1,310.5,1356,45.8,126,0,0,0,0,0,0,L,1,10.399999999999977,62104.799999999996,mid,0,0,61.64
7308,M22167,M,300.0,310.4,1385,52.1,128,0,0,0,0,0,0,M,1,10.399999999999977,72158.5,mid,0,0,63.7
7309,L54488,L,300.0,310.4,1333,49.1,131,0,0,0,0,0,0,L,1,10.399999999999977,65450.3,mid,0,0,64.3
7310,L54489,L,300.0,310.4,1505,44.9,133,0,0,0,0,0,0,L,1,10.399999999999977,67574.5,mid,0,0,64.26
7311,L54490,L,300.0,310.5,1606,33.5,135,0,0,0,0,0,0,L,1,10.5,53801.0,mid,0,0,62.8
7312,H36725,H,300.0,310.5,1558,36.7,137,0,0,0,0,0,0,H,1,10.5,57178.600000000006,mid,0,0,64.24
7313,L54492,L,300.0,310.5,1412,52.4,142,0,0,0,0,0,0,L,1,10.5,73988.8,mid,0,0,69.38
7314,L54493,L,299.9,310.4,1408,38.4,144,0,0,0,0,0,0,L,1,10.5,54067.2,mid,0,0,67.38
7315,L54494,L,299.9,310.3,1268,53.3,146,0,0,0,0,0,0,L,1,10.400000000000034,67584.4,mid,0,0,71.14
7316,L54495,L,299.9,310.4,1470,50.0,148,0,0,0,0,0,0,L,1,10.5,73500.0,mid,0,0,71.3
7317,L54496,L,299.9,310.4,1497,47.0,150,0,0,0,0,0,0,L,1,10.5,70359.0,mid,0,0,71.5
7318,L54497,L,299.9,310.3,1638,29.1,152,0,0,0,0,0,0,L,1,10.400000000000034,47665.8,high,0,0,68.7
7319,H36732,H,299.9,310.3,1535,43.9,154,0,0,0,0,0,0,H,1,10.400000000000034,67386.5,high,0,0,72.46
7320,L54499,L,299.8,310.2,1654,32.7,159,0,0,0,0,0,0,L,1,10.399999999999977,54085.8,high,0,0,72.22
7321,H36734,H,299.8,310.2,1411,49.7,161,0,0,0,0,0,0,H,1,10.399999999999977,70126.7,high,0,0,76.42
7322,L54501,L,299.8,310.2,1911,23.5,166,0,0,0,0,0,0,L,1,10.399999999999977,44908.5,high,0,0,73.18
7323,H36736,H,299.8,310.2,1573,33.3,168,0,0,0,0,0,0,H,1,10.399999999999977,52380.899999999994,high,0,0,75.94
7324,L54503,L,299.9,310.2,1479,46.3,173,0,0,0,0,0,0,L,1,10.300000000000011,68477.7,high,0,0,80.52
7325,M22184,M,299.9,310.4,1820,26.6,175,0,0,0,0,0,0,M,1,10.5,48412.0,high,0,0,77.42
7326,L54505,L,299.9,310.4,1419,45.7,178,0,0,0,0,0,0,L,1,10.5,64848.3,high,0,0,82.44
7327,M22186,M,299.9,310.5,1335,52.9,180,0,0,0,0,0,0,M,1,10.600000000000023,70621.5,high,0,0,84.7
7328,M22187,M,299.9,310.5,1576,39.4,183,0,0,0,0,0,0,M,1,10.600000000000023,62094.399999999994,high,0,0,83.2
7329,L54508,L,300.0,310.5,1517,42.2,186,0,0,0,0,0,0,L,1,10.5,64017.4,high,0,0,84.94
7330,M22189,M,299.9,310.4,1576,34.3,188,0,0,0,0,0,0,M,1,10.5,54056.799999999996,high,0,0,84.16
7331,H36744,H,299.8,310.2,1537,36.6,191,0,0,0,0,0,0,H,1,10.399999999999977,56254.200000000004,high,0,0,85.8
7332,L54511,L,299.8,310.3,1524,34.2,196,0,0,0,0,0,0,L,1,10.5,52120.8,high,0,0,87.34
7333,M22192,M,299.8,310.3,1805,23.7,198,0,0,0,0,0,0,M,1,10.5,42778.5,high,0,0,86.04
7334,M22193,M,299.9,310.4,1367,53.3,201,0,0,0,0,0,0,M,1,10.5,72861.09999999999,high,1,0,93.16
7335,L54514,L,299.8,310.4,1694,30.3,204,0,0,0,0,0,0,L,1,10.599999999999966,51328.200000000004,high,1,0,89.78
7336,L54515,L,299.9,310.4,1328,49.9,206,0,0,0,0,0,0,L,1,10.5,66267.2,high,1,0,94.48
7337,H36750,H,299.9,310.5,1549,42.8,208,0,0,0,0,0,0,H,1,10.600000000000023,66297.2,high,1,0,93.88
7338,L54517,L,299.9,310.5,1539,32.8,213,0,0,0,0,0,0,L,1,10.600000000000023,50479.2,high,1,0,93.88
7339,L54518,L,299.8,310.5,1496,38.8,215,0,0,0,0,0,0,L,1,10.699999999999989,58044.799999999996,high,1,0,95.9
7340,L54519,L,299.8,310.4,1579,36.4,0,0,0,0,0,0,0,L,1,10.599999999999966,57475.6,low,0,0,9.4
7341,L54520,L,299.7,310.3,1386,46.6,2,0,0,0,0,0,0,L,1,10.600000000000023,64587.6,low,0,0,12.24
7342,L54521,L,299.7,310.3,1505,37.7,4,0,0,0,0,0,0,L,1,10.600000000000023,56738.50000000001,low,0,0,11.26
7343,M22202,M,299.7,310.3,1661,34.5,6,0,0,0,0,0,0,M,1,10.600000000000023,57304.5,low,0,0,11.42
7344,L54523,L,299.6,310.2,1468,48.0,9,0,0,0,0,0,0,L,1,10.599999999999966,70464.0,low,0,0,15.32
7345,L54524,L,299.6,310.1,1384,49.8,11,0,0,0,0,0,0,L,1,10.5,68923.2,low,0,0,16.46
7346,L54525,L,299.6,310.2,1381,60.5,13,0,0,0,0,0,0,L,1,10.599999999999966,83550.5,low,0,0,19.42
7347,L54526,L,299.6,310.2,1469,47.0,15,0,0,0,0,0,0,L,1,10.599999999999966,69043.0,low,0,0,17.52
7348,L54527,L,299.6,310.2,1627,36.6,17,0,0,0,0,0,0,L,1,10.599999999999966,59548.200000000004,low,0,0,16.24
7349,H36762,H,299.7,310.3,1462,40.4,19,0,0,0,0,0,0,H,1,10.600000000000023,59064.799999999996,low,0,0,17.8
7350,L54529,L,299.7,310.2,1633,36.5,24,0,0,0,0,0,0,L,1,10.5,59604.5,low,0,0,19.0
7351,L54530,L,299.7,310.2,1469,39.5,26,0,0,0,0,0,0,L,1,10.5,58025.5,low,0,0,20.4
7352,L54531,L,299.7,310.2,1458,43.4,28,0,0,0,0,0,0,L,1,10.5,63277.2,low,0,0,21.98
7353,M22212,M,299.7,310.2,1440,42.8,30,0,0,0,0,0,0,M,1,10.5,61631.99999999999,low,0,0,22.66
7354,L54533,L,299.8,310.3,1687,30.4,33,0,0,0,0,0,0,L,1,10.5,51284.799999999996,low,0,0,21.38
7355,M22214,M,299.7,310.3,1429,47.7,35,0,0,0,0,0,0,M,1,10.600000000000023,68163.3,low,0,0,25.66
7356,L54535,L,299.6,310.2,1588,34.1,38,0,0,0,0,0,0,L,1,10.599999999999966,54150.8,low,0,0,24.14
7357,L54536,L,299.6,310.2,1333,51.2,40,0,0,0,0,0,0,L,1,10.599999999999966,68249.6,low,0,0,28.36
7358,L54537,L,299.6,310.1,1487,42.9,42,0,0,0,0,0,0,L,1,10.5,63792.299999999996,low,0,0,27.48
7359,M22218,M,299.5,310.1,1659,31.5,44,0,0,0,0,0,0,M,1,10.600000000000023,52258.5,low,0,0,26.02
7360,M22219,M,299.4,310.0,1512,43.2,47,0,0,0,0,0,0,M,1,10.600000000000023,65318.4,low,0,0,29.56
7361,L54540,L,299.5,310.1,1585,35.2,50,0,0,0,0,0,0,L,1,10.600000000000023,55792.00000000001,low,0,0,29.16
7362,L54541,L,299.5,310.0,1502,38.5,52,0,0,0,0,0,0,L,1,10.5,57827.0,mid,0,0,30.6
7363,L54542,L,299.5,310.0,1594,35.1,54,0,0,0,0,0,0,L,1,10.5,55949.4,mid,0,0,30.72
7364,L54543,L,299.5,310.0,1412,48.9,56,0,0,0,0,0,0,L,1,10.5,69046.8,mid,0,0,34.28
7365,L54544,L,299.5,309.9,1402,51.7,58,0,0,0,0,0,0,L,1,10.399999999999977,72483.40000000001,mid,0,0,35.62
7366,L54545,L,299.6,310.1,2057,20.4,60,0,0,0,0,0,0,L,1,10.5,41962.799999999996,mid,0,0,30.18
7367,H36780,H,299.6,310.1,1531,36.8,62,0,0,0,0,0,0,H,1,10.5,56340.799999999996,mid,0,0,34.26
7368,M22227,M,299.5,310.1,1359,61.1,67,0,0,0,0,0,0,M,1,10.600000000000023,83034.90000000001,mid,0,0,41.14
7369,M22228,M,299.6,310.2,1620,30.0,70,0,0,0,0,0,0,M,1,10.599999999999966,48600.0,mid,0,0,36.12
7370,M22229,M,299.6,310.1,1646,29.6,73,0,0,0,0,0,0,M,1,10.5,48721.600000000006,mid,0,0,37.22
7371,M22230,M,299.6,310.1,1455,46.1,76,0,0,0,0,0,0,M,1,10.5,67075.5,mid,0,0,41.72
7372,L54551,L,299.6,310.2,1512,44.0,79,0,0,0,0,0,0,L,1,10.599999999999966,66528.0,mid,0,0,42.52
7373,L54552,L,299.6,310.2,1473,42.7,81,0,0,0,0,0,0,L,1,10.599999999999966,62897.100000000006,mid,0,0,43.06
7374,L54553,L,299.6,310.1,1553,38.0,83,0,0,0,0,0,0,L,1,10.5,59014.0,mid,0,0,42.9
7375,L54554,L,299.5,310.0,1379,50.4,85,0,0,0,0,0,0,L,1,10.5,69501.59999999999,mid,0,0,46.18
7376,M22235,M,299.4,309.9,1567,40.6,87,0,0,0,0,0,0,M,1,10.5,63620.200000000004,mid,0,0,45.02
7377,L54556,L,299.5,310.0,1481,43.1,90,0,0,0,0,0,0,L,1,10.5,63831.1,mid,0,0,46.72
7378,L54557,L,299.5,310.0,1349,52.7,92,0,0,0,0,0,0,L,1,10.5,71092.3,mid,0,0,49.44
7379,L54558,L,299.5,310.0,1388,52.4,94,0,0,0,0,0,0,L,1,10.5,72731.2,mid,0,0,50.18
7380,M22239,M,299.6,310.1,1357,48.7,96,0,0,0,0,0,0,M,1,10.5,66085.90000000001,mid,0,0,50.24
7381,L54560,L,299.6,310.2,1743,24.8,99,0,0,0,0,0,0,L,1,10.599999999999966,43226.4,mid,0,0,46.68
7382,L54561,L,299.7,310.3,1495,43.1,101,0,0,0,0,0,0,L,1,10.600000000000023,64434.5,mid,0,0,51.14
7383,L54562,L,299.8,310.4,1698,28.3,103,0,0,0,0,0,0,L,1,10.599999999999966,48053.4,mid,0,0,48.98
7384,M22243,M,299.7,310.4,1410,44.5,105,0,0,0,0,0,0,M,1,10.699999999999989,62745.0,mid,0,0,53.04
7385,L54564,L,299.7,310.4,1614,36.2,108,0,0,0,0,0,0,L,1,10.699999999999989,58426.8,mid,0,0,52.58
7386,M22245,M,299.8,310.5,1375,53.9,110,0,0,0,0,0,0,M,1,10.699999999999989,74112.5,mid,0,0,56.92
7387,M22246,M,299.8,310.6,1574,31.8,113,0,0,0,0,0,0,M,1,10.800000000000011,50053.200000000004,mid,0,0,53.72
7388,H36801,H,299.8,310.6,1423,44.6,116,0,0,0,0,0,0,H,1,10.800000000000011,63465.8,mid,0,0,57.48
7389,M22248,M,299.8,310.6,1694,31.3,121,0,0,0,0,0,0,M,1,10.800000000000011,53022.200000000004,mid,0,0,56.82
7390,L54569,L,299.8,310.6,1707,32.5,124,0,0,0,0,0,0,L,1,10.800000000000011,55477.5,mid,0,0,58.26
7391,M22250,M,299.7,310.5,1490,41.2,126,0,0,0,0,0,0,M,1,10.800000000000011,61388.00000000001,mid,0,0,60.8
7392,L54571,L,299.7,310.6,1675,31.3,129,0,0,0,0,0,0,L,1,10.900000000000034,52427.5,mid,0,0,60.04
7393,M22252,M,299.7,310.5,1492,39.3,131,0,0,0,0,0,0,M,1,10.800000000000011,58635.6,mid,0,0,62.42
7394,M22253,M,299.7,310.5,1594,35.4,134,0,0,0,0,0,0,M,1,10.800000000000011,56427.6,mid,0,0,62.84
7395,L54574,L,299.7,310.6,1479,38.0,137,0,0,0,0,0,0,L,1,10.900000000000034,56202.0,mid,0,0,64.58
7396,M22255,M,299.7,310.6,1572,38.0,139,0,0,0,0,0,0,M,1,10.900000000000034,59736.0,mid,0,0,65.38
7397,L54576,L,299.7,310.6,1616,35.1,142,0,0,0,0,0,0,L,1,10.900000000000034,56721.600000000006,mid,0,0,66.0
7398,L54577,L,299.7,310.6,1737,26.1,144,0,0,0,0,0,0,L,1,10.900000000000034,45335.700000000004,mid,0,0,65.0
7399,M22258,M,299.7,310.7,1498,37.8,146,0,0,0,0,0,0,M,1,11.0,56624.399999999994,mid,0,0,68.16
7400,L54579,L,299.6,310.6,1642,35.1,149,0,0,0,0,0,0,L,1,11.0,57634.200000000004,mid,0,0,68.82
7401,M22260,M,299.6,310.6,1633,34.2,151,0,0,0,0,0,0,M,1,11.0,55848.600000000006,high,0,0,69.44
7402,L54581,L,299.8,310.8,1409,51.9,154,0,0,0,0,0,0,L,1,11.0,73127.09999999999,high,0,0,74.18
7403,M22262,M,299.8,310.8,1463,43.5,156,0,0,0,0,0,0,M,1,11.0,63640.5,high,0,0,73.3
7404,L54583,L,299.8,310.8,1376,48.6,159,0,0,0,0,0,0,L,1,11.0,66873.6,high,0,0,75.52
7405,L54584,L,299.8,310.8,1553,32.2,161,0,0,0,0,0,0,L,1,11.0,50006.600000000006,high,0,0,73.04
7406,M22265,M,299.8,310.8,1530,35.2,163,0,0,0,0,0,0,M,1,11.0,53856.00000000001,high,0,0,74.44
7407,L54586,L,299.8,310.9,1545,40.7,166,0,0,0,0,0,0,L,1,11.099999999999966,62881.50000000001,high,0,0,76.76
7408,H36821,H,299.8,310.9,1427,47.2,168,0,0,0,0,0,0,H,1,11.099999999999966,67354.40000000001,high,0,0,78.86
7409,L54588,L,299.9,310.9,1292,51.1,173,0,0,0,0,0,0,L,1,11.0,66021.2,high,0,0,81.62
7410,L54589,L,299.8,310.9,2084,17.6,175,0,0,0,0,0,0,L,1,11.099999999999966,36678.4,high,0,0,75.74
7411,L54590,L,299.9,311.0,1747,27.6,177,0,0,0,0,0,0,L,1,11.100000000000023,48217.200000000004,high,0,0,78.54
7412,L54591,L,300.0,311.1,1425,47.8,179,0,0,0,0,0,0,L,1,11.100000000000023,68115.0,high,0,0,83.38
7413,L54592,L,300.0,311.0,1637,33.6,181,0,0,0,0,0,0,L,1,11.0,55003.200000000004,high,0,0,81.32
7414,M22273,M,300.1,311.1,1616,35.2,183,0,0,0,0,0,0,M,1,11.0,56883.200000000004,high,0,0,82.44
7415,L54594,L,300.1,311.1,1619,33.4,186,0,0,0,0,0,0,L,1,11.0,54074.6,high,0,0,83.28
7416,L54595,L,300.1,311.2,1489,39.1,188,0,0,0,0,0,0,L,1,11.099999999999966,58219.9,high,0,0,85.24
7417,M22276,M,300.1,311.2,1452,42.4,190,0,0,0,0,0,0,M,1,11.099999999999966,61564.799999999996,high,0,0,86.7
7418,M22277,M,300.1,311.3,1495,41.0,193,0,0,0,0,0,0,M,1,11.199999999999989,61295.0,high,0,0,87.64
7419,M22278,M,300.2,311.4,1427,39.7,196,0,0,0,0,0,0,M,1,11.199999999999989,56651.9,high,0,0,88.58
7420,L54599,L,300.1,311.4,1572,36.2,199,0,0,0,0,0,0,L,1,11.299999999999955,56906.4,high,0,0,89.1
7421,L54600,L,300.1,311.3,1547,40.0,201,0,0,0,0,0,0,L,1,11.199999999999989,61880.0,high,1,0,90.64
7422,M22281,M,300.1,311.4,1342,48.5,203,0,0,0,0,0,0,M,1,11.299999999999955,65087.0,high,1,0,93.16
7423,L54602,L,300.0,311.2,1351,44.1,206,0,0,0,0,0,0,L,1,11.199999999999989,59579.1,high,1,0,93.46
7424,L54603,L,300.0,311.3,1407,47.3,208,0,0,0,0,0,0,L,1,11.300000000000011,66551.09999999999,high,1,0,94.92
7425,M22284,M,300.1,311.4,1575,29.8,210,0,0,0,0,0,0,M,1,11.299999999999955,46935.0,high,1,0,92.22
7426,M22285,M,300.0,311.4,1791,24.1,213,0,0,0,0,0,0,M,1,11.399999999999977,43163.100000000006,high,1,0,92.3
7427,M22286,M,300.0,311.4,1692,29.0,216,1,1,0,0,0,0,M,1,11.399999999999977,49068.0,high,1,1,144.48
7428,L54607,L,300.0,311.4,1634,31.9,0,0,0,0,0,0,0,L,1,11.399999999999977,52124.6,low,0,0,8.66
7429,M22288,M,300.0,311.4,1864,23.3,2,0,0,0,0,0,0,M,1,11.399999999999977,43431.200000000004,low,0,0,7.74
7430,L54609,L,300.0,311.4,1590,33.6,5,0,0,0,0,0,0,L,1,11.399999999999977,53424.0,low,0,0,11.0
7431,M22290,M,300.0,311.4,1384,46.1,7,0,0,0,0,0,0,M,1,11.399999999999977,63802.4,low,0,0,14.3
7432,M22291,M,300.0,311.4,1352,61.8,10,0,0,0,0,0,0,M,1,11.399999999999977,83553.59999999999,low,0,0,18.64
7433,L54612,L,300.1,311.4,1484,43.1,13,0,0,0,0,0,0,L,1,11.299999999999955,63960.4,low,0,0,16.08
7434,M22293,M,300.1,311.4,1913,21.9,15,0,0,0,0,0,0,M,1,11.299999999999955,41894.7,low,0,0,12.64
7435,L54614,L,300.0,311.4,1508,38.2,18,0,0,0,0,0,0,L,1,11.399999999999977,57605.600000000006,low,0,0,17.12
7436,L54615,L,299.9,311.3,1504,40.7,20,0,0,0,0,0,0,L,1,11.400000000000034,61212.8,low,0,0,18.42
7437,L54616,L,300.0,311.4,1487,41.2,22,0,0,0,0,0,0,L,1,11.399999999999977,61264.4,low,0,0,19.32
7438,L54617,L,299.8,311.3,1727,30.0,24,0,0,0,0,0,0,L,1,11.5,51810.0,low,0,0,17.9
7439,L54618,L,299.9,311.3,1647,27.5,26,0,0,0,0,0,0,L,1,11.400000000000034,45292.5,low,0,0,18.18
7440,L54619,L,300.0,311.3,1493,41.4,28,0,0,0,0,0,0,L,1,11.300000000000011,61810.2,low,0,0,21.74
7441,L54620,L,300.0,311.4,1655,29.6,30,0,0,0,0,0,0,L,1,11.399999999999977,48988.0,low,0,0,20.2
7442,M22301,M,299.9,311.4,1337,54.8,32,0,0,0,0,0,0,M,1,11.5,73267.59999999999,low,0,0,26.06
7443,L54622,L,300.0,311.5,1601,36.9,35,0,0,0,0,0,0,L,1,11.5,59076.899999999994,low,0,0,23.68
7444,H36857,H,300.1,311.6,1589,37.9,37,0,0,0,0,0,0,H,1,11.5,60223.1,low,0,0,24.68
7445,L54624,L,300.2,311.7,1286,55.1,42,0,0,0,0,0,0,L,1,11.5,70858.6,low,0,0,30.12
7446,L54625,L,300.2,311.7,1553,41.3,44,0,0,0,0,0,0,L,1,11.5,64138.899999999994,low,0,0,28.16
7447,L54626,L,300.2,311.8,1379,51.0,46,0,0,0,0,0,0,L,1,11.600000000000023,70329.0,low,0,0,30.92
7448,M22307,M,300.3,311.9,1677,30.8,48,0,0,0,0,0,0,M,1,11.599999999999966,51651.6,low,0,0,27.68
7449,L54628,L,300.3,311.8,1488,38.4,51,0,0,0,0,0,0,L,1,11.5,57139.2,mid,0,0,30.38
7450,L54629,L,300.3,311.8,1418,45.9,53,0,0,0,0,0,0,L,1,11.5,65086.2,mid,0,0,32.68
7451,L54630,L,300.3,311.8,1451,41.0,55,0,0,0,0,0,0,L,1,11.5,59491.0,mid,0,0,32.5
7452,L54631,L,300.3,311.8,1508,43.1,57,0,0,0,0,0,0,L,1,11.5,64994.8,mid,0,0,33.72
7453,L54632,L,300.3,311.7,1579,33.6,59,0,0,0,0,0,0,L,1,11.399999999999977,53054.4,mid,0,0,32.6
7454,H36867,H,300.3,311.7,1432,47.7,61,0,0,0,0,0,0,H,1,11.399999999999977,68306.40000000001,mid,0,0,36.22
7455,L54634,L,300.2,311.6,1446,47.3,66,0,0,0,0,0,0,L,1,11.400000000000034,68395.8,mid,0,0,38.14
7456,M22315,M,300.2,311.7,1597,39.5,68,0,0,0,0,0,0,M,1,11.5,63081.5,mid,0,0,37.4
7457,M22316,M,300.2,311.7,1397,50.2,71,0,0,0,0,0,0,M,1,11.5,70129.40000000001,mid,0,0,40.74
7458,L54637,L,300.1,311.6,1530,36.6,74,0,0,0,0,0,0,L,1,11.5,55998.0,mid,0,0,39.22
7459,M22318,M,300.1,311.6,1433,51.4,76,0,0,0,0,0,0,M,1,11.5,73656.2,mid,0,0,42.98
7460,L54639,L,300.0,311.5,1591,32.0,79,0,0,0,0,0,0,L,1,11.5,50912.0,mid,0,0,40.3
7461,L54640,L,300.0,311.5,1445,41.6,81,0,0,0,0,0,0,L,1,11.5,60112.0,mid,0,0,43.02
7462,L54641,L,300.0,311.5,1749,28.3,83,0,0,0,0,0,0,L,1,11.5,49496.700000000004,mid,0,0,41.16
7463,L54642,L,300.0,311.3,1703,30.4,85,0,0,0,0,0,0,L,1,11.300000000000011,51771.2,mid,0,0,42.34
7464,H36877,H,300.1,311.4,1518,46.9,87,0,0,0,0,0,0,H,1,11.299999999999955,71194.2,mid,0,0,46.44
7465,L54644,L,300.1,311.3,1535,42.3,92,0,0,0,0,0,0,L,1,11.199999999999989,64930.49999999999,mid,0,0,47.5
7466,M22325,M,300.1,311.4,1390,52.1,94,0,0,0,0,0,0,M,1,11.299999999999955,72419.0,mid,0,0,50.28
7467,H36880,H,300.3,311.6,1801,23.6,97,0,0,0,0,0,0,H,1,11.300000000000011,42503.600000000006,mid,0,0,45.78
7468,H36881,H,300.3,311.6,1463,41.6,102,0,0,0,0,0,0,H,1,11.300000000000011,60860.8,mid,0,0,51.38
7469,L54648,L,300.3,311.6,1560,37.7,107,0,0,0,0,0,0,L,1,11.300000000000011,58812.00000000001,mid,0,0,52.6
7470,L54649,L,300.3,311.6,1607,33.5,109,0,0,0,0,0,0,L,1,11.300000000000011,53834.5,mid,0,0,52.56
7471,L54650,L,300.4,311.6,1332,54.6,111,0,0,0,0,0,0,L,1,11.200000000000045,72727.2,mid,0,0,57.56
7472,L54651,L,300.3,311.7,1365,53.3,113,0,0,0,0,0,0,L,1,11.399999999999977,72754.5,mid,0,0,58.14
7473,M22332,M,300.3,311.6,1617,32.5,115,0,0,0,0,0,0,M,1,11.300000000000011,52552.5,mid,0,0,54.76
7474,M22333,M,300.3,311.6,1304,62.8,118,0,0,0,0,0,0,M,1,11.300000000000011,81891.2,mid,0,0,62.02
7475,L54654,L,300.3,311.7,1989,22.3,121,0,0,0,0,0,0,L,1,11.399999999999977,44354.700000000004,mid,0,0,55.14
7476,H36889,H,300.3,311.6,1339,53.4,123,0,0,0,0,0,0,H,1,11.300000000000011,71502.59999999999,mid,0,0,62.14
7477,L54656,L,300.2,311.5,1492,41.8,128,0,0,0,0,0,0,L,1,11.300000000000011,62365.6,mid,0,0,61.82
7478,M22337,M,300.1,311.3,1518,40.2,130,0,0,0,0,0,0,M,1,11.199999999999989,61023.600000000006,mid,0,0,62.28
7479,L54658,L,300.1,311.3,1479,39.5,133,0,0,0,0,0,0,L,1,11.199999999999989,58420.5,mid,0,0,63.34
7480,M22339,M,300.1,311.3,1523,34.1,135,0,0,0,0,0,0,M,1,11.199999999999989,51934.3,mid,0,0,63.06
7481,M22340,M,300.2,311.4,1570,35.3,138,0,0,0,0,0,0,M,1,11.199999999999989,55420.99999999999,mid,0,0,64.5
7482,H36895,H,300.2,311.4,1506,36.1,141,0,0,0,0,0,0,H,1,11.199999999999989,54366.6,mid,0,0,65.86
7483,M22342,M,300.2,311.6,1510,47.5,146,0,0,0,0,0,0,M,1,11.400000000000034,71725.0,mid,0,0,70.18
7484,L54663,L,300.2,311.6,1671,28.8,149,0,0,0,0,0,0,L,1,11.400000000000034,48124.8,mid,0,0,67.64
7485,M22344,M,300.3,311.6,1312,53.4,151,0,0,0,0,0,0,M,1,11.300000000000011,70060.8,high,0,0,73.34
7486,L54665,L,300.3,311.6,1595,38.8,154,0,0,0,0,0,0,L,1,11.300000000000011,61885.99999999999,high,0,0,71.62
7487,L54666,L,300.3,311.7,1635,31.8,156,0,0,0,0,0,0,L,1,11.399999999999977,51993.0,high,0,0,71.04
7488,L54667,L,300.3,311.7,1707,33.6,158,0,0,0,0,0,0,L,1,11.399999999999977,57355.200000000004,high,0,0,72.2
7489,L54668,L,300.3,311.7,1545,43.5,160,0,0,0,0,0,1,L,1,11.399999999999977,67207.5,high,0,1,74.98
7490,M22349,M,300.2,311.6,1751,28.0,162,0,0,0,0,0,0,M,1,11.400000000000034,49028.0,high,0,0,72.68
7491,M22350,M,300.4,311.8,1707,30.0,165,0,0,0,0,0,0,M,1,11.400000000000034,51210.0,high,0,0,74.28
7492,L54671,L,300.4,311.8,1320,57.9,168,0,0,0,0,0,0,L,1,11.400000000000034,76428.0,high,0,0,81.06
7493,M22352,M,300.3,311.7,1319,51.4,170,0,0,0,0,0,0,M,1,11.399999999999977,67796.59999999999,high,0,0,80.56
7494,L54673,L,300.2,311.7,1448,54.2,173,0,0,0,0,0,0,L,1,11.5,78481.6,high,0,0,82.34
7495,L54674,L,300.2,311.8,1436,48.2,175,0,0,0,0,0,0,L,1,11.600000000000023,69215.2,high,0,0,81.96
7496,L54675,L,300.3,311.9,1609,34.0,177,0,0,0,0,0,0,L,1,11.599999999999966,54706.0,high,0,0,79.92
7497,L54676,L,300.2,311.8,1464,44.5,179,0,0,0,0,0,0,L,1,11.600000000000023,65148.0,high,0,0,82.82
7498,M22357,M,300.3,311.8,1483,45.1,181,0,0,0,0,0,0,M,1,11.5,66883.3,high,0,0,83.72
7499,M22358,M,300.2,311.8,1748,28.5,184,0,0,0,0,0,0,M,1,11.600000000000023,49818.0,high,0,0,81.62
7500,L54679,L,300.3,311.8,1746,26.3,187,0,0,0,0,0,0,L,1,11.5,45919.8,high,0,0,82.36
7501,L54680,L,300.2,311.8,1410,51.4,189,0,0,0,0,0,0,L,1,11.600000000000023,72474.0,high,0,0,88.2
7502,L54681,L,300.2,311.7,1640,30.8,191,0,0,0,0,0,0,L,1,11.5,50512.0,high,0,0,84.86
7503,H36916,H,300.3,311.7,1655,29.9,193,0,0,0,0,0,0,H,1,11.399999999999977,49484.5,high,0,0,85.46
7504,M22363,M,300.3,311.7,1646,28.9,198,0,0,0,0,0,0,M,1,11.399999999999977,47569.399999999994,high,0,0,87.26
7505,L54684,L,300.4,311.8,1589,42.0,201,0,0,0,0,0,0,L,1,11.400000000000034,66738.0,high,1,0,91.08
7506,L54685,L,300.5,311.9,1546,39.4,203,0,0,0,0,0,0,L,1,11.399999999999977,60912.399999999994,high,1,0,91.36
7507,L54686,L,300.5,311.9,1511,41.8,205,0,0,0,0,0,0,L,1,11.399999999999977,63159.799999999996,high,1,0,92.64
7508,L54687,L,300.5,311.9,1750,28.3,207,0,0,0,0,0,0,L,1,11.399999999999977,49525.0,high,1,0,90.74
7509,M22368,M,300.5,311.9,1730,27.5,209,0,0,0,0,0,0,M,1,11.399999999999977,47575.0,high,1,0,91.38
7510,L54689,L,300.6,311.9,1372,60.1,212,1,0,0,0,1,0,L,1,11.299999999999955,82457.2,high,1,1,149.08
7511,L54690,L,300.5,311.8,1524,38.9,214,1,1,0,0,0,0,L,1,11.300000000000011,59283.6,high,1,1,145.64
7512,L54691,L,300.4,311.8,1601,36.1,0,0,0,0,0,0,0,L,1,11.400000000000034,57796.100000000006,low,0,0,9.5
7513,M22372,M,300.5,311.8,1636,34.4,2,0,0,0,0,0,0,M,1,11.300000000000011,56278.399999999994,low,0,0,9.94
7514,L54693,L,300.4,311.8,2261,14.9,5,0,0,0,0,0,0,L,1,11.400000000000034,33688.9,low,0,0,7.26
7515,L54694,L,300.4,311.8,1636,32.3,7,0,0,0,0,0,0,L,1,11.400000000000034,52842.799999999996,low,0,0,11.54
7516,M22375,M,300.4,311.9,1335,58.3,9,0,0,0,0,0,0,M,1,11.5,77830.5,low,0,0,17.56
7517,M22376,M,300.3,311.7,1236,57.5,12,0,0,0,0,0,0,M,1,11.399999999999977,71070.0,low,0,0,18.58
7518,L54697,L,300.3,311.7,1445,47.3,15,0,0,0,0,0,0,L,1,11.399999999999977,68348.5,low,0,0,17.74
7519,L54698,L,300.2,311.5,1500,40.8,17,0,0,0,0,0,0,L,1,11.300000000000011,61199.99999999999,low,0,0,17.22
7520,L54699,L,300.2,311.6,1999,21.0,19,0,0,0,0,0,0,L,1,11.400000000000034,41979.0,low,0,0,14.08
7521,L54700,L,300.2,311.6,1529,35.5,21,0,0,0,0,0,0,L,1,11.400000000000034,54279.5,low,0,0,17.78
7522,M22381,M,300.2,311.6,1467,40.7,23,0,0,0,0,0,0,M,1,11.400000000000034,59706.9,low,0,0,19.62
7523,L54702,L,300.1,311.5,1334,54.0,26,0,0,0,0,0,0,L,1,11.399999999999977,72036.0,low,0,0,23.48
7524,M22383,M,300.1,311.5,1343,46.2,28,0,0,0,0,0,0,M,1,11.399999999999977,62046.600000000006,low,0,0,22.72
7525,L54704,L,300.2,311.5,1639,31.1,31,0,0,0,0,0,0,L,1,11.300000000000011,50972.9,low,0,0,20.88
7526,H36939,H,300.1,311.5,1383,49.1,33,0,0,0,0,0,0,H,1,11.399999999999977,67905.3,low,0,0,25.3
7527,L54706,L,300.1,311.4,1660,31.4,38,0,0,0,0,0,0,L,1,11.299999999999955,52124.0,low,0,0,23.74
7528,L54707,L,300.1,311.3,1470,45.2,40,0,0,0,0,0,0,L,1,11.199999999999989,66444.0,low,0,0,27.28
7529,M22388,M,300.1,311.3,1748,26.6,42,0,0,0,0,0,0,M,1,11.199999999999989,46496.8,low,0,0,24.36
7530,L54709,L,300.1,311.4,1467,35.7,45,0,0,0,0,0,0,L,1,11.299999999999955,52371.9,low,0,0,27.4
7531,M22390,M,300.1,311.4,1617,39.3,47,0,0,0,0,0,0,M,1,11.299999999999955,63548.1,low,0,0,28.92
7532,H36945,H,300.1,311.4,1377,56.7,50,0,0,0,0,0,0,H,1,11.299999999999955,78075.90000000001,low,0,0,33.6
7533,M22392,M,300.0,311.3,1629,32.1,55,0,0,0,0,0,0,M,1,11.300000000000011,52290.9,mid,0,0,30.68
7534,L54713,L,300.0,311.2,1504,37.9,58,0,0,0,0,0,0,L,1,11.199999999999989,57001.6,mid,0,0,33.02
7535,L54714,L,300.0,311.2,1418,47.3,60,0,0,0,0,0,0,L,1,11.199999999999989,67071.4,mid,0,0,35.7
7536,L54715,L,300.0,311.2,1629,31.7,62,0,0,0,0,0,0,L,1,11.199999999999989,51639.299999999996,mid,0,0,33.38
7537,L54716,L,300.1,311.3,2579,12.5,64,1,0,0,1,0,0,L,1,11.199999999999989,32237.5,mid,0,1,80.34
7538,L54717,L,300.1,311.3,1305,64.7,66,0,0,0,0,0,0,L,1,11.199999999999989,84433.5,mid,0,0,41.58
7539,M22398,M,300.2,311.4,1450,38.5,68,0,0,0,0,0,0,M,1,11.199999999999989,55825.0,mid,0,0,37.14
7540,L54719,L,300.2,311.3,1487,36.9,71,0,0,0,0,0,0,L,1,11.100000000000023,54870.299999999996,mid,0,0,38.0
7541,M22400,M,300.2,311.3,1587,31.2,73,0,0,0,0,0,0,M,1,11.100000000000023,49514.4,mid,0,0,37.66
7542,M22401,M,300.3,311.5,1528,40.9,76,0,0,0,0,0,0,M,1,11.199999999999989,62495.2,mid,0,0,40.82
7543,M22402,M,300.4,311.6,1401,49.9,79,0,0,0,0,0,0,M,1,11.200000000000045,69909.9,mid,0,0,43.82
7544,L54723,L,300.3,311.5,1446,45.0,82,0,0,0,0,0,0,L,1,11.199999999999989,65070.0,mid,0,0,44.04
7545,L54724,L,300.2,311.4,1425,44.2,84,0,0,0,0,0,0,L,1,11.199999999999989,62985.00000000001,mid,0,0,44.68
7546,L54725,L,300.2,311.4,1891,22.6,86,0,0,0,0,0,0,L,1,11.199999999999989,42736.600000000006,mid,0,0,41.16
7547,H36960,H,300.2,311.5,1454,42.8,88,0,0,0,0,0,0,H,1,11.300000000000011,62231.2,mid,0,0,46.02
7548,L54727,L,300.1,311.4,1430,40.9,93,0,0,0,0,0,0,L,1,11.299999999999955,58487.0,mid,0,0,47.64
7549,L54728,L,300.2,311.4,1495,43.6,95,0,0,0,0,0,0,L,1,11.199999999999989,65182.0,mid,0,0,48.96
7550,L54729,L,300.3,311.4,1544,41.6,97,0,0,0,0,0,0,L,1,11.099999999999966,64230.4,mid,0,0,49.34
7551,M22410,M,300.3,311.4,1554,34.3,99,0,0,0,0,0,0,M,1,11.099999999999966,53302.2,mid,0,0,48.68
7552,M22411,M,300.2,311.3,1491,37.3,102,0,0,0,0,0,0,M,1,11.100000000000023,55614.299999999996,mid,0,0,50.48
7553,L54732,L,300.3,311.3,1525,40.7,105,0,0,0,0,0,0,L,1,11.0,62067.50000000001,mid,0,0,52.34
7554,L54733,L,300.3,311.3,1505,39.6,107,0,0,0,0,0,0,L,1,11.0,59598.0,mid,0,0,52.92
7555,M22414,M,300.3,311.4,1371,50.2,109,0,0,0,0,0,0,M,1,11.099999999999966,68824.2,mid,0,0,55.86
7556,L54735,L,300.3,311.3,1332,60.5,112,0,0,0,0,0,0,L,1,11.0,80586.0,mid,0,0,59.1
7557,L54736,L,300.3,311.4,1471,37.0,114,0,0,0,0,0,0,L,1,11.099999999999966,54427.0,mid,0,0,55.22
7558,M22417,M,300.4,311.5,1750,27.3,116,0,0,0,0,0,0,M,1,11.100000000000023,47775.0,mid,0,0,54.08
7559,M22418,M,300.3,311.4,1386,48.1,119,0,0,0,0,0,0,M,1,11.099999999999966,66666.6,mid,0,0,59.44
7560,M22419,M,300.4,311.4,1355,56.2,122,0,0,0,0,0,0,M,1,11.0,76151.0,mid,0,0,62.24
7561,M22420,M,300.3,311.3,1377,53.8,125,0,0,0,0,0,0,M,1,11.0,74082.59999999999,mid,0,0,62.96
7562,L54741,L,300.3,311.1,1388,49.4,128,0,0,0,0,0,0,L,1,10.800000000000011,68567.2,mid,0,0,63.24
7563,M22422,M,300.3,311.1,1350,58.7,130,0,0,0,0,0,0,M,1,10.800000000000011,79245.0,mid,0,0,65.9
7564,M22423,M,300.4,311.2,1831,23.4,133,0,0,0,0,0,0,M,1,10.800000000000011,42845.399999999994,mid,0,0,60.04
7565,M22424,M,300.3,311.2,1381,65.2,136,1,0,0,1,0,0,M,1,10.899999999999977,90041.2,mid,0,1,119.62
7566,M22425,M,300.3,311.2,1783,25.6,139,0,0,0,0,0,0,M,1,10.899999999999977,45644.8,mid,0,0,62.9
7567,L54746,L,300.3,311.0,1613,34.7,142,0,0,0,0,0,0,L,1,10.699999999999989,55971.100000000006,mid,0,0,65.88
7568,M22427,M,300.2,311.0,2370,14.7,144,0,0,0,0,0,0,M,1,10.800000000000011,34839.0,mid,0,0,62.7
7569,L54748,L,300.2,311.0,1627,33.7,147,0,0,0,0,0,0,L,1,10.800000000000011,54829.9,mid,0,0,67.7
7570,L54749,L,300.2,311.0,1255,71.8,149,1,0,0,1,0,0,L,1,10.800000000000011,90109.0,mid,0,1,126.12
7571,H36984,H,300.2,311.0,1777,27.5,151,0,0,0,0,0,0,H,1,10.800000000000011,48867.5,high,0,0,68.06
7572,L54751,L,300.3,311.1,1606,30.9,156,0,0,0,0,0,0,L,1,10.800000000000011,49625.399999999994,high,0,0,70.74
7573,L54752,L,300.3,311.1,1676,28.6,158,0,0,0,0,0,0,L,1,10.800000000000011,47933.600000000006,high,0,0,71.08
7574,L54753,L,300.3,311.1,1605,37.1,160,0,0,0,0,0,0,L,1,10.800000000000011,59545.5,high,0,0,73.58
7575,L54754,L,300.4,311.1,1487,37.4,162,0,0,0,0,0,0,L,1,10.700000000000045,55613.799999999996,high,0,0,74.42
7576,L54755,L,300.4,311.2,1471,46.5,164,0,0,0,0,0,0,L,1,10.800000000000011,68401.5,high,0,0,77.06
7577,M22436,M,300.3,311.1,1477,44.2,166,0,0,0,0,0,0,M,1,10.800000000000011,65283.4,high,0,0,77.4
7578,L54757,L,300.4,311.2,1530,32.0,169,0,0,0,0,0,0,L,1,10.800000000000011,48960.0,high,0,0,76.16
7579,L54758,L,300.4,311.2,1673,28.9,171,0,0,0,0,0,0,L,1,10.800000000000011,48349.7,high,0,0,76.34
7580,L54759,L,300.4,311.2,1436,56.8,173,0,0,0,0,0,0,L,1,10.800000000000011,81564.8,high,0,0,82.72
7581,L54760,L,300.4,311.3,1495,51.2,175,0,0,0,0,0,0,L,1,10.900000000000034,76544.0,high,0,0,82.42
7582,M22441,M,300.4,311.2,1366,56.1,177,0,0,0,0,0,0,M,1,10.800000000000011,76632.6,high,0,0,84.18
7583,H36996,H,300.4,311.2,1489,45.3,180,0,0,0,0,0,0,H,1,10.800000000000011,67451.7,high,0,0,83.22
7584,L54763,L,300.3,311.1,1480,46.6,185,0,0,0,0,0,0,L,1,10.800000000000011,68968.0,high,0,0,85.48
7585,L54764,L,300.4,311.2,1472,37.3,187,0,0,0,0,0,0,L,1,10.800000000000011,54905.6,high,0,0,84.42
7586,L54765,L,300.4,311.1,1397,50.8,189,0,0,0,0,0,0,L,1,10.700000000000045,70967.59999999999,high,0,0,87.9
7587,L54766,L,300.4,311.1,1589,35.5,191,0,0,0,0,0,0,L,1,10.700000000000045,56409.5,high,0,0,85.64
7588,L54767,L,300.4,311.1,1405,54.1,193,0,0,0,0,0,0,L,1,10.700000000000045,76010.5,high,0,0,90.16
7589,L54768,L,300.4,311.1,2013,20.1,195,0,0,0,0,0,0,L,1,10.700000000000045,40461.3,high,0,0,84.16
7590,L54769,L,300.4,311.0,1802,26.0,197,0,0,0,0,0,0,L,1,10.600000000000023,46852.0,high,0,0,86.12
7591,M22450,M,300.4,311.0,1433,46.1,199,0,0,0,0,0,0,M,1,10.600000000000023,66061.3,high,0,0,90.94
7592,M22451,M,300.5,311.1,1296,61.3,202,1,0,0,0,1,0,M,1,10.600000000000023,79444.8,high,1,1,145.18
7593,M22452,M,300.5,311.2,1551,36.6,205,0,0,0,0,0,0,M,1,10.699999999999989,56766.600000000006,high,1,0,91.46
7594,L54773,L,300.5,311.2,1270,67.5,208,1,0,0,0,1,0,L,1,10.699999999999989,85725.0,high,1,1,148.84
7595,L54774,L,300.6,311.3,1531,38.5,0,0,0,0,0,0,0,L,1,10.699999999999989,58943.5,low,0,0,9.84
7596,H37009,H,300.5,311.2,1397,45.2,2,0,0,0,0,0,0,H,1,10.699999999999989,63144.4,low,0,0,11.98
7597,L54776,L,300.5,311.1,1547,37.2,7,0,0,0,0,0,0,L,1,10.600000000000023,57548.4,low,0,0,12.36
7598,L54777,L,300.5,311.0,2074,18.9,9,0,0,0,0,0,0,L,1,10.5,39198.6,low,0,0,9.48
7599,L54778,L,300.5,311.1,1491,42.6,11,0,0,0,0,0,0,L,1,10.600000000000023,63516.6,low,0,0,15.04
7600,L54779,L,300.5,311.0,1759,28.3,13,0,0,0,0,0,0,L,1,10.5,49779.700000000004,low,0,0,12.96
7601,M22460,M,300.4,311.0,1595,35.4,15,0,0,0,0,0,0,M,1,10.600000000000023,56463.0,low,0,0,15.2
7602,L54781,L,300.4,311.2,1351,62.0,18,0,0,0,0,0,0,L,1,10.800000000000011,83762.0,low,0,0,21.76
7603,L54782,L,300.4,311.2,1705,28.7,20,0,0,0,0,0,0,L,1,10.800000000000011,48933.5,low,0,0,15.9
7604,L54783,L,300.4,311.2,1406,43.6,22,0,0,0,0,0,0,L,1,10.800000000000011,61301.6,low,0,0,19.68
7605,L54784,L,300.4,311.3,1639,34.6,24,0,0,0,0,0,0,L,1,10.900000000000034,56709.4,low,0,0,18.7
7606,H37019,H,300.4,311.3,2026,20.3,26,0,0,0,0,0,0,H,1,10.900000000000034,41127.8,low,0,0,16.64
7607,M22466,M,300.4,311.3,1350,56.5,31,0,0,0,0,0,0,M,1,10.900000000000034,76275.0,low,0,0,25.88
7608,M22467,M,300.5,311.3,1468,41.1,34,0,0,0,0,0,0,M,1,10.800000000000011,60334.8,low,0,0,23.98
7609,L54788,L,300.5,311.4,1642,27.1,37,0,0,0,0,0,0,L,1,10.899999999999977,44498.200000000004,low,0,0,22.4
7610,L54789,L,300.5,311.3,1490,41.8,39,0,0,0,0,0,0,L,1,10.800000000000011,62281.99999999999,low,0,0,26.12
7611,M22470,M,300.5,311.3,1507,43.4,41,0,0,0,0,0,0,M,1,10.800000000000011,65403.799999999996,low,0,0,27.24
7612,L54791,L,300.5,311.4,1611,32.7,44,0,0,0,0,0,0,L,1,10.899999999999977,52679.700000000004,low,0,0,26.32
7613,M22472,M,300.5,311.4,1743,27.6,46,0,0,0,0,0,0,M,1,10.899999999999977,48106.8,low,0,0,26.1
7614,L54793,L,300.5,311.3,1475,46.3,49,0,0,0,0,0,0,L,1,10.800000000000011,68292.5,low,0,0,31.02
7615,L54794,L,300.5,311.4,1432,47.5,51,0,0,0,0,0,0,L,1,10.899999999999977,68020.0,mid,0,0,32.08
7616,L54795,L,300.5,311.4,1442,47.0,53,0,0,0,0,0,0,L,1,10.899999999999977,67774.0,mid,0,0,32.78
7617,M22476,M,300.6,311.4,1468,40.4,55,0,0,0,0,0,0,M,1,10.799999999999955,59307.2,mid,0,0,32.24
7618,L54797,L,300.5,311.4,1556,45.3,58,0,0,0,0,0,0,L,1,10.899999999999977,70486.79999999999,mid,0,0,34.44
7619,M22478,M,300.5,311.4,1312,51.4,60,0,0,0,0,0,0,M,1,10.899999999999977,67436.8,mid,0,0,36.46
7620,L54799,L,300.6,311.5,1459,47.0,63,0,0,0,0,0,0,L,1,10.899999999999977,68573.0,mid,0,0,36.78
7621,L54800,L,300.5,311.5,1651,36.9,65,0,0,0,0,0,0,L,1,11.0,60921.899999999994,mid,0,0,35.58
7622,L54801,L,300.5,311.5,1490,38.4,67,0,0,0,0,0,0,L,1,11.0,57216.0,mid,0,0,36.68
7623,M22482,M,300.6,311.6,1473,31.5,69,0,0,0,0,0,0,M,1,11.0,46399.5,mid,0,0,36.1
7624,L54803,L,300.6,311.7,1734,29.9,72,0,0,0,0,0,0,L,1,11.099999999999966,51846.6,mid,0,0,37.0
7625,L54804,L,300.6,311.7,1507,45.5,74,0,0,0,0,0,0,L,1,11.099999999999966,68568.5,mid,0,0,40.92
7626,L54805,L,300.6,311.7,1556,34.9,76,0,0,0,0,0,0,L,1,11.099999999999966,54304.399999999994,mid,0,0,39.6
7627,H37040,H,300.5,311.6,1351,53.5,78,0,0,0,0,0,0,H,1,11.100000000000023,72278.5,mid,0,0,44.12
7628,L54807,L,300.5,311.7,1445,44.8,83,0,0,0,0,0,0,L,1,11.199999999999989,64735.99999999999,mid,0,0,44.4
7629,L54808,L,300.5,311.7,1619,32.7,85,0,0,0,0,0,0,L,1,11.199999999999989,52941.3,mid,0,0,42.78
7630,M22489,M,300.5,311.7,1269,64.0,87,0,0,0,0,0,0,M,1,11.199999999999989,81216.0,mid,0,0,49.84
7631,L54810,L,300.5,311.6,1534,37.7,90,0,0,0,0,0,0,L,1,11.100000000000023,57831.8,mid,0,0,45.76
7632,L54811,L,300.5,311.6,1444,49.3,92,0,0,0,0,0,0,L,1,11.100000000000023,71189.2,mid,0,0,48.88
7633,L54812,L,300.5,311.6,1744,26.8,94,0,0,0,0,0,0,L,1,11.100000000000023,46739.200000000004,mid,0,0,45.18
7634,L54813,L,300.4,311.5,1441,44.6,96,0,0,0,0,0,0,L,1,11.100000000000023,64268.6,mid,0,0,49.54
7635,M22494,M,300.3,311.3,1506,40.7,98,0,0,0,0,0,0,M,1,11.0,61294.200000000004,mid,0,0,49.54
7636,L54815,L,300.3,311.4,1526,38.5,101,0,0,0,0,0,0,L,1,11.099999999999966,58751.0,mid,0,0,50.32
7637,L54816,L,300.4,311.5,1704,29.7,103,0,0,0,0,0,0,L,1,11.100000000000023,50608.799999999996,mid,0,0,49.36
7638,H37051,H,300.4,311.4,1445,52.4,105,0,0,0,0,0,0,H,1,11.0,75718.0,mid,0,0,54.68
7639,L54818,L,300.5,311.5,1661,35.9,110,0,0,0,0,0,0,L,1,11.0,59629.899999999994,mid,0,0,53.38
7640,L54819,L,300.5,311.4,1466,41.8,112,0,0,0,0,0,0,L,1,10.899999999999977,61278.799999999996,mid,0,0,55.34
7641,L54820,L,300.4,311.3,1608,35.1,114,0,0,0,0,0,0,L,1,10.900000000000034,56440.8,mid,0,0,54.8
7642,M22501,M,300.4,311.4,1352,57.3,116,0,0,0,0,0,0,M,1,11.0,77469.59999999999,mid,0,0,60.06
7643,M22502,M,300.4,311.4,1604,31.7,119,0,0,0,0,0,0,M,1,11.0,50846.799999999996,mid,0,0,56.14
7644,H37057,H,300.4,311.4,1427,50.7,122,0,0,0,0,0,0,H,1,11.0,72348.90000000001,mid,0,0,61.14
7645,L54824,L,300.4,311.4,1424,44.6,127,0,0,0,0,0,0,L,1,11.0,63510.4,mid,0,0,61.92
7646,L54825,L,300.4,311.4,1662,29.3,129,0,0,0,0,0,0,L,1,11.0,48696.6,mid,0,0,59.66
7647,L54826,L,300.4,311.4,1936,23.9,131,0,0,0,0,0,0,L,1,11.0,46270.399999999994,mid,0,0,59.38
7648,L54827,L,300.4,311.4,1728,31.7,133,0,0,0,0,0,0,L,1,11.0,54777.6,mid,0,0,61.74
7649,L54828,L,300.4,311.4,1552,28.8,135,0,0,0,0,0,0,L,1,11.0,44697.6,mid,0,0,61.96
7650,H37063,H,300.4,311.5,1662,29.0,137,0,0,0,0,0,0,H,1,11.100000000000023,48198.0,mid,0,0,62.82
7651,L54830,L,300.3,311.4,1343,57.7,142,0,0,0,0,0,0,L,1,11.099999999999966,77491.1,mid,0,0,70.56
7652,M22511,M,300.4,311.5,1476,32.6,144,0,0,0,0,0,0,M,1,11.100000000000023,48117.6,mid,0,0,66.34
7653,L54832,L,300.3,311.4,1346,51.1,147,0,0,0,0,0,0,L,1,11.099999999999966,68780.6,mid,0,0,71.24
7654,L54833,L,300.4,311.5,1492,44.6,149,0,0,0,0,0,0,L,1,11.100000000000023,66543.2,mid,0,0,70.74
7655,M22514,M,300.3,311.5,1540,41.5,151,0,0,0,0,0,0,M,1,11.199999999999989,63910.0,high,0,0,70.94
7656,L54835,L,300.4,311.5,1596,32.5,154,0,0,0,0,0,0,L,1,11.100000000000023,51870.0,high,0,0,70.32
7657,L54836,L,300.5,311.6,1541,47.8,156,0,0,0,0,0,0,L,1,11.100000000000023,73659.79999999999,high,0,0,74.18
7658,L54837,L,300.5,311.6,1661,30.0,158,0,0,0,0,0,0,L,1,11.100000000000023,49830.0,high,0,0,71.42
7659,M22518,M,300.4,311.6,1359,55.4,160,0,0,0,0,0,0,M,1,11.200000000000045,75288.59999999999,high,0,0,77.32
7660,L54839,L,300.5,311.6,1528,42.4,163,0,0,0,0,0,0,L,1,11.100000000000023,64787.2,high,0,0,75.9
7661,M22520,M,300.5,311.6,1246,52.9,165,0,0,0,0,0,0,M,1,11.100000000000023,65913.4,high,0,0,78.8
7662,L54841,L,300.5,311.6,1575,32.5,168,0,0,0,0,0,0,L,1,11.100000000000023,51187.5,high,0,0,75.92
7663,M22522,M,300.5,311.6,1658,30.4,170,0,0,0,0,0,0,M,1,11.100000000000023,50403.2,high,0,0,76.3
7664,L54843,L,300.5,311.6,1385,54.8,173,0,0,0,0,0,0,L,1,11.100000000000023,75898.0,high,0,0,82.38
7665,H37078,H,300.5,311.7,1454,50.3,175,0,0,0,0,0,0,H,1,11.199999999999989,73136.2,high,0,0,82.3
7666,L54845,L,300.5,311.6,1497,40.5,180,0,0,0,0,0,0,L,1,11.100000000000023,60628.5,high,0,0,82.32
7667,M22526,M,300.6,311.7,1424,50.8,182,0,0,0,0,0,0,M,1,11.099999999999966,72339.2,high,0,0,85.18
7668,L54847,L,300.6,311.7,1528,43.9,185,0,0,0,0,0,0,L,1,11.099999999999966,67079.2,high,0,0,85.0
7669,L54848,L,300.6,311.8,1539,37.0,187,0,0,0,0,0,0,L,1,11.199999999999989,56943.0,high,0,0,84.44
7670,L54849,L,300.7,311.8,1336,58.4,189,1,0,0,0,1,0,L,1,11.100000000000023,78022.4,high,0,1,139.5
7671,L54850,L,300.5,311.6,1525,37.6,191,0,0,0,0,0,0,L,1,11.100000000000023,57340.0,high,0,0,86.14
7672,M22531,M,300.5,311.6,1456,51.1,193,0,0,0,0,0,0,M,1,11.100000000000023,74401.6,high,0,0,89.64
7673,M22532,M,300.5,311.7,2141,17.2,196,0,0,0,0,0,0,M,1,11.199999999999989,36825.2,high,0,0,84.08
7674,M22533,M,300.5,311.6,1476,39.1,199,0,0,0,0,0,0,M,1,11.100000000000023,57711.6,high,0,0,89.64
7675,L54854,L,300.5,311.6,1509,47.2,202,0,0,0,0,0,0,L,1,11.100000000000023,71224.8,high,1,0,92.46
7676,L54855,L,300.5,311.6,1447,45.4,204,0,0,0,0,0,0,L,1,11.100000000000023,65693.8,high,1,0,92.9
7677,L54856,L,300.6,311.7,1448,49.1,206,0,0,0,0,0,0,L,1,11.099999999999966,71096.8,high,1,0,94.44
7678,L54857,L,300.6,311.7,1428,52.6,208,0,0,0,0,0,0,L,1,11.099999999999966,75112.8,high,1,0,95.94
7679,M22538,M,300.6,311.7,1389,52.1,210,0,0,0,0,0,0,M,1,11.099999999999966,72366.90000000001,high,1,0,96.64
7680,L54859,L,300.7,311.7,1635,32.4,213,0,0,0,0,0,0,L,1,11.0,52974.0,high,1,0,93.88
7681,L54860,L,300.7,311.7,1395,43.7,215,0,0,0,0,0,0,L,1,11.0,60961.50000000001,high,1,0,96.94
7682,L54861,L,300.7,311.8,1443,43.7,217,0,0,0,0,0,0,L,1,11.100000000000023,63059.100000000006,high,1,0,97.76
7683,M22542,M,300.7,311.7,1412,49.1,219,0,0,0,0,0,0,M,1,11.0,69329.2,high,1,0,99.62
7684,L54863,L,300.7,311.7,1524,43.5,222,0,0,0,0,0,0,L,1,11.0,66294.0,high,1,0,99.7
7685,M22544,M,300.7,311.8,1407,42.4,224,0,0,0,0,0,0,M,1,11.100000000000023,59656.799999999996,high,1,0,100.3
7686,L54865,L,300.8,311.7,1397,43.5,227,0,0,0,0,0,0,L,1,10.899999999999977,60769.5,high,1,0,101.68
7687,M22546,M,300.7,311.7,1504,36.9,229,0,0,0,0,0,0,M,1,11.0,55497.6,high,1,0,101.18
7688,M22547,M,300.7,311.7,2097,18.9,232,1,1,0,0,0,0,M,1,11.0,39633.299999999996,high,1,1,148.78
7689,L54868,L,300.6,311.7,1553,39.8,0,0,0,0,0,0,0,L,1,11.099999999999966,61809.399999999994,low,0,0,10.18
7690,L54869,L,300.6,311.7,1432,39.2,2,0,0,0,0,0,0,L,1,11.099999999999966,56134.4,low,0,0,10.86
7691,M22550,M,300.5,311.6,1577,36.5,4,0,0,0,0,0,0,M,1,11.100000000000023,57560.5,low,0,0,11.12
7692,M22551,M,300.5,311.5,1370,56.1,7,0,0,0,0,0,0,M,1,11.0,76857.0,low,0,0,16.22
7693,H37106,H,300.5,311.6,1506,36.2,10,0,0,0,0,0,0,H,1,11.100000000000023,54517.200000000004,low,0,0,13.46
7694,L54873,L,300.6,311.6,1964,21.4,15,0,0,0,0,0,0,L,1,11.0,42029.6,low,0,0,12.48
7695,H37108,H,300.6,311.7,1500,36.7,17,0,0,0,0,0,0,H,1,11.099999999999966,55050.00000000001,low,0,0,16.36
7696,L54875,L,300.6,311.7,1488,47.7,22,0,0,0,0,0,0,L,1,11.099999999999966,70977.6,low,0,0,20.56
7697,H37110,H,300.6,311.5,1282,60.2,24,0,0,0,0,0,0,H,1,10.899999999999977,77176.40000000001,low,0,0,23.82
7698,L54877,L,300.5,311.4,1400,45.1,29,0,0,0,0,0,0,L,1,10.899999999999977,63140.0,low,0,0,22.8
7699,L54878,L,300.6,311.5,1419,38.6,31,0,0,0,0,0,0,L,1,10.899999999999977,54773.4,low,0,0,22.3
7700,M22559,M,300.7,311.5,1441,40.6,33,0,0,0,0,0,0,M,1,10.800000000000011,58504.6,low,0,0,23.48
7701,M22560,M,300.7,311.6,1348,62.5,36,0,0,0,0,0,0,M,1,10.900000000000034,84250.0,low,0,0,29.08
7702,H37115,H,300.8,311.7,1468,38.7,39,0,0,0,0,0,0,H,1,10.899999999999977,56811.600000000006,low,0,0,25.52
7703,M22562,M,300.7,311.7,1701,30.8,44,0,0,0,0,0,0,M,1,11.0,52390.8,low,0,0,25.96
7704,H37117,H,300.7,311.7,1864,23.6,47,0,0,0,0,0,0,H,1,11.0,43990.4,low,0,0,25.72
7705,M22564,M,300.6,311.6,1630,31.8,52,0,0,0,0,0,0,M,1,11.0,51834.0,mid,0,0,29.36
7706,L54885,L,300.5,311.5,1316,49.7,55,0,0,0,0,0,0,L,1,11.0,65405.200000000004,mid,0,0,34.14
7707,L54886,L,300.5,311.5,1708,31.2,57,0,0,0,0,0,0,L,1,11.0,53289.6,mid,0,0,31.24
7708,H37121,H,300.5,311.4,1679,27.5,59,0,0,0,0,0,0,H,1,10.899999999999977,46172.5,mid,0,0,31.28
7709,L54888,L,300.5,311.4,1709,32.3,64,0,0,0,0,0,0,L,1,10.899999999999977,55200.7,mid,0,0,34.24
7710,L54889,L,300.5,311.4,1445,41.5,66,0,0,0,0,0,0,L,1,10.899999999999977,59967.5,mid,0,0,36.88
7711,M22570,M,300.5,311.4,1390,51.9,68,0,0,0,0,0,0,M,1,10.899999999999977,72141.0,mid,0,0,39.76
7712,L54891,L,300.4,311.4,1309,55.5,71,0,0,0,0,0,0,L,1,11.0,72649.5,mid,0,0,41.7
7713,L54892,L,300.5,311.5,1499,37.6,73,0,0,0,0,0,0,L,1,11.0,56362.4,mid,0,0,38.92
7714,M22573,M,300.5,311.4,2072,18.8,75,0,0,0,0,0,0,M,1,10.899999999999977,38953.6,mid,0,0,35.94
7715,L54894,L,300.5,311.5,1487,43.0,78,0,0,0,0,0,0,L,1,11.0,63941.0,mid,0,0,42.0
7716,L54895,L,300.5,311.5,1302,49.6,80,0,0,0,0,0,0,L,1,11.0,64579.200000000004,mid,0,0,44.12
7717,M22576,M,300.5,311.5,1378,48.2,82,0,0,0,0,0,0,M,1,11.0,66419.6,mid,0,0,44.64
7718,L54897,L,300.5,311.6,1365,53.0,85,0,0,0,0,0,0,L,1,11.100000000000023,72345.0,mid,0,0,46.82
7719,H37132,H,300.6,311.7,1427,44.6,87,0,0,0,0,0,0,H,1,11.099999999999966,63644.200000000004,mid,0,0,45.94
7720,H37133,H,300.6,311.7,1535,33.3,92,0,0,0,0,0,0,H,1,11.099999999999966,51115.49999999999,mid,0,0,45.68
7721,H37134,H,300.5,311.6,1476,41.7,97,0,0,0,0,0,0,H,1,11.100000000000023,61549.200000000004,mid,0,0,49.36
7722,L54901,L,300.5,311.6,1425,42.4,102,0,0,0,0,0,0,L,1,11.100000000000023,60420.0,mid,0,0,51.5
7723,L54902,L,300.5,311.7,1409,54.7,104,0,0,0,0,0,0,L,1,11.199999999999989,77072.3,mid,0,0,54.78
7724,L54903,L,300.5,311.6,1730,30.2,106,0,0,0,0,0,0,L,1,11.100000000000023,52246.0,mid,0,0,50.66
7725,M22584,M,300.5,311.6,1454,41.4,108,0,0,0,0,0,0,M,1,11.100000000000023,60195.6,mid,0,0,53.7
7726,L54905,L,300.6,311.7,1744,26.9,111,0,0,0,0,0,0,L,1,11.099999999999966,46913.6,mid,0,0,52.0
7727,M22586,M,300.8,311.9,1761,29.0,113,0,0,0,0,0,0,M,1,11.099999999999966,51069.0,mid,0,0,53.22
7728,M22587,M,300.7,311.9,1657,30.9,116,0,0,0,0,0,0,M,1,11.199999999999989,51201.299999999996,mid,0,0,54.82
7729,L54908,L,300.7,311.8,1420,47.0,119,0,0,0,0,0,0,L,1,11.100000000000023,66740.0,mid,0,0,59.22
7730,H37143,H,300.7,311.9,1329,59.2,121,0,0,0,0,0,0,H,1,11.199999999999989,78676.8,mid,0,0,62.48
7731,L54910,L,300.6,311.9,1472,44.2,126,0,0,0,0,0,0,L,1,11.299999999999955,65062.4,mid,0,0,61.5
7732,L54911,L,300.6,312.0,1566,30.1,128,0,0,0,0,0,0,L,1,11.399999999999977,47136.600000000006,mid,0,0,59.5
7733,L54912,L,300.6,312.0,1430,42.7,130,0,0,0,0,0,0,L,1,11.399999999999977,61061.00000000001,mid,0,0,62.82
7734,L54913,L,300.6,312.0,1481,40.9,132,0,0,0,0,0,0,L,1,11.399999999999977,60572.9,mid,0,0,63.26
7735,L54914,L,300.6,312.0,1670,29.4,134,0,0,0,0,0,0,L,1,11.399999999999977,49098.0,mid,0,0,61.76
7736,L54915,L,300.6,312.0,1406,55.1,136,0,0,0,0,0,0,L,1,11.399999999999977,77470.6,mid,0,0,67.7
7737,H37150,H,300.6,312.1,1354,46.9,138,0,0,0,0,0,0,H,1,11.5,63502.6,mid,0,0,66.88
7738,M22597,M,300.5,312.0,1985,19.3,143,0,0,0,0,0,0,M,1,11.5,38310.5,mid,0,0,63.36
7739,M22598,M,300.5,312.0,1263,60.8,146,0,0,0,0,0,0,M,1,11.5,76790.4,mid,0,0,72.86
7740,L54919,L,300.5,311.9,1576,31.1,149,0,0,0,0,0,0,L,1,11.399999999999977,49013.600000000006,mid,0,0,68.1
7741,L54920,L,300.5,312.0,1453,45.1,151,0,0,0,0,0,0,L,1,11.5,65530.3,high,0,0,71.72
7742,L54921,L,300.5,312.0,1478,39.0,153,0,0,0,0,0,0,L,1,11.5,57642.0,high,0,0,71.3
7743,M22602,M,300.5,311.9,1323,57.9,155,0,0,0,0,0,0,M,1,11.399999999999977,76601.7,high,0,0,75.86
7744,L54923,L,300.5,311.9,1710,28.4,158,0,0,0,0,0,0,L,1,11.399999999999977,48564.0,high,0,0,71.16
7745,L54924,L,300.4,311.7,1314,59.5,160,0,0,0,0,0,0,L,1,11.300000000000011,78183.0,high,0,0,78.16
7746,L54925,L,300.4,311.7,1460,39.6,162,0,0,0,0,0,0,L,1,11.300000000000011,57816.0,high,0,0,74.98
7747,M22606,M,300.4,311.7,1508,45.4,164,0,0,0,0,0,0,M,1,11.300000000000011,68463.2,high,0,0,76.94
7748,M22607,M,300.5,311.8,1331,55.3,167,0,0,0,0,0,0,M,1,11.300000000000011,73604.3,high,0,0,80.12
7749,L54928,L,300.4,311.7,1515,47.4,170,0,0,0,0,0,0,L,1,11.300000000000011,71811.0,high,0,0,79.74
7750,L54929,L,300.4,311.6,1674,33.0,172,0,0,0,0,0,0,L,1,11.200000000000045,55242.0,high,0,0,77.64
7751,L54930,L,300.4,311.7,1444,51.2,174,0,0,0,0,0,0,L,1,11.300000000000011,73932.8,high,0,0,82.1
7752,M22611,M,300.4,311.7,1398,42.6,176,0,0,0,0,0,0,M,1,11.300000000000011,59554.8,high,0,0,81.18
7753,M22612,M,300.4,311.7,1832,24.2,179,0,0,0,0,0,0,M,1,11.300000000000011,44334.4,high,0,0,78.7
7754,M22613,M,300.5,311.8,1591,42.0,182,0,0,0,0,0,0,M,1,11.300000000000011,66822.0,high,0,0,83.46
7755,M22614,M,300.4,311.7,1478,39.9,185,0,0,0,0,0,0,M,1,11.300000000000011,58972.2,high,0,0,84.24
7756,M22615,M,300.4,311.8,1362,47.6,188,0,0,0,0,0,0,M,1,11.400000000000034,64831.200000000004,high,0,0,87.0
7757,L54936,L,300.5,311.8,1368,57.9,191,1,0,0,0,1,0,L,1,11.300000000000011,79207.2,high,0,1,140.24
7758,M22617,M,300.3,311.7,1723,28.3,193,0,0,0,0,0,0,M,1,11.399999999999977,48760.9,high,0,0,85.14
7759,L54938,L,300.4,311.8,1689,30.8,196,0,0,0,0,0,0,L,1,11.400000000000034,52021.200000000004,high,0,0,86.84
7760,L54939,L,300.4,311.8,1272,59.2,198,1,0,0,0,1,0,L,1,11.400000000000034,75302.40000000001,high,0,1,143.32
7761,M22620,M,300.4,311.7,1511,33.0,200,0,0,0,0,0,0,M,1,11.300000000000011,49863.0,high,1,0,88.86
7762,H37175,H,300.4,311.6,1715,30.8,203,0,0,0,0,0,0,H,1,11.200000000000045,52822.0,high,1,0,89.6
7763,M22622,M,300.3,311.5,1400,43.8,0,0,0,0,0,0,0,M,1,11.199999999999989,61319.99999999999,low,0,0,11.0
7764,L54943,L,300.4,311.6,1200,76.6,3,1,0,0,1,0,0,L,1,11.200000000000045,91920.0,low,0,1,68.76
7765,M22624,M,300.4,311.7,1555,38.7,5,0,0,0,0,0,0,M,1,11.300000000000011,60178.50000000001,low,0,0,12.0
7766,H37179,H,300.3,311.6,1427,56.2,8,0,0,0,0,0,0,H,1,11.300000000000011,80197.40000000001,low,0,0,16.7
7767,L54946,L,300.3,311.4,1318,52.7,13,0,0,0,0,0,0,L,1,11.099999999999966,69458.6,low,0,0,17.96
7768,H37181,H,300.2,311.4,1319,54.6,15,0,0,0,0,0,0,H,1,11.199999999999989,72017.40000000001,low,0,0,19.16
7769,M22628,M,300.2,311.4,1960,20.9,20,0,0,0,0,0,0,M,1,11.199999999999989,40964.0,low,0,0,14.42
7770,L54949,L,300.3,311.5,1552,38.9,23,0,0,0,0,0,0,L,1,11.199999999999989,60372.799999999996,low,0,0,19.22
7771,L54950,L,300.3,311.5,1548,32.2,25,0,0,0,0,0,0,L,1,11.199999999999989,49845.600000000006,low,0,0,18.68
7772,L54951,L,300.3,311.6,1709,29.5,27,0,0,0,0,0,0,L,1,11.300000000000011,50415.5,low,0,0,18.96
7773,H37186,H,300.3,311.5,1464,41.0,29,0,0,0,0,0,0,H,1,11.199999999999989,60024.0,low,0,0,22.04
7774,L54953,L,300.3,311.4,1759,24.8,34,0,0,0,0,0,0,L,1,11.099999999999966,43623.200000000004,low,0,0,20.78
7775,L54954,L,300.3,311.5,1634,31.9,36,0,0,0,0,0,0,L,1,11.199999999999989,52124.6,low,0,0,23.02
7776,L54955,L,300.3,311.5,1663,33.6,38,0,0,0,0,0,0,L,1,11.199999999999989,55876.8,low,0,0,24.16
7777,M22636,M,300.3,311.5,1445,47.3,40,0,0,0,0,0,0,M,1,11.199999999999989,68348.5,low,0,0,27.7
7778,L54957,L,300.3,311.5,1695,25.6,43,0,0,0,0,0,0,L,1,11.199999999999989,43392.0,low,0,0,24.56
7779,L54958,L,300.4,311.6,1517,39.0,45,0,0,0,0,0,0,L,1,11.200000000000045,59163.0,low,0,0,28.04
7780,L54959,L,300.5,311.7,1811,26.8,47,0,0,0,0,0,0,L,1,11.199999999999989,48534.8,low,0,0,26.4
7781,L54960,L,300.4,311.6,1815,23.5,49,0,0,0,0,0,0,L,1,11.200000000000045,42652.5,low,0,0,26.54
7782,L54961,L,300.4,311.7,1513,40.0,51,0,0,0,0,0,0,L,1,11.300000000000011,60520.0,mid,0,0,30.66
7783,M22642,M,300.4,311.6,1518,36.4,53,0,0,0,0,0,0,M,1,11.200000000000045,55255.2,mid,0,0,30.72
7784,L54963,L,300.3,311.5,1667,28.8,56,0,0,0,0,0,0,L,1,11.199999999999989,48009.6,mid,0,0,30.4
7785,L54964,L,300.3,311.5,1403,60.1,58,0,0,0,0,0,0,L,1,11.199999999999989,84320.3,mid,0,0,37.46
7786,L54965,L,300.2,311.5,1383,42.1,60,0,0,0,0,0,0,L,1,11.300000000000011,58224.3,mid,0,0,34.68
7787,L54966,L,300.3,311.5,1466,46.2,62,0,0,0,0,0,0,L,1,11.199999999999989,67729.2,mid,0,0,36.28
7788,L54967,L,300.3,311.5,1378,47.5,64,0,0,0,0,0,0,L,1,11.199999999999989,65455.0,mid,0,0,37.34
7789,M22648,M,300.2,311.5,1547,40.9,66,0,0,0,0,0,0,M,1,11.300000000000011,63272.299999999996,mid,0,0,36.84
7790,L54969,L,300.2,311.5,1495,38.5,69,0,0,0,0,0,0,L,1,11.300000000000011,57557.5,mid,0,0,37.56
7791,L54970,L,300.1,311.4,1729,29.3,71,0,0,0,0,0,0,L,1,11.299999999999955,50659.700000000004,mid,0,0,36.52
7792,L54971,L,300.1,311.4,1418,47.7,73,0,0,0,0,0,0,L,1,11.299999999999955,67638.6,mid,0,0,41.0
7793,H37206,H,300.1,311.4,1485,40.4,75,0,0,0,0,0,0,H,1,11.299999999999955,59994.0,mid,0,0,40.34
7794,L54973,L,300.1,311.5,1434,40.8,80,0,0,0,0,0,0,L,1,11.399999999999977,58507.2,mid,0,0,42.44
7795,M22654,M,300.2,311.6,1415,55.8,82,0,0,0,0,0,0,M,1,11.400000000000034,78957.0,mid,0,0,46.24
7796,H37209,H,300.1,311.6,1674,29.6,85,0,0,0,0,0,0,H,1,11.5,49550.4,mid,0,0,42.22
7797,L54976,L,300.1,311.5,1454,52.4,90,0,0,0,0,0,0,L,1,11.399999999999977,76189.59999999999,mid,0,0,48.76
7798,L54977,L,300.0,311.4,1476,39.0,92,0,0,0,0,0,0,L,1,11.399999999999977,57564.0,mid,0,0,46.88
7799,L54978,L,300.0,311.5,1812,28.3,94,0,0,0,0,0,0,L,1,11.5,51279.6,mid,0,0,45.56
7800,L54979,L,300.0,311.4,1374,41.9,96,0,0,0,0,0,0,L,1,11.399999999999977,57570.6,mid,0,0,49.06
7801,M22660,M,300.1,311.4,1524,40.6,98,0,0,0,0,0,0,M,1,11.299999999999955,61874.4,mid,0,0,49.58
7802,L54981,L,300.0,311.4,1383,49.6,101,0,0,0,0,0,0,L,1,11.399999999999977,68596.8,mid,0,0,52.6
7803,L54982,L,299.9,311.3,1429,58.2,103,0,0,0,0,0,0,L,1,11.400000000000034,83167.8,mid,0,0,55.12
7804,M22663,M,299.8,311.3,1517,41.2,105,0,0,0,0,0,0,M,1,11.5,62500.4,mid,0,0,52.54
7805,M22664,M,299.9,311.4,1480,44.9,108,0,0,0,0,0,0,M,1,11.5,66452.0,mid,0,0,54.48
7806,L54985,L,299.9,311.4,1706,28.8,111,0,0,0,0,0,0,L,1,11.5,49132.8,mid,0,0,52.46
7807,L54986,L,300.0,311.5,1349,48.6,113,0,0,0,0,0,0,L,1,11.5,65561.40000000001,mid,0,0,57.22
7808,M22667,M,300.0,311.5,1451,49.0,115,0,0,0,0,0,0,M,1,11.5,71099.0,mid,0,0,58.1
7809,L54988,L,299.9,311.4,1627,36.7,118,0,0,0,0,0,0,L,1,11.5,59710.9,mid,0,0,56.84
7810,M22669,M,300.0,311.4,1537,35.4,120,0,0,0,0,0,0,M,1,11.399999999999977,54409.799999999996,mid,0,0,57.36
7811,L54990,L,300.1,311.5,2218,17.0,123,0,0,0,0,0,0,L,1,11.399999999999977,37706.0,mid,0,0,54.88
7812,M22671,M,300.0,311.4,1466,39.0,125,0,0,0,0,0,0,M,1,11.399999999999977,57174.0,mid,0,0,60.08
7813,L54992,L,300.0,311.5,1666,32.0,128,0,0,0,0,0,0,L,1,11.5,53312.0,mid,0,0,59.9
7814,L54993,L,300.0,311.5,1455,41.7,130,0,0,0,0,0,0,L,1,11.5,60673.50000000001,mid,0,0,62.64
7815,L54994,L,300.0,311.4,1927,24.6,132,0,0,0,0,0,0,L,1,11.399999999999977,47404.200000000004,mid,0,0,60.0
7816,M22675,M,299.9,311.3,1703,28.4,134,0,0,0,0,0,0,M,1,11.400000000000034,48365.2,mid,0,0,61.56
7817,L54996,L,299.8,311.2,1533,35.9,137,0,0,0,0,0,0,L,1,11.399999999999977,55034.7,mid,0,0,64.26
7818,H37231,H,299.8,311.3,1785,25.4,139,0,0,0,0,0,0,H,1,11.5,45339.0,mid,0,0,62.98
7819,L54998,L,299.8,311.2,2142,16.6,144,0,0,0,0,0,0,L,1,11.399999999999977,35557.200000000004,mid,0,0,63.2
7820,L54999,L,299.8,311.2,1369,46.2,146,0,0,0,0,0,0,L,1,11.399999999999977,63247.8,mid,0,0,69.92
7821,M22680,M,299.8,311.2,1706,29.2,148,0,0,0,0,0,0,M,1,11.399999999999977,49815.2,mid,0,0,67.32
7822,L55001,L,299.9,311.3,1802,24.4,151,0,0,0,0,0,0,L,1,11.400000000000034,43968.799999999996,high,0,0,67.56
7823,H37236,H,299.9,311.3,1413,41.8,153,0,0,0,0,0,0,H,1,11.400000000000034,59063.399999999994,high,0,0,71.84
7824,L55003,L,300.0,311.3,1484,53.2,158,0,0,0,0,0,0,L,1,11.300000000000011,78948.8,high,0,0,76.1
7825,L55004,L,299.9,311.3,1535,38.1,160,0,0,0,0,0,0,L,1,11.400000000000034,58483.5,high,0,0,73.9
7826,M22685,M,299.9,311.2,1579,35.5,162,0,0,0,0,0,0,M,1,11.300000000000011,56054.5,high,0,0,74.16
7827,L55006,L,299.8,311.1,1300,64.2,165,0,0,0,0,0,0,L,1,11.300000000000011,83460.0,high,0,0,81.1
7828,M22687,M,299.8,311.1,1452,44.3,167,0,0,0,0,0,0,M,1,11.300000000000011,64323.6,high,0,0,77.92
7829,M22688,M,299.8,311.1,1562,35.7,170,0,0,0,0,0,0,M,1,11.300000000000011,55763.4,high,0,0,77.4
7830,L55009,L,299.8,311.2,1664,28.3,173,0,0,0,0,0,0,L,1,11.399999999999977,47091.200000000004,high,0,0,77.14
7831,H37244,H,299.9,311.2,1495,35.8,175,0,0,0,0,0,0,H,1,11.300000000000011,53520.99999999999,high,0,0,79.42
7832,M22691,M,300.0,311.4,1533,42.6,180,0,0,0,0,0,0,M,1,11.399999999999977,65305.8,high,0,0,82.8
7833,L55012,L,300.0,311.4,1484,37.0,183,0,0,0,0,0,0,L,1,11.399999999999977,54908.0,high,0,0,82.88
7834,L55013,L,300.0,311.4,1604,38.7,185,0,0,0,0,0,0,L,1,11.399999999999977,62074.8,high,0,0,84.02
7835,L55014,L,300.0,311.4,1483,45.6,187,0,0,0,0,0,0,L,1,11.399999999999977,67624.8,high,0,0,86.2
7836,L55015,L,300.1,311.5,1549,34.7,189,0,0,0,0,0,0,L,1,11.399999999999977,53750.3,high,0,0,84.82
7837,L55016,L,300.1,311.4,1604,35.0,191,0,0,0,0,0,0,L,1,11.299999999999955,56140.0,high,0,0,85.66
7838,L55017,L,300.2,311.5,1685,31.0,193,0,0,0,0,0,0,L,1,11.300000000000011,52235.0,high,0,0,85.66
7839,L55018,L,300.2,311.6,1372,49.2,195,0,0,0,0,0,0,L,1,11.400000000000034,67502.40000000001,high,0,0,90.12
7840,L55019,L,300.3,311.6,1374,47.4,197,0,0,0,0,0,0,L,1,11.300000000000011,65127.6,high,0,0,90.54
7841,L55020,L,300.2,311.6,1606,31.0,199,0,0,0,0,0,0,L,1,11.400000000000034,49786.0,high,0,0,88.08
7842,L55021,L,300.1,311.5,1471,47.2,201,0,0,0,0,0,0,L,1,11.399999999999977,69431.2,high,1,0,92.12
7843,L55022,L,300.1,311.5,1659,31.1,203,0,0,0,0,0,0,L,1,11.399999999999977,51594.9,high,1,0,89.7
7844,M22703,M,300.1,311.7,1400,48.5,205,0,0,0,0,0,0,M,1,11.599999999999966,67900.0,high,1,0,94.02
7845,L55024,L,300.1,311.7,1503,42.6,208,0,0,0,0,0,0,L,1,11.599999999999966,64027.8,high,1,0,94.04
7846,L55025,L,300.2,311.8,1798,23.2,210,0,0,0,0,0,0,L,1,11.600000000000023,41713.6,high,1,0,90.96
7847,M22706,M,300.2,311.6,1608,35.0,212,0,0,0,0,0,0,M,1,11.400000000000034,56280.0,high,1,0,94.08
7848,L55027,L,300.2,311.6,1322,50.9,215,0,0,0,0,0,0,L,1,11.400000000000034,67289.8,high,1,0,98.46
7849,H37262,H,300.2,311.6,1547,37.7,217,0,0,0,0,0,0,H,1,11.400000000000034,58321.9,high,1,0,96.62
7850,M22709,M,300.3,311.7,1374,47.9,222,1,1,0,0,0,0,M,1,11.399999999999977,65814.59999999999,high,1,1,150.66
7851,M22710,M,300.3,311.7,1447,36.8,0,0,0,0,0,0,0,M,1,11.399999999999977,53249.6,low,0,0,9.64
7852,L55031,L,300.4,311.7,1373,47.2,3,0,0,0,0,0,0,L,1,11.300000000000011,64805.600000000006,low,0,0,12.9
7853,L55032,L,300.3,311.7,1515,37.5,5,0,0,0,0,0,0,L,1,11.399999999999977,56812.5,low,0,0,11.78
7854,L55033,L,300.3,311.7,1317,56.5,7,0,0,0,0,0,0,L,1,11.399999999999977,74410.5,low,0,0,16.38
7855,L55034,L,300.3,311.8,1551,37.2,9,0,0,0,0,0,0,L,1,11.5,57697.200000000004,low,0,0,13.34
7856,M22715,M,300.3,311.8,1592,32.1,11,0,0,0,0,0,0,M,1,11.5,51103.200000000004,low,0,0,13.12
7857,L55036,L,300.4,311.8,1433,42.2,14,0,0,0,0,0,0,L,1,11.400000000000034,60472.600000000006,low,0,0,16.32
7858,L55037,L,300.5,311.9,1432,43.1,16,0,0,0,0,0,0,L,1,11.399999999999977,61719.200000000004,low,0,0,17.3
7859,L55038,L,300.5,311.9,1350,51.7,18,0,0,0,0,0,0,L,1,11.399999999999977,69795.0,low,0,0,19.82
7860,M22719,M,300.5,311.9,1370,44.8,20,0,0,0,0,0,0,M,1,11.399999999999977,61375.99999999999,low,0,0,19.24
7861,L55040,L,300.5,312.0,1415,44.6,23,0,0,0,0,0,0,L,1,11.5,63109.0,low,0,0,20.42
7862,L55041,L,300.5,312.0,1498,42.9,25,0,0,0,0,0,0,L,1,11.5,64264.2,low,0,0,20.88
7863,M22722,M,300.5,312.0,1382,54.1,27,0,0,0,0,0,0,M,1,11.5,74766.2,low,0,0,23.92
7864,M22723,M,300.5,311.9,1511,44.5,30,0,0,0,0,0,0,M,1,11.399999999999977,67239.5,low,0,0,23.18
7865,L55044,L,300.5,311.9,1330,59.5,33,0,0,0,0,0,0,L,1,11.399999999999977,79135.0,low,0,0,27.38
7866,L55045,L,300.5,311.9,1383,50.5,35,0,0,0,0,0,0,L,1,11.399999999999977,69841.5,low,0,0,26.38
7867,L55046,L,300.5,311.9,1431,49.4,37,0,0,0,0,0,0,L,1,11.399999999999977,70691.4,low,0,0,26.96
7868,L55047,L,300.5,312.0,1461,38.1,39,0,0,0,0,0,0,L,1,11.5,55664.1,low,0,0,25.52
7869,H37282,H,300.4,311.9,1438,46.7,41,0,0,0,0,0,1,H,1,11.5,67154.6,low,0,1,28.04
7870,M22729,M,300.5,312.0,1779,27.7,46,0,0,0,0,0,0,M,1,11.5,49278.299999999996,low,0,0,26.24
7871,M22730,M,300.6,312.1,1293,52.3,49,0,0,0,0,0,0,M,1,11.5,67623.9,low,0,0,32.36
7872,L55051,L,300.6,312.2,1308,54.7,52,0,0,0,0,0,0,L,1,11.599999999999966,71547.6,mid,0,0,34.06
7873,L55052,L,300.6,312.3,1532,37.2,54,0,0,0,0,0,0,L,1,11.699999999999989,56990.4,mid,0,0,31.38
7874,L55053,L,300.7,312.4,1470,38.6,56,0,0,0,0,0,0,L,1,11.699999999999989,56742.0,mid,0,0,32.46
7875,L55054,L,300.7,312.3,1548,37.9,58,0,0,0,0,0,0,L,1,11.600000000000023,58669.2,mid,0,0,33.1
7876,L55055,L,300.7,312.3,1898,24.0,60,0,0,0,0,0,0,L,1,11.600000000000023,45552.0,mid,0,0,31.12
7877,H37290,H,300.7,312.2,1335,49.0,62,0,0,0,0,0,0,H,1,11.5,65415.0,mid,0,0,36.9
7878,L55057,L,300.7,312.3,1420,53.8,67,0,0,0,0,0,0,L,1,11.600000000000023,76396.0,mid,0,0,39.88
7879,L55058,L,300.7,312.3,1418,49.0,69,0,0,0,0,0,0,L,1,11.600000000000023,69482.0,mid,0,0,39.72
7880,M22739,M,300.8,312.3,1535,40.3,71,0,0,0,0,0,0,M,1,11.5,61860.49999999999,mid,0,0,38.76
7881,H37294,H,300.7,312.4,1457,47.2,74,0,0,0,0,0,0,H,1,11.699999999999989,68770.40000000001,mid,0,0,41.38
7882,L55061,L,300.8,312.4,1493,39.1,79,0,0,0,0,0,0,L,1,11.599999999999966,58376.3,mid,0,0,41.74
7883,H37296,H,300.7,312.3,1670,27.3,81,0,0,0,0,0,0,H,1,11.600000000000023,45591.0,mid,0,0,40.18
7884,H37297,H,300.7,312.3,1446,45.4,86,0,0,0,0,0,0,H,1,11.600000000000023,65648.4,mid,0,0,45.8
7885,L55064,L,300.8,312.4,1465,59.1,91,1,0,0,1,0,0,L,1,11.599999999999966,86581.5,mid,0,1,100.54
7886,L55065,L,300.7,312.3,1590,36.3,93,0,0,0,0,0,0,L,1,11.600000000000023,57716.99999999999,mid,0,0,46.78
7887,M22746,M,300.6,312.2,2174,18.5,95,0,0,0,0,0,0,M,1,11.599999999999966,40219.0,mid,0,0,44.02
7888,L55067,L,300.7,312.4,1590,37.9,98,0,0,0,0,0,0,L,1,11.699999999999989,60261.0,mid,0,0,49.12
7889,L55068,L,300.7,312.3,1577,33.2,100,0,0,0,0,0,0,L,1,11.600000000000023,52356.4,mid,0,0,48.96
7890,M22749,M,300.7,312.4,1371,61.7,102,0,0,0,0,0,0,M,1,11.699999999999989,84590.7,mid,0,0,55.48
7891,L55070,L,300.8,312.4,1767,25.6,105,0,0,0,0,0,0,L,1,11.599999999999966,45235.200000000004,mid,0,0,49.44
7892,L55071,L,300.8,312.5,1517,39.2,107,0,0,0,0,0,0,L,1,11.699999999999989,59466.4,mid,0,0,52.98
7893,M22752,M,300.9,312.6,1555,40.6,109,0,0,0,0,0,0,M,1,11.700000000000045,63133.0,mid,0,0,54.06
7894,L55073,L,300.9,312.7,1416,43.8,112,0,0,0,0,0,0,L,1,11.800000000000011,62020.799999999996,mid,0,0,55.92
7895,M22754,M,300.8,312.6,1588,35.6,114,0,0,0,0,0,0,M,1,11.800000000000011,56532.8,mid,0,0,55.08
7896,L55075,L,300.8,312.6,1422,50.0,117,0,0,0,0,0,0,L,1,11.800000000000011,71100.0,mid,0,0,59.16
7897,L55076,L,300.8,312.6,1376,53.6,119,0,0,0,0,0,0,L,1,11.800000000000011,73753.6,mid,0,0,60.68
7898,L55077,L,300.8,312.5,1434,50.7,121,0,0,0,0,0,0,L,1,11.699999999999989,72703.8,mid,0,0,60.88
7899,L55078,L,300.8,312.5,1423,47.3,123,0,0,0,0,0,0,L,1,11.699999999999989,67307.9,mid,0,0,61.0
7900,L55079,L,300.9,312.4,1364,52.5,125,0,0,0,0,0,0,L,1,11.5,71610.0,mid,0,0,62.8
7901,L55080,L,300.8,312.4,1825,23.8,127,0,0,0,0,0,0,L,1,11.599999999999966,43435.0,mid,0,0,57.88
7902,L55081,L,300.8,312.4,1365,44.5,129,0,0,0,0,0,0,L,1,11.599999999999966,60742.5,mid,0,0,62.82
7903,M22762,M,300.7,312.3,1430,47.2,131,0,0,0,0,0,0,M,1,11.600000000000023,67496.0,mid,0,0,64.16
7904,L55083,L,300.8,312.3,1435,44.8,134,0,0,0,0,0,0,L,1,11.5,64287.99999999999,mid,0,0,64.86
7905,M22764,M,300.8,312.4,1811,25.1,136,0,0,0,0,0,0,M,1,11.599999999999966,45456.100000000006,mid,0,0,61.74
7906,M22765,M,300.8,312.4,1465,43.7,139,0,0,0,0,0,0,M,1,11.599999999999966,64020.50000000001,mid,0,0,66.66
7907,L55086,L,300.9,312.4,1372,51.0,142,0,0,0,0,0,0,L,1,11.5,69972.0,mid,0,0,69.3
7908,L55087,L,300.8,312.3,1858,26.3,144,0,0,0,0,0,0,L,1,11.5,48865.4,mid,0,0,65.16
7909,L55088,L,300.7,312.3,1715,26.8,146,0,0,0,0,0,0,L,1,11.600000000000023,45962.0,mid,0,0,66.08
7910,L55089,L,300.7,312.2,1590,38.5,148,0,0,0,0,0,0,L,1,11.5,61215.0,mid,0,0,69.2
7911,M22770,M,300.8,312.2,1664,25.7,150,0,0,0,0,0,0,M,1,11.399999999999977,42764.799999999996,mid,0,0,67.42
7912,L55091,L,300.7,312.1,1512,36.9,153,0,0,0,0,0,0,L,1,11.400000000000034,55792.799999999996,high,0,0,70.86
7913,L55092,L,300.7,312.1,1498,44.0,155,0,0,0,0,0,0,L,1,11.400000000000034,65912.0,high,0,0,73.08
7914,L55093,L,300.7,312.1,1395,41.9,157,0,0,0,0,0,0,L,1,11.400000000000034,58450.5,high,0,0,73.46
7915,H37328,H,300.7,312.1,1490,43.1,159,0,0,0,0,0,0,H,1,11.400000000000034,64219.0,high,0,0,74.5
7916,H37329,H,300.8,312.1,1527,35.1,164,0,0,0,0,0,0,H,1,11.300000000000011,53597.700000000004,high,0,0,74.88
7917,L55096,L,300.8,312.1,1512,37.1,169,0,0,0,0,0,0,L,1,11.300000000000011,56095.200000000004,high,0,0,77.28
7918,L55097,L,300.9,312.1,1474,42.4,171,0,0,0,0,0,0,L,1,11.200000000000045,62497.6,high,0,0,79.12
7919,L55098,L,300.8,312.1,1505,41.3,173,0,0,0,0,0,0,L,1,11.300000000000011,62156.49999999999,high,0,0,79.72
7920,L55099,L,300.8,312.0,1496,40.0,175,0,0,0,0,0,0,L,1,11.199999999999989,59840.0,high,0,0,80.24
7921,L55100,L,300.8,312.0,1382,49.3,177,0,0,0,0,0,0,L,1,11.199999999999989,68132.59999999999,high,0,0,82.9
7922,L55101,L,300.7,311.9,1419,47.7,179,0,0,0,0,0,0,L,1,11.199999999999989,67686.3,high,0,0,83.38
7923,L55102,L,300.7,311.9,1462,39.7,181,0,0,0,0,0,0,L,1,11.199999999999989,58041.4,high,0,0,82.58
7924,M22783,M,300.8,312.0,1450,45.0,183,0,0,0,0,0,0,M,1,11.199999999999989,65250.0,high,0,0,84.44
7925,H37338,H,300.7,311.9,1389,46.5,186,0,0,0,0,0,0,H,1,11.199999999999989,64588.5,high,0,0,85.94
7926,M22785,M,300.7,311.9,1697,28.2,191,0,0,0,0,0,0,M,1,11.199999999999989,47855.4,high,0,0,84.28
7927,L55106,L,300.7,311.9,1335,57.1,194,1,0,0,0,1,0,L,1,11.199999999999989,76228.5,high,0,1,141.26
7928,L55107,L,300.7,311.9,1476,42.0,196,0,0,0,0,0,0,L,1,11.199999999999989,61992.0,high,0,0,89.04
7929,L55108,L,300.6,311.7,1497,43.6,198,0,0,0,0,0,0,L,1,11.099999999999966,65269.200000000004,high,0,0,90.14
7930,M22789,M,300.6,311.6,1669,29.2,200,0,0,0,0,0,0,M,1,11.0,48734.799999999996,high,1,0,88.04
7931,L55110,L,300.6,311.6,1455,48.0,203,0,0,0,0,0,0,L,1,11.0,69840.0,high,1,0,93.0
7932,L55111,L,300.7,311.7,1499,38.4,205,0,0,0,0,0,0,L,1,11.0,57561.6,high,1,0,91.88
7933,L55112,L,300.7,311.8,1478,41.9,207,0,0,0,0,0,0,L,1,11.100000000000023,61928.2,high,1,0,93.4
7934,L55113,L,300.8,311.8,1928,21.8,209,0,0,0,0,0,0,L,1,11.0,42030.4,high,1,0,90.16
7935,M22794,M,300.8,311.9,1621,28.3,211,0,0,0,0,0,0,M,1,11.099999999999966,45874.3,high,1,0,92.28
7936,M22795,M,300.8,311.9,1356,44.3,214,0,0,0,0,0,0,M,1,11.099999999999966,60070.799999999996,high,1,0,96.68
7937,L55116,L,300.8,311.7,1490,46.4,217,0,0,0,0,0,0,L,1,10.899999999999977,69136.0,high,1,0,98.26
7938,L55117,L,300.8,311.7,1578,31.4,219,0,0,0,0,0,0,L,1,10.899999999999977,49549.2,high,1,0,96.06
7939,L55118,L,300.8,311.7,1681,31.3,221,0,0,0,0,0,0,L,1,10.899999999999977,52615.3,high,1,0,96.84
7940,L55119,L,300.8,311.8,1417,43.4,223,0,0,0,0,0,0,L,1,11.0,61497.799999999996,high,1,0,100.08
7941,M22800,M,300.7,311.7,1532,40.0,0,0,0,0,0,0,0,M,1,11.0,61280.0,low,0,0,10.2
7942,M22801,M,300.7,311.7,1499,38.9,3,0,0,0,0,0,0,M,1,11.0,58311.1,low,0,0,11.18
7943,L55122,L,300.8,311.7,1432,45.8,6,0,0,0,0,0,0,L,1,10.899999999999977,65585.59999999999,low,0,0,13.74
7944,L55123,L,300.8,311.7,1753,29.0,8,0,0,0,0,0,0,L,1,10.899999999999977,50837.0,low,0,0,11.18
7945,L55124,L,300.8,311.7,1414,49.0,10,0,0,0,0,0,0,L,1,10.899999999999977,69286.0,low,0,0,15.98
7946,L55125,L,300.8,311.7,1655,32.2,12,0,0,0,0,0,0,L,1,10.899999999999977,53291.00000000001,low,0,0,13.42
7947,L55126,L,300.8,311.6,1516,35.6,14,0,0,0,0,0,0,L,1,10.800000000000011,53969.6,low,0,0,14.88
7948,L55127,L,300.8,311.7,1426,45.5,16,0,0,0,0,0,0,L,1,10.899999999999977,64883.0,low,0,0,17.68
7949,L55128,L,300.8,311.7,1479,39.4,18,0,0,0,0,0,0,L,1,10.899999999999977,58272.6,low,0,0,17.26
7950,M22809,M,300.7,311.5,1569,36.4,20,0,0,0,0,0,0,M,1,10.800000000000011,57111.6,low,0,0,17.44
7951,L55130,L,300.8,311.6,1568,36.0,23,0,0,0,0,0,0,L,1,10.800000000000011,56448.0,low,0,0,18.56
7952,M22811,M,300.9,311.8,1843,24.5,25,0,0,0,0,0,0,M,1,10.900000000000034,45153.5,low,0,0,17.08
7953,M22812,M,300.9,311.9,1480,40.9,28,0,0,0,0,0,0,M,1,11.0,60532.0,low,0,0,21.58
7954,L55133,L,301.0,312.0,1447,36.8,31,0,0,0,0,0,0,L,1,11.0,53249.6,low,0,0,21.96
7955,L55134,L,301.0,311.9,1454,41.9,33,0,0,0,0,0,0,L,1,10.899999999999977,60922.6,low,0,0,23.76
7956,M22815,M,300.9,311.9,1310,56.1,35,0,0,0,0,0,0,M,1,11.0,73491.0,low,0,0,27.42
7957,H37370,H,300.9,311.9,1513,38.0,38,0,0,0,0,0,0,H,1,11.0,57494.0,low,0,0,25.0
7958,H37371,H,300.9,311.9,2140,16.5,43,0,0,0,0,0,0,H,1,11.0,35310.0,low,0,0,22.7
7959,L55138,L,301.0,312.1,1377,49.9,48,0,0,0,0,0,0,L,1,11.100000000000023,68712.3,low,0,0,31.4
7960,L55139,L,301.0,312.1,1585,32.3,50,0,0,0,0,0,0,L,1,11.100000000000023,51195.49999999999,low,0,0,28.68
7961,H37374,H,301.1,312.2,1491,42.6,52,0,0,0,0,0,0,H,1,11.099999999999966,63516.6,mid,0,0,31.54
7962,L55141,L,301.0,312.2,1264,59.0,57,0,0,0,0,0,0,L,1,11.199999999999989,74576.0,mid,0,0,36.84
7963,L55142,L,301.0,312.2,1372,47.0,59,0,0,0,0,0,0,L,1,11.199999999999989,64484.0,mid,0,0,35.24
7964,L55143,L,301.0,312.2,1510,39.9,61,0,0,0,0,0,0,L,1,11.199999999999989,60249.0,mid,0,0,34.62
7965,L55144,L,300.9,312.1,1423,40.2,63,0,0,0,0,0,0,L,1,11.200000000000045,57204.600000000006,mid,0,0,35.48
7966,L55145,L,301.1,312.3,1464,35.3,65,0,0,0,0,0,0,L,1,11.199999999999989,51679.2,mid,0,0,35.3
7967,L55146,L,301.0,312.2,1602,35.9,67,0,0,0,0,0,0,L,1,11.199999999999989,57511.799999999996,mid,0,0,36.22
7968,M22827,M,301.0,312.2,1629,32.6,69,0,0,0,0,0,0,M,1,11.199999999999989,53105.4,mid,0,0,36.36
7969,L55148,L,300.9,312.2,1811,23.2,72,0,0,0,0,0,0,L,1,11.300000000000011,42015.2,mid,0,0,35.7
7970,L55149,L,300.9,312.1,1711,28.8,74,0,0,0,0,0,0,L,1,11.200000000000045,49276.8,mid,0,0,37.6
7971,M22830,M,300.9,312.1,1297,48.6,76,0,0,0,0,0,0,M,1,11.200000000000045,63034.200000000004,mid,0,0,42.36
7972,L55151,L,301.0,312.1,1405,46.1,79,0,0,0,0,0,0,L,1,11.100000000000023,64770.5,mid,0,0,43.04
7973,L55152,L,301.1,312.2,1397,54.9,81,0,0,0,0,0,0,L,1,11.099999999999966,76695.3,mid,0,0,45.6
7974,L55153,L,301.1,312.3,1682,29.7,83,0,0,0,0,0,0,L,1,11.199999999999989,49955.4,mid,0,0,41.38
7975,L55154,L,301.2,312.3,1528,38.4,85,0,0,0,0,0,0,L,1,11.100000000000023,58675.2,mid,0,0,43.9
7976,M22835,M,301.2,312.3,1548,38.3,87,0,0,0,0,0,0,M,1,11.100000000000023,59288.399999999994,mid,0,0,44.68
7977,H37390,H,301.2,312.4,1395,47.8,90,0,0,0,0,0,0,H,1,11.199999999999989,66681.0,mid,0,0,47.8
7978,L55157,L,301.2,312.4,1378,59.0,95,0,0,0,0,0,0,L,1,11.199999999999989,81302.0,mid,0,0,52.04
7979,L55158,L,301.2,312.4,1480,53.5,97,0,0,0,0,0,0,L,1,11.199999999999989,79180.0,mid,0,0,51.74
7980,M22839,M,301.2,312.4,1428,36.6,99,0,0,0,0,0,0,M,1,11.199999999999989,52264.8,mid,0,0,49.16
7981,M22840,M,301.2,312.4,1505,39.6,102,0,0,0,0,0,0,M,1,11.199999999999989,59598.0,mid,0,0,50.96
7982,L55161,L,301.0,312.3,1445,36.4,105,0,0,0,0,0,0,L,1,11.300000000000011,52598.0,mid,0,0,51.54
7983,L55162,L,301.0,312.3,1488,42.6,107,0,0,0,0,0,0,L,1,11.300000000000011,63388.8,mid,0,0,53.58
7984,L55163,L,301.0,312.2,1601,33.0,109,0,0,0,0,0,0,L,1,11.199999999999989,52833.0,mid,0,0,52.44
7985,L55164,L,301.0,312.3,1550,34.9,111,0,0,0,0,0,0,L,1,11.300000000000011,54095.0,mid,0,0,53.64
7986,L55165,L,301.0,312.2,1540,34.1,113,0,0,0,0,0,0,L,1,11.199999999999989,52514.0,mid,0,0,54.26
7987,L55166,L,301.1,312.3,1587,34.5,115,0,0,0,0,0,0,L,1,11.199999999999989,54751.5,mid,0,0,55.14
7988,H37401,H,301.0,312.2,1489,40.3,117,0,0,0,0,0,0,H,1,11.199999999999989,60006.7,mid,0,0,57.1
7989,L55168,L,301.1,312.3,1486,34.9,122,0,0,0,0,0,0,L,1,11.199999999999989,51861.4,mid,0,0,58.02
7990,L55169,L,301.1,312.4,1430,37.9,124,0,0,0,0,0,0,L,1,11.299999999999955,54197.0,mid,0,0,59.44
7991,M22850,M,301.1,312.4,1809,25.1,126,0,0,0,0,0,0,M,1,11.299999999999955,45405.9,mid,0,0,57.68
7992,L55171,L,301.1,312.3,1534,39.0,129,0,0,0,0,0,0,L,1,11.199999999999989,59826.0,mid,0,0,61.64
7993,M22852,M,301.1,312.3,1852,25.9,131,0,0,0,0,0,0,M,1,11.199999999999989,47966.799999999996,mid,0,0,59.82
7994,L55173,L,301.1,312.3,1595,31.9,134,0,0,0,0,0,0,L,1,11.199999999999989,50880.5,mid,0,0,62.22
7995,L55174,L,301.0,312.3,1424,43.5,136,0,0,0,0,0,0,L,1,11.300000000000011,61944.0,mid,0,0,65.36
7996,L55175,L,301.0,312.2,1776,28.8,138,0,0,0,0,0,0,L,1,11.199999999999989,51148.8,mid,0,0,63.2
7997,M22856,M,301.0,312.2,1499,41.5,140,0,0,0,0,0,0,M,1,11.199999999999989,62208.5,mid,0,0,66.54
7998,M22857,M,301.0,312.2,2710,9.7,143,1,0,0,1,0,0,M,1,11.199999999999989,26286.999999999996,mid,0,1,111.38
7999,L55178,L,300.9,312.1,1359,51.7,146,0,0,0,0,0,0,L,1,11.200000000000045,70260.3,mid,0,0,70.98
8000,M22859,M,300.9,312.1,1617,31.0,148,0,0,0,0,0,0,M,1,11.200000000000045,50127.0,mid,0,0,67.64
8001,M22860,M,300.8,312.0,1443,53.3,151,0,0,0,0,0,0,M,1,11.199999999999989,76911.9,high,0,0,73.3
8002,L55181,L,300.8,312.0,1374,50.2,154,0,0,0,0,0,0,L,1,11.199999999999989,68974.8,high,0,0,73.88
8003,M22862,M,300.9,312.1,1851,23.0,156,0,0,0,0,0,0,M,1,11.200000000000045,42573.0,high,0,0,69.24
8004,M22863,M,300.8,312.0,1274,67.3,159,0,0,0,0,0,0,M,1,11.199999999999989,85740.2,high,0,0,79.3
8005,L55184,L,300.9,312.0,1533,44.0,162,0,0,0,0,0,0,L,1,11.100000000000023,67452.0,high,0,0,75.82
8006,L55185,L,300.8,312.0,1477,37.3,164,0,0,0,0,0,0,L,1,11.199999999999989,55092.1,high,0,0,75.3
8007,L55186,L,300.9,312.1,1462,46.0,166,0,0,0,0,0,0,L,1,11.200000000000045,67252.0,high,0,0,77.84
8008,M22867,M,301.0,312.1,1664,28.4,168,0,0,0,0,0,0,M,1,11.100000000000023,47257.6,high,0,0,75.1
8009,L55188,L,300.8,311.9,1414,41.1,171,0,0,0,0,0,0,L,1,11.099999999999966,58115.4,high,0,0,78.84
8010,H37423,H,300.9,312.0,2129,17.8,173,0,0,0,0,0,0,H,1,11.100000000000023,37896.200000000004,high,0,0,74.98
8011,L55190,L,300.8,311.8,1323,61.1,178,0,0,0,0,0,0,L,1,11.0,80835.3,high,0,0,85.62
8012,L55191,L,300.8,311.8,1427,43.3,180,0,0,0,0,0,0,L,1,11.0,61789.1,high,0,0,82.86
8013,M22872,M,300.9,312.0,1375,56.1,182,0,0,0,0,0,0,M,1,11.100000000000023,77137.5,high,0,0,86.24
8014,M22873,M,300.9,312.0,1402,50.7,185,0,0,0,0,0,0,M,1,11.100000000000023,71081.40000000001,high,0,0,86.36
8015,L55194,L,300.9,312.0,1500,44.2,188,0,0,0,0,0,0,L,1,11.100000000000023,66300.0,high,0,0,86.26
8016,M22875,M,301.0,312.0,1558,37.5,190,0,0,0,0,0,0,M,1,11.0,58425.0,high,0,0,85.7
8017,M22876,M,300.9,312.0,1447,41.4,193,0,0,0,0,0,0,M,1,11.100000000000023,59905.799999999996,high,0,0,87.7
8018,L55197,L,301.0,312.0,1518,39.3,196,0,0,0,0,0,0,L,1,11.0,59657.399999999994,high,0,0,88.46
8019,L55198,L,301.0,311.9,1889,23.5,198,0,0,0,0,0,0,L,1,10.899999999999977,44391.5,high,0,0,86.08
8020,L55199,L,301.0,312.1,1675,30.7,200,0,0,0,0,0,0,L,1,11.100000000000023,51422.5,high,1,0,88.36
8021,H37434,H,300.9,312.0,1720,27.9,202,0,0,0,0,0,0,H,1,11.100000000000023,47988.0,high,1,0,88.6
8022,M22881,M,301.0,312.0,1499,34.6,207,0,0,0,0,0,0,M,1,11.0,51865.4,high,1,0,91.92
8023,L55202,L,300.9,312.0,1441,43.8,210,0,0,0,0,0,0,L,1,11.100000000000023,63115.799999999996,high,1,0,94.98
8024,H37437,H,300.9,312.0,1397,42.7,212,0,0,0,0,0,0,H,1,11.100000000000023,59651.9,high,1,0,95.56
8025,L55204,L,300.9,312.0,1493,38.7,217,0,0,0,0,0,0,L,1,11.100000000000023,57779.100000000006,high,1,0,96.76
8026,M22885,M,300.8,312.0,1422,50.7,219,0,0,0,0,0,0,M,1,11.199999999999989,72095.40000000001,high,1,0,99.98
8027,L55206,L,300.7,311.9,1399,50.2,222,1,0,0,0,1,0,L,1,11.199999999999989,70229.8,high,1,1,151.08
8028,L55207,L,300.6,311.9,1425,44.9,224,0,0,0,0,0,0,L,1,11.299999999999955,63982.5,high,1,0,100.84
8029,L55208,L,300.6,311.8,1501,44.8,226,0,0,0,0,0,0,L,1,11.199999999999989,67244.8,high,1,0,101.6
8030,M22889,M,300.6,311.9,1629,35.3,0,0,0,0,0,0,0,M,1,11.299999999999955,57503.7,low,0,0,9.32
8031,L55210,L,300.6,312.0,1490,42.2,3,0,0,0,0,0,0,L,1,11.399999999999977,62878.00000000001,low,0,0,11.92
8032,L55211,L,300.7,312.0,1550,32.4,5,0,0,0,0,0,0,L,1,11.300000000000011,50220.0,low,0,0,10.74
8033,L55212,L,300.8,312.0,1416,46.5,7,0,0,0,0,0,0,L,1,11.199999999999989,65844.0,low,0,0,14.34
8034,L55213,L,300.7,311.9,1485,38.8,9,0,0,0,0,0,0,L,1,11.199999999999989,57617.99999999999,low,0,0,13.6
8035,L55214,L,300.7,311.8,1564,36.8,11,0,0,0,0,0,0,L,1,11.100000000000023,57555.2,low,0,0,13.98
8036,L55215,L,300.7,311.7,1910,19.7,13,0,0,0,0,0,0,L,1,11.0,37627.0,low,0,0,11.34
8037,L55216,L,300.7,311.7,1460,46.1,15,0,0,0,0,0,0,L,1,11.0,67306.0,low,0,0,17.42
8038,L55217,L,300.7,311.8,1603,34.1,17,0,0,0,0,0,0,L,1,11.100000000000023,54662.3,low,0,0,15.84
8039,L55218,L,300.7,311.8,1486,47.3,19,0,0,0,0,0,0,L,1,11.100000000000023,70287.8,low,0,0,19.28
8040,L55219,L,300.8,311.9,1560,31.8,21,0,0,0,0,0,0,L,1,11.099999999999966,49608.0,low,0,0,16.98
8041,L55220,L,300.8,311.9,1498,39.3,23,0,0,0,0,0,0,L,1,11.099999999999966,58871.399999999994,low,0,0,19.28
8042,H37455,H,300.8,311.9,1431,48.5,25,0,0,0,0,0,0,H,1,11.099999999999966,69403.5,low,0,0,21.92
8043,L55222,L,300.8,311.9,1486,45.1,30,0,0,0,0,0,0,L,1,11.099999999999966,67018.6,low,0,0,23.24
8044,L55223,L,300.7,311.9,1486,35.8,32,0,0,0,0,0,0,L,1,11.199999999999989,53198.799999999996,low,0,0,22.2
8045,L55224,L,300.7,311.8,1441,38.1,34,0,0,0,0,0,0,L,1,11.100000000000023,54902.1,low,0,0,23.44
8046,M22905,M,300.7,311.9,1366,55.1,36,0,0,0,0,0,0,M,1,11.199999999999989,75266.6,low,0,0,27.66
8047,L55226,L,300.6,311.8,1471,41.4,39,0,0,0,0,0,0,L,1,11.199999999999989,60899.4,low,0,0,26.12
8048,L55227,L,300.6,311.9,1463,38.2,41,0,0,0,0,0,0,L,1,11.299999999999955,55886.600000000006,low,0,0,26.3
8049,L55228,L,300.6,311.9,1413,41.3,43,0,0,0,0,0,0,L,1,11.299999999999955,58356.899999999994,low,0,0,27.72
8050,H37463,H,300.6,311.9,1604,30.5,45,0,0,0,0,0,0,H,1,11.299999999999955,48922.0,low,0,0,26.36
8051,L55230,L,300.7,312.0,1401,51.1,50,0,0,0,0,0,0,L,1,11.300000000000011,71591.1,low,0,0,32.48
8052,L55231,L,300.6,311.8,1652,27.2,52,0,0,0,0,0,0,L,1,11.199999999999989,44934.4,mid,0,0,28.48
8053,L55232,L,300.5,311.9,1403,45.7,54,0,0,0,0,0,0,L,1,11.399999999999977,64117.100000000006,mid,0,0,33.02
8054,L55233,L,300.5,311.9,1887,21.7,56,0,0,0,0,0,0,L,1,11.399999999999977,40947.9,mid,0,0,29.02
8055,L55234,L,300.4,311.8,1405,47.9,58,0,0,0,0,0,0,L,1,11.400000000000034,67299.5,mid,0,0,35.06
8056,H37469,H,300.2,311.6,1496,41.1,60,0,0,0,0,0,0,H,1,11.400000000000034,61485.6,mid,0,0,34.5
8057,L55236,L,300.1,311.5,1499,43.4,65,0,0,0,0,0,0,L,1,11.399999999999977,65056.6,mid,0,0,36.96
8058,L55237,L,300.2,311.5,1549,37.2,67,0,0,0,0,0,0,L,1,11.300000000000011,57622.8,mid,0,0,36.5
8059,L55238,L,300.3,311.6,1515,44.9,69,0,0,0,0,0,0,L,1,11.300000000000011,68023.5,mid,0,0,38.84
8060,L55239,L,300.2,311.6,1540,37.7,71,0,0,0,0,0,0,L,1,11.400000000000034,58058.00000000001,mid,0,0,38.22
8061,H37474,H,300.2,311.5,1426,44.3,73,0,0,0,0,0,0,H,1,11.300000000000011,63171.799999999996,mid,0,0,40.32
8062,M22921,M,300.2,311.6,1465,41.4,78,0,0,0,0,0,0,M,1,11.400000000000034,60651.0,mid,0,0,41.76
8063,M22922,M,300.3,311.6,1359,54.1,81,0,0,0,0,0,0,M,1,11.300000000000011,73521.90000000001,mid,0,0,45.48
8064,M22923,M,300.3,311.7,1551,36.4,84,0,0,0,0,0,0,M,1,11.399999999999977,56456.399999999994,mid,0,0,43.16
8065,L55244,L,300.5,311.8,1596,34.8,87,0,0,0,0,0,0,L,1,11.300000000000011,55540.799999999996,mid,0,0,44.02
8066,M22925,M,300.5,311.9,1670,26.3,89,0,0,0,0,0,0,M,1,11.399999999999977,43921.0,mid,0,0,43.14
8067,L55246,L,300.4,311.9,1868,21.3,92,0,0,0,0,0,0,L,1,11.5,39788.4,mid,0,0,43.36
8068,M22927,M,300.6,312.0,1490,39.8,94,0,0,0,0,0,0,M,1,11.399999999999977,59301.99999999999,mid,0,0,47.84
8069,M22928,M,300.5,311.9,1676,35.2,97,0,0,0,0,0,0,M,1,11.399999999999977,58995.200000000004,mid,0,0,48.12
8070,M22929,M,300.5,311.9,1875,22.1,100,0,0,0,0,0,0,M,1,11.399999999999977,41437.5,mid,0,0,46.7
8071,M22930,M,300.5,312.0,1867,23.0,103,0,0,0,0,0,0,M,1,11.5,42941.0,mid,0,0,48.1
8072,L55251,L,300.5,312.0,1646,29.5,106,0,0,0,0,0,0,L,1,11.5,48557.0,mid,0,0,50.6
8073,H37486,H,300.5,312.0,1375,43.2,108,0,0,0,0,0,0,H,1,11.5,59400.00000000001,mid,0,0,54.14
8074,L55253,L,300.5,312.0,1558,36.7,113,0,0,0,0,0,0,L,1,11.5,57178.600000000006,mid,0,0,54.84
8075,L55254,L,300.4,312.0,1631,34.9,115,0,0,0,0,0,0,L,1,11.600000000000023,56921.899999999994,mid,0,0,55.3
8076,L55255,L,300.4,312.0,1366,43.0,117,0,0,0,0,0,0,L,1,11.600000000000023,58738.0,mid,0,0,57.72
8077,L55256,L,300.3,311.8,1360,48.0,119,0,0,0,0,0,0,L,1,11.5,65280.0,mid,0,0,59.5
8078,L55257,L,300.3,311.8,1547,39.7,121,0,0,0,0,0,0,L,1,11.5,61415.9,mid,0,0,58.64
8079,L55258,L,300.3,311.7,1571,31.2,123,0,0,0,0,0,0,L,1,11.399999999999977,49015.2,mid,0,0,57.72
8080,L55259,L,300.2,311.5,1528,36.1,125,0,0,0,0,0,0,L,1,11.300000000000011,55160.8,mid,0,0,59.48
8081,H37494,H,300.2,311.5,1432,43.6,127,0,0,0,0,0,0,H,1,11.300000000000011,62435.200000000004,mid,0,0,61.78
8082,L55261,L,300.2,311.6,1356,53.5,132,0,0,0,0,0,0,L,1,11.400000000000034,72546.0,mid,0,0,65.78
8083,H37496,H,300.1,311.5,1422,46.2,134,0,0,0,0,0,0,H,1,11.399999999999977,65696.40000000001,mid,0,0,65.12
8084,L55263,L,300.1,311.4,1438,42.2,139,0,0,0,0,0,0,L,1,11.299999999999955,60683.600000000006,mid,0,0,66.3
8085,L55264,L,300.2,311.4,1483,44.4,141,0,0,0,0,0,0,L,1,11.199999999999989,65845.2,mid,0,0,67.52
8086,L55265,L,300.2,311.4,1331,49.8,143,0,0,0,0,0,0,L,1,11.199999999999989,66283.8,mid,0,0,69.4
8087,L55266,L,300.2,311.4,1463,37.5,145,0,0,0,0,0,0,L,1,11.199999999999989,54862.5,mid,0,0,67.74
8088,L55267,L,300.1,311.4,1446,40.6,147,0,0,0,0,0,0,L,1,11.299999999999955,58707.6,mid,0,0,69.18
8089,L55268,L,300.1,311.4,1356,45.7,149,0,0,0,0,0,0,L,1,11.299999999999955,61969.200000000004,mid,0,0,71.0
8090,L55269,L,300.1,311.3,1676,30.3,151,0,0,0,0,0,0,L,1,11.199999999999989,50782.8,high,0,0,68.7
8091,L55270,L,300.1,311.4,1910,23.0,153,0,0,0,0,0,0,L,1,11.299999999999955,43930.0,high,0,0,68.06
8092,L55271,L,300.2,311.6,1375,56.9,155,0,0,0,0,0,0,L,1,11.400000000000034,78237.5,high,0,0,75.66
8093,M22952,M,300.2,311.6,1513,40.8,157,0,0,0,0,0,0,M,1,11.400000000000034,61730.399999999994,high,0,0,73.24
8094,L55273,L,300.2,311.6,1511,35.7,160,0,0,0,0,0,0,L,1,11.400000000000034,53942.700000000004,high,0,0,73.42
8095,H37508,H,300.2,311.6,1662,28.8,162,0,0,0,0,0,0,H,1,11.400000000000034,47865.6,high,0,0,72.84
8096,L55275,L,300.2,311.7,1493,48.3,167,0,0,0,0,0,0,L,1,11.5,72111.9,high,0,0,78.76
8097,M22956,M,300.2,311.7,1555,37.4,169,0,0,0,0,0,0,M,1,11.5,58157.0,high,0,0,77.38
8098,L55277,L,300.3,311.7,1452,41.5,172,0,0,0,0,0,0,L,1,11.399999999999977,60258.0,high,0,0,79.38
8099,L55278,L,300.2,311.6,1500,39.0,174,0,0,0,0,0,0,L,1,11.400000000000034,58500.0,high,0,0,79.68
8100,L55279,L,300.2,311.7,1603,30.5,176,0,0,0,0,0,0,L,1,11.5,48891.5,high,0,0,78.8
8101,L55280,L,300.3,311.7,1682,27.8,178,0,0,0,0,0,0,L,1,11.399999999999977,46759.6,high,0,0,79.04
8102,L55281,L,300.3,311.8,1567,37.7,180,0,0,0,0,0,0,L,1,11.5,59075.9,high,0,0,81.84
8103,L55282,L,300.3,311.8,1413,46.0,182,0,0,0,0,0,0,L,1,11.5,64998.0,high,0,0,84.3
8104,M22963,M,300.3,311.9,1429,41.6,184,0,0,0,0,0,0,M,1,11.599999999999966,59446.4,high,0,0,84.24
8105,L55284,L,300.3,311.9,1692,31.5,187,0,0,0,0,0,0,L,1,11.599999999999966,53298.0,high,0,0,83.42
8106,L55285,L,300.4,311.9,1476,48.7,189,0,0,0,0,0,0,L,1,11.5,71881.2,high,0,0,87.64
8107,M22966,M,300.4,312.0,1596,30.4,191,0,0,0,0,0,0,M,1,11.600000000000023,48518.399999999994,high,0,0,84.8
8108,H37521,H,300.3,311.9,1390,49.0,194,0,0,0,0,0,0,H,1,11.599999999999966,68110.0,high,0,0,89.72
8109,M22968,M,300.3,311.8,1607,33.7,199,0,0,0,0,0,0,M,1,11.5,54155.9,high,0,0,88.64
8110,L55289,L,300.3,311.7,1821,26.3,202,0,0,0,0,0,0,L,1,11.399999999999977,47892.3,high,1,0,88.34
8111,H37524,H,300.3,311.8,2141,18.5,204,0,0,0,0,0,0,H,1,11.5,39608.5,high,1,0,87.6
8112,M22971,M,300.4,311.8,1553,33.1,209,1,1,0,0,0,0,M,1,11.400000000000034,51404.3,high,1,1,142.5
8113,M22972,M,300.4,311.8,1442,45.1,0,0,0,0,0,0,0,M,1,11.400000000000034,65034.200000000004,low,0,0,11.3
8114,L55293,L,300.4,311.7,1459,45.6,3,0,0,0,0,0,0,L,1,11.300000000000011,66530.40000000001,low,0,0,12.58
8115,H37528,H,300.4,311.8,2496,13.5,5,0,0,0,0,0,0,H,1,11.400000000000034,33696.0,low,0,0,6.98
8116,L55295,L,300.4,311.8,1367,57.2,10,0,0,0,0,0,0,L,1,11.400000000000034,78192.40000000001,low,0,0,17.72
8117,L55296,L,300.3,311.8,2004,19.6,12,0,0,0,0,0,0,L,1,11.5,39278.4,low,0,0,11.02
8118,L55297,L,300.3,311.7,1406,47.5,14,0,0,0,0,0,0,L,1,11.399999999999977,66785.0,low,0,0,17.38
8119,L55298,L,300.3,311.8,1548,33.0,16,0,0,0,0,0,0,L,1,11.5,51084.0,low,0,0,15.3
8120,L55299,L,300.3,311.7,1333,55.2,18,0,0,0,0,0,0,L,1,11.399999999999977,73581.6,low,0,0,20.52
8121,L55300,L,300.2,311.6,1767,26.4,20,0,0,0,0,0,0,L,1,11.400000000000034,46648.799999999996,low,0,0,15.56
8122,L55301,L,300.2,311.6,1827,27.0,22,0,0,0,0,0,0,L,1,11.400000000000034,49329.0,low,0,0,16.48
8123,M22982,M,300.2,311.6,1533,46.4,24,0,0,0,0,0,0,M,1,11.400000000000034,71131.2,low,0,0,21.16
8124,H37537,H,300.2,311.5,1515,36.8,27,0,0,0,0,0,0,H,1,11.300000000000011,55751.99999999999,low,0,0,20.42
8125,L55304,L,300.2,311.4,1568,41.0,32,0,0,0,0,0,0,L,1,11.199999999999989,64288.0,low,0,0,23.24
8126,L55305,L,300.2,311.4,1452,47.8,34,0,0,0,0,0,0,L,1,11.199999999999989,69405.59999999999,low,0,0,25.4
8127,L55306,L,300.2,311.4,1433,37.9,36,0,0,0,0,0,0,L,1,11.199999999999989,54310.7,low,0,0,24.22
8128,M22987,M,300.1,311.3,1650,33.8,38,0,0,0,0,0,0,M,1,11.199999999999989,55769.99999999999,low,0,0,24.2
8129,L55308,L,300.1,311.4,1629,31.3,41,0,0,0,0,0,0,L,1,11.299999999999955,50987.700000000004,low,0,0,24.92
8130,L55309,L,300.0,311.3,1520,39.2,43,0,0,0,0,0,0,L,1,11.300000000000011,59584.00000000001,low,0,0,27.3
8131,H37544,H,300.0,311.2,1393,43.1,45,0,0,0,0,0,0,H,1,11.199999999999989,60038.3,low,0,0,28.86
8132,H37545,H,299.9,311.2,1364,49.6,50,0,0,0,0,0,0,H,1,11.300000000000011,67654.40000000001,low,0,0,32.18
8133,M22992,M,299.9,311.3,1389,50.0,55,0,0,0,0,0,0,M,1,11.400000000000034,69450.0,mid,0,0,34.28
8134,L55313,L,299.8,311.1,1466,46.1,58,0,0,0,0,0,0,L,1,11.300000000000011,67582.6,mid,0,0,34.68
8135,L55314,L,299.7,311.1,1650,32.4,60,0,0,0,0,0,0,L,1,11.400000000000034,53460.0,mid,0,0,32.76
8136,L55315,L,299.6,311.0,1554,36.3,62,0,0,0,0,0,0,L,1,11.399999999999977,56410.2,mid,0,0,34.34
8137,M22996,M,299.6,310.9,1474,39.7,64,0,0,0,0,0,0,M,1,11.299999999999955,58517.8,mid,0,0,35.8
8138,H37551,H,299.5,310.8,1600,32.4,67,0,0,0,0,0,0,H,1,11.300000000000011,51840.0,mid,0,0,35.54
8139,L55318,L,299.5,310.8,1356,54.9,72,0,0,0,0,0,0,L,1,11.300000000000011,74444.4,mid,0,0,42.04
8140,L55319,L,299.5,310.8,1571,38.2,74,0,0,0,0,0,0,L,1,11.300000000000011,60012.200000000004,mid,0,0,39.5
8141,L55320,L,299.6,310.9,1658,28.0,76,0,0,0,0,0,0,L,1,11.299999999999955,46424.0,mid,0,0,38.26
8142,L55321,L,299.6,310.8,1393,49.9,78,0,0,0,0,0,0,L,1,11.199999999999989,69510.7,mid,0,0,43.42
8143,M23002,M,299.7,311.0,1448,49.8,80,0,0,0,0,0,0,M,1,11.300000000000011,72110.4,mid,0,0,44.22
8144,L55323,L,299.7,310.9,1477,40.4,83,0,0,0,0,0,0,L,1,11.199999999999989,59670.799999999996,mid,0,0,43.52
8145,M23004,M,299.7,311.0,1506,42.7,85,0,0,0,0,0,0,M,1,11.300000000000011,64306.200000000004,mid,0,0,44.8
8146,M23005,M,299.7,310.9,1685,32.1,88,0,0,0,0,0,0,M,1,11.199999999999989,54088.5,mid,0,0,43.86
8147,L55326,L,299.6,310.9,1533,31.8,91,0,0,0,0,0,0,L,1,11.299999999999955,48749.4,mid,0,0,45.02
8148,L55327,L,299.5,310.8,1447,41.0,93,0,0,0,0,0,0,L,1,11.300000000000011,59327.0,mid,0,0,47.66
8149,M23008,M,299.5,310.7,1488,39.5,95,0,0,0,0,0,0,M,1,11.199999999999989,58776.0,mid,0,0,48.14
8150,M23009,M,299.6,310.8,1427,50.4,98,0,0,0,0,0,0,M,1,11.199999999999989,71920.8,mid,0,0,51.52
8151,M23010,M,299.5,310.7,1424,41.3,101,0,0,0,0,0,0,M,1,11.199999999999989,58811.2,mid,0,0,50.9
8152,L55331,L,299.5,310.7,1472,40.9,104,0,0,0,0,0,0,L,1,11.199999999999989,60204.799999999996,mid,0,0,52.02
8153,L55332,L,299.5,310.7,1438,45.7,106,0,0,0,0,0,0,L,1,11.199999999999989,65716.6,mid,0,0,53.78
8154,L55333,L,299.6,310.8,1507,42.4,108,0,0,0,0,0,0,L,1,11.199999999999989,63896.799999999996,mid,0,0,53.92
8155,L55334,L,299.6,310.7,1393,52.1,110,0,0,0,0,0,0,L,1,11.099999999999966,72575.3,mid,0,0,56.64
8156,L55335,L,299.5,310.8,1283,52.4,112,0,0,0,0,0,0,L,1,11.300000000000011,67229.2,mid,0,0,57.54
8157,L55336,L,299.6,310.8,1644,30.9,114,0,0,0,0,0,0,L,1,11.199999999999989,50799.6,mid,0,0,54.02
8158,L55337,L,299.6,310.8,1498,46.9,116,0,0,0,0,0,0,L,1,11.199999999999989,70256.2,mid,0,0,58.02
8159,L55338,L,299.6,310.8,1400,40.8,118,0,0,0,0,0,0,L,1,11.199999999999989,57119.99999999999,mid,0,0,57.6
8160,H37573,H,299.6,310.9,1679,31.2,120,0,0,0,0,0,0,H,1,11.299999999999955,52384.799999999996,mid,0,0,56.5
8161,M23020,M,299.7,311.1,1618,30.3,125,0,0,0,0,0,0,M,1,11.400000000000034,49025.4,mid,0,0,58.34
8162,H37575,H,299.6,311.0,1714,30.2,128,0,0,0,0,0,0,H,1,11.399999999999977,51762.799999999996,mid,0,0,59.52
8163,L55342,L,299.6,311.0,1574,35.0,133,0,0,0,0,0,0,L,1,11.399999999999977,55090.0,mid,0,0,62.48
8164,L55343,L,299.7,311.1,1574,36.4,135,0,0,0,0,0,0,L,1,11.400000000000034,57293.6,mid,0,0,63.56
8165,L55344,L,299.6,310.9,1472,40.9,137,0,0,0,0,0,0,L,1,11.299999999999955,60204.799999999996,mid,0,0,65.24
8166,L55345,L,299.6,311.0,1552,33.2,139,0,0,0,0,0,0,L,1,11.399999999999977,51526.4,mid,0,0,64.52
8167,L55346,L,299.7,311.1,1603,31.4,141,0,0,0,0,0,0,L,1,11.400000000000034,50334.2,mid,0,0,64.96
8168,H37581,H,299.7,311.1,1353,47.1,143,0,0,0,0,0,0,H,1,11.400000000000034,63726.3,mid,0,0,68.9
8169,L55348,L,299.7,311.1,1690,30.6,148,0,0,0,0,0,0,L,1,11.400000000000034,51714.0,mid,0,0,67.6
8170,M23029,M,299.8,311.2,1745,26.3,150,0,0,0,0,0,0,M,1,11.399999999999977,45893.5,mid,0,0,67.54
8171,L55350,L,299.9,311.3,1522,45.7,153,0,0,0,0,0,0,L,1,11.400000000000034,69555.40000000001,high,0,0,72.62
8172,H37585,H,300.0,311.4,1641,34.5,155,0,0,0,0,0,0,H,1,11.399999999999977,56614.5,high,0,0,71.18
8173,L55352,L,299.9,311.4,1596,28.9,160,0,0,0,0,0,0,L,1,11.5,46124.399999999994,high,0,0,72.08
8174,H37587,H,299.9,311.4,1497,37.0,162,0,0,0,0,0,0,H,1,11.5,55389.0,high,0,0,74.5
8175,L55354,L,299.9,311.3,1371,52.3,167,0,0,0,0,0,0,L,1,11.400000000000034,71703.3,high,0,0,79.54
8176,M23035,M,299.9,311.3,1445,41.2,169,0,0,0,0,0,0,M,1,11.400000000000034,59534.00000000001,high,0,0,78.12
8177,L55356,L,299.8,311.2,1564,40.0,172,0,0,0,0,0,0,L,1,11.399999999999977,62560.0,high,0,0,79.08
8178,L55357,L,299.7,311.1,1439,44.9,174,0,0,0,0,0,0,L,1,11.400000000000034,64611.1,high,0,0,80.86
8179,L55358,L,299.7,311.2,1352,52.1,176,0,0,0,0,0,0,L,1,11.5,70439.2,high,0,0,83.12
8180,L55359,L,299.8,311.3,1560,35.4,178,0,0,0,0,0,0,L,1,11.5,55224.0,high,0,0,80.58
8181,M23040,M,299.7,311.2,1616,42.3,180,0,0,0,0,0,0,M,1,11.5,68356.79999999999,high,0,0,82.76
8182,L55361,L,299.7,311.2,1835,23.7,183,0,0,0,0,0,0,L,1,11.5,43489.5,high,0,0,80.24
8183,M23042,M,299.7,311.1,1649,32.7,185,0,0,0,0,0,0,M,1,11.400000000000034,53922.3,high,0,0,82.82
8184,L55363,L,299.8,311.1,1452,47.3,188,0,0,0,0,0,0,L,1,11.300000000000011,68679.59999999999,high,0,0,86.92
8185,L55364,L,299.8,311.1,2144,17.7,190,0,0,0,0,0,0,L,1,11.300000000000011,37948.799999999996,high,0,0,81.8
8186,L55365,L,299.7,311.1,1554,41.0,192,0,0,0,0,0,0,L,1,11.400000000000034,63714.0,high,0,0,87.28
8187,L55366,L,299.7,311.0,1827,25.4,194,0,0,0,0,0,0,L,1,11.300000000000011,46405.799999999996,high,0,0,84.94
8188,L55367,L,299.6,310.9,1448,46.3,196,0,0,0,0,0,0,L,1,11.299999999999955,67042.4,high,0,0,89.92
8189,M23048,M,299.6,310.9,1530,38.8,198,0,0,0,0,0,0,M,1,11.299999999999955,59363.99999999999,high,0,0,89.22
8190,L55369,L,299.7,311.0,1983,21.0,201,0,0,0,0,0,0,L,1,11.300000000000011,41643.0,high,1,0,86.86
8191,M23050,M,299.7,310.9,1620,37.2,203,0,0,0,0,0,0,M,1,11.199999999999989,60264.00000000001,high,1,0,90.88
8192,M23051,M,299.6,310.9,1630,29.8,206,0,0,0,0,0,0,M,1,11.299999999999955,48574.0,high,1,0,90.62
8193,L55372,L,299.6,310.9,1229,65.2,209,1,0,0,0,1,0,L,1,11.299999999999955,80130.8,high,1,1,148.9
8194,L55373,L,299.5,310.8,1873,22.3,211,0,0,0,0,0,0,L,1,11.300000000000011,41767.9,high,1,0,91.12
8195,L55374,L,299.4,310.7,1426,45.7,213,0,0,0,0,0,0,L,1,11.300000000000011,65168.200000000004,high,1,0,96.6
8196,L55375,L,299.4,310.8,1376,53.9,215,1,0,0,0,1,0,L,1,11.400000000000034,74166.4,high,1,1,149.06
8197,L55376,L,299.4,310.8,1622,33.6,217,0,0,0,0,0,0,L,1,11.400000000000034,54499.200000000004,high,1,0,95.8
8198,M23057,M,299.4,310.7,1492,45.7,219,0,0,0,0,0,0,M,1,11.300000000000011,68184.40000000001,high,1,0,99.0
8199,M23058,M,299.3,310.7,1374,48.9,222,0,0,0,0,0,0,M,1,11.399999999999977,67188.59999999999,high,1,0,100.86
8200,L55379,L,299.2,310.7,1737,27.0,225,1,1,0,0,0,0,L,1,11.5,46899.0,high,1,1,147.7
8201,L55380,L,299.3,310.8,1426,42.4,0,0,0,0,0,0,0,L,1,11.5,60462.4,low,0,0,10.78
8202,M23061,M,299.3,310.9,1826,25.1,2,0,0,0,0,0,0,M,1,11.599999999999966,45832.600000000006,low,0,0,8.14
8203,L55382,L,299.3,310.9,1669,32.4,5,0,0,0,0,0,0,L,1,11.599999999999966,54075.6,low,0,0,10.8
8204,M23063,M,299.4,310.9,1473,40.1,7,0,0,0,0,0,0,M,1,11.5,59067.3,low,0,0,13.12
8205,L55384,L,299.4,310.9,1751,27.8,10,0,0,0,0,0,0,L,1,11.5,48677.8,low,0,0,11.86
8206,M23065,M,299.4,310.9,1446,47.3,12,0,0,0,0,0,0,M,1,11.5,68395.8,low,0,0,16.56
8207,L55386,L,299.3,310.8,1483,43.5,15,0,0,0,0,0,0,L,1,11.5,64510.5,low,0,0,17.0
8208,L55387,L,299.2,310.7,1535,42.6,17,0,0,0,0,0,0,L,1,11.5,65391.0,low,0,0,17.62
8209,L55388,L,299.2,310.7,1477,44.0,19,0,0,0,0,0,0,L,1,11.5,64988.0,low,0,0,18.7
8210,L55389,L,299.3,310.8,1391,46.9,21,0,0,0,0,0,0,L,1,11.5,65237.9,low,0,0,20.08
8211,H37624,H,299.2,310.7,1636,29.4,23,0,0,0,0,0,0,H,1,11.5,48098.399999999994,low,0,0,17.38
8212,L55391,L,299.2,310.6,1675,33.3,28,0,0,0,0,0,0,L,1,11.400000000000034,55777.49999999999,low,0,0,20.14
8213,H37626,H,299.2,310.5,1329,48.9,30,0,0,0,0,0,0,H,1,11.300000000000011,64988.1,low,0,0,24.04
8214,M23073,M,299.2,310.5,1548,33.5,35,0,0,0,0,0,0,M,1,11.300000000000011,51858.0,low,0,0,22.96
8215,L55394,L,299.2,310.5,1391,45.8,38,0,0,0,0,0,0,L,1,11.300000000000011,63707.799999999996,low,0,0,26.62
8216,L55395,L,299.1,310.5,1437,43.1,40,0,0,0,0,0,0,L,1,11.399999999999977,61934.700000000004,low,0,0,26.9
8217,L55396,L,299.2,310.6,1370,61.9,42,0,0,0,0,0,0,L,1,11.400000000000034,84803.0,low,0,0,31.46
8218,L55397,L,299.1,310.6,1577,37.1,44,0,0,0,0,0,0,L,1,11.5,58506.700000000004,low,0,0,27.32
8219,L55398,L,299.1,310.5,1485,37.8,46,0,0,0,0,0,0,L,1,11.399999999999977,56132.99999999999,low,0,0,28.24
8220,L55399,L,299.0,310.4,1504,34.3,48,0,0,0,0,0,0,L,1,11.399999999999977,51587.2,low,0,0,28.34
8221,M23080,M,298.9,310.3,1551,35.2,50,0,0,0,0,0,0,M,1,11.400000000000034,54595.200000000004,low,0,0,29.32
8222,M23081,M,299.1,310.5,1428,43.0,53,0,0,0,0,0,0,M,1,11.399999999999977,61404.0,mid,0,0,32.08
8223,L55402,L,299.0,310.5,1755,27.9,56,0,0,0,0,0,0,L,1,11.5,48964.5,mid,0,0,30.28
8224,L55403,L,299.1,310.5,1329,54.9,58,0,0,0,0,0,0,L,1,11.399999999999977,72962.09999999999,mid,0,0,36.46
8225,L55404,L,299.1,310.5,1496,35.2,60,0,0,0,0,0,0,L,1,11.399999999999977,52659.200000000004,mid,0,0,33.32
8226,L55405,L,299.1,310.5,1532,36.6,62,0,0,0,0,0,0,L,1,11.399999999999977,56071.200000000004,mid,0,0,34.4
8227,L55406,L,299.1,310.5,1389,61.4,64,0,0,0,0,0,0,L,1,11.399999999999977,85284.59999999999,mid,0,0,40.16
8228,M23087,M,299.1,310.4,1524,51.4,66,0,0,0,0,0,0,M,1,11.299999999999955,78333.59999999999,mid,0,0,38.94
8229,M23088,M,299.1,310.4,1422,49.3,69,0,0,0,0,0,0,M,1,11.299999999999955,70104.59999999999,mid,0,0,39.72
8230,L55409,L,299.1,310.5,1739,27.4,72,0,0,0,0,0,0,L,1,11.399999999999977,47648.6,mid,0,0,36.56
8231,L55410,L,299.1,310.5,1736,26.9,74,0,0,0,0,0,0,L,1,11.399999999999977,46698.399999999994,mid,0,0,37.26
8232,L55411,L,299.1,310.5,1419,48.8,76,0,0,0,0,0,0,L,1,11.399999999999977,69247.2,mid,0,0,42.44
8233,L55412,L,299.1,310.6,1326,49.7,78,0,0,0,0,0,0,L,1,11.5,65902.2,mid,0,0,43.44
8234,M23093,M,299.1,310.6,1449,43.2,80,0,0,0,0,0,0,M,1,11.5,62596.8,mid,0,0,42.94
8235,L55414,L,299.2,310.6,1534,39.7,83,0,0,0,0,0,0,L,1,11.400000000000034,60899.8,mid,0,0,43.42
8236,M23095,M,299.2,310.6,1443,50.9,85,0,0,0,0,0,0,M,1,11.400000000000034,73448.7,mid,0,0,46.46
8237,L55416,L,299.2,310.6,1498,41.1,88,0,0,0,0,0,0,L,1,11.400000000000034,61567.8,mid,0,0,45.7
8238,L55417,L,299.1,310.6,1796,26.0,90,0,0,0,0,0,0,L,1,11.5,46696.0,mid,0,0,43.5
8239,L55418,L,299.1,310.4,1519,45.3,92,0,0,0,0,0,0,L,1,11.299999999999955,68810.7,mid,0,0,48.12
8240,L55419,L,299.0,310.4,1339,49.6,94,0,0,0,0,0,0,L,1,11.399999999999977,66414.40000000001,mid,0,0,49.8
8241,L55420,L,299.0,310.4,1483,41.5,96,0,0,0,0,0,0,L,1,11.399999999999977,61544.5,mid,0,0,48.98
8242,M23101,M,298.9,310.2,2099,20.0,98,0,0,0,0,0,0,M,1,11.300000000000011,41980.0,mid,0,0,45.46
8243,M23102,M,299.0,310.3,1689,29.7,101,0,0,0,0,0,0,M,1,11.300000000000011,50163.299999999996,mid,0,0,48.6
8244,H37657,H,299.1,310.4,1369,54.5,104,0,0,0,0,0,0,H,1,11.299999999999955,74610.5,mid,0,0,54.76
8245,L55424,L,299.0,310.4,1512,38.8,109,0,0,0,0,0,0,L,1,11.399999999999977,58665.6,mid,0,0,53.64
8246,M23105,M,299.0,310.3,1303,68.6,111,1,0,0,1,0,0,M,1,11.300000000000011,89385.79999999999,mid,0,1,110.38
8247,L55426,L,299.0,310.3,1552,39.9,114,0,0,0,0,0,0,L,1,11.300000000000011,61924.799999999996,mid,0,0,55.84
8248,L55427,L,299.0,310.4,1713,28.0,116,0,0,0,0,0,0,L,1,11.399999999999977,47964.0,mid,0,0,54.28
8249,L55428,L,298.9,310.3,1456,44.1,118,0,0,0,0,0,0,L,1,11.400000000000034,64209.6,mid,0,0,58.3
8250,L55429,L,299.0,310.4,1524,39.8,120,0,0,0,0,0,0,L,1,11.399999999999977,60655.2,mid,0,0,58.24
8251,M23110,M,299.0,310.4,1394,45.2,122,0,0,0,0,0,0,M,1,11.399999999999977,63008.8,mid,0,0,60.12
8252,L55431,L,299.0,310.4,1981,21.2,125,0,0,0,0,0,0,L,1,11.399999999999977,41997.2,mid,0,0,56.52
8253,L55432,L,299.0,310.4,1565,36.1,127,0,0,0,0,0,0,L,1,11.399999999999977,56496.5,mid,0,0,60.3
8254,L55433,L,299.1,310.4,1657,31.0,129,0,0,0,0,0,0,L,1,11.299999999999955,51367.0,mid,0,0,60.06
8255,M23114,M,299.0,310.4,1625,37.1,131,0,0,0,0,0,0,M,1,11.399999999999977,60287.5,mid,0,0,62.1
8256,L55435,L,299.0,310.4,1606,31.1,134,0,0,0,0,0,0,L,1,11.399999999999977,49946.600000000006,mid,0,0,62.1
8257,H37670,H,299.0,310.5,1336,56.8,136,0,0,0,0,0,0,H,1,11.5,75884.8,mid,0,0,68.06
8258,M23117,M,299.0,310.6,1587,34.2,141,0,0,0,0,0,0,M,1,11.600000000000023,54275.4,mid,0,0,65.56
8259,L55438,L,299.1,310.6,1602,39.7,144,0,0,0,0,0,0,L,1,11.5,63599.4,mid,0,0,67.84
8260,L55439,L,299.1,310.5,1471,38.4,146,0,0,0,0,0,0,L,1,11.399999999999977,56486.4,mid,0,0,68.36
8261,H37674,H,299.1,310.6,1332,48.0,148,0,0,0,0,0,0,H,1,11.5,63936.0,mid,0,0,71.1
8262,H37675,H,299.2,310.6,1434,48.4,153,0,0,0,0,0,0,H,1,11.400000000000034,69405.59999999999,high,0,0,73.16
8263,L55442,L,299.1,310.6,1921,23.9,158,0,0,0,0,0,0,L,1,11.5,45911.899999999994,high,0,0,70.28
8264,H37677,H,299.2,310.6,1704,30.6,160,0,0,0,0,0,0,H,1,11.400000000000034,52142.4,high,0,0,72.4
8265,M23124,M,299.1,310.6,1397,49.5,165,0,0,0,0,0,0,M,1,11.5,69151.5,high,0,0,78.2
8266,H37679,H,299.1,310.6,1791,28.0,168,0,0,0,0,0,0,H,1,11.5,50148.0,high,0,0,75.1
8267,L55446,L,299.1,310.6,1818,24.1,173,0,0,0,0,0,0,L,1,11.5,43813.8,high,0,0,76.32
8268,L55447,L,299.2,310.7,1540,36.3,175,0,0,0,0,0,0,L,1,11.5,55901.99999999999,high,0,0,79.56
8269,M23128,M,299.2,310.8,1502,39.8,177,0,0,0,0,0,0,M,1,11.600000000000023,59779.6,high,0,0,81.08
8270,H37683,H,299.2,310.8,1761,30.4,180,0,0,0,0,0,0,H,1,11.600000000000023,53534.399999999994,high,0,0,80.4
8271,M23130,M,299.1,310.8,1517,38.4,185,0,0,0,0,0,0,M,1,11.699999999999989,58252.799999999996,high,0,0,84.02
8272,L55451,L,299.1,310.7,1309,51.1,188,0,0,0,0,0,0,L,1,11.599999999999966,66889.90000000001,high,0,0,87.74
8273,L55452,L,298.9,310.6,1363,52.6,190,0,0,0,0,0,0,L,1,11.700000000000045,71693.8,high,0,0,88.86
8274,M23133,M,299.0,310.6,1787,22.2,192,0,0,0,0,0,0,M,1,11.600000000000023,39671.4,high,0,0,83.56
8275,L55454,L,298.9,310.5,1640,29.2,195,0,0,0,0,0,0,L,1,11.600000000000023,47888.0,high,0,0,86.16
8276,M23135,M,298.9,310.6,1720,25.3,197,0,0,0,0,0,0,M,1,11.700000000000045,43516.0,high,0,0,86.2
8277,L55456,L,298.8,310.5,1384,52.8,200,0,0,0,0,0,0,L,1,11.699999999999989,73075.2,high,1,0,92.9
8278,H37691,H,298.8,310.5,1294,55.8,202,0,0,0,0,0,0,H,1,11.699999999999989,72205.2,high,1,0,94.3
8279,L55458,L,298.8,310.5,1464,46.4,207,0,0,0,0,0,0,L,1,11.699999999999989,67929.59999999999,high,1,0,94.42
8280,L55459,L,298.8,310.6,1803,25.4,209,0,0,0,0,0,0,L,1,11.800000000000011,45796.2,high,1,0,91.04
8281,L55460,L,298.8,310.6,1602,39.1,211,0,0,0,0,0,0,L,1,11.800000000000011,62638.200000000004,high,1,0,94.58
8282,H37695,H,298.9,310.6,1519,38.8,213,0,0,0,0,0,0,H,1,11.700000000000045,58937.2,high,1,0,95.3
8283,M23142,M,298.9,310.7,1638,33.6,218,0,0,0,0,0,0,M,1,11.800000000000011,55036.8,high,1,0,96.28
8284,H37697,H,298.9,310.6,1615,33.0,221,0,0,0,0,0,0,H,1,11.700000000000045,53295.0,high,1,0,97.34
8285,L55464,L,298.8,310.6,1651,33.3,0,0,0,0,0,0,0,L,1,11.800000000000011,54978.299999999996,low,0,0,9.02
8286,L55465,L,298.9,310.6,1387,52.7,2,0,0,0,0,0,0,L,1,11.700000000000045,73094.90000000001,low,0,0,13.68
8287,M23146,M,298.8,310.5,1678,32.8,4,0,0,0,0,0,0,M,1,11.699999999999989,55038.399999999994,low,0,0,10.5
8288,L55467,L,298.9,310.6,1585,38.1,7,0,0,0,0,0,0,L,1,11.700000000000045,60388.5,low,0,0,12.76
8289,M23148,M,298.8,310.6,1640,33.8,9,0,0,0,0,0,0,M,1,11.800000000000011,55431.99999999999,low,0,0,12.72
8290,L55469,L,298.9,310.6,1406,43.8,12,0,0,0,0,0,0,L,1,11.700000000000045,61582.799999999996,low,0,0,15.9
8291,M23150,M,298.9,310.6,1679,35.8,14,0,0,0,0,0,0,M,1,11.700000000000045,60108.2,low,0,0,15.1
8292,L55471,L,298.9,310.5,1717,26.9,17,0,0,0,0,0,0,L,1,11.600000000000023,46187.299999999996,low,0,0,14.5
8293,H37706,H,298.9,310.5,1429,39.9,19,0,0,0,0,0,0,H,1,11.600000000000023,57017.1,low,0,0,17.9
8294,M23153,M,298.9,310.4,1533,44.4,24,0,0,0,0,0,0,M,1,11.5,68065.2,low,0,0,20.78
8295,M23154,M,298.9,310.5,1525,38.5,27,0,0,0,0,0,0,M,1,11.600000000000023,58712.5,low,0,0,20.82
8296,L55475,L,298.9,310.4,1739,26.3,30,0,0,0,0,0,0,L,1,11.5,45735.700000000004,low,0,0,19.56
8297,L55476,L,298.9,310.3,1436,39.0,32,0,0,0,0,0,0,L,1,11.400000000000034,56004.0,low,0,0,22.88
8298,M23157,M,298.8,310.2,1595,33.1,34,0,0,0,0,0,0,M,1,11.399999999999977,52794.5,low,0,0,22.5
8299,H37712,H,298.7,310.1,1435,45.6,37,0,0,0,0,0,0,H,1,11.400000000000034,65436.0,low,0,0,26.2
8300,L55479,L,298.7,310.0,1637,31.8,42,0,0,0,0,0,0,L,1,11.300000000000011,52056.6,low,0,0,25.42
8301,L55480,L,298.7,310.1,1558,37.6,44,0,0,0,0,0,0,L,1,11.400000000000034,58580.8,low,0,0,27.4
8302,M23161,M,298.7,310.1,1644,34.1,46,0,0,0,0,0,0,M,1,11.400000000000034,56060.4,low,0,0,27.5
8303,L55482,L,298.7,310.1,1641,31.1,49,0,0,0,0,0,0,L,1,11.400000000000034,51035.100000000006,low,0,0,28.1
8304,L55483,L,298.8,310.2,1504,41.0,51,0,0,0,0,0,0,L,1,11.399999999999977,61664.0,mid,0,0,30.88
8305,M23164,M,298.7,310.1,1506,50.7,53,0,0,0,0,0,0,M,1,11.400000000000034,76354.2,mid,0,0,33.62
8306,H37719,H,298.8,310.1,1380,44.0,56,0,0,0,0,0,0,H,1,11.300000000000011,60720.0,mid,0,0,33.46
8307,M23166,M,298.7,310.1,1549,42.5,61,0,0,0,0,0,0,M,1,11.400000000000034,65832.5,mid,0,0,35.18
8308,M23167,M,298.7,310.1,1402,69.7,64,1,0,0,1,0,0,M,1,11.400000000000034,97719.40000000001,mid,0,1,91.82
8309,L55488,L,298.7,310.1,1401,45.3,67,0,0,0,0,0,0,L,1,11.400000000000034,63465.299999999996,mid,0,0,38.14
8310,M23169,M,298.7,310.0,1459,40.2,69,0,0,0,0,0,0,M,1,11.300000000000011,58651.8,mid,0,0,37.9
8311,L55490,L,298.7,309.9,1465,39.7,72,0,0,0,0,0,0,L,1,11.199999999999989,58160.50000000001,mid,0,0,38.98
8312,M23171,M,298.8,310.0,1295,52.7,74,0,0,0,0,0,0,M,1,11.199999999999989,68246.5,mid,0,0,42.38
8313,M23172,M,298.8,310.0,1529,38.5,77,0,0,0,0,0,0,M,1,11.199999999999989,58866.5,mid,0,0,40.74
8314,M23173,M,298.8,310.0,1484,44.9,80,0,0,0,0,0,0,M,1,11.199999999999989,66631.59999999999,mid,0,0,43.22
8315,L55494,L,298.8,309.9,1739,30.6,83,0,0,0,0,0,0,L,1,11.099999999999966,53213.4,mid,0,0,41.54
8316,H37729,H,298.7,309.8,1422,40.7,85,0,0,0,0,0,0,H,1,11.100000000000023,57875.4,mid,0,0,44.36
8317,L55496,L,298.8,309.8,1463,40.0,90,0,0,0,0,0,0,L,1,11.0,58520.0,mid,0,0,46.2
8318,L55497,L,298.7,309.7,1667,30.4,92,0,0,0,0,0,0,L,1,11.0,50676.799999999996,mid,0,0,45.08
8319,H37732,H,298.7,309.7,1565,39.3,94,0,0,0,0,0,0,H,1,11.0,61504.49999999999,mid,0,0,47.66
8320,L55499,L,298.7,309.7,1393,45.7,99,0,0,0,0,0,0,L,1,11.0,63660.100000000006,mid,0,0,50.94
8321,M23180,M,298.8,309.7,1453,47.7,101,0,0,0,0,0,0,M,1,10.899999999999977,69308.1,mid,0,0,52.12
8322,L55501,L,298.8,309.6,1442,50.0,104,0,0,0,0,0,0,L,1,10.800000000000011,72100.0,mid,0,0,53.76
8323,L55502,L,298.7,309.6,1364,44.9,106,0,0,0,0,0,0,L,1,10.900000000000034,61243.6,mid,0,0,53.56
8324,H37737,H,298.7,309.5,1453,40.4,108,0,0,0,0,0,0,H,1,10.800000000000011,58701.2,mid,0,0,53.44
8325,M23184,M,298.7,309.5,1394,46.0,113,0,0,0,0,0,0,M,1,10.800000000000011,64124.0,mid,0,0,56.56
8326,M23185,M,298.7,309.5,1500,38.8,116,0,0,0,0,0,0,M,1,10.800000000000011,58199.99999999999,mid,0,0,56.32
8327,H37740,H,298.6,309.5,1523,34.2,119,0,0,0,0,0,0,H,1,10.899999999999977,52086.600000000006,mid,0,0,56.62
8328,M23187,M,298.7,309.6,1254,57.1,124,0,0,0,0,0,0,M,1,10.900000000000034,71603.40000000001,mid,0,0,63.2
8329,L55508,L,298.6,309.5,1325,52.2,127,0,0,0,0,0,0,L,1,10.899999999999977,69165.0,mid,0,0,63.42
8330,L55509,L,298.8,309.7,1424,49.6,129,0,0,0,0,0,0,L,1,10.899999999999977,70630.40000000001,mid,0,0,63.7
8331,L55510,L,298.8,309.7,1505,39.0,131,0,0,0,0,0,0,L,1,10.899999999999977,58695.0,mid,0,0,62.38
8332,M23191,M,298.8,309.7,1392,48.7,133,0,0,0,0,0,0,M,1,10.899999999999977,67790.40000000001,mid,0,0,65.12
8333,L55512,L,298.8,309.7,1529,44.0,136,0,0,0,0,0,0,L,1,10.899999999999977,67276.0,mid,0,0,65.38
8334,M23193,M,298.8,309.7,1477,48.5,138,0,0,0,0,0,0,M,1,10.899999999999977,71634.5,mid,0,0,67.08
8335,M23194,M,298.8,309.7,1459,47.3,141,0,0,0,0,0,0,M,1,10.899999999999977,69010.7,mid,0,0,68.04
8336,M23195,M,299.0,309.8,2240,15.9,144,0,0,0,0,0,0,M,1,10.800000000000011,35616.0,mid,0,0,62.94
8337,L55516,L,298.9,309.7,1449,48.8,147,0,0,0,0,0,0,L,1,10.800000000000011,70711.2,mid,0,0,70.72
8338,M23197,M,298.8,309.7,1589,35.3,149,0,0,0,0,0,0,M,1,10.899999999999977,56091.7,mid,0,0,68.84
8339,L55518,L,298.8,309.7,1740,28.5,152,0,0,0,0,0,0,L,1,10.899999999999977,49590.0,high,0,0,68.68
8340,M23199,M,298.8,309.7,1499,40.3,154,0,0,0,0,0,0,M,1,10.899999999999977,60409.7,high,0,0,71.84
8341,M23200,M,298.8,309.7,1480,38.1,157,0,0,0,0,0,0,M,1,10.899999999999977,56388.0,high,0,0,72.6
8342,L55521,L,298.8,309.7,1751,29.6,160,0,0,0,0,0,0,L,1,10.899999999999977,51829.600000000006,high,0,0,72.1
8343,L55522,L,298.7,309.7,1510,40.6,162,0,0,0,0,0,0,L,1,11.0,61306.0,high,0,0,75.12
8344,H37757,H,298.8,309.8,1437,48.2,164,0,0,0,0,0,0,H,1,11.0,69263.40000000001,high,0,0,77.44
8345,L55524,L,298.8,309.7,1609,40.4,169,0,0,0,0,0,0,L,1,10.899999999999977,65003.6,high,0,0,77.86
8346,H37759,H,298.8,309.8,1490,35.9,171,0,0,0,0,0,0,H,1,11.0,53491.0,high,0,0,77.78
8347,L55526,L,298.7,309.7,1601,35.7,176,0,0,0,0,0,0,L,1,11.0,57155.700000000004,high,0,0,79.74
8348,L55527,L,298.7,309.6,1665,31.1,178,0,0,0,0,0,0,L,1,10.900000000000034,51781.5,high,0,0,79.6
8349,M23208,M,298.7,309.6,1452,42.7,180,0,0,0,0,0,0,M,1,10.900000000000034,62000.4,high,0,0,82.72
8350,M23209,M,298.7,309.5,1487,33.6,183,0,0,0,0,0,0,M,1,10.800000000000011,49963.200000000004,high,0,0,82.08
8351,M23210,M,298.7,309.6,1382,48.1,186,0,0,0,0,0,0,M,1,10.900000000000034,66474.2,high,0,0,86.2
8352,M23211,M,298.7,309.6,1686,26.2,189,0,0,0,0,0,0,M,1,10.900000000000034,44173.2,high,0,0,83.02
8353,L55532,L,298.6,309.6,1491,36.9,192,0,0,0,0,0,0,L,1,11.0,55017.9,high,0,0,86.38
8354,L55533,L,298.7,309.6,1442,55.6,194,0,0,0,0,0,0,L,1,10.900000000000034,80175.2,high,0,0,90.9
8355,L55534,L,298.6,309.6,1390,50.3,196,0,0,0,0,0,0,L,1,11.0,69917.0,high,0,0,90.66
8356,L55535,L,298.7,309.6,1502,46.7,198,0,0,0,0,0,0,L,1,10.900000000000034,70143.40000000001,high,0,0,90.72
8357,M23216,M,298.6,309.6,1344,59.4,200,0,0,0,0,0,0,M,1,11.0,79833.59999999999,high,1,0,94.08
8358,L55537,L,298.5,309.5,1385,46.3,203,1,1,0,0,0,0,L,1,11.0,64125.49999999999,high,1,1,142.66
8359,L55538,L,298.7,309.7,1547,37.4,0,0,0,0,0,0,0,L,1,11.0,57857.799999999996,low,0,0,9.68
8360,M23219,M,298.6,309.6,1525,42.4,2,0,0,0,0,0,0,M,1,11.0,64660.0,low,0,0,11.48
8361,L55540,L,298.6,309.6,1540,35.8,5,0,0,0,0,0,0,L,1,11.0,55131.99999999999,low,0,0,11.36
8362,L55541,L,298.6,309.5,1450,44.3,7,0,0,0,0,0,0,L,1,10.899999999999977,64234.99999999999,low,0,0,13.84
8363,L55542,L,298.6,309.6,1353,62.5,9,0,0,0,0,0,0,L,1,11.0,84562.5,low,0,0,18.3
8364,L55543,L,298.8,309.7,1582,45.0,11,0,0,0,0,0,0,L,1,10.899999999999977,71190.0,low,0,0,15.58
8365,L55544,L,298.9,309.8,1396,49.0,13,0,0,0,0,0,0,L,1,10.900000000000034,68404.0,low,0,0,17.18
8366,M23225,M,298.8,309.8,1551,36.6,15,0,0,0,0,0,0,M,1,11.0,56766.600000000006,low,0,0,15.52
8367,M23226,M,298.9,309.8,1836,22.8,18,0,0,0,0,0,0,M,1,10.900000000000034,41860.8,low,0,0,13.94
8368,L55547,L,298.9,309.8,1390,49.9,21,0,0,0,0,0,0,L,1,10.900000000000034,69361.0,low,0,0,20.56
8369,L55548,L,298.9,309.8,1534,42.1,23,0,0,0,0,0,0,L,1,10.900000000000034,64581.4,low,0,0,19.8
8370,L55549,L,298.8,309.7,1953,20.6,25,0,0,0,0,0,0,L,1,10.899999999999977,40231.8,low,0,0,16.3
8371,L55550,L,298.8,309.8,1634,33.6,27,0,0,0,0,0,0,L,1,11.0,54902.4,low,0,0,19.72
8372,L55551,L,298.7,309.7,1881,21.7,29,0,0,0,0,0,0,L,1,11.0,40817.7,low,0,0,18.14
8373,M23232,M,298.8,309.7,1448,44.8,31,0,0,0,0,0,0,M,1,10.899999999999977,64870.399999999994,low,0,0,23.54
8374,M23233,M,298.7,309.7,1362,50.5,34,0,0,0,0,0,0,M,1,11.0,68781.0,low,0,0,25.9
8375,L55554,L,298.8,309.7,1225,63.4,37,0,0,0,0,0,0,L,1,10.899999999999977,77665.0,low,0,0,29.66
8376,M23235,M,298.8,309.6,1384,48.2,39,0,0,0,0,0,0,M,1,10.800000000000011,66708.8,low,0,0,27.4
8377,L55556,L,298.8,309.8,1334,49.3,42,0,0,0,0,0,0,L,1,11.0,65766.2,low,0,0,28.86
8378,L55557,L,298.8,309.7,1336,50.3,44,0,0,0,0,0,0,L,1,10.899999999999977,67200.8,low,0,0,29.84
8379,M23238,M,298.8,309.9,1331,61.6,46,0,0,0,0,0,0,M,1,11.099999999999966,81989.6,low,0,0,32.94
8380,L55559,L,298.8,309.9,1629,31.9,49,0,0,0,0,0,0,L,1,11.099999999999966,51965.1,low,0,0,28.2
8381,L55560,L,298.9,310.0,1776,25.7,51,0,0,0,0,0,0,L,1,11.100000000000023,45643.2,mid,0,0,27.76
8382,H37795,H,298.8,310.0,1530,38.3,53,0,0,0,0,0,0,H,1,11.199999999999989,58598.99999999999,mid,0,0,31.1
8383,L55562,L,298.9,310.0,1719,27.3,58,0,0,0,0,0,0,L,1,11.100000000000023,46928.700000000004,mid,0,0,30.88
8384,M23243,M,298.8,309.9,1495,35.2,60,0,0,0,0,0,0,M,1,11.099999999999966,52624.00000000001,mid,0,0,33.26
8385,L55564,L,298.8,309.7,1450,43.1,63,0,0,0,0,0,0,L,1,10.899999999999977,62495.0,mid,0,0,36.0
8386,H37799,H,298.8,309.8,1563,38.8,65,0,0,0,0,0,0,H,1,11.0,60644.399999999994,mid,0,0,35.96
8387,M23246,M,298.9,309.9,1501,37.1,70,0,0,0,0,0,0,M,1,11.0,55687.1,mid,0,0,37.62
8388,L55567,L,298.8,309.9,1351,47.2,73,0,0,0,0,0,0,L,1,11.099999999999966,63767.200000000004,mid,0,0,40.86
8389,L55568,L,298.9,309.9,1365,46.5,75,0,0,0,0,0,0,L,1,11.0,63472.5,mid,0,0,41.5
8390,L55569,L,298.8,309.9,1525,39.7,77,0,0,0,0,0,0,L,1,11.099999999999966,60542.50000000001,mid,0,0,40.96
8391,M23250,M,298.8,309.8,1288,61.9,79,0,0,0,0,0,0,M,1,11.0,79727.2,mid,0,0,46.18
8392,L55571,L,298.6,309.6,1423,42.7,82,0,0,0,0,0,0,L,1,11.0,60762.100000000006,mid,0,0,43.54
8393,M23252,M,298.5,309.6,1502,39.4,84,0,0,0,0,0,0,M,1,11.100000000000023,59178.799999999996,mid,0,0,43.7
8394,L55573,L,298.5,309.5,1428,43.5,87,0,0,0,0,0,0,L,1,11.0,62118.0,mid,0,0,45.7
8395,M23254,M,298.6,309.5,1566,38.1,89,0,0,0,0,0,0,M,1,10.899999999999977,59664.600000000006,mid,0,0,45.4
8396,M23255,M,298.5,309.5,1483,44.8,92,0,0,0,0,0,0,M,1,11.0,66438.4,mid,0,0,47.96
8397,H37810,H,298.6,309.6,1593,33.3,95,0,0,0,0,0,0,H,1,11.0,53046.899999999994,mid,0,0,46.86
8398,L55577,L,298.5,309.6,1724,26.4,100,0,0,0,0,0,0,L,1,11.100000000000023,45513.6,mid,0,0,47.5
8399,L55578,L,298.5,309.7,2617,12.1,102,1,0,0,1,0,0,L,1,11.199999999999989,31665.7,mid,0,1,95.46
8400,L55579,L,298.6,309.7,1294,59.4,104,0,0,0,0,0,0,L,1,11.099999999999966,76863.59999999999,mid,0,0,55.7
8401,L55580,L,298.6,309.6,1533,40.7,106,0,0,0,0,0,0,L,1,11.0,62393.100000000006,mid,0,0,52.74
8402,H37815,H,298.5,309.4,1671,31.8,108,0,0,0,0,0,0,H,1,10.899999999999977,53137.8,mid,0,0,51.74
8403,L55582,L,298.5,309.5,1370,52.4,113,0,0,0,0,0,0,L,1,11.0,71788.0,mid,0,0,57.88
8404,L55583,L,298.5,309.6,1462,45.1,115,0,0,0,0,0,0,L,1,11.100000000000023,65936.2,mid,0,0,57.24
8405,L55584,L,298.4,309.5,1545,36.6,117,0,0,0,0,0,0,L,1,11.100000000000023,56547.0,mid,0,0,56.34
8406,M23265,M,298.4,309.5,1484,41.7,119,0,0,0,0,0,0,M,1,11.100000000000023,61882.8,mid,0,0,58.16
8407,M23266,M,298.4,309.5,1344,45.3,122,0,0,0,0,0,0,M,1,11.100000000000023,60883.2,mid,0,0,60.08
8408,L55587,L,298.4,309.5,1357,50.1,125,0,0,0,0,0,0,L,1,11.100000000000023,67985.7,mid,0,0,62.24
8409,M23268,M,298.5,309.6,1572,33.0,127,0,0,0,0,0,0,M,1,11.100000000000023,51876.0,mid,0,0,59.62
8410,L55589,L,298.5,309.6,1861,26.9,130,0,0,0,0,0,0,L,1,11.100000000000023,50060.899999999994,mid,0,0,59.6
8411,L55590,L,298.5,309.5,1548,44.5,132,0,0,0,0,0,0,L,1,11.0,68886.0,mid,0,0,63.9
8412,L55591,L,298.6,309.8,1496,37.7,134,0,0,0,0,0,0,L,1,11.199999999999989,56399.200000000004,mid,0,0,63.38
8413,M23272,M,298.6,309.7,1314,49.7,136,0,0,0,0,0,0,M,1,11.099999999999966,65305.8,mid,0,0,66.56
8414,M23273,M,298.6,309.7,1422,49.7,139,0,0,0,0,0,0,M,1,11.099999999999966,70673.40000000001,mid,0,0,67.76
8415,L55594,L,298.6,309.8,1842,20.1,142,0,0,0,0,0,0,L,1,11.199999999999989,37024.200000000004,mid,0,0,63.06
8416,M23275,M,298.7,309.9,1434,53.0,144,0,0,0,0,0,0,M,1,11.199999999999989,76002.0,mid,0,0,70.44
8417,M23276,M,298.8,310.1,1585,31.3,147,0,0,0,0,0,0,M,1,11.300000000000011,49610.5,mid,0,0,67.32
8418,H37831,H,298.8,310.1,1704,30.7,150,0,0,0,0,0,0,H,1,11.300000000000011,52312.799999999996,mid,0,0,68.4
8419,L55598,L,298.9,310.2,1971,23.2,155,0,0,0,0,0,0,L,1,11.300000000000011,45727.2,high,0,0,68.9
8420,L55599,L,299.0,310.3,1431,39.9,157,0,0,0,0,0,0,L,1,11.300000000000011,57096.9,high,0,0,73.04
8421,L55600,L,298.9,310.4,1546,37.7,159,0,0,0,0,0,0,L,1,11.5,58284.200000000004,high,0,0,73.44
8422,L55601,L,298.9,310.3,1496,36.3,161,0,0,0,0,0,0,L,1,11.400000000000034,54304.799999999996,high,0,0,73.94
8423,H37836,H,298.9,310.3,1243,63.0,163,0,0,0,0,0,0,H,1,11.400000000000034,78309.0,high,0,0,80.08
8424,L55603,L,299.0,310.4,1452,46.2,168,0,0,0,0,0,0,L,1,11.399999999999977,67082.40000000001,high,0,0,78.72
8425,L55604,L,299.1,310.6,1380,44.7,170,0,0,0,0,0,0,L,1,11.5,61686.00000000001,high,0,0,79.24
8426,L55605,L,299.2,310.6,1567,38.4,172,0,0,0,0,0,0,L,1,11.400000000000034,60172.799999999996,high,0,0,78.76
8427,L55606,L,299.1,310.5,1628,35.9,174,0,0,0,0,0,0,L,1,11.399999999999977,58445.2,high,0,0,79.06
8428,L55607,L,299.1,310.4,1505,46.1,176,0,0,0,0,0,0,L,1,11.299999999999955,69380.5,high,0,0,81.88
8429,M23288,M,299.0,310.3,1827,28.0,178,0,0,0,0,0,0,M,1,11.300000000000011,51156.0,high,0,0,79.06
8430,L55609,L,299.0,310.3,1577,40.0,181,0,0,0,0,0,0,L,1,11.300000000000011,63080.0,high,0,0,82.66
8431,L55610,L,298.9,310.2,1304,57.2,183,0,0,0,0,0,0,L,1,11.300000000000011,74588.8,high,0,0,86.9
8432,H37845,H,298.9,310.1,1324,54.6,185,0,0,0,0,0,0,H,1,11.200000000000045,72290.40000000001,high,0,0,87.16
8433,L55612,L,298.8,310.0,1537,39.9,190,0,0,0,0,0,0,L,1,11.199999999999989,61326.299999999996,high,0,0,86.22
8434,M23293,M,298.8,310.1,1501,48.7,192,0,0,0,0,0,0,M,1,11.300000000000011,73098.7,high,0,0,88.8
8435,M23294,M,298.7,309.9,1654,29.1,195,0,0,0,0,0,0,M,1,11.199999999999989,48131.4,high,0,0,86.06
8436,M23295,M,298.7,310.0,1519,38.1,198,0,0,0,0,0,0,M,1,11.300000000000011,57873.9,high,0,0,89.08
8437,L55616,L,298.7,309.9,1371,51.3,201,0,0,0,0,0,0,L,1,11.199999999999989,70332.3,high,1,0,92.9
8438,L55617,L,298.7,309.8,1181,65.9,203,1,0,0,0,1,0,L,1,11.100000000000023,77827.90000000001,high,1,1,146.6
8439,L55618,L,298.6,309.8,1469,42.8,205,0,0,0,0,0,0,L,1,11.199999999999989,62873.2,high,1,0,92.8
8440,L55619,L,298.6,309.8,1637,34.6,207,0,0,0,0,0,0,L,1,11.199999999999989,56640.200000000004,high,1,0,91.96
8441,L55620,L,298.6,309.8,1370,56.0,0,0,0,0,0,0,0,L,1,11.199999999999989,76720.0,low,0,0,13.44
8442,L55621,L,298.6,309.9,1630,30.6,2,0,0,0,0,0,0,L,1,11.299999999999955,49878.0,low,0,0,9.18
8443,L55622,L,298.6,310.0,1517,39.0,4,0,0,0,0,0,0,L,1,11.399999999999977,59163.0,low,0,0,11.68
8444,M23303,M,298.6,309.9,1668,32.3,6,0,0,0,0,0,0,M,1,11.299999999999955,53876.399999999994,low,0,0,11.12
8445,M23304,M,298.6,309.9,1818,24.9,9,0,0,0,0,0,0,M,1,11.299999999999955,45268.2,low,0,0,10.84
8446,M23305,M,298.6,310.0,1541,36.9,12,0,0,0,0,0,0,M,1,11.399999999999977,56862.899999999994,low,0,0,14.46
8447,L55626,L,298.5,309.9,1482,42.1,15,0,0,0,0,0,0,L,1,11.399999999999977,62392.200000000004,low,0,0,16.7
8448,L55627,L,298.6,310.1,1439,49.9,17,0,0,0,0,0,0,L,1,11.5,71806.09999999999,low,0,0,19.08
8449,L55628,L,298.5,310.0,1492,41.2,19,0,0,0,0,0,0,L,1,11.5,61470.4,low,0,0,18.14
8450,L55629,L,298.4,309.9,1725,27.8,21,0,0,0,0,0,0,L,1,11.5,47955.0,low,0,0,16.26
8451,L55630,L,298.4,310.0,1559,44.2,23,0,0,0,0,0,0,L,1,11.600000000000023,68907.8,low,0,0,20.36
8452,L55631,L,298.5,310.0,1435,42.5,25,0,0,0,0,0,0,L,1,11.5,60987.5,low,0,0,20.8
8453,M23312,M,298.6,310.0,1512,37.5,27,0,0,0,0,0,0,M,1,11.399999999999977,56700.0,low,0,0,20.58
8454,L55633,L,298.6,309.9,1564,37.1,30,0,0,0,0,0,0,L,1,11.299999999999955,58024.4,low,0,0,21.68
8455,L55634,L,298.6,310.0,1522,40.3,32,0,0,0,0,0,0,L,1,11.399999999999977,61336.6,low,0,0,23.14
8456,L55635,L,298.6,309.9,1356,59.5,34,0,0,0,0,0,0,L,1,11.299999999999955,80682.0,low,0,0,27.76
8457,L55636,L,298.6,309.9,1556,38.6,36,0,0,0,0,0,0,L,1,11.299999999999955,60061.600000000006,low,0,0,24.38
8458,L55637,L,298.6,309.9,1393,45.5,38,0,0,0,0,0,0,L,1,11.299999999999955,63381.5,low,0,0,26.56
8459,L55638,L,298.7,309.9,1753,26.8,40,0,0,0,0,0,0,L,1,11.199999999999989,46980.4,low,0,0,23.6
8460,L55639,L,298.7,309.9,1651,29.5,42,0,0,0,0,0,0,L,1,11.199999999999989,48704.5,low,0,0,24.94
8461,L55640,L,298.7,309.9,1372,54.7,44,0,0,0,0,0,0,L,1,11.199999999999989,75048.40000000001,low,0,0,30.78
8462,L55641,L,298.7,309.9,1446,43.3,46,0,0,0,0,0,0,L,1,11.199999999999989,62611.799999999996,low,0,0,29.3
8463,M23322,M,298.7,309.8,1501,44.7,48,0,0,0,0,0,0,M,1,11.100000000000023,67094.7,low,0,0,30.36
8464,M23323,M,298.7,309.9,1411,45.1,51,0,0,0,0,0,0,M,1,11.199999999999989,63636.1,mid,0,0,31.66
8465,H37878,H,298.6,309.7,1672,27.5,54,0,0,0,0,0,0,H,1,11.099999999999966,45980.0,mid,0,0,29.32
8466,M23325,M,298.7,309.8,1475,40.5,59,0,0,0,0,0,0,M,1,11.100000000000023,59737.5,mid,0,0,33.92
8467,L55646,L,298.7,309.8,1469,38.4,62,0,0,0,0,0,0,L,1,11.100000000000023,56409.6,mid,0,0,34.7
8468,L55647,L,298.6,309.8,1704,28.3,64,0,0,0,0,0,0,L,1,11.199999999999989,48223.200000000004,mid,0,0,33.5
8469,H37882,H,298.6,309.7,1463,39.1,66,0,0,0,0,0,0,H,1,11.099999999999966,57203.3,mid,0,0,36.44
8470,M23329,M,298.6,309.7,1280,64.1,71,0,0,0,0,0,0,M,1,11.099999999999966,82048.0,mid,0,0,43.44
8471,L55650,L,298.7,309.9,1464,38.0,74,0,0,0,0,0,0,L,1,11.199999999999989,55632.0,mid,0,0,39.44
8472,L55651,L,298.6,309.8,1332,46.4,76,0,0,0,0,0,0,L,1,11.199999999999989,61804.799999999996,mid,0,0,41.92
8473,L55652,L,298.5,309.7,1634,37.8,78,0,0,0,0,0,0,L,1,11.199999999999989,61765.2,mid,0,0,41.0
8474,M23333,M,298.6,309.8,1430,43.1,80,0,0,0,0,0,0,M,1,11.199999999999989,61633.0,mid,0,0,42.86
8475,M23334,M,298.5,309.7,1523,44.6,83,0,0,0,0,0,0,M,1,11.199999999999989,67925.8,mid,0,0,44.36
8476,M23335,M,298.5,309.7,1557,37.7,86,0,0,0,0,0,0,M,1,11.199999999999989,58698.9,mid,0,0,44.18
8477,L55656,L,298.5,309.6,1585,32.2,89,0,0,0,0,0,0,L,1,11.100000000000023,51037.00000000001,mid,0,0,44.26
8478,H37891,H,298.5,309.6,1579,33.5,91,0,0,0,0,0,0,H,1,11.100000000000023,52896.5,mid,0,0,45.32
8479,M23338,M,298.5,309.7,1354,60.8,96,0,0,0,0,0,0,M,1,11.199999999999989,82323.2,mid,0,0,52.8
8480,L55659,L,298.6,309.7,1627,33.4,99,0,0,0,0,0,0,L,1,11.099999999999966,54341.799999999996,mid,0,0,48.5
8481,L55660,L,298.4,309.6,1477,35.6,101,0,0,0,0,0,0,L,1,11.200000000000045,52581.200000000004,mid,0,0,49.76
8482,M23341,M,298.3,309.4,1595,29.0,103,0,0,0,0,0,0,M,1,11.099999999999966,46255.0,mid,0,0,49.22
8483,L55662,L,298.4,309.5,1520,38.1,106,0,0,0,0,0,0,L,1,11.100000000000023,57912.0,mid,0,0,52.24
8484,L55663,L,298.3,309.4,1618,31.5,108,0,0,0,0,0,0,L,1,11.099999999999966,50967.0,mid,0,0,51.72
8485,L55664,L,298.4,309.5,1397,50.3,110,0,0,0,0,0,0,L,1,11.100000000000023,70269.09999999999,mid,0,0,56.28
8486,L55665,L,298.4,309.5,1450,47.9,112,0,0,0,0,0,0,L,1,11.100000000000023,69455.0,mid,0,0,56.6
8487,M23346,M,298.5,309.5,1501,40.2,114,0,0,0,0,0,0,M,1,11.0,60340.200000000004,mid,0,0,55.84
8488,L55667,L,298.4,309.4,1392,50.1,117,0,0,0,0,0,0,L,1,11.0,69739.2,mid,0,0,59.02
8489,L55668,L,298.4,309.4,1385,43.2,119,0,0,0,0,0,0,L,1,11.0,59832.00000000001,mid,0,0,58.44
8490,L55669,L,298.4,309.4,1461,46.3,121,0,0,0,0,0,0,L,1,11.0,67644.3,mid,0,0,59.86
8491,M23350,M,298.5,309.6,1364,58.7,123,0,0,0,0,0,0,M,1,11.100000000000023,80066.8,mid,0,0,63.16
8492,L55671,L,298.5,309.5,1579,38.6,126,0,0,0,0,0,0,L,1,11.0,60949.4,mid,0,0,60.32
8493,M23352,M,298.4,309.5,1514,38.8,128,0,0,0,0,0,0,M,1,11.100000000000023,58743.2,mid,0,0,61.18
8494,M23353,M,298.3,309.5,1560,36.9,131,0,0,0,0,0,0,M,1,11.199999999999989,57564.0,mid,0,0,62.02
8495,L55674,L,298.3,309.5,1542,36.7,134,0,0,0,0,0,0,L,1,11.199999999999989,56591.4,mid,0,0,63.18
8496,L55675,L,298.3,309.4,1668,27.1,136,0,0,0,0,0,0,L,1,11.099999999999966,45202.8,mid,0,0,62.04
8497,M23356,M,298.3,309.4,1816,22.6,138,0,0,0,0,0,0,M,1,11.099999999999966,41041.600000000006,mid,0,0,61.94
8498,M23357,M,298.3,309.4,1509,34.2,141,0,0,0,0,0,0,M,1,11.099999999999966,51607.8,mid,0,0,65.46
8499,L55678,L,298.4,309.6,1479,37.8,144,0,0,0,0,0,0,L,1,11.200000000000045,55906.2,mid,0,0,67.4
8500,L55679,L,298.4,309.6,1655,30.2,146,0,0,0,0,0,0,L,1,11.200000000000045,49981.0,mid,0,0,66.68
8501,L55680,L,298.3,309.5,1711,30.3,148,0,0,0,0,0,0,L,1,11.199999999999989,51843.3,mid,0,0,67.5
8502,L55681,L,298.4,309.7,1581,34.6,150,0,0,0,0,0,0,L,1,11.300000000000011,54702.600000000006,mid,0,0,69.18
8503,H37916,H,298.6,309.8,1279,55.9,152,0,0,0,0,0,0,H,1,11.199999999999989,71496.09999999999,high,0,0,74.22
8504,L55683,L,298.5,309.8,1468,40.9,157,0,0,0,0,0,0,L,1,11.300000000000011,60041.2,high,0,0,73.24
8505,L55684,L,298.4,309.7,1419,41.3,159,0,0,0,0,0,0,L,1,11.300000000000011,58604.7,high,0,0,74.12
8506,L55685,L,298.4,309.7,1530,38.6,161,0,0,0,0,0,0,L,1,11.300000000000011,59058.0,high,0,0,74.38
8507,L55686,L,298.4,309.6,1710,27.3,163,1,0,0,0,0,0,L,1,11.200000000000045,46683.0,high,0,0,122.9
8508,L55687,L,298.4,309.7,1518,39.8,165,0,0,0,0,0,0,L,1,11.300000000000011,60416.399999999994,high,0,0,76.22
8509,M23368,M,298.4,309.7,1679,33.3,167,0,0,0,0,0,0,M,1,11.300000000000011,55910.7,high,0,0,75.72
8510,M23369,M,298.4,309.7,1870,22.5,170,0,0,0,0,0,0,M,1,11.300000000000011,42075.0,high,0,0,74.76
8511,L55690,L,298.3,309.7,1484,44.3,173,0,0,0,0,0,0,L,1,11.399999999999977,65741.2,high,0,0,80.34
8512,L55691,L,298.4,309.7,1457,44.2,175,0,0,0,0,0,0,L,1,11.300000000000011,64399.4,high,0,0,81.1
8513,H37926,H,298.3,309.6,1546,36.2,177,0,0,0,0,0,0,H,1,11.300000000000011,55965.200000000004,high,0,0,80.3
8514,M23373,M,298.2,309.5,1478,36.5,182,0,0,0,0,0,0,M,1,11.300000000000011,53947.0,high,0,0,82.36
8515,L55694,L,298.2,309.4,1447,47.1,185,0,0,0,0,0,0,L,1,11.199999999999989,68153.7,high,0,0,85.66
8516,L55695,L,298.2,309.4,1443,45.4,187,0,0,0,0,0,0,L,1,11.199999999999989,65512.2,high,0,0,86.12
8517,L55696,L,298.3,309.6,1527,30.9,189,0,0,0,0,0,0,L,1,11.300000000000011,47184.299999999996,high,0,0,84.04
8518,M23377,M,298.3,309.6,1469,54.8,191,0,0,0,0,0,0,M,1,11.300000000000011,80501.2,high,0,0,89.62
8519,M23378,M,298.3,309.6,1681,27.1,194,0,0,0,0,0,0,M,1,11.300000000000011,45555.100000000006,high,0,0,85.28
8520,L55699,L,298.3,309.6,1420,44.1,197,0,0,0,0,0,0,L,1,11.300000000000011,62622.0,high,0,0,89.88
8521,M23380,M,298.3,309.5,1543,49.9,199,0,0,0,0,0,0,M,1,11.199999999999989,76995.7,high,0,0,91.82
8522,L55701,L,298.4,309.5,1376,50.4,202,0,0,0,0,0,0,L,1,11.100000000000023,69350.4,high,1,0,93.1
8523,H37936,H,298.3,309.4,1631,29.8,0,0,0,0,0,0,0,H,1,11.099999999999966,48603.8,low,0,0,8.18
8524,H37937,H,298.3,309.3,1529,41.7,5,0,0,0,0,0,0,H,1,11.0,63759.3,low,0,0,12.54
8525,L55704,L,298.3,309.4,1468,46.2,10,0,0,0,0,0,0,L,1,11.099999999999966,67821.6,low,0,0,15.46
8526,L55705,L,298.3,309.4,1378,52.3,12,0,0,0,0,0,0,L,1,11.099999999999966,72069.4,low,0,0,17.48
8527,L55706,L,298.3,309.3,1401,51.9,14,0,0,0,0,0,0,L,1,11.0,72711.9,low,0,0,18.18
8528,L55707,L,298.4,309.3,1531,37.4,16,0,0,0,0,0,0,L,1,10.900000000000034,57259.4,low,0,0,16.06
8529,L55708,L,298.4,309.3,1512,35.8,18,0,0,0,0,0,0,L,1,10.900000000000034,54129.6,low,0,0,16.54
8530,M23389,M,298.5,309.4,1522,47.4,20,0,0,0,0,0,0,M,1,10.899999999999977,72142.8,low,0,0,19.66
8531,M23390,M,298.5,309.3,1615,31.8,23,0,0,0,0,0,0,M,1,10.800000000000011,51357.0,low,0,0,17.72
8532,L55711,L,298.6,309.3,1449,46.5,26,0,0,0,0,0,0,L,1,10.699999999999989,67378.5,low,0,0,21.84
8533,L55712,L,298.6,309.4,1315,55.5,28,0,0,0,0,0,0,L,1,10.799999999999955,72982.5,low,0,0,24.46
8534,M23393,M,298.6,309.4,1465,41.1,30,0,0,0,0,0,0,M,1,10.799999999999955,60211.5,low,0,0,22.38
8535,M23394,M,298.6,309.5,1404,43.3,33,0,0,0,0,0,0,M,1,10.899999999999977,60793.2,low,0,0,24.04
8536,L55715,L,298.6,309.5,1547,44.8,36,0,0,0,0,0,0,L,1,10.899999999999977,69305.59999999999,low,0,0,25.54
8537,M23396,M,298.6,309.5,1426,45.4,38,0,0,0,0,0,0,M,1,10.899999999999977,64740.4,low,0,0,26.46
8538,L55717,L,298.6,309.5,1730,30.2,41,0,0,0,0,0,0,L,1,10.899999999999977,52246.0,low,0,0,24.62
8539,L55718,L,298.5,309.4,1548,37.7,43,0,0,0,0,0,0,L,1,10.899999999999977,58359.600000000006,low,0,0,26.92
8540,L55719,L,298.5,309.4,1517,40.2,45,0,0,0,0,0,0,L,1,10.899999999999977,60983.4,low,0,0,28.22
8541,L55720,L,298.6,309.5,1687,29.3,47,0,0,0,0,0,0,L,1,10.899999999999977,49429.1,low,0,0,26.84
8542,L55721,L,298.5,309.5,1738,25.2,49,0,0,0,0,0,0,L,1,11.0,43797.6,low,0,0,26.84
8543,H37956,H,298.4,309.4,1512,35.3,51,0,0,0,0,0,0,H,1,11.0,53373.6,mid,0,0,29.66
8544,M23403,M,298.5,309.4,1365,48.7,56,0,0,0,0,0,0,M,1,10.899999999999977,66475.5,mid,0,0,34.32
8545,H37958,H,298.5,309.4,2011,21.0,59,0,0,0,0,0,0,H,1,10.899999999999977,42231.0,mid,0,0,29.98
8546,L55725,L,298.4,309.3,1806,27.6,64,0,0,0,0,0,0,L,1,10.900000000000034,49845.600000000006,mid,0,0,33.3
8547,L55726,L,298.4,309.3,1716,28.4,66,0,0,0,0,0,0,L,1,10.900000000000034,48734.399999999994,mid,0,0,34.26
8548,M23407,M,298.4,309.4,1666,24.3,68,0,0,0,0,0,0,M,1,11.0,40483.8,mid,0,0,34.26
8549,L55728,L,298.5,309.4,1578,36.3,71,0,0,0,0,0,0,L,1,10.899999999999977,57281.399999999994,mid,0,0,37.84
8550,L55729,L,298.3,309.3,1558,37.2,73,0,0,0,0,0,0,L,1,11.0,57957.600000000006,mid,0,0,38.84
8551,L55730,L,298.3,309.2,1456,45.5,75,0,0,0,0,0,0,L,1,10.899999999999977,66248.0,mid,0,0,41.28
8552,M23411,M,298.2,309.1,1457,49.0,77,0,0,0,0,0,0,M,1,10.900000000000034,71393.0,mid,0,0,42.78
8553,L55732,L,298.2,309.1,1467,44.5,80,0,0,0,0,0,0,L,1,10.900000000000034,65281.5,mid,0,0,43.08
8554,M23413,M,298.1,309.0,1661,38.2,82,0,0,0,0,0,0,M,1,10.899999999999977,63450.200000000004,mid,0,0,42.62
8555,L55734,L,298.1,309.0,1592,33.9,85,0,0,0,0,0,0,L,1,10.899999999999977,53968.799999999996,mid,0,0,42.96
8556,L55735,L,298.2,309.0,1596,37.2,87,0,0,0,0,0,0,L,1,10.800000000000011,59371.200000000004,mid,0,0,44.4
8557,L55736,L,298.2,309.0,1489,40.6,89,0,0,0,0,0,0,L,1,10.800000000000011,60453.4,mid,0,0,45.88
8558,L55737,L,298.3,309.0,1471,48.3,91,0,0,0,0,0,0,L,1,10.699999999999989,71049.3,mid,0,0,48.2
8559,M23418,M,298.3,309.0,1505,41.3,93,0,0,0,0,0,0,M,1,10.699999999999989,62156.49999999999,mid,0,0,47.6
8560,L55739,L,298.3,309.0,1519,40.0,96,0,0,0,0,0,0,L,1,10.699999999999989,60760.0,mid,0,0,48.54
8561,L55740,L,298.3,309.0,1408,45.4,98,0,0,0,0,0,0,L,1,10.699999999999989,63923.2,mid,0,0,50.42
8562,L55741,L,298.2,308.9,1332,44.4,100,0,0,0,0,0,0,L,1,10.699999999999989,59140.799999999996,mid,0,0,51.02
8563,L55742,L,298.1,308.9,1351,52.4,102,0,0,0,0,0,0,L,1,10.799999999999955,70792.4,mid,0,0,53.44
8564,L55743,L,298.0,308.9,1500,36.7,104,0,0,0,0,0,0,L,1,10.899999999999977,55050.00000000001,mid,0,0,51.12
8565,M23424,M,298.0,308.7,1614,30.7,106,0,0,0,0,0,0,M,1,10.699999999999989,49549.799999999996,mid,0,0,50.68
8566,L55745,L,298.0,308.8,1489,36.5,109,0,0,0,0,0,0,L,1,10.800000000000011,54348.5,mid,0,0,53.06
8567,M23426,M,297.9,308.7,1751,26.6,111,0,0,0,0,0,0,M,1,10.800000000000011,46576.600000000006,mid,0,0,51.88
8568,L55747,L,298.0,308.7,1511,45.8,114,0,0,0,0,0,0,L,1,10.699999999999989,69203.8,mid,0,0,56.9
8569,L55748,L,297.9,308.6,1691,29.6,116,0,0,0,0,0,0,L,1,10.700000000000045,50053.600000000006,mid,0,0,54.46
8570,L55749,L,297.9,308.6,1757,27.5,118,0,0,0,0,0,0,L,1,10.700000000000045,48317.5,mid,0,0,54.84
8571,H37984,H,297.9,308.7,1545,35.9,120,0,0,0,0,0,0,H,1,10.800000000000011,55465.5,mid,0,0,57.34
8572,L55751,L,297.9,308.6,2262,15.7,125,0,0,0,0,0,0,L,1,10.700000000000045,35513.4,mid,0,0,55.28
8573,M23432,M,297.7,308.5,1559,35.2,127,0,0,0,0,0,0,M,1,10.800000000000011,54876.8,mid,0,0,60.0
8574,L55753,L,297.6,308.4,1626,32.4,130,0,0,0,0,0,0,L,1,10.799999999999955,52682.399999999994,mid,0,0,60.64
8575,L55754,L,297.6,308.3,1424,53.9,132,0,0,0,0,0,0,L,1,10.699999999999989,76753.59999999999,mid,0,0,65.72
8576,M23435,M,297.6,308.3,1648,29.1,134,0,0,0,0,0,0,M,1,10.699999999999989,47956.8,mid,0,0,61.56
8577,L55756,L,297.6,308.3,1523,39.5,137,0,0,0,0,0,0,L,1,10.699999999999989,60158.5,mid,0,0,64.84
8578,L55757,L,297.6,308.3,1502,43.2,139,0,0,0,0,0,0,L,1,10.699999999999989,64886.4,mid,0,0,66.38
8579,L55758,L,297.5,308.2,1489,40.7,141,0,0,0,0,0,0,L,1,10.699999999999989,60602.3,mid,0,0,66.68
8580,M23439,M,297.4,308.1,1620,31.2,143,0,0,0,0,0,0,M,1,10.700000000000045,50544.0,mid,0,0,65.58
8581,L55760,L,297.5,308.1,1631,30.6,146,0,0,0,0,0,0,L,1,10.600000000000023,49908.600000000006,mid,0,0,66.64
8582,M23441,M,297.5,308.0,1429,45.8,148,0,0,0,0,0,0,M,1,10.5,65448.2,mid,0,0,70.46
8583,M23442,M,297.5,308.1,1334,72.0,151,1,0,0,1,0,0,M,1,10.600000000000023,96048.0,high,0,1,126.92
8584,L55763,L,297.4,308.0,1423,38.0,154,0,0,0,0,0,0,L,1,10.600000000000023,54074.0,high,0,0,71.32
8585,L55764,L,297.4,307.9,1390,47.7,156,0,0,0,0,0,0,L,1,10.5,66303.0,high,0,0,74.04
8586,M23445,M,297.4,307.9,1338,48.5,158,0,0,0,0,0,0,M,1,10.5,64893.0,high,0,0,75.0
8587,H38000,H,297.3,307.9,1461,37.5,161,0,0,0,0,0,0,H,1,10.599999999999966,54787.5,high,0,0,74.02
8588,M23447,M,297.4,307.9,1627,34.3,166,0,0,0,0,0,0,M,1,10.5,55806.1,high,0,0,75.36
8589,L55768,L,297.3,307.8,1385,44.4,169,0,0,0,0,0,0,L,1,10.5,61494.0,high,0,0,78.58
8590,M23449,M,297.3,307.8,1538,48.0,171,0,0,0,0,0,0,M,1,10.5,73824.0,high,0,0,80.1
8591,L55770,L,297.4,307.9,1557,35.5,174,0,0,0,0,0,0,L,1,10.5,55273.5,high,0,0,78.8
8592,L55771,L,297.4,307.9,1606,33.4,176,0,0,0,0,0,0,L,1,10.5,53640.399999999994,high,0,0,79.18
8593,M23452,M,297.5,308.0,1430,44.5,178,0,0,0,0,0,0,M,1,10.5,63635.0,high,0,0,82.2
8594,M23453,M,297.4,308.0,1601,34.6,181,0,0,0,0,0,0,M,1,10.600000000000023,55394.600000000006,high,0,0,81.44
8595,L55774,L,297.4,308.0,1356,51.9,184,0,0,0,0,0,0,L,1,10.600000000000023,70376.4,high,0,0,86.1
8596,M23455,M,297.5,308.2,1624,30.9,186,0,0,0,0,0,0,M,1,10.699999999999989,50181.6,high,0,0,82.72
8597,L55776,L,297.5,308.2,1327,56.5,189,0,0,0,0,0,0,L,1,10.699999999999989,74975.5,high,0,0,89.04
8598,L55777,L,297.6,308.3,1410,47.0,191,0,0,0,0,0,0,L,1,10.699999999999989,66270.0,high,0,0,87.94
8599,L55778,L,297.6,308.3,1478,42.3,193,0,0,0,0,0,0,L,1,10.699999999999989,62519.399999999994,high,0,0,87.8
8600,L55779,L,297.6,308.4,1460,40.3,195,0,0,0,0,0,0,L,1,10.799999999999955,58837.99999999999,high,0,0,88.22
8601,L55780,L,297.5,308.3,1435,40.3,197,0,0,0,0,0,0,L,1,10.800000000000011,57830.49999999999,high,0,0,89.02
8602,H38015,H,297.4,308.2,1359,46.9,199,0,0,0,0,0,0,H,1,10.800000000000011,63737.1,high,0,0,91.14
8603,L55782,L,297.4,308.1,1729,31.7,204,0,0,0,0,0,0,L,1,10.700000000000045,54809.299999999996,high,1,0,90.08
8604,H38017,H,297.3,308.0,1384,49.1,206,0,0,0,0,0,0,H,1,10.699999999999989,67954.40000000001,high,1,0,94.36
8605,L55784,L,297.4,308.2,1297,52.1,211,0,0,0,0,0,0,L,1,10.800000000000011,67573.7,high,1,0,96.98
8606,L55785,L,297.5,308.4,1633,33.3,213,0,0,0,0,0,0,L,1,10.899999999999977,54378.899999999994,high,1,0,94.04
8607,M23466,M,297.5,308.4,1505,37.2,215,0,0,0,0,0,0,M,1,10.899999999999977,55986.00000000001,high,1,0,95.62
8608,L55787,L,297.5,308.4,1433,50.0,218,0,0,0,0,0,0,L,1,10.899999999999977,71650.0,high,1,0,99.38
8609,L55788,L,297.4,308.4,1369,50.6,220,1,0,0,0,1,0,L,1,11.0,69271.40000000001,high,1,1,150.32
8610,L55789,L,297.4,308.3,1475,40.5,222,1,1,0,0,0,0,L,1,10.900000000000034,59737.5,high,1,1,149.08
8611,L55790,L,297.4,308.3,1561,38.3,0,0,0,0,0,0,0,L,1,10.900000000000034,59786.299999999996,low,0,0,9.84
8612,L55791,L,297.4,308.3,1472,45.5,2,0,0,0,0,0,0,L,1,10.900000000000034,66976.0,low,0,0,12.08
8613,L55792,L,297.5,308.4,1441,44.5,4,0,0,0,0,0,0,L,1,10.899999999999977,64124.5,low,0,0,12.68
8614,M23473,M,297.5,308.5,1401,50.5,6,0,0,0,0,0,0,M,1,11.0,70750.5,low,0,0,14.7
8615,L55794,L,297.5,308.5,1691,33.1,9,0,0,0,0,0,0,L,1,11.0,55972.100000000006,low,0,0,12.42
8616,L55795,L,297.6,308.6,1382,47.1,11,0,0,0,0,0,0,L,1,11.0,65092.200000000004,low,0,0,16.02
8617,L55796,L,297.6,308.6,1355,46.4,13,0,0,0,0,0,0,L,1,11.0,62872.0,low,0,0,16.68
8618,L55797,L,297.6,308.6,1529,45.3,15,0,0,0,0,0,0,L,1,11.0,69263.7,low,0,0,17.26
8619,L55798,L,297.7,308.7,1829,24.9,17,0,0,0,0,0,0,L,1,11.0,45542.1,low,0,0,13.98
8620,H38033,H,297.6,308.6,1480,39.8,19,0,0,0,0,0,0,H,1,11.0,58903.99999999999,low,0,0,17.76
8621,L55800,L,297.6,308.5,1475,42.4,24,0,0,0,0,0,0,L,1,10.899999999999977,62540.0,low,0,0,20.26
8622,M23481,M,297.6,308.5,1431,52.6,26,0,0,0,0,0,0,M,1,10.899999999999977,75270.6,low,0,0,23.1
8623,L55802,L,297.5,308.3,1437,42.3,29,0,0,0,0,0,0,L,1,10.800000000000011,60785.1,low,0,0,22.22
8624,M23483,M,297.5,308.3,1476,45.6,31,0,0,0,0,0,0,M,1,10.800000000000011,67305.6,low,0,0,23.68
8625,H38038,H,297.5,308.4,1490,39.7,34,0,0,0,0,0,0,H,1,10.899999999999977,59153.00000000001,low,0,0,23.72
8626,L55805,L,297.4,308.3,1632,33.5,39,0,0,0,0,0,0,L,1,10.900000000000034,54672.0,low,0,0,24.48
8627,L55806,L,297.4,308.2,1402,49.7,41,0,0,0,0,0,0,L,1,10.800000000000011,69679.40000000001,low,0,0,28.5
8628,L55807,L,297.4,308.3,1347,45.8,43,0,0,0,0,0,0,L,1,10.900000000000034,61692.6,low,0,0,28.54
8629,L55808,L,297.5,308.4,1747,31.0,45,0,0,0,0,0,0,L,1,10.899999999999977,54157.0,low,0,0,26.38
8630,H38043,H,297.5,308.5,1557,39.1,47,0,0,0,0,0,0,H,1,11.0,60878.700000000004,low,0,0,28.82
8631,L55810,L,297.4,308.4,1371,57.4,52,0,0,0,0,0,0,L,1,11.0,78695.4,mid,0,0,34.48
8632,H38045,H,297.3,308.3,1506,37.0,54,0,0,0,0,0,0,H,1,11.0,55722.0,mid,0,0,31.2
8633,L55812,L,297.3,308.3,1590,35.5,59,0,0,0,0,0,0,L,1,11.0,56445.0,mid,0,0,32.9
8634,L55813,L,297.4,308.3,1336,53.7,61,0,0,0,0,0,0,L,1,10.900000000000034,71743.2,mid,0,0,37.32
8635,L55814,L,297.3,308.3,1411,43.2,63,0,0,0,0,0,0,L,1,11.0,60955.200000000004,mid,0,0,36.04
8636,L55815,L,297.4,308.3,1704,27.3,65,0,0,0,0,0,0,L,1,10.900000000000034,46519.200000000004,mid,0,0,33.64
8637,L55816,L,297.5,308.4,1723,27.3,67,0,0,0,0,0,0,L,1,10.899999999999977,47037.9,mid,0,0,34.44
8638,L55817,L,297.5,308.5,1459,39.7,69,0,0,0,0,0,0,L,1,11.0,57922.3,mid,0,0,37.74
8639,L55818,L,297.6,308.5,1572,35.9,71,0,0,0,0,0,0,L,1,10.899999999999977,56434.799999999996,mid,0,0,37.76
8640,L55819,L,297.5,308.4,1384,56.0,73,0,0,0,0,0,0,L,1,10.899999999999977,77504.0,mid,0,0,42.58
8641,L55820,L,297.6,308.6,1383,47.5,75,0,0,0,0,0,0,L,1,11.0,65692.5,mid,0,0,41.7
8642,M23501,M,297.6,308.5,1360,48.6,77,0,0,0,0,0,0,M,1,10.899999999999977,66096.0,mid,0,0,42.7
8643,M23502,M,297.5,308.4,1596,36.6,80,0,0,0,0,0,0,M,1,10.899999999999977,58413.600000000006,mid,0,0,41.5
8644,L55823,L,297.5,308.5,1448,54.3,83,0,0,0,0,0,0,L,1,11.0,78626.4,mid,0,0,46.26
8645,M23504,M,297.6,308.5,1443,38.2,85,0,0,0,0,0,0,M,1,10.899999999999977,55122.600000000006,mid,0,0,43.82
8646,M23505,M,297.6,308.6,1492,35.5,88,0,0,0,0,0,0,M,1,11.0,52966.0,mid,0,0,44.5
8647,L55826,L,297.5,308.6,1497,43.9,91,0,0,0,0,0,0,L,1,11.100000000000023,65718.3,mid,0,0,47.4
8648,L55827,L,297.5,308.5,1530,38.5,93,0,0,0,0,0,0,L,1,11.0,58905.0,mid,0,0,47.1
8649,M23508,M,297.4,308.4,1478,46.2,95,0,0,0,0,0,0,M,1,11.0,68283.6,mid,0,0,49.44
8650,L55829,L,297.4,308.4,1328,61.8,98,0,0,0,0,0,0,L,1,11.0,82070.4,mid,0,0,53.76
8651,H38064,H,297.4,308.3,1771,27.4,100,0,0,0,0,0,0,H,1,10.900000000000034,48525.399999999994,mid,0,0,47.66
8652,M23511,M,297.4,308.4,1564,35.0,105,0,0,0,0,0,0,M,1,11.0,54740.0,mid,0,0,51.2
8653,H38066,H,297.3,308.3,1461,41.5,108,0,0,0,0,0,0,H,1,11.0,60631.5,mid,0,0,53.7
8654,M23513,M,297.4,308.3,1335,57.9,113,0,0,0,0,0,0,M,1,10.900000000000034,77296.5,mid,0,0,58.96
8655,M23514,M,297.4,308.4,1441,46.8,116,0,0,0,0,0,0,M,1,11.0,67438.8,mid,0,0,57.96
8656,L55835,L,297.3,308.3,1268,60.6,119,0,0,0,0,0,0,L,1,11.0,76840.8,mid,0,0,61.92
8657,M23516,M,297.3,308.3,1697,27.4,121,0,0,0,0,0,0,M,1,11.0,46497.799999999996,mid,0,0,56.08
8658,L55837,L,297.4,308.4,1421,46.0,124,0,0,0,0,0,0,L,1,11.0,65366.0,mid,0,0,61.0
8659,L55838,L,297.4,308.5,1496,36.4,126,0,0,0,0,0,0,L,1,11.100000000000023,54454.4,mid,0,0,59.9
8660,L55839,L,297.5,308.5,1375,55.6,128,0,0,0,0,0,0,L,1,11.0,76450.0,mid,0,0,64.52
8661,L55840,L,297.4,308.5,1295,52.1,130,0,0,0,0,0,0,L,1,11.100000000000023,67469.5,mid,0,0,64.64
8662,L55841,L,297.4,308.5,1643,33.8,132,0,0,0,0,0,0,L,1,11.100000000000023,55533.399999999994,mid,0,0,61.78
8663,L55842,L,297.5,308.6,1514,36.9,134,0,0,0,0,0,0,L,1,11.100000000000023,55866.6,mid,0,0,63.2
8664,L55843,L,297.5,308.6,1671,29.4,136,0,0,0,0,0,0,L,1,11.100000000000023,49127.399999999994,mid,0,0,62.5
8665,H38078,H,297.5,308.6,1355,58.9,138,0,0,0,0,0,0,H,1,11.100000000000023,79809.5,mid,0,0,69.2
8666,L55845,L,297.6,308.7,1365,50.6,143,0,0,0,0,0,0,L,1,11.099999999999966,69069.0,mid,0,0,69.54
8667,L55846,L,297.5,308.7,1407,42.5,145,0,0,0,0,0,0,L,1,11.199999999999989,59797.5,mid,0,0,68.74
8668,M23527,M,297.5,308.8,1455,46.1,147,0,0,0,0,0,0,M,1,11.300000000000011,67075.5,mid,0,0,70.28
8669,L55848,L,297.5,308.8,1502,45.9,150,0,0,0,0,0,0,L,1,11.300000000000011,68941.8,mid,0,0,71.44
8670,M23529,M,297.5,308.8,1471,52.3,152,0,0,0,0,0,0,M,1,11.300000000000011,76933.3,high,0,0,73.52
8671,L55850,L,297.5,308.9,1581,30.4,155,0,0,0,0,0,0,L,1,11.399999999999977,48062.399999999994,high,0,0,70.36
8672,L55851,L,297.5,308.8,1530,37.8,157,0,0,0,0,0,0,L,1,11.300000000000011,57833.99999999999,high,0,0,72.62
8673,L55852,L,297.5,308.8,1312,50.3,159,0,0,0,0,0,0,L,1,11.300000000000011,65993.59999999999,high,0,0,75.92
8674,L55853,L,297.4,308.6,1494,42.6,161,0,0,0,0,0,0,L,1,11.200000000000045,63644.4,high,0,0,75.16
8675,M23534,M,297.4,308.6,1528,29.1,163,0,0,0,0,0,0,M,1,11.200000000000045,44464.8,high,0,0,73.26
8676,H38089,H,297.3,308.6,1688,29.4,166,0,0,0,0,0,0,H,1,11.300000000000011,49627.2,high,0,0,74.54
8677,M23536,M,297.3,308.5,1520,42.4,171,0,0,0,0,0,0,M,1,11.199999999999989,64448.0,high,0,0,79.12
8678,M23537,M,297.3,308.5,1664,28.9,174,0,0,0,0,0,0,M,1,11.199999999999989,48089.6,high,0,0,77.62
8679,L55858,L,297.3,308.5,1514,44.5,177,0,0,0,0,0,0,L,1,11.199999999999989,67373.0,high,0,0,81.94
8680,L55859,L,297.3,308.5,1456,54.2,179,0,0,0,0,0,0,L,1,11.199999999999989,78915.2,high,0,0,84.68
8681,L55860,L,297.2,308.5,1494,39.6,181,0,0,0,0,0,0,L,1,11.300000000000011,59162.4,high,0,0,82.58
8682,L55861,L,297.2,308.4,1605,30.0,183,0,0,0,0,0,0,L,1,11.199999999999989,48150.0,high,0,0,81.44
8683,M23542,M,297.2,308.5,1353,46.5,185,0,0,0,0,0,0,M,1,11.300000000000011,62914.5,high,0,0,85.56
8684,L55863,L,297.2,308.5,1447,47.9,188,0,0,0,0,0,0,L,1,11.300000000000011,69311.3,high,0,0,87.04
8685,L55864,L,297.2,308.5,1588,40.4,190,0,0,0,0,0,0,L,1,11.300000000000011,64155.2,high,0,0,86.34
8686,H38099,H,297.2,308.5,1524,41.4,192,0,0,0,0,0,0,H,1,11.300000000000011,63093.6,high,0,0,87.34
8687,M23546,M,297.2,308.5,1611,31.6,197,0,0,0,0,0,0,M,1,11.300000000000011,50907.600000000006,high,0,0,87.38
8688,M23547,M,297.2,308.5,1604,34.9,200,0,0,0,0,0,0,M,1,11.300000000000011,55979.6,high,1,0,89.24
8689,L55868,L,297.1,308.5,1483,46.9,203,0,0,0,0,0,0,L,1,11.399999999999977,69552.7,high,1,0,92.86
8690,L55869,L,297.1,308.4,1543,39.6,205,0,0,0,0,0,0,L,1,11.299999999999955,61102.8,high,1,0,92.18
8691,L55870,L,297.1,308.5,1323,44.4,207,1,1,0,0,0,0,L,1,11.399999999999977,58741.2,high,1,1,143.96
8692,L55871,L,297.1,308.5,1555,36.2,0,0,0,0,0,0,0,L,1,11.399999999999977,56291.00000000001,low,0,0,9.52
8693,L55872,L,297.1,308.4,1583,31.9,2,0,0,0,0,0,0,L,1,11.299999999999955,50497.7,low,0,0,9.44
8694,M23553,M,297.2,308.5,1584,40.0,4,0,0,0,0,0,0,M,1,11.300000000000011,63360.0,low,0,0,11.86
8695,L55874,L,297.2,308.5,1766,25.8,7,0,0,0,0,0,0,L,1,11.300000000000011,45562.8,low,0,0,10.22
8696,M23555,M,297.2,308.6,1498,44.4,9,0,0,0,0,0,0,M,1,11.400000000000034,66511.2,low,0,0,14.76
8697,L55876,L,297.2,308.6,1413,49.8,12,0,0,0,0,0,0,L,1,11.400000000000034,70367.4,low,0,0,17.04
8698,L55877,L,297.3,308.6,1505,33.5,14,0,0,0,0,0,0,L,1,11.300000000000011,50417.5,low,0,0,14.56
8699,H38112,H,297.3,308.7,1438,46.2,16,0,0,0,0,0,0,H,1,11.399999999999977,66435.6,low,0,0,17.92
8700,M23559,M,297.3,308.7,1655,34.1,21,0,0,0,0,0,0,M,1,11.399999999999977,56435.5,low,0,0,17.5
8701,M23560,M,297.3,308.7,1451,43.8,24,0,0,0,0,0,0,M,1,11.399999999999977,63553.799999999996,low,0,0,20.64
8702,M23561,M,297.3,308.7,1466,38.4,27,0,0,0,0,0,0,M,1,11.399999999999977,56294.4,low,0,0,20.76
8703,L55882,L,297.2,308.6,1774,23.0,30,0,0,0,0,0,0,L,1,11.400000000000034,40802.0,low,0,0,18.88
8704,M23563,M,297.2,308.6,1284,51.3,32,0,0,0,0,0,0,M,1,11.400000000000034,65869.2,low,0,0,25.34
8705,L55884,L,297.1,308.5,1425,40.0,35,0,0,0,0,0,0,L,1,11.399999999999977,57000.0,low,0,0,24.28
8706,L55885,L,297.2,308.6,1437,52.4,37,0,0,0,0,0,0,L,1,11.400000000000034,75298.8,low,0,0,27.56
8707,L55886,L,297.2,308.6,1335,53.0,39,0,0,0,0,0,0,L,1,11.400000000000034,70755.0,low,0,0,28.48
8708,L55887,L,297.2,308.5,1471,41.7,41,0,0,0,0,0,0,L,1,11.300000000000011,61340.700000000004,low,0,0,27.0
8709,M23568,M,297.2,308.5,1364,54.0,43,0,0,0,0,0,0,M,1,11.300000000000011,73656.0,low,0,0,30.26
8710,L55889,L,297.1,308.5,1578,35.6,46,0,0,0,0,0,0,L,1,11.399999999999977,56176.8,low,0,0,27.8
8711,L55890,L,297.1,308.5,1712,32.1,48,0,0,0,0,0,0,L,1,11.399999999999977,54955.200000000004,low,0,0,27.9
8712,L55891,L,297.1,308.5,1733,28.7,50,0,0,0,0,0,0,L,1,11.399999999999977,49737.1,low,0,0,28.02
8713,L55892,L,297.2,308.6,1652,32.1,52,0,0,0,0,0,0,L,1,11.400000000000034,53029.200000000004,mid,0,0,29.5
8714,L55893,L,297.2,308.6,1917,24.1,54,0,0,0,0,0,0,L,1,11.400000000000034,46199.700000000004,mid,0,0,28.7
8715,M23574,M,297.2,308.6,1444,41.1,56,0,0,0,0,0,0,M,1,11.400000000000034,59348.4,mid,0,0,32.9
8716,L55895,L,297.1,308.6,1442,37.1,59,0,0,0,0,0,0,L,1,11.5,53498.200000000004,mid,0,0,33.32
8717,M23576,M,297.1,308.6,1717,31.3,61,0,0,0,0,0,0,M,1,11.5,53742.1,mid,0,0,32.96
8718,L55897,L,297.1,308.7,1474,42.3,64,0,0,0,0,0,0,L,1,11.599999999999966,62350.2,mid,0,0,36.38
8719,L55898,L,297.2,308.7,1509,39.3,66,0,0,0,0,0,0,L,1,11.5,59303.7,mid,0,0,36.56
8720,L55899,L,297.2,308.8,1451,43.1,68,0,0,0,0,0,0,L,1,11.600000000000023,62538.1,mid,0,0,38.14
8721,L55900,L,297.3,308.8,1554,36.1,70,0,0,0,0,0,0,L,1,11.5,56099.4,mid,0,0,37.52
8722,L55901,L,297.2,308.7,1669,30.7,72,0,0,0,0,0,0,L,1,11.5,51238.299999999996,mid,0,0,37.24
8723,L55902,L,297.2,308.6,1366,50.4,74,0,0,0,0,0,0,L,1,11.400000000000034,68846.4,mid,0,0,41.96
8724,L55903,L,297.2,308.6,1578,34.4,76,0,0,0,0,0,0,L,1,11.400000000000034,54283.2,mid,0,0,39.56
8725,M23584,M,297.2,308.6,1513,39.0,78,0,0,0,0,0,0,M,1,11.400000000000034,59007.0,mid,0,0,41.28
8726,M23585,M,297.1,308.5,1515,42.1,81,0,0,0,0,0,0,M,1,11.399999999999977,63781.5,mid,0,0,43.1
8727,L55906,L,297.2,308.6,1562,33.0,84,0,0,0,0,0,0,L,1,11.400000000000034,51546.0,mid,0,0,42.48
8728,L55907,L,297.2,308.7,1501,38.5,86,0,0,0,0,0,0,L,1,11.5,57788.5,mid,0,0,44.4
8729,M23588,M,297.2,308.7,1398,38.1,88,0,0,0,0,0,0,M,1,11.5,53263.8,mid,0,0,45.12
8730,L55909,L,297.3,308.7,1352,53.8,91,0,0,0,0,0,0,L,1,11.399999999999977,72737.59999999999,mid,0,0,49.44
8731,H38144,H,297.3,308.7,1569,33.9,93,0,0,0,0,0,0,H,1,11.399999999999977,53189.1,mid,0,0,46.26
8732,H38145,H,297.2,308.6,1486,46.6,98,0,0,0,0,0,0,H,1,11.400000000000034,69247.6,mid,0,0,50.8
8733,L55912,L,297.2,308.6,1864,23.6,103,0,0,0,0,0,0,L,1,11.400000000000034,43990.4,mid,0,0,48.2
8734,M23593,M,297.3,308.7,1447,44.5,105,0,0,0,0,0,0,M,1,11.399999999999977,64391.5,mid,0,0,53.18
8735,L55914,L,297.2,308.6,1392,41.5,108,0,0,0,0,0,0,L,1,11.400000000000034,57768.0,mid,0,0,53.78
8736,L55915,L,297.3,308.6,1358,47.6,110,0,0,0,0,0,0,L,1,11.300000000000011,64640.8,mid,0,0,55.78
8737,L55916,L,297.3,308.7,1491,40.2,112,0,0,0,0,0,0,L,1,11.399999999999977,59938.200000000004,mid,0,0,55.12
8738,L55917,L,297.3,308.7,1556,36.7,114,0,0,0,0,0,0,L,1,11.399999999999977,57105.200000000004,mid,0,0,55.22
8739,L55918,L,297.3,308.7,1531,36.7,116,0,0,0,0,0,0,L,1,11.399999999999977,56187.700000000004,mid,0,0,56.02
8740,H38153,H,297.4,308.7,1429,37.6,118,0,0,0,0,0,0,H,1,11.300000000000011,53730.4,mid,0,0,56.98
8741,M23600,M,297.4,308.8,1573,33.9,123,0,0,0,0,0,0,M,1,11.400000000000034,53324.7,mid,0,0,58.26
8742,L55921,L,297.4,308.8,1538,41.2,126,0,0,0,0,0,0,L,1,11.400000000000034,63365.600000000006,mid,0,0,60.92
8743,L55922,L,297.4,308.8,1467,39.0,128,0,0,0,0,0,0,L,1,11.400000000000034,57213.0,mid,0,0,61.28
8744,H38157,H,297.4,308.7,1323,51.1,130,0,0,0,0,0,0,H,1,11.300000000000011,67605.3,mid,0,0,64.48
8745,M23604,M,297.4,308.7,1798,23.0,135,0,0,0,0,0,0,M,1,11.300000000000011,41354.0,mid,0,0,60.86
8746,L55925,L,297.4,308.6,1411,46.3,138,0,0,0,0,0,0,L,1,11.200000000000045,65329.299999999996,mid,0,0,66.7
8747,L55926,L,297.3,308.5,1528,44.5,140,0,0,0,0,0,0,L,1,11.199999999999989,67996.0,mid,0,0,67.14
8748,L55927,L,297.3,308.5,1504,42.0,142,0,0,0,0,0,0,L,1,11.199999999999989,63168.0,mid,0,0,67.44
8749,L55928,L,297.3,308.5,1384,39.6,144,0,0,0,0,0,0,L,1,11.199999999999989,54806.4,mid,0,0,67.76
8750,L55929,L,297.2,308.4,1677,26.4,146,0,0,0,0,0,0,L,1,11.199999999999989,44272.799999999996,mid,0,0,65.92
8751,L55930,L,297.3,308.5,1764,30.8,148,0,0,0,0,0,0,L,1,11.199999999999989,54331.200000000004,mid,0,0,67.6
8752,M23611,M,297.4,308.5,1472,42.0,150,0,0,0,0,0,0,M,1,11.100000000000023,61824.0,mid,0,0,70.62
8753,M23612,M,297.4,308.5,1465,55.9,153,0,0,0,0,0,0,M,1,11.100000000000023,81893.5,high,0,0,74.6
8754,M23613,M,297.4,308.6,1657,33.1,156,0,0,0,0,0,0,M,1,11.200000000000045,54846.700000000004,high,0,0,71.26
8755,L55934,L,297.4,308.6,1635,30.5,159,0,0,0,0,0,0,L,1,11.200000000000045,49867.5,high,0,0,71.94
8756,M23615,M,297.4,308.7,1582,31.9,161,0,0,0,0,0,0,M,1,11.300000000000011,50465.799999999996,high,0,0,73.04
8757,L55936,L,297.5,308.7,1761,26.2,164,0,0,0,0,0,0,L,1,11.199999999999989,46138.2,high,0,0,73.08
8758,L55937,L,297.5,308.8,1587,34.9,166,0,0,0,0,0,0,L,1,11.300000000000011,55386.299999999996,high,0,0,75.64
8759,M23618,M,297.5,308.7,1446,53.0,168,0,0,0,0,0,0,M,1,11.199999999999989,76638.0,high,0,0,80.04
8760,M23619,M,297.5,308.7,1352,53.0,171,0,0,0,0,0,0,M,1,11.199999999999989,71656.0,high,0,0,81.24
8761,M23620,M,297.4,308.7,1392,46.4,174,0,0,0,0,0,0,M,1,11.300000000000011,64588.799999999996,high,0,0,81.14
8762,L55941,L,297.5,308.8,1417,49.8,177,0,0,0,0,0,0,L,1,11.300000000000011,70566.59999999999,high,0,0,83.02
8763,H38176,H,297.5,308.8,1824,24.0,179,0,0,0,0,0,0,H,1,11.300000000000011,43776.0,high,0,0,78.66
8764,L55943,L,297.5,308.8,1603,36.7,184,0,0,0,0,0,0,L,1,11.300000000000011,58830.100000000006,high,0,0,83.2
8765,L55944,L,297.4,308.8,1620,33.4,186,0,0,0,0,0,0,L,1,11.400000000000034,54108.0,high,0,0,83.36
8766,L55945,L,297.4,308.8,1353,49.4,188,0,0,0,0,0,0,L,1,11.400000000000034,66838.2,high,0,0,87.36
8767,L55946,L,297.5,308.8,1360,50.7,190,0,0,0,0,0,0,L,1,11.300000000000011,68952.0,high,0,0,88.4
8768,L55947,L,297.5,308.6,1380,53.5,192,0,0,0,0,0,0,L,1,11.100000000000023,73830.0,high,0,0,89.72
8769,M23628,M,297.5,308.7,1363,53.6,194,0,0,0,0,0,0,M,1,11.199999999999989,73056.8,high,0,0,90.56
8770,M23629,M,297.4,308.6,1452,41.2,197,0,0,0,0,0,0,M,1,11.200000000000045,59822.4,high,0,0,89.28
8771,L55950,L,297.4,308.6,1680,32.8,200,0,0,0,0,0,0,L,1,11.200000000000045,55103.99999999999,high,1,0,88.8
8772,L55951,L,297.5,308.6,1536,39.0,202,0,0,0,0,0,0,L,1,11.100000000000023,59904.0,high,1,0,90.82
8773,L55952,L,297.5,308.6,1621,28.9,0,0,0,0,0,0,0,L,1,11.100000000000023,46846.899999999994,low,0,0,8.0
8774,L55953,L,297.5,308.6,1585,37.6,2,0,0,0,0,0,0,L,1,11.100000000000023,59596.0,low,0,0,10.54
8775,M23634,M,297.6,308.7,1408,51.5,4,0,0,0,0,0,0,M,1,11.099999999999966,72512.0,low,0,0,14.12
8776,H38189,H,297.5,308.6,1536,38.7,7,0,0,0,0,0,0,H,1,11.100000000000023,59443.200000000004,low,0,0,12.76
8777,L55956,L,297.5,308.6,1352,52.6,12,0,0,0,0,0,0,L,1,11.100000000000023,71115.2,low,0,0,17.54
8778,H38191,H,297.5,308.6,1481,38.8,14,0,0,0,0,0,0,H,1,11.100000000000023,57462.799999999996,low,0,0,15.58
8779,L55958,L,297.5,308.7,1454,45.0,19,0,0,0,0,0,0,L,1,11.199999999999989,65430.0,low,0,0,18.84
8780,M23639,M,297.5,308.6,1349,51.5,21,0,0,0,0,0,0,M,1,11.100000000000023,69473.5,low,0,0,20.92
8781,M23640,M,297.5,308.6,1327,52.1,24,0,0,0,0,0,0,M,1,11.100000000000023,69136.7,low,0,0,22.24
8782,L55961,L,297.6,308.7,1552,42.3,27,0,0,0,0,0,0,L,1,11.099999999999966,65649.59999999999,low,0,0,21.48
8783,L55962,L,297.5,308.7,1456,44.7,29,0,0,0,0,0,0,L,1,11.199999999999989,65083.200000000004,low,0,0,22.78
8784,M23643,M,297.6,308.6,1254,45.8,31,0,0,0,0,0,0,M,1,11.0,57433.2,low,0,0,23.76
8785,L55964,L,297.5,308.6,1437,43.3,34,0,0,0,0,0,0,L,1,11.100000000000023,62222.1,low,0,0,24.48
8786,L55965,L,297.5,308.6,1694,27.1,36,0,0,0,0,0,0,L,1,11.100000000000023,45907.4,low,0,0,22.04
8787,L55966,L,297.5,308.5,1306,50.7,38,0,0,0,0,0,0,L,1,11.0,66214.2,low,0,0,27.54
8788,M23647,M,297.5,308.5,1699,30.1,40,0,0,0,0,0,0,M,1,11.0,51139.9,low,0,0,24.22
8789,L55968,L,297.4,308.5,1369,53.2,43,0,0,0,0,0,0,L,1,11.100000000000023,72830.8,low,0,0,30.06
8790,L55969,L,297.4,308.5,1471,43.9,45,0,0,0,0,0,0,L,1,11.100000000000023,64576.9,low,0,0,29.0
8791,L55970,L,297.4,308.5,1410,43.9,47,0,0,0,0,0,0,L,1,11.100000000000023,61899.0,low,0,0,29.8
8792,M23651,M,297.4,308.5,1412,45.5,49,0,0,0,0,0,0,M,1,11.100000000000023,64246.0,low,0,0,30.92
8793,L55972,L,297.4,308.5,1418,51.2,52,0,0,0,0,0,0,L,1,11.100000000000023,72601.6,mid,0,0,33.26
8794,L55973,L,297.4,308.5,1782,25.9,54,0,0,0,0,0,0,L,1,11.100000000000023,46153.799999999996,mid,0,0,29.0
8795,M23654,M,297.4,308.5,1497,36.4,56,0,0,0,0,0,0,M,1,11.100000000000023,54490.799999999996,mid,0,0,31.9
8796,L55975,L,297.3,308.4,1459,39.4,59,0,0,0,0,0,0,L,1,11.099999999999966,57484.6,mid,0,0,33.7
8797,L55976,L,297.2,308.3,1796,23.8,61,0,0,0,0,0,0,L,1,11.100000000000023,42744.8,mid,0,0,31.38
8798,L55977,L,297.2,308.3,1569,31.2,63,0,0,0,0,0,0,L,1,11.100000000000023,48952.799999999996,mid,0,0,33.66
8799,L55978,L,297.3,308.4,1469,46.7,65,0,0,0,0,0,0,L,1,11.099999999999966,68602.3,mid,0,0,37.56
8800,L55979,L,297.3,308.4,1472,41.3,67,0,0,0,0,0,0,L,1,11.099999999999966,60793.6,mid,0,0,37.28
8801,L55980,L,297.4,308.5,1475,47.2,69,0,0,0,0,0,0,L,1,11.100000000000023,69620.0,mid,0,0,39.26
8802,L55981,L,297.4,308.6,1488,36.4,71,0,0,0,0,0,0,L,1,11.200000000000045,54163.2,mid,0,0,37.92
8803,L55982,L,297.4,308.6,1524,43.1,73,0,0,0,0,0,0,L,1,11.200000000000045,65684.40000000001,mid,0,0,40.06
8804,L55983,L,297.4,308.5,1486,48.6,75,0,0,0,0,0,0,L,1,11.100000000000023,72219.6,mid,0,0,41.94
8805,M23664,M,297.5,308.6,1255,60.7,77,0,0,0,0,0,0,M,1,11.100000000000023,76178.5,mid,0,0,45.16
8806,M23665,M,297.4,308.6,1469,42.6,80,0,0,0,0,0,0,M,1,11.200000000000045,62579.4,mid,0,0,42.76
8807,L55986,L,297.4,308.5,1692,34.3,83,0,0,0,0,0,0,L,1,11.100000000000023,58035.6,mid,0,0,42.28
8808,M23667,M,297.4,308.6,1604,32.8,85,0,0,0,0,0,0,M,1,11.200000000000045,52611.2,mid,0,0,42.8
8809,L55988,L,297.4,308.6,1446,48.1,88,0,0,0,0,0,0,L,1,11.200000000000045,69552.6,mid,0,0,47.06
8810,L55989,L,297.3,308.5,1503,43.3,90,0,0,0,0,0,0,L,1,11.199999999999989,65079.899999999994,mid,0,0,46.9
8811,M23670,M,297.3,308.5,1625,32.8,92,0,0,0,0,0,0,M,1,11.199999999999989,53299.99999999999,mid,0,0,45.6
8812,L55991,L,297.2,308.5,1574,35.8,95,0,0,0,0,0,0,L,1,11.300000000000011,56349.2,mid,0,0,47.42
8813,M23672,M,297.2,308.4,1378,41.9,97,0,0,0,0,0,0,M,1,11.199999999999989,57738.2,mid,0,0,49.42
8814,L55993,L,297.1,308.4,1693,29.5,100,0,0,0,0,0,0,L,1,11.299999999999955,49943.5,mid,0,0,48.16
8815,L55994,L,297.2,308.4,1462,51.2,102,0,0,0,0,0,0,L,1,11.199999999999989,74854.40000000001,mid,0,0,53.28
8816,H38229,H,297.3,308.5,1435,55.0,104,0,0,0,0,0,0,H,1,11.199999999999989,78925.0,mid,0,0,54.84
8817,M23676,M,297.2,308.5,1425,45.8,109,0,0,0,0,0,0,M,1,11.300000000000011,65264.99999999999,mid,0,0,55.02
8818,H38231,H,297.3,308.6,1376,53.5,112,0,0,0,0,0,0,H,1,11.300000000000011,73616.0,mid,0,0,57.76
8819,M23678,M,297.4,308.7,1481,48.0,117,0,0,0,0,0,0,M,1,11.300000000000011,71088.0,mid,0,0,58.66
8820,H38233,H,297.4,308.7,1349,48.9,120,0,0,0,0,0,0,H,1,11.300000000000011,65966.09999999999,mid,0,0,60.04
8821,L56000,L,297.3,308.7,1551,40.0,125,0,0,0,0,0,0,L,1,11.399999999999977,62040.0,mid,0,0,60.28
8822,H38235,H,297.4,308.7,1623,33.8,127,0,0,0,0,0,0,H,1,11.300000000000011,54857.399999999994,mid,0,0,59.82
8823,L56002,L,297.4,308.8,1462,49.7,132,0,0,0,0,0,0,L,1,11.400000000000034,72661.40000000001,mid,0,0,65.02
8824,M23683,M,297.3,308.8,1447,57.4,134,0,0,0,0,0,0,M,1,11.5,83057.8,mid,0,0,67.38
8825,M23684,M,297.3,308.9,1799,24.5,137,0,0,0,0,0,0,M,1,11.599999999999966,44075.5,mid,0,0,62.02
8826,M23685,M,297.3,308.8,1548,41.3,140,0,0,0,0,0,0,M,1,11.5,63932.399999999994,mid,0,0,66.56
8827,M23686,M,297.2,308.8,1485,47.9,143,0,0,0,0,0,0,M,1,11.600000000000023,71131.5,mid,0,0,69.1
8828,L56007,L,297.2,308.7,1463,49.9,146,0,0,0,0,0,0,L,1,11.5,73003.7,mid,0,0,70.68
8829,L56008,L,297.3,308.7,1587,35.8,148,0,0,0,0,0,0,L,1,11.399999999999977,56814.6,mid,0,0,68.64
8830,M23689,M,297.3,308.8,1469,44.1,150,0,0,0,0,0,0,M,1,11.5,64782.9,mid,0,0,71.12
8831,H38244,H,297.3,308.7,1430,42.8,153,0,0,0,0,0,0,H,1,11.399999999999977,61203.99999999999,high,0,0,72.04
8832,H38245,H,297.4,308.7,1726,26.8,158,0,0,0,0,0,0,H,1,11.300000000000011,46256.8,high,0,0,70.82
8833,L56012,L,297.4,308.8,1651,34.1,163,0,0,0,0,0,0,L,1,11.400000000000034,56299.100000000006,high,0,0,74.3
8834,L56013,L,297.4,308.8,1529,41.3,165,0,0,0,0,0,0,L,1,11.400000000000034,63147.7,high,0,0,76.54
8835,L56014,L,297.4,308.8,1473,46.2,167,0,0,0,0,0,0,L,1,11.400000000000034,68052.6,high,0,0,78.32
8836,H38249,H,297.4,308.8,1324,53.5,169,0,0,0,0,0,0,H,1,11.400000000000034,70834.0,high,0,0,80.58
8837,L56016,L,297.4,308.9,1708,28.8,174,0,0,0,0,0,0,L,1,11.5,49190.4,high,0,0,77.66
8838,M23697,M,297.5,309.1,1540,38.5,176,0,0,0,0,0,0,M,1,11.600000000000023,59290.0,high,0,0,80.42
8839,L56018,L,297.5,309.0,1320,54.7,179,0,0,0,0,0,0,L,1,11.5,72204.0,high,0,0,84.84
8840,M23699,M,297.4,308.9,1376,39.0,181,0,0,0,0,0,0,M,1,11.5,53664.0,high,0,0,82.5
8841,M23700,M,297.3,308.7,1542,37.0,184,0,0,0,0,0,0,M,1,11.399999999999977,57054.0,high,0,0,83.28
8842,L56021,L,297.3,308.7,1506,39.3,187,0,0,0,0,0,0,L,1,11.399999999999977,59185.799999999996,high,0,0,84.94
8843,L56022,L,297.3,308.7,1492,43.6,189,0,0,0,0,0,0,L,1,11.399999999999977,65051.200000000004,high,0,0,86.6
8844,H38257,H,297.3,308.8,1564,38.0,191,0,0,0,0,0,0,H,1,11.5,59432.0,high,0,0,86.3
8845,H38258,H,297.4,308.9,1645,30.8,196,0,0,0,0,0,0,H,1,11.5,50666.0,high,0,0,86.86
8846,M23705,M,297.4,308.9,1348,59.1,201,0,0,0,0,0,0,M,1,11.5,79666.8,high,1,0,94.52
8847,M23706,M,297.4,308.8,1325,62.4,204,1,1,0,0,1,0,M,1,11.400000000000034,82680.0,high,1,2,146.36
8848,L56027,L,297.5,308.9,1443,43.5,0,0,0,0,0,0,0,L,1,11.399999999999977,62770.5,low,0,0,10.98
8849,M23708,M,297.5,308.9,1436,44.8,2,0,0,0,0,0,0,M,1,11.399999999999977,64332.799999999996,low,0,0,12.04
8850,L56029,L,297.5,308.9,1596,30.7,5,0,0,0,0,0,0,L,1,11.399999999999977,48997.2,low,0,0,10.42
8851,L56030,L,297.6,309.0,1491,43.2,7,0,0,0,0,0,0,L,1,11.399999999999977,64411.200000000004,low,0,0,13.72
8852,M23711,M,297.7,308.9,1573,35.1,9,0,0,0,0,0,0,M,1,11.199999999999989,55212.3,low,0,0,12.86
8853,L56032,L,297.7,308.9,1575,39.9,12,0,0,0,0,0,0,L,1,11.199999999999989,62842.5,low,0,0,15.02
8854,L56033,L,297.7,308.9,1458,41.1,14,0,0,0,0,0,0,L,1,11.199999999999989,59923.8,low,0,0,16.06
8855,M23714,M,297.7,309.0,1433,41.8,16,0,0,0,0,0,0,M,1,11.300000000000011,59899.399999999994,low,0,0,17.02
8856,L56035,L,297.7,308.9,1662,28.1,19,0,0,0,0,0,0,L,1,11.199999999999989,46702.200000000004,low,0,0,15.46
8857,M23716,M,297.7,308.9,1327,63.7,21,0,0,0,0,0,0,M,1,11.199999999999989,84529.90000000001,low,0,0,23.38
8858,L56037,L,297.7,308.9,1742,26.3,24,0,0,0,0,0,0,L,1,11.199999999999989,45814.6,low,0,0,17.1
8859,L56038,L,297.8,308.9,1506,33.5,26,0,0,0,0,0,0,L,1,11.099999999999966,50451.0,low,0,0,19.32
8860,L56039,L,297.9,309.1,1457,44.4,28,0,0,0,0,0,0,L,1,11.200000000000045,64690.799999999996,low,0,0,22.32
8861,M23720,M,297.9,309.1,1488,37.3,30,0,0,0,0,0,0,M,1,11.200000000000045,55502.399999999994,low,0,0,21.7
8862,L56041,L,297.9,309.1,1619,34.7,33,0,0,0,0,0,0,L,1,11.200000000000045,56179.3,low,0,0,22.38
8863,M23722,M,298.0,309.2,1558,41.7,35,0,0,0,0,0,0,M,1,11.199999999999989,64968.600000000006,low,0,0,24.58
8864,L56043,L,298.0,309.2,1731,28.7,38,0,0,0,0,0,0,L,1,11.199999999999989,49679.7,low,0,0,23.18
8865,M23724,M,298.0,309.1,1574,34.8,40,0,0,0,0,0,0,M,1,11.100000000000023,54775.2,low,0,0,25.18
8866,L56045,L,297.9,309.0,1290,49.8,43,0,0,0,0,0,0,L,1,11.100000000000023,64241.99999999999,low,0,0,29.38
8867,H38280,H,297.9,308.9,1416,39.6,45,0,0,0,0,0,0,H,1,11.0,56073.6,low,0,0,28.12
8868,L56047,L,297.9,308.9,1566,41.9,50,0,0,0,0,0,0,L,1,11.0,65615.4,low,0,0,30.58
8869,L56048,L,297.9,309.0,1456,46.5,52,0,0,0,0,0,0,L,1,11.100000000000023,67704.0,mid,0,0,32.32
8870,L56049,L,297.9,309.0,1528,37.5,54,0,0,0,0,0,0,L,1,11.100000000000023,57300.0,mid,0,0,31.32
8871,M23730,M,297.9,309.1,1338,49.6,56,0,0,0,0,0,0,M,1,11.200000000000045,66364.8,mid,0,0,34.56
8872,M23731,M,297.9,309.1,1558,39.2,59,0,0,0,0,0,0,M,1,11.200000000000045,61073.600000000006,mid,0,0,33.68
8873,M23732,M,297.9,309.1,1614,38.1,62,0,0,0,0,0,0,M,1,11.200000000000045,61493.4,mid,0,0,34.66
8874,H38287,H,298.0,309.1,1557,36.4,65,0,0,0,0,0,0,H,1,11.100000000000023,56674.799999999996,mid,0,0,35.5
8875,L56054,L,298.1,309.3,1443,45.3,70,0,0,0,0,0,0,L,1,11.199999999999989,65367.899999999994,mid,0,0,39.3
8876,H38289,H,298.1,309.3,1332,51.0,72,0,0,0,0,0,0,H,1,11.199999999999989,67932.0,mid,0,0,41.24
8877,M23736,M,298.1,309.3,1752,25.2,77,0,0,0,0,0,0,M,1,11.199999999999989,44150.4,mid,0,0,38.08
8878,M23737,M,298.1,309.2,1460,45.8,80,0,0,0,0,0,0,M,1,11.099999999999966,66868.0,mid,0,0,43.38
8879,L56058,L,298.1,309.2,1802,26.9,83,0,0,0,0,0,0,L,1,11.099999999999966,48473.799999999996,mid,0,0,40.8
8880,L56059,L,298.0,309.2,1527,39.5,85,0,0,0,0,0,0,L,1,11.199999999999989,60316.5,mid,0,0,44.14
8881,L56060,L,298.0,309.2,1458,39.8,87,0,0,0,0,0,0,L,1,11.199999999999989,58028.399999999994,mid,0,0,45.0
8882,H38295,H,298.0,309.2,1520,37.9,89,0,0,0,0,0,0,H,1,11.199999999999989,57608.0,mid,0,0,45.42
8883,L56062,L,298.0,309.2,1378,49.7,94,0,0,0,0,0,0,L,1,11.199999999999989,68486.6,mid,0,0,49.78
8884,M23743,M,297.9,309.2,1529,38.1,96,0,0,0,0,0,0,M,1,11.300000000000011,58254.9,mid,0,0,48.28
8885,L56064,L,298.0,309.2,1527,32.4,99,0,0,0,0,0,0,L,1,11.199999999999989,49474.799999999996,mid,0,0,48.32
8886,M23745,M,298.0,309.2,1438,42.9,101,0,0,0,0,0,0,M,1,11.199999999999989,61690.2,mid,0,0,51.22
8887,L56066,L,297.9,309.0,1583,36.7,104,0,0,0,0,0,0,L,1,11.100000000000023,58096.100000000006,mid,0,0,51.16
8888,L56067,L,297.8,308.9,1530,37.6,106,0,0,0,0,0,0,L,1,11.099999999999966,57528.0,mid,0,0,52.14
8889,M23748,M,297.7,308.9,1530,39.1,108,0,0,0,0,0,0,M,1,11.199999999999989,59823.0,mid,0,0,53.26
8890,M23749,M,297.7,308.8,2089,19.1,111,0,0,0,0,0,0,M,1,11.100000000000023,39899.9,mid,0,0,50.44
8891,L56070,L,297.7,308.8,1616,34.2,114,0,0,0,0,0,0,L,1,11.100000000000023,55267.200000000004,mid,0,0,54.66
8892,M23751,M,297.7,308.9,1681,28.3,116,0,0,0,0,0,0,M,1,11.199999999999989,47572.3,mid,0,0,54.3
8893,L56072,L,297.6,308.8,1475,43.0,119,0,0,0,0,0,0,L,1,11.199999999999989,63425.0,mid,0,0,58.44
8894,L56073,L,297.5,308.7,1371,46.5,121,0,0,0,0,0,0,L,1,11.199999999999989,63751.5,mid,0,0,59.94
8895,M23754,M,297.5,308.7,1546,38.0,123,0,0,0,0,0,0,M,1,11.199999999999989,58748.0,mid,0,0,59.04
8896,H38309,H,297.4,308.6,1461,40.1,126,0,0,0,0,0,0,H,1,11.200000000000045,58586.1,mid,0,0,60.66
8897,L56076,L,297.4,308.7,1638,31.9,131,0,0,0,0,0,0,L,1,11.300000000000011,52252.2,mid,0,0,61.04
8898,M23757,M,297.3,308.7,1577,35.6,133,0,0,0,0,0,0,M,1,11.399999999999977,56141.200000000004,mid,0,0,62.6
8899,L56078,L,297.4,308.6,1532,38.7,136,0,0,0,0,0,0,L,1,11.200000000000045,59288.4,mid,0,0,64.38
8900,M23759,M,297.3,308.5,1710,27.7,138,0,0,0,0,0,0,M,1,11.199999999999989,47367.0,mid,0,0,62.98
8901,M23760,M,297.3,308.6,1584,29.4,141,0,0,0,0,0,0,M,1,11.300000000000011,46569.6,mid,0,0,64.54
8902,L56081,L,297.3,308.6,1446,50.1,144,0,0,0,0,0,0,L,1,11.300000000000011,72444.6,mid,0,0,69.88
8903,H38316,H,297.4,308.7,1522,46.3,146,0,0,0,0,0,0,H,1,11.300000000000011,70468.59999999999,mid,0,0,69.92
8904,M23763,M,297.4,308.7,1382,49.9,151,0,0,0,0,0,0,M,1,11.300000000000011,68961.8,high,0,0,72.64
8905,L56084,L,297.4,308.7,1584,38.2,154,0,0,0,0,0,0,L,1,11.300000000000011,60508.8,high,0,0,71.5
8906,L56085,L,297.3,308.6,1385,55.2,156,0,0,0,0,0,0,L,1,11.300000000000011,76452.0,high,0,0,75.7
8907,L56086,L,297.3,308.7,1592,34.4,158,0,0,0,0,0,0,L,1,11.399999999999977,54764.799999999996,high,0,0,72.36
8908,M23767,M,297.2,308.6,1404,43.7,160,0,0,0,0,0,0,M,1,11.400000000000034,61354.8,high,0,0,75.02
8909,L56088,L,297.2,308.5,1518,44.3,163,0,0,0,0,0,0,L,1,11.300000000000011,67247.4,high,0,0,76.32
8910,L56089,L,297.1,308.4,1529,40.4,165,0,0,0,0,0,0,L,1,11.299999999999955,61771.6,high,0,0,76.34
8911,L56090,L,297.1,308.4,1550,37.0,167,0,0,0,0,0,0,L,1,11.299999999999955,57350.0,high,0,0,76.46
8912,L56091,L,297.1,308.3,1773,23.8,169,0,0,0,0,0,0,L,1,11.199999999999989,42197.4,high,0,0,74.6
8913,L56092,L,297.2,308.5,1446,43.7,171,0,0,0,0,0,0,L,1,11.300000000000011,63190.200000000004,high,0,0,79.4
8914,M23773,M,297.2,308.5,1487,46.9,173,0,0,0,0,0,0,M,1,11.300000000000011,69740.3,high,0,0,80.84
8915,M23774,M,297.3,308.5,1524,49.3,176,0,0,0,0,0,0,M,1,11.199999999999989,75133.2,high,0,0,82.5
8916,L56095,L,297.1,308.3,1403,54.1,179,0,0,0,0,0,0,L,1,11.199999999999989,75902.3,high,0,0,84.66
8917,L56096,L,297.1,308.2,2267,15.7,181,0,0,0,0,0,0,L,1,11.099999999999966,35591.9,high,0,0,77.76
8918,M23777,M,297.1,308.2,1529,37.9,183,0,0,0,0,0,0,M,1,11.099999999999966,57949.1,high,0,0,83.0
8919,L56098,L,297.1,308.2,1402,51.2,186,0,0,0,0,0,0,L,1,11.099999999999966,71782.40000000001,high,0,0,86.86
8920,L56099,L,297.2,308.3,1693,28.0,188,0,0,0,0,0,0,L,1,11.100000000000023,47404.0,high,0,0,83.02
8921,L56100,L,297.1,308.3,1496,45.8,190,0,0,0,0,0,0,L,1,11.199999999999989,68516.8,high,0,0,87.4
8922,L56101,L,297.1,308.1,1633,33.3,192,0,0,0,0,0,0,L,1,11.0,54378.899999999994,high,0,0,85.66
8923,L56102,L,297.1,308.2,1399,42.6,194,0,0,0,0,0,0,L,1,11.099999999999966,59597.4,high,0,0,88.34
8924,M23783,M,297.0,308.1,1363,45.3,196,0,0,0,0,0,0,M,1,11.100000000000023,61743.899999999994,high,0,0,89.68
8925,H38338,H,297.1,308.2,1527,42.2,199,0,0,0,0,0,0,H,1,11.099999999999966,64439.4,high,0,0,90.26
8926,M23785,M,297.2,308.2,1405,42.5,204,0,0,0,0,0,0,M,1,11.0,59712.5,high,1,0,92.3
8927,M23786,M,297.3,308.3,1459,59.6,207,1,0,0,1,1,0,M,1,11.0,86956.40000000001,high,1,2,146.92
8928,M23787,M,297.4,308.4,1789,25.0,210,0,0,0,0,0,0,M,1,11.0,44725.0,high,1,0,91.2
8929,L56108,L,297.4,308.4,1531,41.5,213,0,0,0,0,0,0,L,1,11.0,63536.5,high,1,0,95.7
8930,M23789,M,297.4,308.4,1620,35.8,215,0,0,0,0,0,0,M,1,11.0,57995.99999999999,high,1,0,95.36
8931,L56110,L,297.4,308.4,1571,39.4,0,0,0,0,0,0,0,L,1,11.0,61897.399999999994,low,0,0,10.08
8932,L56111,L,297.4,308.4,1434,39.9,2,0,0,0,0,0,0,L,1,11.0,57216.6,low,0,0,10.98
8933,L56112,L,297.4,308.4,1474,43.6,4,0,0,0,0,0,0,L,1,11.0,64266.4,low,0,0,12.52
8934,M23793,M,297.3,308.3,1544,41.7,6,0,0,0,0,0,0,M,1,11.0,64384.8,low,0,0,12.94
8935,L56114,L,297.3,308.2,1601,35.7,9,0,0,0,0,0,0,L,1,10.899999999999977,57155.700000000004,low,0,0,12.92
8936,L56115,L,297.4,308.3,1801,26.9,11,0,0,0,0,0,0,L,1,10.900000000000034,48446.899999999994,low,0,0,11.96
8937,L56116,L,297.4,308.3,1465,42.0,13,0,0,0,0,0,0,L,1,10.900000000000034,61530.0,low,0,0,15.78
8938,M23797,M,297.4,308.4,1340,52.6,15,0,0,0,0,0,0,M,1,11.0,70484.0,low,0,0,18.72
8939,M23798,M,297.4,308.4,1517,41.0,18,0,0,0,0,0,0,M,1,11.0,62197.0,low,0,0,17.6
8940,M23799,M,297.3,308.4,1434,44.8,21,0,0,0,0,0,0,M,1,11.099999999999966,64243.2,low,0,0,19.58
8941,H38354,H,297.3,308.3,1935,19.3,24,0,0,0,0,0,0,H,1,11.0,37345.5,low,0,0,15.66
8942,M23801,M,297.3,308.3,1595,32.2,29,0,0,0,0,0,0,M,1,11.0,51359.00000000001,low,0,0,20.24
8943,L56122,L,297.3,308.3,2188,17.0,32,0,0,0,0,0,0,L,1,11.0,37196.0,low,0,0,18.4
8944,M23803,M,297.3,308.4,1449,44.4,34,0,0,0,0,0,0,M,1,11.099999999999966,64335.6,low,0,0,24.7
8945,L56124,L,297.3,308.3,1471,38.2,37,0,0,0,0,0,0,L,1,11.0,56192.200000000004,low,0,0,24.64
8946,L56125,L,297.4,308.2,1639,33.8,39,0,0,0,0,0,0,L,1,10.800000000000011,55398.2,low,0,0,24.52
8947,M23806,M,297.3,308.2,1846,24.5,41,0,0,0,0,0,0,M,1,10.899999999999977,45227.0,low,0,0,23.48
8948,M23807,M,297.3,308.2,1452,38.2,44,0,0,0,0,0,0,M,1,10.899999999999977,55466.4,low,0,0,27.42
8949,M23808,M,297.4,308.3,1483,41.9,47,0,0,0,0,0,0,M,1,10.900000000000034,62137.7,low,0,0,29.36
8950,L56129,L,297.4,308.3,1284,60.3,50,0,0,0,0,0,0,L,1,10.900000000000034,77425.2,low,0,0,34.24
8951,L56130,L,297.4,308.2,1419,50.0,52,0,0,0,0,0,0,L,1,10.800000000000011,70950.0,mid,0,0,32.96
8952,L56131,L,297.3,308.1,1763,28.4,54,0,0,0,0,0,0,L,1,10.800000000000011,50069.2,mid,0,0,29.44
8953,M23812,M,297.2,308.0,1478,42.5,56,0,0,0,0,0,0,M,1,10.800000000000011,62815.0,mid,0,0,33.06
8954,L56133,L,297.3,308.0,1518,36.0,59,0,0,0,0,0,0,L,1,10.699999999999989,54648.0,mid,0,0,32.94
8955,L56134,L,297.3,308.0,1447,49.0,61,0,0,0,0,0,0,L,1,10.699999999999989,70903.0,mid,0,0,36.34
8956,M23815,M,297.4,308.0,1355,55.1,63,0,0,0,0,0,0,M,1,10.600000000000023,74660.5,mid,0,0,38.34
8957,L56136,L,297.4,308.1,1348,57.4,66,0,0,0,0,0,0,L,1,10.700000000000045,77375.2,mid,0,0,40.02
8958,L56137,L,297.4,308.1,1348,53.7,68,0,0,0,0,0,0,L,1,10.700000000000045,72387.6,mid,0,0,40.08
8959,M23818,M,297.4,308.1,1734,27.7,70,0,0,0,0,0,0,M,1,10.700000000000045,48031.799999999996,mid,0,0,35.68
8960,L56139,L,297.3,308.0,1420,46.5,73,0,0,0,0,0,0,L,1,10.699999999999989,66030.0,mid,0,0,40.64
8961,L56140,L,297.3,307.9,1797,24.7,75,0,0,0,0,0,0,L,1,10.599999999999966,44385.9,mid,0,0,37.06
8962,M23821,M,297.3,308.0,1403,45.0,77,0,0,0,0,0,0,M,1,10.699999999999989,63135.0,mid,0,0,41.94
8963,L56142,L,297.3,307.9,1628,30.2,80,0,0,0,0,0,0,L,1,10.599999999999966,49165.6,mid,0,0,40.16
8964,M23823,M,297.2,307.9,1687,30.4,82,0,0,0,0,0,0,M,1,10.699999999999989,51284.799999999996,mid,0,0,41.02
8965,M23824,M,297.2,307.9,1456,44.9,85,0,0,0,0,0,0,M,1,10.699999999999989,65374.4,mid,0,0,45.12
8966,L56145,L,297.1,307.9,1496,44.7,88,0,0,0,0,0,0,L,1,10.799999999999955,66871.2,mid,0,0,46.3
8967,L56146,L,297.1,307.8,1636,30.3,90,0,0,0,0,0,0,L,1,10.699999999999989,49570.8,mid,0,0,44.2
8968,L56147,L,297.1,307.8,1536,40.4,92,0,0,0,0,0,0,L,1,10.699999999999989,62054.399999999994,mid,0,0,47.02
8969,L56148,L,297.1,307.8,1454,50.6,94,0,0,0,0,0,0,L,1,10.699999999999989,73572.40000000001,mid,0,0,49.86
8970,L56149,L,297.0,307.8,1396,50.0,96,0,0,0,0,0,0,L,1,10.800000000000011,69800.0,mid,0,0,50.56
8971,L56150,L,297.0,307.6,1575,37.4,98,0,0,0,0,0,0,L,1,10.600000000000023,58905.0,mid,0,0,48.8
8972,L56151,L,296.9,307.6,1514,35.7,100,0,0,0,0,0,0,L,1,10.700000000000045,54049.8,mid,0,0,49.28
8973,M23832,M,296.8,307.4,1455,49.9,102,0,0,0,0,0,0,M,1,10.599999999999966,72604.5,mid,0,0,52.9
8974,L56153,L,296.8,307.4,1549,48.3,105,0,0,0,0,0,0,L,1,10.599999999999966,74816.7,mid,0,0,53.78
8975,L56154,L,296.8,307.5,1474,42.4,107,0,0,0,0,0,0,L,1,10.699999999999989,62497.6,mid,0,0,53.42
8976,H38389,H,296.7,307.4,1661,34.2,109,0,0,0,0,0,0,H,1,10.699999999999989,56806.200000000004,mid,0,0,52.58
8977,L56156,L,296.7,307.4,1535,34.6,114,0,0,0,0,0,0,L,1,10.699999999999989,53111.0,mid,0,0,54.66
8978,M23837,M,296.9,307.5,1556,31.2,116,0,0,0,0,0,0,M,1,10.600000000000023,48547.2,mid,0,0,54.76
8979,L56158,L,296.9,307.6,1435,45.0,119,0,0,0,0,0,0,L,1,10.700000000000045,64575.0,mid,0,0,58.74
8980,M23839,M,296.9,307.5,1332,51.1,121,0,0,0,0,0,0,M,1,10.600000000000023,68065.2,mid,0,0,60.74
8981,L56160,L,297.0,307.6,1513,42.4,124,0,0,0,0,0,0,L,1,10.600000000000023,64151.2,mid,0,0,60.2
8982,L56161,L,297.0,307.7,1502,39.4,126,0,0,0,0,0,0,L,1,10.699999999999989,59178.799999999996,mid,0,0,60.42
8983,L56162,L,297.0,307.7,1315,60.1,128,0,0,0,0,0,0,L,1,10.699999999999989,79031.5,mid,0,0,65.36
8984,M23843,M,297.0,307.7,1261,51.1,130,0,0,0,0,0,0,M,1,10.699999999999989,64437.1,mid,0,0,64.36
8985,L56164,L,297.1,307.8,1406,60.4,133,0,0,0,0,0,0,L,1,10.699999999999989,84922.4,mid,0,0,67.42
8986,L56165,L,297.1,307.8,1584,42.3,135,0,0,0,0,0,0,L,1,10.699999999999989,67003.2,mid,0,0,64.6
8987,M23846,M,297.1,307.8,1443,43.9,137,0,0,0,0,0,0,M,1,10.699999999999989,63347.7,mid,0,0,65.72
8988,L56167,L,297.2,307.9,1580,35.8,140,0,0,0,0,0,0,L,1,10.699999999999989,56563.99999999999,mid,0,0,65.3
8989,L56168,L,297.2,307.9,1825,24.6,142,0,0,0,0,0,0,L,1,10.699999999999989,44895.0,mid,0,0,63.86
8990,L56169,L,297.2,307.9,1469,48.2,144,0,0,0,0,0,0,L,1,10.699999999999989,70805.8,mid,0,0,69.38
8991,L56170,L,297.2,307.9,1493,38.4,146,0,0,0,0,0,0,L,1,10.699999999999989,57331.2,mid,0,0,68.22
8992,M23851,M,297.3,308.0,1598,29.4,148,0,0,0,0,0,0,M,1,10.699999999999989,46981.2,mid,0,0,67.22
8993,H38406,H,297.2,307.9,1450,37.2,151,0,0,0,0,0,0,H,1,10.699999999999989,53940.00000000001,high,0,0,69.98
8994,M23853,M,297.2,307.9,1632,37.5,156,0,0,0,0,0,0,M,1,10.699999999999989,61200.0,high,0,0,72.04
8995,M23854,M,297.1,307.9,1980,20.3,159,0,0,0,0,0,0,M,1,10.799999999999955,40194.0,high,0,0,69.82
8996,L56175,L,297.2,308.0,1474,43.7,162,0,0,0,0,0,0,L,1,10.800000000000011,64413.8,high,0,0,75.7
8997,L56176,L,297.2,307.9,1540,37.1,164,0,0,0,0,0,0,L,1,10.699999999999989,57134.0,high,0,0,75.16
8998,M23857,M,297.1,307.9,1609,38.9,166,0,0,0,0,0,0,M,1,10.799999999999955,62590.1,high,0,0,76.34
8999,L56178,L,297.1,308.0,1467,42.8,169,0,0,0,0,0,0,L,1,10.899999999999977,62787.6,high,0,0,78.34
9000,L56179,L,297.1,307.9,1492,39.4,171,0,0,0,0,0,0,L,1,10.799999999999955,58784.799999999996,high,0,0,78.44
9001,L56180,L,297.0,307.9,1493,46.1,173,0,0,0,0,0,0,L,1,10.899999999999977,68827.3,high,0,0,80.6
9002,L56181,L,297.0,307.8,1500,39.9,175,0,0,0,0,0,0,L,1,10.800000000000011,59850.0,high,0,0,80.14
9003,L56182,L,297.1,307.8,1477,36.6,177,0,0,0,0,0,0,L,1,10.699999999999989,54058.200000000004,high,0,0,80.26
9004,L56183,L,297.1,307.9,1342,49.1,179,0,0,0,0,0,0,L,1,10.799999999999955,65892.2,high,0,0,83.58
9005,M23864,M,297.1,307.8,1538,34.3,181,0,0,0,0,0,0,M,1,10.699999999999989,52753.399999999994,high,0,0,81.4
9006,L56185,L,297.2,307.9,1337,58.1,184,0,0,0,0,0,0,L,1,10.699999999999989,77679.7,high,0,0,87.36
9007,L56186,L,297.3,307.9,1417,41.8,186,0,0,0,0,0,0,L,1,10.599999999999966,59230.6,high,0,0,84.88
9008,L56187,L,297.4,308.0,1383,46.2,188,0,0,0,0,0,0,L,1,10.600000000000023,63894.600000000006,high,0,0,86.56
9009,M23868,M,297.4,308.0,1440,42.4,190,0,0,0,0,0,0,M,1,10.600000000000023,61056.0,high,0,0,86.6
9010,L56189,L,297.3,307.9,1579,34.4,193,0,0,0,0,0,0,L,1,10.599999999999966,54317.6,high,0,0,86.2
9011,L56190,L,297.2,307.9,1441,40.0,195,0,0,0,0,0,0,L,1,10.699999999999989,57640.0,high,0,0,88.14
9012,M23871,M,297.2,307.9,1530,35.9,197,0,0,0,0,0,0,M,1,10.699999999999989,54927.0,high,0,0,88.12
9013,L56192,L,297.2,308.0,1705,26.0,200,0,0,0,0,0,0,L,1,10.800000000000011,44330.0,high,1,0,87.36
9014,H38427,H,297.2,308.0,1435,43.0,202,0,0,0,0,0,0,H,1,10.800000000000011,61705.0,high,1,0,91.56
9015,M23874,M,297.2,308.1,1340,61.3,207,1,0,0,0,1,0,M,1,10.900000000000034,82142.0,high,1,1,147.24
9016,L56195,L,297.2,308.1,1431,49.7,210,1,0,0,0,0,0,L,1,10.900000000000034,71120.7,high,1,0,146.12
9017,L56196,L,297.3,308.2,1396,52.7,212,1,0,0,0,1,0,L,1,10.899999999999977,73569.2,high,1,1,147.52
9018,M23877,M,297.3,308.1,1369,52.0,214,0,0,0,0,0,0,M,1,10.800000000000011,71188.0,high,1,0,98.16
9019,L56198,L,297.3,308.1,1615,35.4,217,1,1,0,0,0,0,L,1,10.800000000000011,57171.0,high,1,1,146.04
9020,L56199,L,297.2,308.1,1662,31.3,0,0,0,0,0,0,0,L,1,10.900000000000034,52020.6,low,0,0,8.44
9021,L56200,L,297.3,308.2,1553,33.5,2,0,0,0,0,0,0,L,1,10.899999999999977,52025.5,low,0,0,9.68
9022,M23881,M,297.4,308.2,1536,34.6,4,0,0,0,0,0,0,M,1,10.800000000000011,53145.600000000006,low,0,0,10.68
9023,L56202,L,297.4,308.3,1548,46.6,7,0,0,0,0,0,0,L,1,10.900000000000034,72136.8,low,0,0,14.3
9024,L56203,L,297.4,308.3,1706,30.9,9,0,0,0,0,0,0,L,1,10.900000000000034,52715.399999999994,low,0,0,11.96
9025,L56204,L,297.4,308.3,1366,45.5,11,0,0,0,0,0,0,L,1,10.900000000000034,62153.0,low,0,0,15.68
9026,L56205,L,297.5,308.4,1440,35.9,13,0,0,0,0,0,0,L,1,10.899999999999977,51696.0,low,0,0,14.56
9027,M23886,M,297.5,308.4,1685,28.1,15,0,0,0,0,0,0,M,1,10.899999999999977,47348.5,low,0,0,13.8
9028,M23887,M,297.4,308.3,1444,44.0,18,0,0,0,0,0,0,M,1,10.900000000000034,63536.0,low,0,0,18.18
9029,L56208,L,297.4,308.3,1395,48.7,21,0,0,0,0,0,0,L,1,10.900000000000034,67936.5,low,0,0,20.32
9030,L56209,L,297.4,308.3,1483,38.8,23,0,0,0,0,0,0,L,1,10.900000000000034,57540.399999999994,low,0,0,19.14
9031,M23890,M,297.5,308.4,1403,44.3,25,0,0,0,0,0,0,M,1,10.899999999999977,62152.899999999994,low,0,0,21.04
9032,H38445,H,297.5,308.4,1793,23.9,28,0,0,0,0,0,0,H,1,10.899999999999977,42852.7,low,0,0,18.16
9033,L56212,L,297.4,308.3,1723,28.8,33,0,0,0,0,0,0,L,1,10.900000000000034,49622.4,low,0,0,21.14
9034,L56213,L,297.4,308.2,1386,41.0,35,0,0,0,0,0,0,L,1,10.800000000000011,56826.0,low,0,0,24.36
9035,H38448,H,297.4,308.2,1585,46.2,37,0,0,0,0,0,0,H,1,10.800000000000011,73227.0,low,0,0,26.2
9036,M23895,M,297.3,308.1,1731,27.7,42,0,0,0,0,0,0,M,1,10.800000000000011,47948.7,low,0,0,24.5
9037,L56216,L,297.3,308.3,1519,37.7,45,0,0,0,0,0,0,L,1,11.0,57266.3,low,0,0,27.74
9038,L56217,L,297.3,308.2,1896,24.4,47,0,0,0,0,0,0,L,1,10.899999999999977,46262.399999999994,low,0,0,25.86
9039,L56218,L,297.3,308.3,2358,14.9,49,0,0,0,0,0,0,L,1,11.0,35134.200000000004,low,0,0,24.78
9040,M23899,M,297.3,308.3,1341,51.9,51,0,0,0,0,0,0,M,1,11.0,69597.9,mid,0,0,32.98
9041,L56220,L,297.3,308.3,1550,37.0,54,0,0,0,0,0,0,L,1,11.0,57350.0,mid,0,0,31.2
9042,L56221,L,297.3,308.3,1309,61.5,56,0,0,0,0,0,0,L,1,11.0,80503.5,mid,0,0,36.9
9043,M23902,M,297.3,308.4,1599,32.9,58,0,0,0,0,0,0,M,1,11.099999999999966,52607.1,mid,0,0,32.0
9044,L56223,L,297.4,308.4,1343,40.0,61,0,0,0,0,0,0,L,1,11.0,53720.0,mid,0,0,34.6
9045,L56224,L,297.4,308.4,1378,39.9,63,0,0,0,0,0,0,L,1,11.0,54982.2,mid,0,0,35.38
9046,L56225,L,297.4,308.4,1603,34.6,65,0,0,0,0,0,0,L,1,11.0,55463.8,mid,0,0,35.12
9047,L56226,L,297.4,308.4,1664,28.1,67,0,0,0,0,0,0,L,1,11.0,46758.4,mid,0,0,34.62
9048,L56227,L,297.3,308.4,1488,37.4,69,0,0,0,0,0,0,L,1,11.099999999999966,55651.2,mid,0,0,37.3
9049,M23908,M,297.3,308.4,1370,50.5,71,0,0,0,0,0,0,M,1,11.099999999999966,69185.0,mid,0,0,40.72
9050,L56229,L,297.3,308.5,1545,34.3,74,0,0,0,0,0,0,L,1,11.199999999999989,52993.49999999999,mid,0,0,38.7
9051,M23910,M,297.4,308.5,1566,31.4,76,0,0,0,0,0,0,M,1,11.100000000000023,49172.399999999994,mid,0,0,38.9
9052,L56231,L,297.4,308.6,1820,24.6,79,0,0,0,0,0,0,L,1,11.200000000000045,44772.0,mid,0,0,38.76
9053,M23912,M,297.4,308.6,1901,22.1,81,0,0,0,0,0,0,M,1,11.200000000000045,42012.100000000006,mid,0,0,39.06
9054,M23913,M,297.4,308.5,1638,32.2,84,0,0,0,0,0,0,M,1,11.100000000000023,52743.600000000006,mid,0,0,42.26
9055,M23914,M,297.3,308.4,1521,38.2,87,0,0,0,0,0,0,M,1,11.099999999999966,58102.200000000004,mid,0,0,44.66
9056,H38469,H,297.3,308.4,1864,23.1,90,0,0,0,0,0,0,H,1,11.099999999999966,43058.4,mid,0,0,42.84
9057,L56236,L,297.3,308.3,1430,41.9,95,0,0,0,0,0,0,L,1,11.0,59917.0,mid,0,0,48.58
9058,M23917,M,297.3,308.4,1686,34.5,97,0,0,0,0,0,0,M,1,11.099999999999966,58167.0,mid,0,0,47.92
9059,M23918,M,297.2,308.3,1326,57.2,100,0,0,0,0,0,0,M,1,11.100000000000023,75847.2,mid,0,0,53.66
9060,L56239,L,297.2,308.3,1805,25.6,103,0,0,0,0,0,0,L,1,11.100000000000023,46208.0,mid,0,0,48.54
9061,H38474,H,297.2,308.3,1453,45.8,105,0,0,0,0,0,0,H,1,11.100000000000023,66547.4,mid,0,0,53.38
9062,M23921,M,297.2,308.4,1863,26.0,110,0,0,0,0,0,0,M,1,11.199999999999989,48438.0,mid,0,0,51.44
9063,L56242,L,297.2,308.3,1576,35.3,113,0,0,0,0,0,0,L,1,11.100000000000023,55632.799999999996,mid,0,0,54.48
9064,L56243,L,297.2,308.3,1419,39.7,115,0,0,0,0,0,0,L,1,11.100000000000023,56334.3,mid,0,0,56.16
9065,L56244,L,297.2,308.4,1833,25.2,117,0,0,0,0,0,0,L,1,11.199999999999989,46191.6,mid,0,0,54.08
9066,H38479,H,297.2,308.4,2182,17.3,119,0,0,0,0,0,0,H,1,11.199999999999989,37748.6,mid,0,0,53.3
9067,L56246,L,297.2,308.3,1656,30.3,124,0,0,0,0,0,0,L,1,11.100000000000023,50176.8,mid,0,0,57.88
9068,L56247,L,297.1,308.2,1351,56.6,126,0,0,0,0,0,0,L,1,11.099999999999966,76466.6,mid,0,0,63.94
9069,H38482,H,297.1,308.2,1790,30.3,128,0,0,0,0,0,0,H,1,11.099999999999966,54237.0,mid,0,0,59.48
9070,M23929,M,297.2,308.2,1678,28.1,133,0,0,0,0,0,0,M,1,11.0,47151.8,mid,0,0,61.02
9071,L56250,L,297.1,308.2,1427,45.2,136,0,0,0,0,0,0,L,1,11.099999999999966,64500.4,mid,0,0,65.66
9072,L56251,L,297.0,308.1,1429,54.0,138,0,0,0,0,0,0,L,1,11.100000000000023,77166.0,mid,0,0,68.22
9073,H38486,H,297.2,308.1,1770,27.2,140,0,0,0,0,0,0,H,1,10.900000000000034,48144.0,mid,0,0,63.62
9074,L56253,L,297.2,308.1,1689,31.2,145,0,0,0,0,0,0,L,1,10.900000000000034,52696.799999999996,mid,0,0,66.42
9075,M23934,M,297.2,308.1,1554,41.3,147,0,0,0,0,0,0,M,1,10.900000000000034,64180.2,mid,0,0,69.24
9076,L56255,L,297.3,308.1,1506,36.0,150,0,0,0,0,0,0,L,1,10.800000000000011,54216.0,mid,0,0,69.36
9077,L56256,L,297.2,308.1,1474,44.3,152,0,0,0,0,0,0,L,1,10.900000000000034,65298.2,high,0,0,71.84
9078,L56257,L,297.3,308.1,1762,26.1,154,0,0,0,0,0,0,L,1,10.800000000000011,45988.200000000004,high,0,0,68.98
9079,L56258,L,297.3,308.1,1566,35.7,156,0,0,0,0,0,0,L,1,10.800000000000011,55906.200000000004,high,0,0,71.7
9080,H38493,H,297.3,308.1,1554,42.4,158,0,0,0,0,0,0,H,1,10.800000000000011,65889.59999999999,high,0,0,73.84
9081,L56260,L,297.2,308.0,1869,25.4,163,0,0,0,0,0,0,L,1,10.800000000000011,47472.6,high,0,0,72.44
9082,L56261,L,297.3,308.0,1527,35.1,165,0,0,0,0,0,0,L,1,10.699999999999989,53597.700000000004,high,0,0,75.16
9083,L56262,L,297.2,307.9,1309,49.6,167,0,0,0,0,0,0,L,1,10.699999999999989,64926.4,high,0,0,78.86
9084,M23943,M,297.2,307.9,1541,35.7,169,0,0,0,0,0,0,M,1,10.699999999999989,55013.700000000004,high,0,0,76.88
9085,L56264,L,297.2,307.9,1326,75.4,172,1,0,0,1,1,0,L,1,10.699999999999989,99980.40000000001,high,0,2,136.02
9086,H38499,H,297.1,307.9,1365,54.0,174,0,0,0,0,0,0,H,1,10.799999999999955,73710.0,high,0,0,82.56
9087,L56266,L,297.1,307.8,1428,43.7,179,0,0,0,0,0,0,L,1,10.699999999999989,62403.600000000006,high,0,0,82.48
9088,L56267,L,297.1,307.8,1681,27.6,181,0,0,0,0,0,0,L,1,10.699999999999989,46395.600000000006,high,0,0,80.06
9089,M23948,M,297.1,307.9,1662,26.9,183,0,0,0,0,0,0,M,1,10.799999999999955,44707.799999999996,high,0,0,80.74
9090,L56269,L,297.2,307.9,1989,20.3,186,0,0,0,0,0,0,L,1,10.699999999999989,40376.700000000004,high,0,0,80.6
9091,M23950,M,297.2,307.9,1747,29.0,188,0,0,0,0,0,0,M,1,10.699999999999989,50663.0,high,0,0,83.14
9092,M23951,M,297.2,308.0,1765,31.1,191,0,0,0,0,0,0,M,1,10.800000000000011,54891.5,high,0,0,84.78
9093,L56272,L,297.3,308.1,1568,34.4,194,0,0,0,0,0,0,L,1,10.800000000000011,53939.2,high,0,0,86.64
9094,M23953,M,297.3,308.1,1709,30.6,196,0,0,0,0,0,0,M,1,10.800000000000011,52295.4,high,0,0,86.68
9095,M23954,M,297.3,308.1,1370,58.8,199,0,0,0,0,0,0,M,1,10.800000000000011,80556.0,high,0,0,93.52
9096,L56275,L,297.3,308.1,1458,45.7,202,0,0,0,0,0,0,L,1,10.800000000000011,66630.6,high,1,0,92.1
9097,L56276,L,297.2,308.1,1712,30.9,204,0,0,0,0,0,0,L,1,10.900000000000034,52900.799999999996,high,1,0,89.96
9098,L56277,L,297.3,308.1,1642,36.9,206,0,0,0,0,0,0,L,1,10.800000000000011,60589.799999999996,high,1,0,91.94
9099,L56278,L,297.3,308.1,1468,49.8,0,0,0,0,0,0,0,L,1,10.800000000000011,73106.4,low,0,0,12.12
9100,H38513,H,297.3,308.1,1477,52.3,2,0,0,0,0,0,0,H,1,10.800000000000011,77247.09999999999,low,0,0,13.42
9101,L56280,L,297.3,308.2,1446,53.5,7,0,0,0,0,0,0,L,1,10.899999999999977,77361.0,low,0,0,15.68
9102,H38515,H,297.3,308.2,1653,31.4,9,0,0,0,0,0,0,H,1,10.899999999999977,51904.2,low,0,0,12.06
9103,L56282,L,297.3,308.3,1494,38.2,14,0,0,0,0,0,0,L,1,11.0,57070.8,low,0,0,15.44
9104,L56283,L,297.3,308.2,1490,41.0,16,0,0,0,0,0,0,L,1,10.899999999999977,61090.0,low,0,0,16.78
9105,M23964,M,297.4,308.3,1550,47.8,18,0,0,0,0,0,0,M,1,10.900000000000034,74090.0,low,0,0,18.94
9106,M23965,M,297.3,308.2,1677,34.9,21,0,0,0,0,0,0,M,1,10.899999999999977,58527.299999999996,low,0,0,17.56
9107,L56286,L,297.4,308.3,1854,21.8,24,0,0,0,0,0,0,L,1,10.900000000000034,40417.200000000004,low,0,0,16.14
9108,M23967,M,297.5,308.5,1662,30.3,26,0,0,0,0,0,0,M,1,11.0,50358.6,low,0,0,18.66
9109,M23968,M,297.5,308.6,1440,38.8,29,0,0,0,0,0,0,M,1,11.100000000000023,55871.99999999999,low,0,0,21.58
9110,L56289,L,297.5,308.6,1513,39.7,32,0,0,0,0,0,0,L,1,11.100000000000023,60066.100000000006,low,0,0,22.96
9111,M23970,M,297.6,308.6,1389,49.0,34,0,0,0,0,0,0,M,1,11.0,68061.0,low,0,0,25.6
9112,L56291,L,297.6,308.6,1351,51.0,37,0,0,0,0,0,0,L,1,11.0,68901.0,low,0,0,27.2
9113,M23972,M,297.6,308.6,1482,38.3,39,0,0,0,0,0,0,M,1,11.0,56760.6,low,0,0,25.46
9114,L56293,L,297.6,308.6,1744,28.5,42,0,0,0,0,0,0,L,1,11.0,49704.0,low,0,0,24.7
9115,L56294,L,297.6,308.7,1476,39.0,44,0,0,0,0,0,0,L,1,11.099999999999966,57564.0,low,0,0,27.62
9116,M23975,M,297.6,308.6,1444,48.2,46,0,0,0,0,0,0,M,1,11.0,69600.8,low,0,0,30.24
9117,H38530,H,297.6,308.7,1659,32.1,49,0,0,0,0,0,0,H,1,11.099999999999966,53253.9,low,0,0,28.24
9118,M23977,M,297.6,308.7,1475,46.6,54,0,0,0,0,0,0,M,1,11.099999999999966,68735.0,mid,0,0,33.14
9119,L56298,L,297.6,308.6,1526,42.1,57,0,0,0,0,0,0,L,1,11.0,64244.6,mid,0,0,33.42
9120,M23979,M,297.4,308.4,1675,29.5,59,0,0,0,0,0,0,M,1,11.0,49412.5,mid,0,0,31.7
9121,L56300,L,297.4,308.4,1525,38.7,62,0,0,0,0,0,0,L,1,11.0,59017.50000000001,mid,0,0,34.74
9122,L56301,L,297.3,308.3,1396,45.9,64,0,0,0,0,0,0,L,1,11.0,64076.4,mid,0,0,36.98
9123,L56302,L,297.4,308.4,1580,41.2,66,0,0,0,0,0,0,L,1,11.0,65096.00000000001,mid,0,0,36.84
9124,L56303,L,297.4,308.5,1462,42.8,68,0,0,0,0,0,0,L,1,11.100000000000023,62573.6,mid,0,0,37.98
9125,L56304,L,297.4,308.4,1426,50.4,70,0,0,0,0,0,0,L,1,11.0,71870.4,mid,0,0,40.28
9126,L56305,L,297.4,308.5,1569,34.2,72,0,0,0,0,0,0,L,1,11.100000000000023,53659.8,mid,0,0,37.86
9127,L56306,L,297.4,308.5,1477,40.7,74,0,0,0,0,0,0,L,1,11.100000000000023,60113.9,mid,0,0,39.96
9128,L56307,L,297.4,308.5,1761,27.2,76,0,0,0,0,0,0,L,1,11.100000000000023,47899.2,mid,0,0,38.06
9129,M23988,M,297.5,308.6,1486,45.9,78,0,0,0,0,0,0,M,1,11.100000000000023,68207.4,mid,0,0,42.6
9130,L56309,L,297.6,308.6,1664,30.1,81,0,0,0,0,0,0,L,1,11.0,50086.4,mid,0,0,40.62
9131,L56310,L,297.6,308.6,1576,32.7,83,0,0,0,0,0,0,L,1,11.0,51535.200000000004,mid,0,0,41.94
9132,H38545,H,297.6,308.6,1463,46.7,85,0,0,0,0,0,0,H,1,11.0,68322.1,mid,0,0,45.54
9133,M23992,M,297.6,308.6,1585,42.0,90,0,0,0,0,0,0,M,1,11.0,66570.0,mid,0,0,46.6
9134,L56313,L,297.7,308.7,1479,45.7,93,0,0,0,0,0,0,L,1,11.0,67590.3,mid,0,0,48.54
9135,L56314,L,297.7,308.7,1449,40.2,95,0,0,0,0,0,0,L,1,11.0,58249.8,mid,0,0,48.24
9136,H38549,H,297.7,308.8,1404,50.3,97,0,0,0,0,0,0,H,1,11.100000000000023,70621.2,mid,0,0,51.08
9137,L56316,L,297.7,308.7,1694,29.1,102,0,0,0,0,0,0,L,1,11.0,49295.4,mid,0,0,48.82
9138,L56317,L,297.7,308.7,1731,28.4,104,0,0,0,0,0,0,L,1,11.0,49160.399999999994,mid,0,0,49.48
9139,L56318,L,297.6,308.6,1522,37.0,106,0,0,0,0,0,0,L,1,11.0,56314.0,mid,0,0,52.0
9140,L56319,L,297.5,308.5,1536,36.9,108,0,0,0,0,0,0,L,1,11.0,56678.399999999994,mid,0,0,52.78
9141,L56320,L,297.5,308.5,1373,39.9,110,0,0,0,0,0,0,L,1,11.0,54782.7,mid,0,0,54.18
9142,L56321,L,297.5,308.5,1597,36.4,112,0,0,0,0,0,0,L,1,11.0,58130.799999999996,mid,0,0,54.28
9143,L56322,L,297.6,308.5,1678,34.2,114,0,0,0,0,0,0,L,1,10.899999999999977,57387.600000000006,mid,0,0,54.62
9144,L56323,L,297.6,308.5,1452,42.6,116,0,0,0,0,0,0,L,1,10.899999999999977,61855.200000000004,mid,0,0,57.1
9145,M24004,M,297.5,308.5,1447,41.6,118,0,0,0,0,0,0,M,1,11.0,60195.200000000004,mid,0,0,57.72
9146,L56325,L,297.6,308.5,1574,37.1,121,0,0,0,0,0,0,L,1,10.899999999999977,58395.4,mid,0,0,58.0
9147,L56326,L,297.6,308.6,1528,40.0,123,0,0,0,0,0,0,L,1,11.0,61120.0,mid,0,0,59.4
9148,L56327,L,297.7,308.7,1688,27.2,125,0,0,0,0,0,0,L,1,11.0,45913.6,mid,0,0,57.64
9149,L56328,L,297.6,308.6,1393,40.4,127,0,0,0,0,0,0,L,1,11.0,56277.2,mid,0,0,61.08
9150,M24009,M,297.5,308.6,1429,50.5,129,0,0,0,0,0,0,M,1,11.100000000000023,72164.5,mid,0,0,63.92
9151,M24010,M,297.5,308.6,1347,57.0,132,0,0,0,0,0,0,M,1,11.100000000000023,76779.0,mid,0,0,66.42
9152,L56331,L,297.6,308.6,1553,40.5,135,0,0,0,0,0,0,L,1,11.0,62896.5,mid,0,0,64.3
9153,L56332,L,297.5,308.6,1260,53.6,137,0,0,0,0,0,0,L,1,11.100000000000023,67536.0,mid,0,0,67.74
9154,L56333,L,297.5,308.6,1546,33.8,139,0,0,0,0,0,0,L,1,11.100000000000023,52254.799999999996,mid,0,0,64.58
9155,L56334,L,297.5,308.6,1596,36.0,141,0,0,0,0,0,0,L,1,11.100000000000023,57456.0,mid,0,0,65.82
9156,L56335,L,297.5,308.5,1340,57.4,143,0,0,0,0,0,0,L,1,11.0,76916.0,mid,0,0,70.88
9157,M24016,M,297.5,308.4,1369,54.8,145,0,0,0,0,0,0,M,1,10.899999999999977,75021.2,mid,0,0,71.14
9158,L56337,L,297.5,308.5,1462,52.3,148,0,0,0,0,0,0,L,1,11.0,76462.59999999999,mid,0,0,71.86
9159,H38572,H,297.4,308.4,1487,46.2,150,0,0,0,0,0,0,H,1,11.0,68699.40000000001,mid,0,0,71.44
9160,M24019,M,297.5,308.6,1510,35.5,155,0,0,0,0,0,0,M,1,11.100000000000023,53605.0,high,0,0,71.32
9161,H38574,H,297.5,308.5,1671,28.0,158,0,0,0,0,0,0,H,1,11.0,46788.0,high,0,0,71.0
9162,M24021,M,297.5,308.5,1612,30.0,163,0,0,0,0,0,0,M,1,11.0,48360.0,high,0,0,73.4
9163,M24022,M,297.6,308.6,1509,39.7,166,0,0,0,0,0,0,M,1,11.0,59907.3,high,0,0,76.54
9164,L56343,L,297.6,308.6,1415,47.3,169,0,0,0,0,0,0,L,1,11.0,66929.5,high,0,0,79.26
9165,L56344,L,297.6,308.6,2384,14.4,171,0,0,0,0,0,0,L,1,11.0,34329.6,high,0,0,73.48
9166,L56345,L,297.6,308.6,1326,62.4,173,0,0,0,0,0,0,L,1,11.0,82742.4,high,0,0,83.88
9167,M24026,M,297.6,308.6,1390,53.4,175,0,0,0,0,0,0,M,1,11.0,74226.0,high,0,0,82.88
9168,M24027,M,297.6,308.7,1392,41.2,178,0,0,0,0,0,0,M,1,11.099999999999966,57350.4,high,0,0,81.66
9169,H38582,H,297.6,308.8,1385,44.4,181,0,0,0,0,0,0,H,1,11.199999999999989,61494.0,high,0,0,83.52
9170,L56349,L,297.7,308.8,1896,24.5,186,0,0,0,0,0,0,L,1,11.100000000000023,46452.0,high,0,0,81.52
9171,L56350,L,297.7,308.7,1474,46.8,188,0,0,0,0,0,0,L,1,11.0,68983.2,high,0,0,86.76
9172,M24031,M,297.7,308.8,1388,45.6,190,0,0,0,0,0,0,M,1,11.100000000000023,63292.8,high,0,0,87.34
9173,L56352,L,297.7,308.9,1715,27.2,193,0,0,0,0,0,0,L,1,11.199999999999989,46648.0,high,0,0,84.88
9174,H38587,H,297.8,308.9,1650,32.2,195,0,0,0,0,0,0,H,1,11.099999999999966,53130.00000000001,high,0,0,86.66
9175,L56354,L,297.8,308.9,1871,25.6,200,1,1,0,0,0,0,L,1,11.099999999999966,47897.600000000006,high,1,1,137.34
9176,L56355,L,297.8,309.0,1403,64.2,0,1,0,0,1,0,0,L,1,11.199999999999989,90072.6,low,0,1,65.08
9177,L56356,L,297.8,308.9,1518,40.4,2,0,0,0,0,0,0,L,1,11.099999999999966,61327.2,low,0,0,11.1
9178,L56357,L,297.9,309.1,1504,43.0,4,0,0,0,0,0,0,L,1,11.200000000000045,64672.0,low,0,0,12.44
9179,L56358,L,297.8,309.0,1340,56.9,6,0,0,0,0,0,0,L,1,11.199999999999989,76246.0,low,0,0,16.02
9180,H38593,H,297.9,309.1,1435,44.7,8,0,0,0,0,0,0,H,1,11.200000000000045,64144.50000000001,low,0,0,14.38
9181,L56360,L,297.9,309.1,1507,36.9,13,0,0,0,0,0,0,L,1,11.200000000000045,55608.299999999996,low,0,0,14.82
9182,L56361,L,297.9,309.1,1521,36.1,15,0,0,0,0,0,0,L,1,11.200000000000045,54908.1,low,0,0,15.46
9183,M24042,M,297.8,309.0,1576,45.0,17,0,0,0,0,0,0,M,1,11.199999999999989,70920.0,low,0,0,18.04
9184,L56363,L,297.9,309.1,1543,36.6,20,0,0,0,0,0,0,L,1,11.200000000000045,56473.8,low,0,0,17.56
9185,L56364,L,298.0,309.2,1665,36.6,22,0,0,0,0,0,0,L,1,11.199999999999989,60939.0,low,0,0,18.36
9186,L56365,L,297.9,309.1,1442,50.3,24,0,0,0,0,0,0,L,1,11.200000000000045,72532.59999999999,low,0,0,21.9
9187,L56366,L,297.9,309.0,1629,29.0,26,0,0,0,0,0,0,L,1,11.100000000000023,47241.0,low,0,0,18.42
9188,L56367,L,297.9,309.0,1379,47.3,28,0,0,0,0,0,0,L,1,11.100000000000023,65226.7,low,0,0,22.88
9189,L56368,L,297.9,309.0,1502,40.2,30,0,0,0,0,0,0,L,1,11.100000000000023,60380.4,low,0,0,22.26
9190,L56369,L,297.9,309.1,1595,32.0,32,0,0,0,0,0,0,L,1,11.200000000000045,51040.0,low,0,0,21.44
9191,M24050,M,298.0,309.0,1439,38.5,34,0,0,0,0,0,0,M,1,11.0,55401.5,low,0,0,23.5
9192,M24051,M,297.9,309.0,1970,21.6,37,0,0,0,0,0,0,M,1,11.100000000000023,42552.0,low,0,0,21.34
9193,L56372,L,297.9,309.0,1562,35.8,40,0,0,0,0,0,0,L,1,11.100000000000023,55919.6,low,0,0,25.38
9194,M24053,M,297.9,309.0,1530,40.9,42,0,0,0,0,0,0,M,1,11.100000000000023,62577.0,low,0,0,27.2
9195,L56374,L,297.9,308.9,1393,40.6,45,0,0,0,0,0,0,L,1,11.0,56555.8,low,0,0,28.32
9196,L56375,L,297.9,309.0,1532,37.6,47,0,0,0,0,0,0,L,1,11.100000000000023,57603.200000000004,low,0,0,28.54
9197,L56376,L,298.0,308.9,1607,37.7,49,0,0,0,0,0,0,L,1,10.899999999999977,60583.9,low,0,0,29.32
9198,M24057,M,297.9,308.8,1469,49.0,51,0,0,0,0,0,0,M,1,10.900000000000034,71981.0,mid,0,0,32.38
9199,M24058,M,297.9,308.8,1538,37.6,54,0,0,0,0,0,0,M,1,10.900000000000034,57828.8,mid,0,0,31.3
9200,L56379,L,297.9,308.8,1613,31.4,57,0,0,0,0,0,0,L,1,10.900000000000034,50648.2,mid,0,0,31.26
9201,M24060,M,297.9,308.8,1602,32.1,59,0,0,0,0,0,0,M,1,10.900000000000034,51424.200000000004,mid,0,0,32.2
9202,L56381,L,297.8,308.7,1404,44.2,62,0,0,0,0,0,0,L,1,10.899999999999977,62056.8,mid,0,0,35.82
9203,L56382,L,297.8,308.8,1548,36.9,64,0,0,0,0,0,0,L,1,11.0,57121.2,mid,0,0,35.18
9204,L56383,L,297.8,308.8,1559,35.2,66,0,0,0,0,0,0,L,1,11.0,54876.8,mid,0,0,35.64
9205,L56384,L,297.8,308.8,1621,36.1,68,0,0,0,0,0,0,L,1,11.0,58518.100000000006,mid,0,0,36.62
9206,L56385,L,297.8,308.8,1579,32.9,70,0,0,0,0,0,0,L,1,11.0,51949.1,mid,0,0,36.78
9207,M24066,M,297.9,308.9,1547,44.0,72,0,0,0,0,0,0,M,1,11.0,68068.0,mid,0,0,39.8
9208,L56387,L,297.9,308.8,1386,48.6,75,0,0,0,0,0,0,L,1,10.900000000000034,67359.6,mid,0,0,41.9
9209,L56388,L,298.0,308.9,1406,40.9,77,0,0,0,0,0,0,L,1,10.899999999999977,57505.4,mid,0,0,41.16
9210,M24069,M,298.0,309.0,1393,55.9,79,0,0,0,0,0,0,M,1,11.0,77868.7,mid,0,0,44.98
9211,M24070,M,297.9,309.0,2456,13.9,82,0,0,0,0,0,0,M,1,11.100000000000023,34138.4,mid,0,0,37.8
9212,M24071,M,298.0,309.0,1409,49.1,85,0,0,0,0,0,0,M,1,11.0,69181.90000000001,mid,0,0,46.02
9213,L56392,L,298.0,308.9,1390,53.9,88,0,0,0,0,0,0,L,1,10.899999999999977,74921.0,mid,0,0,48.16
9214,L56393,L,298.0,309.0,1679,32.4,90,0,0,0,0,0,0,L,1,11.0,54399.6,mid,0,0,44.68
9215,L56394,L,298.0,308.9,1508,37.1,92,0,0,0,0,0,0,L,1,10.899999999999977,55946.8,mid,0,0,46.4
9216,L56395,L,297.9,308.8,1681,31.7,94,0,0,0,0,0,0,L,1,10.900000000000034,53287.7,mid,0,0,46.12
9217,H38630,H,297.7,308.8,1469,43.7,96,0,0,0,0,0,0,H,1,11.100000000000023,64195.3,mid,0,0,49.36
9218,L56397,L,297.8,308.8,1421,49.6,101,0,0,0,0,0,0,L,1,11.0,70481.6,mid,0,0,52.52
9219,L56398,L,297.7,308.8,1354,50.2,103,0,0,0,0,0,0,L,1,11.100000000000023,67970.8,mid,0,0,53.46
9220,M24079,M,297.7,308.8,1350,57.0,105,0,0,0,0,0,0,M,1,11.100000000000023,76950.0,mid,0,0,55.62
9221,L56400,L,297.8,308.9,1282,58.1,108,0,0,0,0,0,0,L,1,11.099999999999966,74484.2,mid,0,0,57.04
9222,M24081,M,297.8,309.0,1675,30.0,110,0,0,0,0,0,0,M,1,11.199999999999989,50250.0,mid,0,0,52.24
9223,M24082,M,297.9,309.0,1525,38.5,113,0,0,0,0,0,0,M,1,11.100000000000023,58712.5,mid,0,0,55.12
9224,L56403,L,297.9,309.0,1382,43.9,116,0,0,0,0,0,0,L,1,11.100000000000023,60669.799999999996,mid,0,0,57.4
9225,L56404,L,297.9,309.0,1450,46.8,118,0,0,0,0,0,0,L,1,11.100000000000023,67860.0,mid,0,0,58.78
9226,L56405,L,298.0,309.1,1820,23.6,120,0,0,0,0,0,0,L,1,11.100000000000023,42952.0,mid,0,0,54.94
9227,L56406,L,298.0,309.1,1822,23.5,122,0,0,0,0,0,0,L,1,11.100000000000023,42817.0,mid,0,0,55.72
9228,L56407,L,298.0,309.1,1473,44.3,124,0,0,0,0,0,0,L,1,11.100000000000023,65253.899999999994,mid,0,0,60.68
9229,M24088,M,298.1,309.1,1572,37.5,126,0,0,0,0,0,0,M,1,11.0,58950.0,mid,0,0,60.1
9230,M24089,M,298.1,309.0,2042,17.8,129,0,0,0,0,0,0,M,1,10.899999999999977,36347.6,mid,0,0,57.34
9231,L56410,L,298.2,309.2,1922,22.6,132,0,0,0,0,0,0,L,1,11.0,43437.200000000004,mid,0,0,59.52
9232,L56411,L,298.2,309.1,1539,36.5,134,0,0,0,0,0,0,L,1,10.900000000000034,56173.5,mid,0,0,63.08
9233,L56412,L,298.2,309.1,1350,52.0,136,0,0,0,0,0,0,L,1,10.900000000000034,70200.0,mid,0,0,66.98
9234,L56413,L,298.3,309.1,1403,45.1,138,0,0,0,0,0,0,L,1,10.800000000000011,63275.3,mid,0,0,66.38
9235,L56414,L,298.3,309.1,1904,20.3,140,0,0,0,0,0,0,L,1,10.800000000000011,38651.200000000004,mid,0,0,62.22
9236,M24095,M,298.2,308.9,1592,35.2,142,0,0,0,0,0,0,M,1,10.699999999999989,56038.4,mid,0,0,65.98
9237,L56416,L,298.1,308.7,1556,31.6,145,0,0,0,0,0,0,L,1,10.599999999999966,49169.600000000006,mid,0,0,66.44
9238,M24097,M,298.1,308.8,1811,25.4,147,0,0,0,0,0,0,M,1,10.699999999999989,45999.399999999994,mid,0,0,66.02
9239,M24098,M,298.2,308.8,1456,41.2,150,0,0,0,0,0,0,M,1,10.600000000000023,59987.200000000004,mid,0,0,70.36
9240,H38653,H,298.2,308.8,1436,51.9,153,0,0,0,0,0,0,H,1,10.600000000000023,74528.4,high,0,0,73.7
9241,M24100,M,298.1,308.7,1362,49.6,158,0,0,0,0,0,0,M,1,10.599999999999966,67555.2,high,0,0,75.24
9242,L56421,L,298.1,308.7,1683,29.1,161,0,0,0,0,0,0,L,1,10.599999999999966,48975.3,high,0,0,72.34
9243,M24102,M,298.2,308.7,1269,60.9,163,0,0,0,0,0,0,M,1,10.5,77282.09999999999,high,0,0,79.48
9244,L56423,L,298.3,308.8,1454,49.0,166,0,0,0,0,0,0,L,1,10.5,71246.0,high,0,0,78.3
9245,L56424,L,298.3,308.8,1767,27.3,168,0,0,0,0,0,0,L,1,10.5,48239.1,high,0,0,74.76
9246,L56425,L,298.3,308.9,1708,27.3,170,0,0,0,0,0,0,L,1,10.599999999999966,46628.4,high,0,0,75.58
9247,L56426,L,298.3,308.9,1862,27.0,172,0,0,0,0,0,0,L,1,10.599999999999966,50274.0,high,0,0,76.32
9248,L56427,L,298.3,308.9,1695,30.7,174,0,0,0,0,0,0,L,1,10.599999999999966,52036.5,high,0,0,77.86
9249,M24108,M,298.3,309.1,1488,40.6,176,0,0,0,0,0,0,M,1,10.800000000000011,60412.8,high,0,0,80.68
9250,L56429,L,298.3,309.0,1657,32.2,179,0,0,0,0,0,0,L,1,10.699999999999989,53355.4,high,0,0,80.18
9251,H38664,H,298.3,309.0,1823,25.9,181,0,0,0,0,0,0,H,1,10.699999999999989,47215.7,high,0,0,79.72
9252,M24111,M,298.2,309.1,1651,28.8,186,0,0,0,0,0,0,M,1,10.900000000000034,47548.8,high,0,0,82.34
9253,M24112,M,298.1,309.0,1533,36.1,189,0,0,0,0,0,0,M,1,10.899999999999977,55341.3,high,0,0,85.0
9254,M24113,M,298.2,309.0,1508,40.5,192,0,0,0,0,0,0,M,1,10.800000000000011,61074.0,high,0,0,87.06
9255,L56434,L,298.3,309.1,1616,31.1,195,0,0,0,0,0,0,L,1,10.800000000000011,50257.600000000006,high,0,0,86.38
9256,L56435,L,298.2,309.0,1651,31.5,197,0,0,0,0,0,0,L,1,10.800000000000011,52006.5,high,0,0,87.26
9257,L56436,L,298.2,309.1,1569,35.2,199,0,0,0,0,0,0,L,1,10.900000000000034,55228.8,high,0,0,88.82
9258,M24117,M,298.3,309.1,1296,58.7,201,0,0,0,0,0,0,M,1,10.800000000000011,76075.2,high,1,0,94.3
9259,H38672,H,298.3,309.0,1379,43.2,0,0,0,0,0,0,0,H,1,10.699999999999989,59572.8,low,0,0,10.78
9260,M24119,M,298.2,309.0,1694,28.0,5,0,0,0,0,0,0,M,1,10.800000000000011,47432.0,low,0,0,9.76
9261,L56440,L,298.2,309.0,1377,57.8,8,0,0,0,0,0,0,L,1,10.800000000000011,79590.59999999999,low,0,0,16.92
9262,H38675,H,298.3,309.0,1470,38.4,10,0,0,0,0,0,0,H,1,10.699999999999989,56448.0,low,0,0,13.82
9263,M24122,M,298.3,309.1,1404,47.0,15,0,0,0,0,0,0,M,1,10.800000000000011,65988.0,low,0,0,17.56
9264,L56443,L,298.3,309.1,1593,40.1,18,0,0,0,0,0,0,L,1,10.800000000000011,63879.3,low,0,0,17.38
9265,M24124,M,298.3,309.0,1526,36.9,20,0,0,0,0,0,0,M,1,10.699999999999989,56309.4,low,0,0,17.52
9266,M24125,M,298.3,308.9,1390,49.7,23,0,0,0,0,0,0,M,1,10.599999999999966,69083.0,low,0,0,21.26
9267,L56446,L,298.2,308.9,1737,25.5,26,0,0,0,0,0,0,L,1,10.699999999999989,44293.5,low,0,0,17.64
9268,L56447,L,298.2,308.8,1362,57.3,28,0,0,0,0,0,0,L,1,10.600000000000023,78042.59999999999,low,0,0,24.78
9269,L56448,L,298.2,308.8,1666,31.5,30,0,0,0,0,0,0,L,1,10.600000000000023,52479.0,low,0,0,20.42
9270,L56449,L,298.2,308.8,1354,60.9,32,0,0,0,0,0,0,L,1,10.600000000000023,82458.59999999999,low,0,0,27.1
9271,L56450,L,298.2,308.8,1302,60.4,34,0,0,0,0,0,0,L,1,10.600000000000023,78640.8,low,0,0,27.8
9272,L56451,L,298.2,308.7,1991,20.5,36,0,0,0,0,0,0,L,1,10.5,40815.5,low,0,0,20.6
9273,L56452,L,298.2,308.6,1353,54.1,38,0,0,0,0,0,0,L,1,10.400000000000034,73197.3,low,0,0,28.1
9274,H38687,H,298.2,308.7,1520,35.7,40,0,0,0,0,0,0,H,1,10.5,54264.00000000001,low,0,0,25.24
9275,L56454,L,298.2,308.7,1428,54.9,45,0,0,0,0,0,0,L,1,10.5,78397.2,low,0,0,31.08
9276,L56455,L,298.2,308.7,1605,29.4,47,0,0,0,0,0,0,L,1,10.5,47187.0,low,0,0,26.78
9277,L56456,L,298.1,308.7,1691,30.3,49,0,0,0,0,0,0,L,1,10.599999999999966,51237.3,low,0,0,27.78
9278,L56457,L,298.2,308.7,1447,48.4,51,0,0,0,0,0,0,L,1,10.5,70034.8,mid,0,0,32.18
9279,H38692,H,298.2,308.8,1606,39.9,53,0,0,0,0,0,0,H,1,10.600000000000023,64079.399999999994,mid,0,0,31.3
9280,M24139,M,298.2,308.8,1645,28.2,58,0,0,0,0,0,0,M,1,10.600000000000023,46389.0,mid,0,0,30.96
9281,H38694,H,298.2,308.8,1470,43.3,61,0,0,0,0,0,0,H,1,10.600000000000023,63650.99999999999,mid,0,0,35.18
9282,L56461,L,298.2,308.9,1336,45.0,66,0,0,0,0,0,0,L,1,10.699999999999989,60120.0,mid,0,0,37.54
9283,M24142,M,298.2,308.9,1414,44.3,68,0,0,0,0,0,0,M,1,10.699999999999989,62640.2,mid,0,0,38.2
9284,M24143,M,298.3,309.0,1802,27.5,71,0,0,0,0,0,0,M,1,10.699999999999989,49555.0,mid,0,0,36.04
9285,L56464,L,298.2,308.9,1683,31.7,74,0,0,0,0,0,0,L,1,10.699999999999989,53351.1,mid,0,0,38.08
9286,M24145,M,298.2,309.0,1410,47.6,76,0,0,0,0,0,0,M,1,10.800000000000011,67116.0,mid,0,0,42.08
9287,L56466,L,298.2,308.9,1605,32.0,79,0,0,0,0,0,0,L,1,10.699999999999989,51360.0,mid,0,0,40.14
9288,L56467,L,298.2,308.9,1709,28.1,81,0,0,0,0,0,0,L,1,10.699999999999989,48022.9,mid,0,0,40.16
9289,L56468,L,298.2,308.9,1444,53.1,83,0,0,0,0,0,0,L,1,10.699999999999989,76676.40000000001,mid,0,0,45.96
9290,L56469,L,298.2,308.9,1367,45.0,85,0,0,0,0,0,0,L,1,10.699999999999989,61515.0,mid,0,0,45.14
9291,L56470,L,298.2,309.0,1418,44.2,87,0,0,0,0,0,0,L,1,10.800000000000011,62675.600000000006,mid,0,0,45.8
9292,L56471,L,298.2,309.0,1353,57.8,89,0,0,0,0,0,0,L,1,10.800000000000011,78203.4,mid,0,0,49.32
9293,L56472,L,298.2,309.0,1643,34.1,91,0,0,0,0,0,0,L,1,10.800000000000011,56026.3,mid,0,0,45.38
9294,L56473,L,298.3,309.1,1437,38.0,93,0,0,0,0,0,0,L,1,10.800000000000011,54606.0,mid,0,0,46.96
9295,L56474,L,298.1,309.0,1437,36.2,95,0,0,0,0,0,0,L,1,10.899999999999977,52019.4,mid,0,0,47.42
9296,M24155,M,298.2,309.0,1413,47.9,97,0,0,0,0,0,0,M,1,10.800000000000011,67682.7,mid,0,0,50.54
9297,H38710,H,298.2,309.0,1524,39.1,100,0,0,0,0,0,0,H,1,10.800000000000011,59588.4,mid,0,0,49.98
9298,M24157,M,298.1,308.9,1479,43.4,105,0,0,0,0,0,0,M,1,10.799999999999955,64188.6,mid,0,0,52.84
9299,L56478,L,298.1,308.9,1313,50.6,108,0,0,0,0,0,0,L,1,10.799999999999955,66437.8,mid,0,0,55.48
9300,M24159,M,298.1,308.9,1335,50.4,110,0,0,0,0,0,0,M,1,10.799999999999955,67284.0,mid,0,0,56.24
9301,L56480,L,298.1,308.9,1367,41.9,113,0,0,0,0,0,0,L,1,10.799999999999955,57277.299999999996,mid,0,0,55.74
9302,M24161,M,298.1,308.9,1459,50.3,115,0,0,0,0,0,0,M,1,10.799999999999955,73387.7,mid,0,0,58.22
9303,M24162,M,298.1,308.9,1804,25.1,118,0,0,0,0,0,0,M,1,10.799999999999955,45280.4,mid,0,0,54.38
9304,L56483,L,298.2,309.0,1491,38.3,121,0,0,0,0,0,0,L,1,10.800000000000011,57105.299999999996,mid,0,0,58.22
9305,L56484,L,298.3,309.1,1537,43.0,123,0,0,0,0,0,0,L,1,10.800000000000011,66091.0,mid,0,0,59.96
9306,H38719,H,298.3,309.1,1646,30.2,125,0,0,0,0,0,0,H,1,10.800000000000011,49709.2,mid,0,0,58.2
9307,M24166,M,298.3,309.2,1783,28.3,130,0,0,0,0,0,0,M,1,10.899999999999977,50458.9,mid,0,0,59.84
9308,L56487,L,298.3,309.1,1395,49.8,133,0,0,0,0,0,0,L,1,10.800000000000011,69471.0,mid,0,0,65.32
9309,L56488,L,298.4,309.1,1423,48.0,135,0,0,0,0,0,0,L,1,10.700000000000045,68304.0,mid,0,0,65.74
9310,L56489,L,298.3,309.2,1562,37.6,137,0,0,0,0,0,0,L,1,10.899999999999977,58731.200000000004,mid,0,0,64.5
9311,L56490,L,298.4,309.3,1549,40.8,139,0,0,0,0,0,0,L,1,10.900000000000034,63199.2,mid,0,0,65.94
9312,L56491,L,298.4,309.4,1540,43.2,141,0,0,0,0,0,0,L,1,11.0,66528.0,mid,0,0,67.24
9313,H38726,H,298.5,309.4,1573,33.6,143,0,0,0,0,0,0,H,1,10.899999999999977,52852.8,mid,0,0,66.1
9314,L56493,L,298.5,309.4,1418,45.1,148,0,0,0,0,0,0,L,1,10.899999999999977,63951.8,mid,0,0,70.4
9315,M24174,M,298.5,309.4,1565,33.7,150,0,0,0,0,0,0,M,1,10.899999999999977,52740.50000000001,mid,0,0,68.92
9316,L56495,L,298.5,309.5,1569,41.0,153,0,0,0,0,0,0,L,1,11.0,64329.0,high,0,0,71.6
9317,H38730,H,298.5,309.4,1417,41.2,155,0,0,0,0,0,0,H,1,10.899999999999977,58380.4,high,0,0,72.42
9318,L56497,L,298.5,309.5,1480,38.1,160,0,0,0,0,0,0,L,1,11.0,56388.0,high,0,0,73.82
9319,L56498,L,298.5,309.4,1364,44.5,162,0,0,0,0,0,0,L,1,10.899999999999977,60698.0,high,0,0,75.88
9320,L56499,L,298.5,309.4,1911,21.5,164,0,0,0,0,0,0,L,1,10.899999999999977,41086.5,high,0,0,72.08
9321,L56500,L,298.4,309.3,1409,43.1,166,0,0,0,0,0,0,L,1,10.900000000000034,60727.9,high,0,0,77.2
9322,L56501,L,298.4,309.2,1335,53.5,168,0,0,0,0,0,0,L,1,10.800000000000011,71422.5,high,0,0,80.06
9323,M24182,M,298.5,309.3,1512,38.1,170,0,0,0,0,0,0,M,1,10.800000000000011,57607.200000000004,high,0,0,77.78
9324,L56503,L,298.6,309.4,1447,40.2,173,0,0,0,0,0,0,L,1,10.799999999999955,58169.4,high,0,0,79.4
9325,L56504,L,298.6,309.3,1537,37.6,175,0,0,0,0,0,0,L,1,10.699999999999989,57791.200000000004,high,0,0,79.66
9326,M24185,M,298.6,309.3,1510,40.8,177,0,0,0,0,0,0,M,1,10.699999999999989,61607.99999999999,high,0,0,81.1
9327,L56506,L,298.6,309.3,1677,31.2,180,0,0,0,0,0,0,L,1,10.699999999999989,52322.4,high,0,0,80.38
9328,L56507,L,298.5,309.2,1504,33.7,182,0,0,0,0,0,0,L,1,10.699999999999989,50684.8,high,0,0,81.68
9329,H38742,H,298.5,309.1,2051,19.0,184,0,0,0,0,0,0,H,1,10.600000000000023,38969.0,high,0,0,79.52
9330,L56509,L,298.5,309.1,1474,41.3,189,0,0,0,0,0,0,L,1,10.600000000000023,60876.2,high,0,0,85.98
9331,M24190,M,298.4,309.0,1507,36.1,191,0,0,0,0,0,0,M,1,10.600000000000023,54402.700000000004,high,0,0,85.74
9332,L56511,L,298.4,308.9,1496,37.9,194,0,0,0,0,0,0,L,1,10.5,56698.4,high,0,0,87.28
9333,M24192,M,298.5,309.0,1921,22.0,196,0,0,0,0,0,0,M,1,10.5,42262.0,high,0,0,84.9
9334,L56513,L,298.5,309.0,1450,40.5,199,0,0,0,0,0,0,L,1,10.5,58725.0,high,0,0,89.8
9335,L56514,L,298.4,308.9,1402,44.8,201,0,0,0,0,0,0,L,1,10.5,62809.6,high,1,0,91.46
9336,L56515,L,298.4,308.9,1501,50.0,203,0,0,0,0,0,0,L,1,10.5,75050.0,high,1,0,93.3
9337,L56516,L,298.5,308.9,1725,31.9,205,0,0,0,0,0,0,L,1,10.399999999999977,55027.5,high,1,0,90.46
9338,H38751,H,298.5,308.9,1500,40.3,207,0,0,0,0,0,0,H,1,10.399999999999977,60449.99999999999,high,1,0,92.94
9339,H38752,H,298.5,309.0,1531,30.8,212,0,0,0,0,0,0,H,1,10.5,47154.8,high,1,0,93.06
9340,L56519,L,298.5,309.0,1458,44.8,217,0,0,0,0,0,0,L,1,10.5,65318.399999999994,high,1,0,97.86
9341,H38754,H,298.4,308.9,1577,37.1,0,0,0,0,0,0,0,H,1,10.5,58506.700000000004,low,0,0,9.52
9342,M24201,M,298.3,308.9,1363,46.1,5,0,0,0,0,0,0,M,1,10.599999999999966,62834.3,low,0,0,13.34
9343,H38756,H,298.3,308.9,1706,31.8,8,0,0,0,0,0,0,H,1,10.599999999999966,54250.8,low,0,0,11.68
9344,M24203,M,298.3,308.8,1391,50.4,13,0,0,0,0,0,0,M,1,10.5,70106.4,low,0,0,17.38
9345,L56524,L,298.2,308.8,1616,33.7,16,0,0,0,0,0,0,L,1,10.600000000000023,54459.200000000004,low,0,0,15.26
9346,L56525,L,298.2,308.8,1442,47.0,18,0,0,0,0,0,0,L,1,10.600000000000023,67774.0,low,0,0,18.72
9347,M24206,M,298.2,308.8,1626,40.4,20,0,0,0,0,0,0,M,1,10.600000000000023,65690.4,low,0,0,18.2
9348,M24207,M,298.2,308.7,1426,42.6,23,0,0,0,0,0,0,M,1,10.5,60747.6,low,0,0,19.82
9349,L56528,L,298.2,308.7,1436,49.1,26,0,0,0,0,0,0,L,1,10.5,70507.6,low,0,0,22.32
9350,M24209,M,298.2,308.7,1599,36.2,28,0,0,0,0,0,0,M,1,10.5,57883.8,low,0,0,20.54
9351,L56530,L,298.2,308.7,2186,17.8,31,0,0,0,0,0,0,L,1,10.5,38910.8,low,0,0,18.06
9352,L56531,L,298.3,308.8,1645,30.4,33,0,0,0,0,0,0,L,1,10.5,50008.0,low,0,0,21.38
9353,L56532,L,298.2,308.7,1780,27.9,35,0,0,0,0,0,0,L,1,10.5,49662.0,low,0,0,21.68
9354,L56533,L,298.2,308.8,1345,44.3,37,0,0,0,0,0,0,L,1,10.600000000000023,59583.49999999999,low,0,0,25.78
9355,M24214,M,298.2,308.8,1607,31.9,39,0,0,0,0,0,0,M,1,10.600000000000023,51263.299999999996,low,0,0,24.1
9356,L56535,L,298.3,308.9,1708,28.0,42,0,0,0,0,0,0,L,1,10.599999999999966,47824.0,low,0,0,24.52
9357,L56536,L,298.3,308.9,1270,52.7,44,0,0,0,0,0,0,L,1,10.599999999999966,66929.0,low,0,0,30.26
9358,M24217,M,298.3,308.9,1646,25.4,46,0,0,0,0,0,0,M,1,10.599999999999966,41808.399999999994,low,0,0,25.6
9359,L56538,L,298.2,308.7,1407,45.1,49,0,0,0,0,0,0,L,1,10.5,63455.700000000004,low,0,0,30.72
9360,M24219,M,298.1,308.7,1581,47.4,51,0,0,0,0,0,0,M,1,10.599999999999966,74939.4,mid,0,0,32.0
9361,L56540,L,298.0,308.6,1532,42.6,54,0,0,0,0,0,0,L,1,10.600000000000023,65263.200000000004,mid,0,0,32.24
9362,L56541,L,298.0,308.6,1610,33.1,56,0,0,0,0,0,0,L,1,10.600000000000023,53291.0,mid,0,0,31.14
9363,M24222,M,298.0,308.5,1682,33.0,58,0,0,0,0,0,0,M,1,10.5,55506.0,mid,0,0,31.9
9364,L56543,L,297.9,308.5,1519,34.3,61,0,0,0,0,0,0,L,1,10.600000000000023,52101.7,mid,0,0,33.38
9365,L56544,L,297.9,308.5,1683,28.5,63,0,0,0,0,0,0,L,1,10.600000000000023,47965.5,mid,0,0,33.02
9366,M24225,M,298.0,308.6,1254,55.8,65,0,0,0,0,0,0,M,1,10.600000000000023,69973.2,mid,0,0,39.28
9367,L56546,L,298.0,308.5,1461,48.0,68,0,0,0,0,0,0,L,1,10.5,70128.0,mid,0,0,38.9
9368,L56547,L,297.9,308.5,1472,45.1,70,0,0,0,0,0,0,L,1,10.600000000000023,66387.2,mid,0,0,39.14
9369,L56548,L,297.7,308.4,1510,38.6,72,0,0,0,0,0,0,L,1,10.699999999999989,58286.0,mid,0,0,38.66
9370,M24229,M,297.7,308.3,1547,36.8,74,0,0,0,0,0,0,M,1,10.600000000000023,56929.6,mid,0,0,39.08
9371,H38784,H,297.7,308.4,1418,51.9,77,0,0,0,0,0,0,H,1,10.699999999999989,73594.2,mid,0,0,43.32
9372,L56551,L,297.7,308.4,1289,51.3,82,0,0,0,0,0,0,L,1,10.699999999999989,66125.7,mid,0,0,45.2
9373,L56552,L,297.7,308.4,1487,41.4,84,0,0,0,0,0,0,L,1,10.699999999999989,61561.799999999996,mid,0,0,44.02
9374,L56553,L,297.7,308.5,1453,45.5,86,0,0,0,0,0,0,L,1,10.800000000000011,66111.5,mid,0,0,45.66
9375,M24234,M,297.8,308.5,1466,44.7,88,0,0,0,0,0,0,M,1,10.699999999999989,65530.200000000004,mid,0,0,46.28
9376,H38789,H,297.7,308.4,1288,49.5,91,0,0,0,0,0,0,H,1,10.699999999999989,63756.0,mid,0,0,48.44
9377,H38790,H,297.7,308.4,1738,27.7,96,0,0,0,0,0,0,H,1,10.699999999999989,48142.6,mid,0,0,46.08
9378,H38791,H,297.7,308.3,1488,41.0,101,0,0,0,0,0,0,H,1,10.600000000000023,61008.0,mid,0,0,50.72
9379,L56558,L,297.6,308.3,1816,28.8,106,0,0,0,0,0,0,L,1,10.699999999999989,52300.8,mid,0,0,50.3
9380,L56559,L,297.5,308.2,1419,48.5,108,0,0,0,0,0,0,L,1,10.699999999999989,68821.5,mid,0,0,55.04
9381,L56560,L,297.4,308.1,1435,45.7,110,0,0,0,0,0,0,L,1,10.700000000000045,65579.5,mid,0,0,55.28
9382,M24241,M,297.5,308.1,1480,42.4,112,0,0,0,0,0,0,M,1,10.600000000000023,62752.0,mid,0,0,55.4
9383,L56562,L,297.5,308.2,1610,33.6,115,0,0,0,0,0,0,L,1,10.699999999999989,54096.0,mid,0,0,54.86
9384,H38797,H,297.5,308.1,1548,38.2,117,0,0,0,0,0,0,H,1,10.600000000000023,59133.600000000006,mid,0,0,56.56
9385,M24244,M,297.6,308.1,1379,57.4,122,0,0,0,0,0,0,M,1,10.5,79154.59999999999,mid,0,0,62.38
9386,M24245,M,297.5,308.1,1907,23.5,125,0,0,0,0,0,0,M,1,10.600000000000023,44814.5,mid,0,0,56.82
9387,M24246,M,297.5,308.0,2033,16.7,128,0,0,0,0,0,0,M,1,10.5,33951.1,mid,0,0,56.64
9388,H38801,H,297.4,307.9,1390,52.0,131,0,0,0,0,0,0,H,1,10.5,72280.0,mid,0,0,64.9
9389,M24248,M,297.5,307.9,1544,37.9,136,0,0,0,0,0,0,M,1,10.399999999999977,58517.6,mid,0,0,64.06
9390,L56569,L,297.6,308.0,1258,57.4,139,0,0,0,0,0,0,L,1,10.399999999999977,72209.2,mid,0,0,69.16
9391,M24250,M,297.5,308.0,1560,39.0,141,0,0,0,0,0,0,M,1,10.5,60840.0,mid,0,0,66.3
9392,H38805,H,297.6,308.2,2071,18.5,144,0,0,0,0,0,0,H,1,10.599999999999966,38313.5,mid,0,0,63.42
9393,L56572,L,297.6,308.1,1437,46.3,149,0,0,0,0,0,0,L,1,10.5,66533.09999999999,mid,0,0,70.96
9394,H38807,H,297.7,308.2,1489,43.0,151,0,0,0,0,0,0,H,1,10.5,64027.0,high,0,0,71.1
9395,L56574,L,297.7,308.2,1334,53.0,156,0,0,0,0,0,0,L,1,10.5,70702.0,high,0,0,75.1
9396,L56575,L,297.7,308.2,1500,39.9,158,0,0,0,0,0,0,L,1,10.5,59850.0,high,0,0,73.28
9397,L56576,L,297.8,308.3,1498,47.3,160,0,0,0,0,0,0,L,1,10.5,70855.4,high,0,0,75.56
9398,M24257,M,297.7,308.2,1370,53.4,162,0,0,0,0,0,0,M,1,10.5,73158.0,high,0,0,77.58
9399,H38812,H,297.7,308.2,1526,40.1,165,0,0,0,0,0,0,H,1,10.5,61192.6,high,0,0,76.12
9400,L56579,L,297.8,308.3,1477,44.8,170,0,0,0,0,0,0,L,1,10.5,66169.59999999999,high,0,0,79.06
9401,L56580,L,297.7,308.2,1446,43.9,172,0,0,0,0,0,0,L,1,10.5,63479.4,high,0,0,79.68
9402,M24261,M,297.7,308.2,1720,25.6,174,0,0,0,0,0,0,M,1,10.5,44032.0,high,0,0,76.82
9403,L56582,L,297.7,308.1,1734,30.7,177,0,0,0,0,0,0,L,1,10.400000000000034,53233.799999999996,high,0,0,79.02
9404,L56583,L,297.7,308.1,1697,29.1,179,0,0,0,0,0,0,L,1,10.400000000000034,49382.700000000004,high,0,0,79.5
9405,L56584,L,297.7,308.2,2007,19.3,181,0,0,0,0,0,0,L,1,10.5,38735.1,high,0,0,78.36
9406,M24265,M,297.7,308.1,1469,48.8,183,0,0,0,0,0,0,M,1,10.400000000000034,71687.2,high,0,0,85.04
9407,M24266,M,297.7,308.1,2189,15.6,186,0,0,0,0,0,0,M,1,10.400000000000034,34148.4,high,0,0,79.6
9408,L56587,L,297.8,308.3,1435,50.1,189,0,0,0,0,0,0,L,1,10.5,71893.5,high,0,0,87.72
9409,H38822,H,297.9,308.4,1637,34.5,191,0,0,0,0,0,0,H,1,10.5,56476.5,high,0,0,85.4
9410,L56589,L,298.0,308.5,1664,28.3,196,0,0,0,0,0,0,L,1,10.5,47091.200000000004,high,0,0,86.16
9411,M24270,M,298.0,308.5,1666,31.0,198,0,0,0,0,0,0,M,1,10.5,51646.0,high,0,0,87.5
9412,L56591,L,298.0,308.5,1404,46.6,201,0,0,0,0,0,0,L,1,10.5,65426.4,high,1,0,91.82
9413,L56592,L,298.0,308.5,1702,26.7,203,0,0,0,0,0,0,L,1,10.5,45443.4,high,1,0,88.64
9414,L56593,L,298.1,308.6,1439,44.9,205,0,0,0,0,0,0,L,1,10.5,64611.1,high,1,0,93.08
9415,L56594,L,298.1,308.6,1354,53.9,207,1,0,0,0,1,0,L,1,10.5,72980.59999999999,high,1,1,145.68
9416,M24275,M,298.2,308.7,1361,44.2,0,0,0,0,0,0,0,M,1,10.5,60156.200000000004,low,0,0,10.94
9417,M24276,M,298.1,308.5,1463,45.9,3,0,0,0,0,0,0,M,1,10.399999999999977,67151.7,low,0,0,12.46
9418,H38831,H,298.1,308.4,1515,43.8,6,0,0,0,0,0,0,H,1,10.299999999999955,66357.0,low,0,0,13.22
9419,L56598,L,298.0,308.4,1432,46.2,11,0,0,0,0,0,0,L,1,10.399999999999977,66158.40000000001,low,0,0,15.72
9420,L56599,L,298.0,308.4,1911,22.0,13,0,0,0,0,0,0,L,1,10.399999999999977,42042.0,low,0,0,11.68
9421,L56600,L,298.0,308.4,1472,42.0,15,0,0,0,0,0,0,L,1,10.399999999999977,61824.0,low,0,0,16.48
9422,M24281,M,298.1,308.5,1382,54.5,17,0,0,0,0,0,0,M,1,10.399999999999977,75319.0,low,0,0,19.78
9423,L56602,L,298.1,308.5,1665,29.6,20,0,0,0,0,0,0,L,1,10.399999999999977,49284.0,low,0,0,16.0
9424,L56603,L,298.1,308.5,1676,30.5,22,0,0,0,0,0,0,L,1,10.399999999999977,51118.0,low,0,0,16.98
9425,M24284,M,298.0,308.5,1585,33.0,24,0,0,0,0,0,0,M,1,10.5,52305.0,low,0,0,18.3
9426,M24285,M,298.1,308.6,1415,46.3,27,0,0,0,0,0,0,M,1,10.5,65514.49999999999,low,0,0,22.16
9427,L56606,L,298.1,308.7,1341,55.7,30,0,0,0,0,0,0,L,1,10.599999999999966,74693.7,low,0,0,25.26
9428,L56607,L,298.2,308.8,1540,34.8,32,0,0,0,0,0,0,L,1,10.600000000000023,53591.99999999999,low,0,0,21.88
9429,H38842,H,298.2,308.8,1837,28.4,34,0,0,0,0,0,0,H,1,10.600000000000023,52170.799999999996,low,0,0,21.4
9430,L56609,L,298.2,308.8,1498,36.0,39,0,0,0,0,0,0,L,1,10.600000000000023,53928.0,low,0,0,24.92
9431,L56610,L,298.1,308.7,1671,28.8,41,0,0,0,0,0,0,L,1,10.599999999999966,48124.8,low,0,0,24.28
9432,L56611,L,298.0,308.6,1430,57.0,43,0,0,0,0,0,0,L,1,10.600000000000023,81510.0,low,0,0,30.72
9433,L56612,L,298.0,308.7,1619,40.1,45,0,0,0,0,0,0,L,1,10.699999999999989,64921.9,low,0,0,28.16
9434,M24293,M,298.0,308.7,1430,51.9,47,0,0,0,0,0,0,M,1,10.699999999999989,74217.0,low,0,0,31.32
9435,L56614,L,298.0,308.6,1626,33.3,50,0,0,0,0,0,0,L,1,10.600000000000023,54145.799999999996,low,0,0,28.78
9436,L56615,L,298.0,308.7,1443,49.3,52,0,0,0,0,0,0,L,1,10.699999999999989,71139.9,mid,0,0,32.8
9437,L56616,L,298.0,308.6,1481,42.5,54,0,0,0,0,0,0,L,1,10.600000000000023,62942.5,mid,0,0,32.22
9438,M24297,M,298.1,308.7,1527,43.0,56,0,0,0,0,0,0,M,1,10.599999999999966,65661.0,mid,0,0,33.12
9439,M24298,M,298.1,308.7,1315,56.8,59,0,0,0,0,0,0,M,1,10.599999999999966,74692.0,mid,0,0,37.08
9440,M24299,M,298.1,308.8,1433,48.2,62,0,0,0,0,0,0,M,1,10.699999999999989,69070.6,mid,0,0,36.58
9441,M24300,M,298.1,308.8,1378,53.5,65,0,0,0,0,0,0,M,1,10.699999999999989,73723.0,mid,0,0,38.84
9442,L56621,L,298.1,308.8,1432,43.4,68,0,0,0,0,0,0,L,1,10.699999999999989,62148.799999999996,mid,0,0,38.02
9443,M24302,M,298.1,308.8,1394,47.9,70,0,0,0,0,0,0,M,1,10.699999999999989,66772.59999999999,mid,0,0,39.72
9444,H38857,H,298.0,308.8,1411,53.8,73,0,0,0,0,0,0,H,1,10.800000000000011,75911.8,mid,0,0,42.12
9445,L56624,L,298.1,308.9,2136,15.9,78,0,0,0,0,0,0,L,1,10.799999999999955,33962.4,mid,0,0,36.54
9446,M24305,M,298.2,309.0,1446,45.8,80,0,0,0,0,0,0,M,1,10.800000000000011,66226.8,mid,0,0,43.32
9447,H38860,H,298.1,308.9,1388,53.5,83,0,0,0,0,0,0,H,1,10.799999999999955,74258.0,mid,0,0,46.06
9448,M24307,M,298.1,308.9,1323,51.7,88,0,0,0,0,0,0,M,1,10.799999999999955,68399.1,mid,0,0,47.7
9449,L56628,L,298.2,309.0,1780,29.3,91,0,0,0,0,0,0,L,1,10.800000000000011,52154.0,mid,0,0,44.42
9450,M24309,M,298.1,308.8,1434,41.8,93,0,0,0,0,0,0,M,1,10.699999999999989,59941.2,mid,0,0,47.7
9451,M24310,M,298.0,308.7,1494,42.6,96,0,0,0,0,0,0,M,1,10.699999999999989,63644.4,mid,0,0,49.06
9452,H38865,H,298.0,308.7,1536,39.6,99,0,0,0,0,0,0,H,1,10.699999999999989,60825.600000000006,mid,0,0,49.66
9453,M24312,M,298.0,308.7,1392,53.4,104,0,0,0,0,0,0,M,1,10.699999999999989,74332.8,mid,0,0,54.42
9454,H38867,H,298.2,309.0,1360,56.8,107,0,0,0,0,0,0,H,1,10.800000000000011,77248.0,mid,0,0,56.32
9455,L56634,L,298.4,309.2,1583,35.4,112,0,0,0,0,0,0,L,1,10.800000000000011,56038.2,mid,0,0,54.04
9456,L56635,L,298.5,309.2,1983,20.2,114,0,0,0,0,0,0,L,1,10.699999999999989,40056.6,mid,0,0,51.78
9457,L56636,L,298.5,309.3,1630,33.3,116,0,0,0,0,0,0,L,1,10.800000000000011,54278.99999999999,mid,0,0,55.22
9458,M24317,M,298.5,309.3,1692,26.7,118,0,0,0,0,0,0,M,1,10.800000000000011,45176.4,mid,0,0,54.7
9459,L56638,L,298.4,309.1,1417,40.6,121,0,0,0,0,0,0,L,1,10.700000000000045,57530.200000000004,mid,0,0,58.66
9460,L56639,L,298.4,309.1,1579,36.1,123,0,0,0,0,0,0,L,1,10.700000000000045,57001.9,mid,0,0,58.56
9461,M24320,M,298.4,309.2,1399,45.2,125,0,0,0,0,0,0,M,1,10.800000000000011,63234.8,mid,0,0,61.2
9462,M24321,M,298.4,309.2,1414,46.4,128,0,0,0,0,0,0,M,1,10.800000000000011,65609.59999999999,mid,0,0,62.64
9463,L56642,L,298.5,309.3,1570,40.1,131,0,0,0,0,0,0,L,1,10.800000000000011,62957.0,mid,0,0,62.58
9464,M24323,M,298.5,309.3,1552,36.8,133,0,0,0,0,0,0,M,1,10.800000000000011,57113.6,mid,0,0,62.72
9465,L56644,L,298.6,309.4,1440,48.2,136,0,0,0,0,0,0,L,1,10.799999999999955,69408.0,mid,0,0,66.2
9466,M24325,M,298.6,309.4,1460,43.8,138,0,0,0,0,0,0,M,1,10.799999999999955,63947.99999999999,mid,0,0,66.12
9467,L56646,L,298.6,309.4,1471,48.0,141,0,0,0,0,0,0,L,1,10.799999999999955,70608.0,mid,0,0,68.16
9468,L56647,L,298.6,309.3,1702,27.6,143,0,0,0,0,0,0,L,1,10.699999999999989,46975.200000000004,mid,0,0,64.86
9469,L56648,L,298.6,309.4,1375,55.4,145,0,0,0,0,0,0,L,1,10.799999999999955,76175.0,mid,0,0,71.24
9470,L56649,L,298.6,309.4,1698,33.2,147,0,0,0,0,0,0,L,1,10.799999999999955,56373.600000000006,mid,0,0,67.6
9471,H38884,H,298.6,309.4,1439,47.1,149,0,0,0,0,0,0,H,1,10.799999999999955,67776.90000000001,mid,0,0,71.18
9472,M24331,M,298.6,309.4,1774,27.5,154,0,0,0,0,0,0,M,1,10.799999999999955,48785.0,high,0,0,69.26
9473,M24332,M,298.7,309.4,1375,48.3,157,0,0,0,0,0,0,M,1,10.699999999999989,66412.5,high,0,0,74.6
9474,L56653,L,298.7,309.5,1446,40.0,160,0,0,0,0,0,0,L,1,10.800000000000011,57840.0,high,0,0,74.16
9475,M24334,M,298.7,309.6,1455,46.8,162,0,0,0,0,0,0,M,1,10.900000000000034,68094.0,high,0,0,76.34
9476,L56655,L,298.8,309.6,1523,41.9,165,0,0,0,0,0,0,L,1,10.800000000000011,63813.7,high,0,0,76.54
9477,M24336,M,298.8,309.6,1692,31.9,167,0,0,0,0,0,0,M,1,10.800000000000011,53974.799999999996,high,0,0,75.34
9478,M24337,M,298.8,309.6,1693,33.3,170,0,0,0,0,0,0,M,1,10.800000000000011,56376.899999999994,high,0,0,76.82
9479,L56658,L,298.8,309.6,1890,24.0,173,0,0,0,0,0,0,L,1,10.800000000000011,45360.0,high,0,0,76.16
9480,H38893,H,298.9,309.6,1600,33.5,175,0,0,0,0,0,0,H,1,10.700000000000045,53600.0,high,0,0,78.84
9481,M24340,M,298.9,309.6,1434,43.8,180,0,0,0,0,0,0,M,1,10.700000000000045,62809.2,high,0,0,82.9
9482,L56661,L,298.9,309.6,1365,50.9,183,0,0,0,0,0,0,L,1,10.700000000000045,69478.5,high,0,0,85.52
9483,H38896,H,298.8,309.6,1309,57.4,185,0,0,0,0,0,0,H,1,10.800000000000011,75136.59999999999,high,0,0,87.64
9484,H38897,H,298.9,309.6,1546,35.3,190,0,0,0,0,0,0,H,1,10.700000000000045,54573.799999999996,high,0,0,85.2
9485,L56664,L,298.9,309.6,1663,33.7,195,0,0,0,0,0,0,L,1,10.700000000000045,56043.100000000006,high,0,0,86.88
9486,L56665,L,298.9,309.6,1589,34.2,197,0,0,0,0,0,0,L,1,10.700000000000045,54343.8,high,0,0,87.78
9487,M24346,M,298.9,309.6,1472,46.0,199,0,0,0,0,0,0,M,1,10.700000000000045,67712.0,high,0,0,90.94
9488,L56667,L,298.9,309.6,1583,39.8,202,0,0,0,0,0,0,L,1,10.700000000000045,63003.399999999994,high,1,0,90.9
9489,M24348,M,298.9,309.6,1567,34.5,204,0,0,0,0,0,0,M,1,10.700000000000045,54061.5,high,1,0,90.64
9490,L56669,L,298.9,309.7,1407,41.9,207,0,0,0,0,0,0,L,1,10.800000000000011,58953.299999999996,high,1,0,93.34
9491,M24350,M,299.0,309.7,1418,44.7,209,0,0,0,0,0,0,M,1,10.699999999999989,63384.600000000006,high,1,0,94.68
9492,M24351,M,299.0,309.7,1489,40.7,212,0,0,0,0,0,0,M,1,10.699999999999989,60602.3,high,1,0,95.08
9493,L56672,L,299.1,309.9,1586,36.6,215,0,0,0,0,0,0,L,1,10.799999999999955,58047.600000000006,high,1,0,95.48
9494,L56673,L,299.1,309.8,1398,55.4,217,1,0,0,0,1,0,L,1,10.699999999999989,77449.2,high,1,1,150.02
9495,L56674,L,299.2,309.9,1516,41.4,219,0,0,0,0,0,0,L,1,10.699999999999989,62762.4,high,1,0,98.02
9496,H38909,H,299.3,310.0,1373,44.8,221,0,0,0,0,0,0,H,1,10.699999999999989,61510.399999999994,high,1,0,99.5
9497,M24356,M,299.2,310.0,1349,50.4,226,0,0,0,0,0,0,M,1,10.800000000000011,67989.59999999999,high,1,0,102.64
9498,H38911,H,299.1,309.9,1443,40.3,0,0,0,0,0,0,0,H,1,10.799999999999955,58152.899999999994,low,0,0,10.22
9499,H38912,H,299.2,310.1,1542,36.1,5,0,0,0,0,0,0,H,1,10.900000000000034,55666.200000000004,low,0,0,11.4
9500,L56679,L,299.2,310.1,1534,37.7,10,0,0,0,0,0,0,L,1,10.900000000000034,57831.8,low,0,0,13.72
9501,L56680,L,299.2,310.2,1697,30.6,12,0,0,0,0,0,0,L,1,11.0,51928.200000000004,low,0,0,13.12
9502,L56681,L,299.3,310.3,1396,47.4,14,0,0,0,0,0,0,L,1,11.0,66170.4,low,0,0,17.28
9503,L56682,L,299.3,310.2,1495,49.2,16,0,0,0,0,0,0,L,1,10.899999999999977,73554.0,low,0,0,18.42
9504,M24363,M,299.2,310.3,1551,44.8,18,0,0,0,0,0,0,M,1,11.100000000000023,69484.79999999999,low,0,0,18.38
9505,L56684,L,299.2,310.3,1440,47.0,21,0,0,0,0,0,0,L,1,11.100000000000023,67680.0,low,0,0,20.02
9506,L56685,L,299.2,310.3,1429,40.1,23,0,0,0,0,0,0,L,1,11.100000000000023,57302.9,low,0,0,19.44
9507,H38920,H,299.3,310.4,1548,41.6,25,0,0,0,0,0,0,H,1,11.099999999999966,64396.8,low,0,0,20.54
9508,L56687,L,299.3,310.5,1505,38.8,30,0,0,0,0,0,0,L,1,11.199999999999989,58393.99999999999,low,0,0,22.0
9509,L56688,L,299.2,310.4,1611,36.4,32,0,0,0,0,0,0,L,1,11.199999999999989,58640.399999999994,low,0,0,22.32
9510,M24369,M,299.2,310.4,1502,39.8,34,0,0,0,0,0,0,M,1,11.199999999999989,59779.6,low,0,0,23.8
9511,M24370,M,299.2,310.4,1504,43.3,37,0,0,0,0,0,0,M,1,11.199999999999989,65123.2,low,0,0,25.7
9512,L56691,L,299.1,310.3,1449,40.7,40,0,0,0,0,0,0,L,1,11.199999999999989,58974.3,low,0,0,26.38
9513,L56692,L,299.0,310.2,1575,37.8,42,0,0,0,0,0,0,L,1,11.199999999999989,59534.99999999999,low,0,0,26.6
9514,M24373,M,299.0,310.2,1598,33.4,44,0,0,0,0,0,0,M,1,11.199999999999989,53373.2,low,0,0,26.52
9515,L56694,L,299.0,310.1,1416,45.9,47,0,0,0,0,0,0,L,1,11.100000000000023,64994.4,low,0,0,30.2
9516,L56695,L,299.0,310.2,1682,28.8,49,0,0,0,0,0,0,L,1,11.199999999999989,48441.6,low,0,0,27.6
9517,L56696,L,298.9,310.1,1341,54.5,51,0,0,0,0,0,0,L,1,11.200000000000045,73084.5,mid,0,0,33.54
9518,L56697,L,298.9,310.1,1523,39.1,53,0,0,0,0,0,0,L,1,11.200000000000045,59549.3,mid,0,0,31.26
9519,L56698,L,299.0,310.1,1580,41.9,55,0,0,0,0,0,0,L,1,11.100000000000023,66202.0,mid,0,0,32.6
9520,L56699,L,299.0,310.1,1531,36.0,57,0,0,0,0,0,0,L,1,11.100000000000023,55116.0,mid,0,0,32.22
9521,L56700,L,299.0,310.1,1375,48.9,59,0,0,0,0,0,0,L,1,11.100000000000023,67237.5,mid,0,0,35.6
9522,M24381,M,298.9,310.1,1484,40.4,61,0,0,0,0,0,0,M,1,11.200000000000045,59953.6,mid,0,0,34.72
9523,M24382,M,299.0,310.2,1657,32.3,64,0,0,0,0,0,0,M,1,11.199999999999989,53521.1,mid,0,0,34.3
9524,L56703,L,299.0,310.2,1494,40.6,67,0,0,0,0,0,0,L,1,11.199999999999989,60656.4,mid,0,0,37.16
9525,H38938,H,299.0,310.3,1658,27.6,69,0,0,0,0,0,0,H,1,11.300000000000011,45760.8,mid,0,0,35.38
9526,L56705,L,299.1,310.3,1411,42.1,74,0,0,0,0,0,0,L,1,11.199999999999989,59403.1,mid,0,0,40.26
9527,M24386,M,299.2,310.4,1395,55.4,76,0,0,0,0,0,0,M,1,11.199999999999989,77283.0,mid,0,0,43.72
9528,L56707,L,299.1,310.4,1550,43.9,79,0,0,0,0,0,0,L,1,11.299999999999955,68045.0,mid,0,0,42.64
9529,M24388,M,299.1,310.3,1233,59.0,81,0,0,0,0,0,0,M,1,11.199999999999989,72747.0,mid,0,0,46.44
9530,L56709,L,299.1,310.3,1459,46.7,84,0,0,0,0,0,0,L,1,11.199999999999989,68135.3,mid,0,0,45.18
9531,H38944,H,299.1,310.4,1405,53.6,86,0,0,0,0,0,0,H,1,11.299999999999955,75308.0,mid,0,0,47.38
9532,L56711,L,299.2,310.5,1458,44.1,91,0,0,0,0,0,0,L,1,11.300000000000011,64297.8,mid,0,0,47.48
9533,L56712,L,299.2,310.5,1384,48.7,93,0,0,0,0,0,0,L,1,11.300000000000011,67400.8,mid,0,0,49.2
9534,L56713,L,299.2,310.5,1705,29.5,95,0,0,0,0,0,0,L,1,11.300000000000011,50297.5,mid,0,0,46.16
9535,L56714,L,299.3,310.6,1443,45.7,97,0,0,0,0,0,0,L,1,11.300000000000011,65945.1,mid,0,0,50.2
9536,M24395,M,299.3,310.6,1609,31.4,99,0,0,0,0,0,0,M,1,11.300000000000011,50522.6,mid,0,0,48.14
9537,L56716,L,299.3,310.5,1818,26.0,102,0,0,0,0,0,0,L,1,11.199999999999989,47268.0,mid,0,0,48.24
9538,M24397,M,299.3,310.6,1457,42.1,104,0,0,0,0,0,0,M,1,11.300000000000011,61339.700000000004,mid,0,0,52.28
9539,L56718,L,299.3,310.6,1480,45.1,107,0,0,0,0,0,0,L,1,11.300000000000011,66748.0,mid,0,0,54.08
9540,L56719,L,299.4,310.8,1424,47.7,109,0,0,0,0,0,0,L,1,11.400000000000034,67924.8,mid,0,0,55.42
9541,M24400,M,299.4,310.8,1628,40.2,111,0,0,0,0,0,0,M,1,11.400000000000034,65445.600000000006,mid,0,0,54.72
9542,M24401,M,299.5,310.8,1754,31.3,114,0,0,0,0,0,0,M,1,11.300000000000011,54900.200000000004,mid,0,0,54.12
9543,L56722,L,299.6,310.9,1716,28.5,117,0,0,0,0,0,0,L,1,11.299999999999955,48906.0,mid,0,0,54.76
9544,M24403,M,299.5,310.9,1378,48.7,119,0,0,0,0,0,0,M,1,11.399999999999977,67108.6,mid,0,0,59.62
9545,L56724,L,299.6,311.0,1708,31.0,122,0,0,0,0,0,0,L,1,11.399999999999977,52948.0,mid,0,0,57.28
9546,L56725,L,299.6,311.0,1430,38.3,124,0,0,0,0,0,0,L,1,11.399999999999977,54768.99999999999,mid,0,0,59.54
9547,M24406,M,299.7,311.2,1560,43.9,126,0,0,0,0,0,0,M,1,11.5,68484.0,mid,0,0,61.48
9548,L56727,L,299.6,311.1,1679,30.7,129,0,0,0,0,0,0,L,1,11.5,51545.299999999996,mid,0,0,60.04
9549,L56728,L,299.6,311.1,1521,37.2,131,0,0,0,0,0,0,L,1,11.5,56581.200000000004,mid,0,0,62.14
9550,M24409,M,299.6,311.1,1649,33.8,133,0,0,0,0,0,0,M,1,11.5,55736.2,mid,0,0,62.26
9551,M24410,M,299.5,311.0,1451,43.3,136,0,0,0,0,0,0,M,1,11.5,62828.299999999996,mid,0,0,65.36
9552,L56731,L,299.4,310.8,1391,48.9,139,0,0,0,0,0,0,L,1,11.400000000000034,68019.9,mid,0,0,67.66
9553,M24412,M,299.3,310.8,1523,40.9,141,0,0,0,0,0,0,M,1,11.5,62290.7,mid,0,0,66.88
9554,L56733,L,299.3,310.7,1495,39.2,144,0,0,0,0,0,0,L,1,11.399999999999977,58604.00000000001,mid,0,0,67.72
9555,M24414,M,299.3,310.7,1440,45.5,146,0,0,0,0,0,0,M,1,11.399999999999977,65520.0,mid,0,0,69.78
9556,H38969,H,299.4,310.8,1585,31.4,149,0,0,0,0,0,0,H,1,11.400000000000034,49769.0,mid,0,0,68.16
9557,L56736,L,299.5,310.8,1374,48.3,154,0,0,0,0,0,0,L,1,11.300000000000011,66364.2,high,0,0,73.52
9558,M24417,M,299.5,310.8,1507,40.2,156,0,0,0,0,0,0,M,1,11.300000000000011,60581.4,high,0,0,72.7
9559,M24418,M,299.5,310.9,1577,34.6,159,0,0,0,0,0,0,M,1,11.399999999999977,54564.200000000004,high,0,0,72.8
9560,L56739,L,299.5,310.9,1496,38.5,162,0,0,0,0,0,0,L,1,11.399999999999977,57596.0,high,0,0,74.78
9561,L56740,L,299.6,310.9,1487,42.5,164,0,0,0,0,0,0,L,1,11.299999999999955,63197.5,high,0,0,76.36
9562,L56741,L,299.6,310.9,1853,26.3,166,0,0,0,0,0,0,L,1,11.299999999999955,48733.9,high,0,0,73.92
9563,M24422,M,299.7,311.0,1435,50.1,168,0,0,0,0,0,0,M,1,11.300000000000011,71893.5,high,0,0,79.48
9564,M24423,M,299.8,311.1,1763,25.5,171,0,0,0,0,0,0,M,1,11.300000000000011,44956.5,high,0,0,75.76
9565,L56744,L,299.8,311.1,1820,24.9,174,0,0,0,0,0,0,L,1,11.300000000000011,45318.0,high,0,0,76.84
9566,M24425,M,299.8,311.1,1498,38.1,176,0,0,0,0,0,0,M,1,11.300000000000011,57073.8,high,0,0,80.28
9567,L56746,L,299.8,311.1,1603,35.1,179,0,0,0,0,0,0,L,1,11.300000000000011,56265.3,high,0,0,80.88
9568,L56747,L,299.8,311.1,1412,42.5,181,0,0,0,0,0,0,L,1,11.300000000000011,60010.0,high,0,0,83.16
9569,L56748,L,299.8,311.1,1588,38.0,183,0,0,0,0,0,0,L,1,11.300000000000011,60344.0,high,0,0,83.06
9570,M24429,M,299.8,311.0,1948,20.0,185,0,0,0,0,0,0,M,1,11.199999999999989,38960.0,high,0,0,80.24
9571,L56750,L,299.7,310.9,1384,48.2,188,0,0,0,0,0,0,L,1,11.199999999999989,66708.8,high,0,0,87.08
9572,L56751,L,299.7,310.8,1589,36.0,190,0,0,0,0,0,0,L,1,11.100000000000023,57204.0,high,0,0,85.42
9573,M24432,M,299.7,310.8,1405,47.6,192,0,0,0,0,0,0,M,1,11.100000000000023,66878.0,high,0,0,88.54
9574,L56753,L,299.7,310.9,1491,40.1,195,0,0,0,0,0,0,L,1,11.199999999999989,59789.1,high,0,0,88.26
9575,H38988,H,299.7,310.8,1418,46.6,197,0,0,0,0,0,0,H,1,11.100000000000023,66078.8,high,0,0,90.34
9576,M24435,M,299.6,310.8,1603,35.4,202,0,0,0,0,0,0,M,1,11.199999999999989,56746.2,high,1,0,90.12
9577,L56756,L,299.6,310.7,1922,23.3,205,1,1,0,0,0,0,L,1,11.099999999999966,44782.6,high,1,1,138.88
9578,M24437,M,299.5,310.7,1364,49.5,0,0,0,0,0,0,0,M,1,11.199999999999989,67518.0,low,0,0,12.14
9579,L56758,L,299.4,310.7,1551,41.2,3,0,0,0,0,0,0,L,1,11.300000000000011,63901.200000000004,low,0,0,11.7
9580,L56759,L,299.5,310.7,1589,33.5,5,0,0,0,0,0,0,L,1,11.199999999999989,53231.5,low,0,0,10.94
9581,M24440,M,299.5,310.7,1423,56.5,7,0,0,0,0,0,0,M,1,11.199999999999989,80399.5,low,0,0,16.34
9582,L56761,L,299.4,310.6,1418,53.1,10,0,0,0,0,0,0,L,1,11.200000000000045,75295.8,low,0,0,16.86
9583,M24442,M,299.3,310.5,1404,47.5,12,0,0,0,0,0,0,M,1,11.199999999999989,66690.0,low,0,0,16.54
9584,L56763,L,299.3,310.5,1281,59.8,15,0,0,0,0,0,0,L,1,11.199999999999989,76603.8,low,0,0,20.2
9585,L56764,L,299.3,310.5,1529,41.3,17,0,0,0,0,0,0,L,1,11.199999999999989,63147.7,low,0,0,17.3
9586,M24445,M,299.3,310.5,1563,42.1,19,0,0,0,0,0,0,M,1,11.199999999999989,65802.3,low,0,0,18.26
9587,L56766,L,299.4,310.6,1348,54.5,22,0,0,0,0,0,0,L,1,11.200000000000045,73466.0,low,0,0,21.94
9588,M24447,M,299.3,310.5,1462,40.5,24,0,0,0,0,0,0,M,1,11.199999999999989,59211.0,low,0,0,19.94
9589,H39002,H,299.3,310.4,1510,45.5,27,0,0,0,0,0,0,H,1,11.099999999999966,68705.0,low,0,0,22.12
9590,L56769,L,299.2,310.4,1472,43.3,32,0,0,0,0,0,0,L,1,11.199999999999989,63737.6,low,0,0,23.7
9591,M24450,M,299.2,310.4,1325,52.0,34,0,0,0,0,0,0,M,1,11.199999999999989,68900.0,low,0,0,26.24
9592,L56771,L,299.2,310.4,1570,37.3,37,0,0,0,0,0,0,L,1,11.199999999999989,58560.99999999999,low,0,0,24.5
9593,L56772,L,299.2,310.4,1379,46.8,39,0,0,0,0,0,0,L,1,11.199999999999989,64537.2,low,0,0,27.2
9594,L56773,L,299.1,310.2,1352,52.8,41,0,0,0,0,0,0,L,1,11.099999999999966,71385.59999999999,low,0,0,29.18
9595,L56774,L,299.1,310.3,1727,28.7,43,0,0,0,0,0,0,L,1,11.199999999999989,49564.9,low,0,0,25.18
9596,H39009,H,299.0,310.1,1432,50.0,45,0,0,0,0,0,0,H,1,11.100000000000023,71600.0,low,0,0,30.22
9597,L56776,L,298.9,310.1,1466,43.4,50,0,0,0,0,0,0,L,1,11.200000000000045,63624.4,low,0,0,30.92
9598,L56777,L,298.9,310.1,1510,38.0,52,0,0,0,0,0,0,L,1,11.200000000000045,57380.0,mid,0,0,30.64
9599,L56778,L,299.0,310.2,1490,41.1,54,0,0,0,0,0,0,L,1,11.199999999999989,61239.0,mid,0,0,32.06
9600,L56779,L,299.0,310.1,1463,37.4,56,0,0,0,0,0,0,L,1,11.100000000000023,54716.2,mid,0,0,32.1
9601,M24460,M,298.9,310.0,1561,45.3,58,0,0,0,0,0,0,M,1,11.100000000000023,70713.29999999999,mid,0,0,34.48
9602,L56781,L,298.9,310.1,2109,18.0,61,0,0,0,0,0,0,L,1,11.200000000000045,37962.0,mid,0,0,30.24
9603,L56782,L,298.9,310.2,1705,32.5,63,0,0,0,0,0,0,L,1,11.300000000000011,55412.5,mid,0,0,33.96
9604,M24463,M,298.9,310.1,1549,40.2,65,0,0,0,0,0,0,M,1,11.200000000000045,62269.8,mid,0,0,36.28
9605,H39018,H,299.0,310.2,1637,38.0,68,0,0,0,0,0,0,H,1,11.199999999999989,62206.0,mid,0,0,37.04
9606,M24465,M,298.9,310.1,1484,37.9,73,0,0,0,0,0,0,M,1,11.200000000000045,56243.6,mid,0,0,39.02
9607,L56786,L,298.9,310.1,1401,44.4,76,0,0,0,0,0,0,L,1,11.200000000000045,62204.4,mid,0,0,41.52
9608,L56787,L,298.9,310.1,1571,36.8,78,0,0,0,0,0,0,L,1,11.200000000000045,57812.799999999996,mid,0,0,40.8
9609,M24468,M,298.9,310.1,1513,41.5,80,0,0,0,0,0,0,M,1,11.200000000000045,62789.5,mid,0,0,42.54
9610,L56789,L,299.0,310.1,1470,40.3,83,0,0,0,0,0,0,L,1,11.100000000000023,59240.99999999999,mid,0,0,43.48
9611,L56790,L,299.0,310.1,1505,41.3,85,0,0,0,0,0,0,L,1,11.100000000000023,62156.49999999999,mid,0,0,44.48
9612,L56791,L,299.0,310.2,1432,42.2,87,0,0,0,0,0,0,L,1,11.199999999999989,60430.4,mid,0,0,45.48
9613,M24472,M,299.0,310.2,1625,31.8,89,0,0,0,0,0,0,M,1,11.199999999999989,51675.0,mid,0,0,44.2
9614,L56793,L,299.0,310.2,1377,62.5,92,1,0,0,1,0,0,L,1,11.199999999999989,86062.5,mid,0,1,101.54
9615,M24474,M,299.1,310.3,1441,43.9,94,0,0,0,0,0,0,M,1,11.199999999999989,63259.9,mid,0,0,48.62
9616,M24475,M,299.0,310.2,1564,39.9,97,0,0,0,0,0,0,M,1,11.199999999999989,62403.6,mid,0,0,49.02
9617,L56796,L,298.9,310.1,1580,37.3,100,0,0,0,0,0,0,L,1,11.200000000000045,58933.99999999999,mid,0,0,49.7
9618,L56797,L,299.0,310.2,1516,35.3,102,0,0,0,0,0,0,L,1,11.199999999999989,53514.799999999996,mid,0,0,50.1
9619,L56798,L,299.0,310.1,1447,42.8,104,0,0,0,0,0,0,L,1,11.100000000000023,61931.6,mid,0,0,52.38
9620,M24479,M,298.9,310.0,1323,52.9,106,0,0,0,0,0,0,M,1,11.100000000000023,69986.7,mid,0,0,55.2
9621,L56800,L,298.9,310.0,1470,45.9,109,0,0,0,0,0,0,L,1,11.100000000000023,67473.0,mid,0,0,55.0
9622,M24481,M,299.0,310.0,2049,19.5,111,0,0,0,0,0,0,M,1,11.0,39955.5,mid,0,0,50.5
9623,L56802,L,298.9,310.0,1794,27.2,114,0,0,0,0,0,0,L,1,11.100000000000023,48796.799999999996,mid,0,0,53.26
9624,L56803,L,298.9,310.1,1356,47.8,116,0,0,0,0,0,0,L,1,11.200000000000045,64816.799999999996,mid,0,0,58.2
9625,H39038,H,299.0,310.1,1555,38.6,118,0,0,0,0,0,0,H,1,11.100000000000023,60023.0,mid,0,0,57.14
9626,M24485,M,299.0,310.1,1487,47.5,123,0,0,0,0,0,0,M,1,11.100000000000023,70632.5,mid,0,0,60.92
9627,M24486,M,299.0,310.0,1341,58.9,126,0,0,0,0,0,0,M,1,11.0,78984.9,mid,0,0,64.38
9628,M24487,M,298.9,310.0,1487,36.6,129,0,0,0,0,0,0,M,1,11.100000000000023,54424.200000000004,mid,0,0,61.14
9629,H39042,H,299.0,310.0,1569,34.3,132,0,0,0,0,0,0,H,1,11.0,53816.7,mid,0,0,61.86
9630,H39043,H,299.0,310.1,2053,19.7,137,0,0,0,0,0,0,H,1,11.100000000000023,40444.1,mid,0,0,60.96
9631,L56810,L,299.0,310.1,1583,35.8,142,0,0,0,0,0,0,L,1,11.100000000000023,56671.399999999994,mid,0,0,66.18
9632,L56811,L,299.0,310.0,1672,33.2,144,0,0,0,0,0,0,L,1,11.0,55510.4,mid,0,0,66.44
9633,M24492,M,299.0,310.0,1337,57.4,146,0,0,0,0,0,0,M,1,11.0,76743.8,mid,0,0,72.08
9634,H39047,H,299.1,310.1,1421,41.2,149,0,0,0,0,0,0,H,1,11.0,58545.200000000004,mid,0,0,70.04
9635,L56814,L,299.1,310.2,1425,52.7,154,0,0,0,0,0,0,L,1,11.099999999999966,75097.5,high,0,0,74.36
9636,L56815,L,299.2,310.2,1609,33.2,156,0,0,0,0,0,0,L,1,11.0,53418.8,high,0,0,71.24
9637,L56816,L,299.2,310.3,1507,41.3,158,0,0,0,0,0,0,L,1,11.100000000000023,62239.1,high,0,0,73.68
9638,L56817,L,299.2,310.3,1463,38.9,160,0,0,0,0,0,0,L,1,11.100000000000023,56910.7,high,0,0,74.0
9639,H39052,H,299.3,310.4,1393,44.9,162,0,0,0,0,0,0,H,1,11.099999999999966,62545.7,high,0,0,76.0
9640,L56819,L,299.3,310.4,1725,26.8,167,0,0,0,0,0,0,L,1,11.099999999999966,46230.0,high,0,0,74.38
9641,L56820,L,299.4,310.5,1514,36.1,169,0,0,0,0,0,0,L,1,11.100000000000023,54655.4,high,0,0,77.04
9642,L56821,L,299.3,310.4,1365,53.9,171,0,0,0,0,0,0,L,1,11.099999999999966,73573.5,high,0,0,81.4
9643,L56822,L,299.4,310.5,1372,46.3,173,0,0,0,0,0,0,L,1,11.100000000000023,63523.6,high,0,0,80.68
9644,L56823,L,299.4,310.4,1509,40.6,175,0,0,0,0,0,0,L,1,11.0,61265.4,high,0,0,80.32
9645,L56824,L,299.3,310.4,1629,32.6,177,0,0,0,0,0,0,L,1,11.099999999999966,53105.4,high,0,0,79.54
9646,L56825,L,299.4,310.5,1749,28.1,179,0,0,0,0,0,0,L,1,11.100000000000023,49146.9,high,0,0,79.44
9647,L56826,L,299.4,310.4,1582,31.7,181,0,0,0,0,0,0,L,1,11.0,50149.4,high,0,0,80.94
9648,L56827,L,299.2,310.2,1458,47.0,183,0,0,0,0,0,0,L,1,11.0,68526.0,high,0,0,84.8
9649,L56828,L,299.1,310.1,1416,41.2,185,0,0,0,0,0,0,L,1,11.0,58339.200000000004,high,0,0,84.44
9650,H39063,H,299.1,310.0,1657,33.1,187,0,0,0,0,0,0,H,1,10.899999999999977,54846.700000000004,high,0,0,83.6
9651,M24510,M,299.1,310.0,1437,41.1,192,0,0,0,0,0,0,M,1,10.899999999999977,59060.700000000004,high,0,0,87.2
9652,M24511,M,299.1,310.0,1580,36.0,195,0,0,0,0,0,0,M,1,10.899999999999977,56880.0,high,0,0,87.38
9653,M24512,M,299.0,310.0,1488,46.3,198,0,0,0,0,0,0,M,1,11.0,68894.4,high,0,0,90.66
9654,L56833,L,299.0,309.9,1373,55.7,201,1,0,0,0,1,0,L,1,10.899999999999977,76476.1,high,1,1,143.72
9655,L56834,L,299.1,310.0,1367,56.3,203,1,0,0,0,1,0,L,1,10.899999999999977,76962.09999999999,high,1,1,144.64
9656,H39069,H,299.1,310.0,1431,49.5,205,0,0,0,0,0,0,H,1,10.899999999999977,70834.5,high,1,0,94.08
9657,L56836,L,299.0,310.1,1623,33.0,210,0,0,0,0,0,0,L,1,11.100000000000023,53559.0,high,1,0,92.82
9658,L56837,L,299.0,310.0,1484,39.6,212,0,0,0,0,0,0,L,1,11.0,58766.4,high,1,0,94.92
9659,L56838,L,299.0,309.9,1548,34.5,214,0,0,0,0,0,0,L,1,10.899999999999977,53406.0,high,1,0,94.68
9660,L56839,L,298.9,309.8,1287,61.9,216,1,0,0,0,1,0,L,1,10.900000000000034,79665.3,high,1,1,150.96
9661,M24520,M,298.9,309.8,1392,43.1,218,0,0,0,0,0,0,M,1,10.900000000000034,59995.200000000004,high,1,0,98.0
9662,H39075,H,299.0,310.0,1458,44.9,221,0,0,0,0,0,0,H,1,11.0,65464.2,high,1,0,99.58
9663,M24522,M,299.1,310.1,1570,30.9,226,0,0,0,0,0,0,M,1,11.0,48513.0,high,1,0,98.78
9664,L56843,L,299.1,310.1,1435,48.8,229,1,0,0,0,1,0,L,1,11.0,70028.0,high,1,1,153.56
9665,L56844,L,299.1,310.2,1317,54.8,231,1,0,0,0,1,0,L,1,11.099999999999966,72171.59999999999,high,1,1,155.58
9666,L56845,L,299.2,310.3,1610,33.3,233,0,0,0,0,0,0,L,1,11.100000000000023,53612.99999999999,high,1,0,102.08
9667,M24526,M,299.1,310.3,1838,24.0,235,0,0,0,0,0,0,M,1,11.199999999999989,44112.0,high,1,0,101.04
9668,L56847,L,299.2,310.3,1352,48.9,238,1,0,0,0,1,0,L,1,11.100000000000023,66112.8,high,1,1,157.2
9669,L56848,L,299.1,310.3,1619,35.2,240,0,0,0,0,0,0,L,1,11.199999999999989,56988.8,high,1,0,105.28
9670,L56849,L,299.1,310.3,1619,31.1,242,0,0,0,0,0,0,L,1,11.199999999999989,50350.9,high,1,0,105.26
9671,L56850,L,299.0,310.2,1690,30.7,244,0,0,0,0,0,0,L,1,11.199999999999989,51883.0,high,1,0,105.98
9672,L56851,L,299.0,310.2,1412,44.1,246,0,0,0,0,0,0,L,1,11.199999999999989,62269.200000000004,high,1,0,109.46
9673,H39086,H,299.0,310.2,1744,31.5,0,0,0,0,0,0,0,H,1,11.199999999999989,54936.0,low,0,0,8.54
9674,M24533,M,299.0,310.1,1593,35.4,5,0,0,0,0,0,0,M,1,11.100000000000023,56392.2,low,0,0,11.3
9675,L56854,L,299.1,310.2,1695,29.6,8,0,0,0,0,0,0,L,1,11.099999999999966,50172.0,low,0,0,11.34
9676,M24535,M,299.0,310.2,1298,57.2,10,0,0,0,0,0,0,M,1,11.199999999999989,74245.6,low,0,0,17.68
9677,L56856,L,299.0,310.1,1886,21.2,13,0,0,0,0,0,0,L,1,11.100000000000023,39983.2,low,0,0,11.66
9678,L56857,L,299.0,310.1,2033,19.3,15,0,0,0,0,0,0,L,1,11.100000000000023,39236.9,low,0,0,12.08
9679,M24538,M,299.1,310.2,1711,28.1,17,0,0,0,0,0,0,M,1,11.099999999999966,48079.100000000006,low,0,0,14.64
9680,L56859,L,299.1,310.2,1598,33.4,20,0,0,0,0,0,0,L,1,11.099999999999966,53373.2,low,0,0,16.9
9681,L56860,L,299.1,310.1,1894,24.2,22,0,0,0,0,0,0,L,1,11.0,45834.799999999996,low,0,0,15.84
9682,M24541,M,299.1,310.1,1412,44.4,24,0,0,0,0,0,0,M,1,11.0,62692.799999999996,low,0,0,20.68
9683,L56862,L,299.1,310.0,1394,46.6,27,0,0,0,0,0,0,L,1,10.899999999999977,64960.4,low,0,0,22.3
9684,M24543,M,299.0,310.0,1338,56.4,29,0,0,0,0,0,0,M,1,11.0,75463.2,low,0,0,25.08
9685,H39098,H,298.9,309.9,1376,51.0,32,0,0,0,0,0,0,H,1,11.0,70176.0,low,0,0,25.2
9686,L56865,L,299.0,310.0,1360,48.1,37,0,0,0,0,0,0,L,1,11.0,65416.0,low,0,0,26.62
9687,L56866,L,299.1,310.1,1486,40.7,39,0,0,0,0,0,0,L,1,11.0,60480.200000000004,low,0,0,25.94
9688,M24547,M,299.1,310.1,1649,31.6,41,0,0,0,0,0,0,M,1,11.0,52108.4,low,0,0,24.92
9689,L56868,L,299.1,310.1,1367,45.6,44,0,0,0,0,0,0,L,1,11.0,62335.200000000004,low,0,0,28.92
9690,L56869,L,299.0,310.1,1362,59.5,46,0,0,0,0,0,0,L,1,11.100000000000023,81039.0,low,0,0,32.52
9691,M24550,M,298.9,310.0,1520,35.6,48,0,0,0,0,0,0,M,1,11.100000000000023,54112.0,low,0,0,28.54
9692,L56871,L,299.0,310.0,1582,31.9,51,0,0,0,0,0,0,L,1,11.0,50465.799999999996,mid,0,0,28.98
9693,M24552,M,299.0,310.0,1667,30.0,53,0,0,0,0,0,0,M,1,11.0,50010.0,mid,0,0,29.4
9694,L56873,L,298.9,310.0,1693,28.8,56,0,0,0,0,0,0,L,1,11.100000000000023,48758.4,mid,0,0,30.38
9695,L56874,L,298.9,310.0,1559,33.4,58,0,0,0,0,0,0,L,1,11.100000000000023,52070.6,mid,0,0,32.1
9696,L56875,L,298.9,309.9,1592,32.0,60,0,0,0,0,0,0,L,1,11.0,50944.0,mid,0,0,32.6
9697,L56876,L,298.9,309.9,1404,39.8,62,0,0,0,0,0,0,L,1,11.0,55879.2,mid,0,0,34.96
9698,M24557,M,298.8,309.8,1413,45.5,64,0,0,0,0,0,0,M,1,11.0,64291.5,mid,0,0,36.9
9699,L56878,L,298.8,309.8,1663,28.2,67,0,0,0,0,0,0,L,1,11.0,46896.6,mid,0,0,34.64
9700,L56879,L,298.8,309.8,1508,36.3,69,0,0,0,0,0,0,L,1,11.0,54740.399999999994,mid,0,0,37.06
9701,M24560,M,298.9,309.8,1353,53.7,71,0,0,0,0,0,0,M,1,10.900000000000034,72656.1,mid,0,0,41.32
9702,L56881,L,298.8,309.8,1485,42.4,74,0,0,0,0,0,0,L,1,11.0,62964.0,mid,0,0,40.28
9703,L56882,L,298.9,310.0,1633,31.2,76,0,0,0,0,0,0,L,1,11.100000000000023,50949.6,mid,0,0,38.86
9704,L56883,L,298.9,310.0,1422,43.6,78,0,0,0,0,0,0,L,1,11.100000000000023,61999.200000000004,mid,0,0,42.14
9705,L56884,L,298.9,310.1,1577,41.4,80,0,0,0,0,0,0,L,1,11.200000000000045,65287.799999999996,mid,0,0,42.52
9706,L56885,L,298.9,310.0,1482,41.1,82,0,0,0,0,0,0,L,1,11.100000000000023,60910.200000000004,mid,0,0,43.24
9707,M24566,M,299.0,310.1,1705,30.1,84,0,0,0,0,0,0,M,1,11.100000000000023,51320.5,mid,0,0,41.84
9708,L56887,L,299.0,310.1,1699,32.9,87,0,0,0,0,0,0,L,1,11.100000000000023,55897.1,mid,0,0,43.6
9709,L56888,L,299.0,310.1,1664,29.7,89,0,0,0,0,0,0,L,1,11.100000000000023,49420.799999999996,mid,0,0,43.76
9710,M24569,M,299.0,310.0,1486,34.6,91,0,0,0,0,0,0,M,1,11.0,51415.6,mid,0,0,45.52
9711,L56890,L,299.1,310.1,1336,61.3,94,0,0,0,0,0,0,L,1,11.0,81896.8,mid,0,0,52.06
9712,H39125,H,299.1,310.1,1429,42.9,96,0,0,0,0,0,0,H,1,11.0,61304.1,mid,0,0,49.18
9713,M24572,M,299.1,310.2,1456,48.4,101,0,0,0,0,0,0,M,1,11.099999999999966,70470.4,mid,0,0,52.3
9714,L56893,L,299.1,310.2,1496,45.0,104,0,0,0,0,0,0,L,1,11.099999999999966,67320.0,mid,0,0,52.82
9715,L56894,L,299.1,310.1,1894,20.1,106,0,0,0,0,0,0,L,1,11.0,38069.4,mid,0,0,48.62
9716,L56895,L,299.1,310.1,1373,55.6,108,0,0,0,0,0,0,L,1,11.0,76338.8,mid,0,0,56.52
9717,H39130,H,299.0,310.0,1387,45.2,110,0,0,0,0,0,0,H,1,11.0,62692.4,mid,0,0,55.24
9718,L56897,L,298.9,309.9,1500,44.2,115,0,0,0,0,0,0,L,1,11.0,66300.0,mid,0,0,57.04
9719,L56898,L,298.9,309.9,1517,36.6,117,0,0,0,0,0,0,L,1,11.0,55522.200000000004,mid,0,0,56.32
9720,L56899,L,298.9,309.9,1309,56.2,119,0,0,0,0,0,0,L,1,11.0,73565.8,mid,0,0,61.04
9721,M24580,M,298.9,309.9,1357,54.5,121,0,0,0,0,0,0,M,1,11.0,73956.5,mid,0,0,61.5
9722,L56901,L,298.8,309.8,1490,40.6,124,0,0,0,0,0,0,L,1,11.0,60494.0,mid,0,0,59.92
9723,H39136,H,298.8,309.8,1911,21.6,126,0,0,0,0,0,0,H,1,11.0,41277.600000000006,mid,0,0,56.92
9724,L56903,L,298.8,309.8,1599,33.6,131,0,0,0,0,0,0,L,1,11.0,53726.4,mid,0,0,61.32
9725,M24584,M,298.8,309.7,2098,19.0,133,0,0,0,0,0,0,M,1,10.899999999999977,39862.0,mid,0,0,59.18
9726,M24585,M,298.7,309.7,1629,27.9,136,0,0,0,0,0,0,M,1,11.0,45449.1,mid,0,0,62.18
9727,L56906,L,298.8,309.8,1557,37.2,139,0,0,0,0,0,0,L,1,11.0,57920.4,mid,0,0,65.24
9728,L56907,L,298.8,309.8,1461,39.4,141,0,0,0,0,0,0,L,1,11.0,57563.4,mid,0,0,66.48
9729,L56908,L,298.8,309.8,1563,33.7,143,0,0,0,0,0,0,L,1,11.0,52673.100000000006,mid,0,0,66.14
9730,L56909,L,298.7,309.8,1695,29.0,145,0,0,0,0,0,0,L,1,11.100000000000023,49155.0,mid,0,0,66.02
9731,L56910,L,298.8,310.0,1528,36.7,147,0,0,0,0,0,0,L,1,11.199999999999989,56077.600000000006,mid,0,0,68.38
9732,L56911,L,298.8,310.0,1389,49.6,149,0,0,0,0,0,0,L,1,11.199999999999989,68894.40000000001,mid,0,0,71.76
9733,L56912,L,298.9,310.0,2231,17.4,151,0,0,0,0,0,0,L,1,11.100000000000023,38819.399999999994,high,0,0,66.1
9734,M24593,M,298.9,310.1,1442,42.9,153,0,0,0,0,0,0,M,1,11.200000000000045,61861.799999999996,high,0,0,72.02
9735,H39148,H,298.9,310.1,1458,44.3,156,0,0,0,0,0,0,H,1,11.200000000000045,64589.399999999994,high,0,0,73.5
9736,L56915,L,299.0,310.1,1444,47.7,161,0,0,0,0,0,0,L,1,11.100000000000023,68878.8,high,0,0,76.16
9737,M24596,M,298.9,310.0,1348,58.2,163,0,0,0,0,0,0,M,1,11.100000000000023,78453.6,high,0,0,79.06
9738,L56917,L,298.9,310.0,1791,27.6,166,0,0,0,0,0,0,L,1,11.100000000000023,49431.600000000006,high,0,0,74.14
9739,L56918,L,299.0,310.0,1509,38.0,168,0,0,0,0,0,0,L,1,11.0,57342.0,high,0,0,77.0
9740,L56919,L,298.9,310.0,1515,42.9,170,0,0,0,0,0,0,L,1,11.100000000000023,64993.5,high,0,0,78.8
9741,M24600,M,298.9,310.1,1655,31.5,172,0,0,0,0,0,0,M,1,11.200000000000045,52132.5,high,0,0,77.34
9742,L56921,L,298.9,310.1,1495,42.9,175,0,0,0,0,0,0,L,1,11.200000000000045,64135.5,high,0,0,80.82
9743,L56922,L,298.9,310.2,1623,37.2,177,0,0,0,0,0,0,L,1,11.300000000000011,60375.600000000006,high,0,0,80.5
9744,L56923,L,298.9,310.2,1562,42.5,179,0,0,0,0,0,0,L,1,11.300000000000011,66385.0,high,0,0,82.36
9745,L56924,L,298.8,310.1,1574,36.2,181,0,0,0,0,0,0,L,1,11.300000000000011,56978.8,high,0,0,81.9
9746,L56925,L,298.8,310.0,1611,32.4,183,0,0,0,0,0,0,L,1,11.199999999999989,52196.399999999994,high,0,0,81.92
9747,L56926,L,298.8,310.0,1403,45.6,185,0,0,0,0,0,0,L,1,11.199999999999989,63976.8,high,0,0,85.36
9748,L56927,L,298.8,310.1,1481,47.4,187,0,0,0,0,0,0,L,1,11.300000000000011,70199.4,high,0,0,86.54
9749,M24608,M,298.9,310.1,1441,41.2,189,0,0,0,0,0,0,M,1,11.200000000000045,59369.200000000004,high,0,0,86.08
9750,H39163,H,298.8,310.1,1483,45.4,192,0,0,0,0,0,0,H,1,11.300000000000011,67328.2,high,0,0,88.14
9751,L56930,L,298.7,310.0,1555,32.6,197,0,0,0,0,0,0,L,1,11.300000000000011,50693.0,high,0,0,87.58
9752,L56931,L,298.6,309.9,1615,28.8,199,0,0,0,0,0,0,L,1,11.299999999999955,46512.0,high,0,0,87.62
9753,L56932,L,298.6,309.8,1561,32.6,201,0,0,0,0,0,0,L,1,11.199999999999989,50888.600000000006,high,1,0,89.16
9754,L56933,L,298.5,309.8,1593,35.1,203,0,0,0,0,0,0,L,1,11.300000000000011,55914.3,high,1,0,90.48
9755,M24614,M,298.5,309.7,1552,34.0,205,0,0,0,0,0,0,M,1,11.199999999999989,52768.0,high,1,0,91.04
9756,H39169,H,298.5,309.7,1561,35.3,208,0,0,0,0,0,0,H,1,11.199999999999989,55103.299999999996,high,1,0,92.5
9757,L56936,L,298.6,309.8,1597,35.9,213,0,0,0,0,0,0,L,1,11.199999999999989,57332.299999999996,high,1,0,94.62
9758,M24617,M,298.6,309.9,1517,34.0,215,0,0,0,0,0,0,M,1,11.299999999999955,51578.0,high,1,0,95.06
9759,L56938,L,298.6,309.8,2271,16.2,218,1,1,0,0,0,0,L,1,11.199999999999989,36790.2,high,1,1,142.68
9760,L56939,L,298.5,309.7,1613,36.7,0,0,0,0,0,0,0,L,1,11.199999999999989,59197.100000000006,low,0,0,9.58
9761,M24620,M,298.5,309.6,1509,47.3,2,0,0,0,0,0,0,M,1,11.100000000000023,71375.7,low,0,0,12.48
9762,L56941,L,298.6,309.7,1703,26.1,5,0,0,0,0,0,0,L,1,11.099999999999966,44448.3,low,0,0,9.44
9763,L56942,L,298.6,309.7,1925,22.1,7,0,0,0,0,0,0,L,1,11.099999999999966,42542.5,low,0,0,9.44
9764,M24623,M,298.6,309.6,1635,29.7,9,0,0,0,0,0,0,M,1,11.0,48559.5,low,0,0,11.74
9765,L56944,L,298.5,309.5,1294,66.7,12,1,0,0,1,0,0,L,1,11.0,86309.8,low,0,1,70.34
9766,L56945,L,298.6,309.6,1472,39.1,14,0,0,0,0,0,0,L,1,11.0,57555.200000000004,low,0,0,15.62
9767,H39180,H,298.6,309.6,1449,42.5,16,0,0,0,0,0,0,H,1,11.0,61582.5,low,0,0,17.1
9768,L56947,L,298.6,309.6,1563,35.0,21,0,0,0,0,0,0,L,1,11.0,54705.0,low,0,0,17.6
9769,L56948,L,298.6,309.6,1611,35.7,23,0,0,0,0,0,0,L,1,11.0,57512.700000000004,low,0,0,18.54
9770,L56949,L,298.6,309.6,1386,48.6,25,0,0,0,0,0,0,L,1,11.0,67359.6,low,0,0,21.92
9771,H39184,H,298.6,309.5,1584,31.8,27,0,0,0,0,0,0,H,1,10.899999999999977,50371.200000000004,low,0,0,19.34
9772,M24631,M,298.7,309.6,1424,50.4,32,0,0,0,0,0,0,M,1,10.900000000000034,71769.59999999999,low,0,0,25.06
9773,L56952,L,298.5,309.5,1561,34.8,35,0,0,0,0,0,0,L,1,11.0,54322.799999999996,low,0,0,23.16
9774,L56953,L,298.5,309.4,1560,37.9,37,0,0,0,0,0,0,L,1,10.899999999999977,59124.0,low,0,0,24.56
9775,H39188,H,298.6,309.5,1375,41.0,39,0,0,0,0,0,0,H,1,10.899999999999977,56375.0,low,0,0,25.98
9776,M24635,M,298.6,309.5,1684,27.8,44,0,0,0,0,0,0,M,1,10.899999999999977,46815.200000000004,low,0,0,25.34
9777,M24636,M,298.6,309.6,1397,54.1,47,0,0,0,0,0,0,M,1,11.0,75577.7,low,0,0,31.82
9778,L56957,L,298.6,309.6,1387,57.6,50,0,0,0,0,0,0,L,1,11.0,79891.2,low,0,0,33.72
9779,H39192,H,298.7,309.7,1311,54.5,52,0,0,0,0,0,0,H,1,11.0,71449.5,mid,0,0,33.9
9780,L56959,L,298.8,309.8,1509,36.2,57,0,0,0,0,0,0,L,1,11.0,54625.8,mid,0,0,32.24
9781,M24640,M,298.8,309.8,1477,46.7,59,0,0,0,0,0,0,M,1,11.0,68975.90000000001,mid,0,0,35.14
9782,L56961,L,298.8,309.9,1441,41.6,62,0,0,0,0,0,0,L,1,11.099999999999966,59945.6,mid,0,0,35.34
9783,L56962,L,298.7,309.9,1404,47.1,64,0,0,0,0,0,0,L,1,11.199999999999989,66128.40000000001,mid,0,0,37.26
9784,H39197,H,298.8,309.9,1466,44.6,66,0,0,0,0,0,0,H,1,11.099999999999966,65383.6,mid,0,0,37.54
9785,M24644,M,298.7,309.8,1435,48.8,71,0,0,0,0,0,0,M,1,11.100000000000023,70028.0,mid,0,0,40.38
9786,H39199,H,298.7,309.7,1697,29.8,74,0,0,0,0,0,0,H,1,11.0,50570.6,mid,0,0,37.76
9787,M24646,M,298.7,309.6,1738,27.3,79,0,0,0,0,0,0,M,1,10.900000000000034,47447.4,mid,0,0,39.24
9788,H39201,H,298.6,309.5,1420,50.4,82,0,0,0,0,0,0,H,1,10.899999999999977,71568.0,mid,0,0,45.06
9789,M24648,M,298.5,309.5,1535,39.8,87,0,0,0,0,0,0,M,1,11.0,61092.99999999999,mid,0,0,44.96
9790,L56969,L,298.6,309.6,1715,28.4,90,0,0,0,0,0,0,L,1,11.0,48706.0,mid,0,0,43.88
9791,L56970,L,298.6,309.5,1483,43.2,92,0,0,0,0,0,0,L,1,10.899999999999977,64065.600000000006,mid,0,0,47.62
9792,M24651,M,298.5,309.4,1521,37.5,94,0,0,0,0,0,0,M,1,10.899999999999977,57037.5,mid,0,0,47.28
9793,H39206,H,298.5,309.4,1573,36.0,97,0,0,0,0,0,0,H,1,10.899999999999977,56628.0,mid,0,0,48.18
9794,H39207,H,298.5,309.4,1414,46.7,102,0,0,0,0,0,0,H,1,10.899999999999977,66033.8,mid,0,0,52.32
9795,L56974,L,298.5,309.3,1590,33.9,107,0,0,0,0,0,0,L,1,10.800000000000011,53901.0,mid,0,0,51.74
9796,L56975,L,298.5,309.3,1623,33.1,109,0,0,0,0,0,0,L,1,10.800000000000011,53721.3,mid,0,0,52.38
9797,H39210,H,298.4,309.3,1694,30.9,111,0,0,0,0,0,0,H,1,10.900000000000034,52344.6,mid,0,0,52.76
9798,M24657,M,298.4,309.2,1597,33.5,116,0,0,0,0,0,0,M,1,10.800000000000011,53499.5,mid,0,0,55.26
9799,L56978,L,298.5,309.3,1471,44.7,119,0,0,0,0,0,0,L,1,10.800000000000011,65753.7,mid,0,0,58.7
9800,M24659,M,298.5,309.3,1551,34.7,121,0,0,0,0,0,0,M,1,10.800000000000011,53819.700000000004,mid,0,0,57.5
9801,H39214,H,298.5,309.3,1421,50.3,124,0,0,0,0,0,0,H,1,10.800000000000011,71476.3,mid,0,0,61.82
9802,M24661,M,298.4,309.3,1496,45.6,129,0,0,0,0,0,0,M,1,10.900000000000034,68217.6,mid,0,0,62.9
9803,H39216,H,298.4,309.3,1984,19.2,132,0,0,0,0,0,0,H,1,10.900000000000034,38092.799999999996,mid,0,0,58.82
9804,L56983,L,298.4,309.2,1692,29.8,137,0,0,0,0,0,0,L,1,10.800000000000011,50421.6,mid,0,0,62.92
9805,L56984,L,298.4,309.1,1467,42.5,139,0,0,0,0,0,0,L,1,10.700000000000045,62347.5,mid,0,0,66.24
9806,L56985,L,298.4,309.2,1651,28.5,141,0,0,0,0,0,0,L,1,10.800000000000011,47053.5,mid,0,0,64.26
9807,L56986,L,298.3,309.1,1417,60.5,143,0,0,0,0,0,0,L,1,10.800000000000011,85728.5,mid,0,0,71.46
9808,L56987,L,298.2,309.0,1413,55.0,145,0,0,0,0,0,0,L,1,10.800000000000011,77715.0,mid,0,0,71.16
9809,M24668,M,298.2,309.0,1441,44.2,147,0,0,0,0,0,0,M,1,10.800000000000011,63692.200000000004,mid,0,0,69.8
9810,M24669,M,298.2,309.0,1353,50.3,150,0,0,0,0,0,0,M,1,10.800000000000011,68055.9,mid,0,0,72.22
9811,L56990,L,298.1,309.0,1502,40.9,153,0,0,0,0,0,0,L,1,10.899999999999977,61431.799999999996,high,0,0,71.56
9812,L56991,L,298.2,309.0,1610,31.7,155,0,0,0,0,0,0,L,1,10.800000000000011,51037.0,high,0,0,70.5
9813,M24672,M,298.2,309.1,1411,45.8,157,0,0,0,0,0,0,M,1,10.900000000000034,64623.799999999996,high,0,0,74.14
9814,L56993,L,298.3,309.1,1387,52.3,160,0,0,0,0,0,0,L,1,10.800000000000011,72540.09999999999,high,0,0,76.62
9815,H39228,H,298.3,309.1,1430,40.9,162,0,0,0,0,0,0,H,1,10.800000000000011,58487.0,high,0,0,75.14
9816,M24675,M,298.4,309.1,1576,38.8,167,0,0,0,0,0,0,M,1,10.700000000000045,61148.799999999996,high,0,0,76.7
9817,M24676,M,298.5,309.2,1721,29.4,170,0,0,0,0,0,0,M,1,10.699999999999989,50597.399999999994,high,0,0,76.02
9818,M24677,M,298.5,309.3,1465,42.4,173,0,0,0,0,0,0,M,1,10.800000000000011,62116.0,high,0,0,79.84
9819,M24678,M,298.6,309.4,1407,45.1,176,0,0,0,0,0,0,M,1,10.799999999999955,63455.700000000004,high,0,0,81.58
9820,M24679,M,298.6,309.4,1464,36.9,179,0,0,0,0,0,0,M,1,10.799999999999955,54021.6,high,0,0,81.14
9821,M24680,M,298.6,309.5,1568,36.7,182,0,0,0,0,0,0,M,1,10.899999999999977,57545.600000000006,high,0,0,82.32
9822,L57001,L,298.6,309.4,1667,35.6,185,0,0,0,0,0,0,L,1,10.799999999999955,59345.200000000004,high,0,0,83.28
9823,L57002,L,298.5,309.4,1360,60.9,187,1,0,0,0,1,0,L,1,10.899999999999977,82824.0,high,0,1,139.16
9824,M24683,M,298.5,309.3,1488,43.7,189,0,0,0,0,0,0,M,1,10.800000000000011,65025.600000000006,high,0,0,86.5
9825,L57004,L,298.4,309.3,1504,39.3,192,0,0,0,0,0,0,L,1,10.900000000000034,59107.2,high,0,0,86.84
9826,L57005,L,298.4,309.2,1610,32.4,194,0,0,0,0,0,0,L,1,10.800000000000011,52164.0,high,0,0,86.24
9827,L57006,L,298.4,309.2,1345,52.7,196,0,0,0,0,0,0,L,1,10.800000000000011,70881.5,high,0,0,91.1
9828,M24687,M,298.3,309.3,1376,57.0,198,0,0,0,0,0,0,M,1,11.0,78432.0,high,0,0,92.8
9829,L57008,L,298.4,309.4,1385,50.0,201,0,0,0,0,0,0,L,1,11.0,69250.0,high,1,0,92.6
9830,M24689,M,298.4,309.4,1429,41.8,203,0,0,0,0,0,0,M,1,11.0,59732.2,high,1,0,91.76
9831,L57010,L,298.3,309.3,1337,56.1,206,1,0,0,0,1,0,L,1,11.0,75005.7,high,1,1,145.82
9832,L57011,L,298.4,309.3,1542,35.4,208,0,0,0,0,0,0,L,1,10.900000000000034,54586.799999999996,high,1,0,92.46
9833,L57012,L,298.4,309.2,2118,17.7,210,0,0,0,0,0,0,L,1,10.800000000000011,37488.6,high,1,0,89.7
9834,L57013,L,298.3,309.1,1386,45.3,212,0,0,0,0,0,0,L,1,10.800000000000011,62785.799999999996,high,1,0,96.02
9835,M24694,M,298.3,309.1,1632,32.7,0,0,0,0,0,0,0,M,1,10.800000000000011,53366.4,low,0,0,8.7
9836,L57015,L,298.4,309.3,1545,36.9,3,0,0,0,0,0,0,L,1,10.900000000000034,57010.5,low,0,0,10.76
9837,M24696,M,298.4,309.3,1390,53.6,5,0,0,0,0,0,0,M,1,10.900000000000034,74504.0,low,0,0,14.9
9838,M24697,M,298.4,309.3,1355,50.6,8,0,0,0,0,0,0,M,1,10.900000000000034,68563.0,low,0,0,15.5
9839,L57018,L,298.4,309.2,1425,45.5,11,0,0,0,0,0,0,L,1,10.800000000000011,64837.5,low,0,0,15.66
9840,M24699,M,298.4,309.2,1491,51.2,13,0,0,0,0,0,0,M,1,10.800000000000011,76339.2,low,0,0,17.6
9841,H39254,H,298.3,309.2,1486,42.4,16,0,0,0,0,0,0,H,1,10.899999999999977,63006.4,low,0,0,17.06
9842,M24701,M,298.3,309.2,1359,51.4,21,0,0,0,0,0,0,M,1,10.899999999999977,69852.59999999999,low,0,0,20.86
9843,L57022,L,298.4,309.3,1395,47.6,24,0,0,0,0,0,0,L,1,10.900000000000034,66402.0,low,0,0,21.3
9844,L57023,L,298.3,309.2,1383,52.1,26,0,0,0,0,0,0,L,1,10.899999999999977,72054.3,low,0,0,23.0
9845,H39258,H,298.3,309.1,1484,37.0,28,0,0,0,0,0,0,H,1,10.800000000000011,54908.0,low,0,0,20.76
9846,L57025,L,298.3,309.1,1421,47.4,33,0,0,0,0,0,0,L,1,10.800000000000011,67355.4,low,0,0,24.84
9847,L57026,L,298.3,309.0,1339,58.8,35,0,0,0,0,0,0,L,1,10.699999999999989,78733.2,low,0,0,27.9
9848,L57027,L,298.4,309.1,1362,46.1,37,0,0,0,0,0,0,L,1,10.700000000000045,62788.200000000004,low,0,0,26.16
9849,H39262,H,298.5,309.2,1568,40.6,39,0,0,0,0,0,0,H,1,10.699999999999989,63660.8,low,0,0,25.86
9850,L57029,L,298.6,309.4,2312,15.5,44,0,0,0,0,0,0,L,1,10.799999999999955,35836.0,low,0,0,22.86
9851,M24710,M,298.5,309.3,1498,34.6,46,0,0,0,0,0,0,M,1,10.800000000000011,51830.8,low,0,0,27.48
9852,M24711,M,298.5,309.3,1761,27.2,49,0,0,0,0,0,0,M,1,10.800000000000011,47899.2,low,0,0,27.2
9853,L57032,L,298.6,309.4,1316,51.4,52,0,0,0,0,0,0,L,1,10.799999999999955,67642.4,mid,0,0,33.24
9854,L57033,L,298.6,309.4,1525,37.8,54,0,0,0,0,0,0,L,1,10.799999999999955,57644.99999999999,mid,0,0,31.32
9855,H39268,H,298.6,309.4,1362,45.3,56,0,0,0,0,0,0,H,1,10.799999999999955,61698.6,mid,0,0,33.62
9856,L57035,L,298.7,309.6,1516,38.5,61,0,0,0,0,0,0,L,1,10.900000000000034,58366.0,mid,0,0,34.28
9857,L57036,L,298.6,309.5,1450,44.2,63,0,0,0,0,0,0,L,1,10.899999999999977,64090.00000000001,mid,0,0,36.22
9858,M24717,M,298.6,309.5,1366,55.0,65,0,0,0,0,0,0,M,1,10.899999999999977,75130.0,mid,0,0,39.18
9859,L57038,L,298.5,309.5,1547,33.1,68,0,0,0,0,0,0,L,1,11.0,51205.700000000004,mid,0,0,36.02
9860,M24719,M,298.6,309.5,1580,33.9,70,0,0,0,0,0,0,M,1,10.899999999999977,53562.0,mid,0,0,36.96
9861,H39274,H,298.7,309.6,1755,26.9,73,0,0,0,0,0,0,H,1,10.900000000000034,47209.5,mid,0,0,36.76
9862,M24721,M,298.7,309.6,1800,24.8,78,0,0,0,0,0,0,M,1,10.900000000000034,44640.0,mid,0,0,38.34
9863,M24722,M,298.8,309.7,1439,45.8,81,0,0,0,0,0,0,M,1,10.899999999999977,65906.2,mid,0,0,43.74
9864,L57043,L,298.9,309.8,1411,56.3,84,0,0,0,0,0,0,L,1,10.900000000000034,79439.3,mid,0,0,47.04
9865,M24724,M,298.9,309.9,1645,31.4,86,0,0,0,0,0,0,M,1,11.0,51653.0,mid,0,0,42.88
9866,M24725,M,298.9,309.8,2450,13.9,89,0,0,0,0,0,0,M,1,10.900000000000034,34055.0,mid,0,0,40.56
9867,L57046,L,299.0,309.9,1630,34.0,92,0,0,0,0,0,0,L,1,10.899999999999977,55420.0,mid,0,0,45.78
9868,L57047,L,299.0,309.9,1411,44.7,94,0,0,0,0,0,0,L,1,10.899999999999977,63071.700000000004,mid,0,0,48.72
9869,L57048,L,298.9,309.9,1526,35.4,96,0,0,0,0,0,0,L,1,11.0,54020.4,mid,0,0,47.68
9870,L57049,L,298.9,309.9,1590,31.3,98,0,0,0,0,0,0,L,1,11.0,49767.0,mid,0,0,47.66
9871,H39284,H,299.0,309.9,1884,25.6,100,0,0,0,0,0,0,H,1,10.899999999999977,48230.4,mid,0,0,47.3
9872,M24731,M,298.9,309.8,1947,21.7,105,0,0,0,0,0,0,M,1,10.900000000000034,42249.9,mid,0,0,48.52
9873,L57052,L,298.9,309.9,1373,52.1,108,0,0,0,0,0,0,L,1,11.0,71533.3,mid,0,0,55.82
9874,L57053,L,298.9,309.8,1616,36.5,110,0,0,0,0,0,0,L,1,10.900000000000034,58984.0,mid,0,0,53.48
9875,M24734,M,298.9,309.9,1449,44.1,112,0,0,0,0,0,0,M,1,11.0,63900.9,mid,0,0,55.82
9876,M24735,M,298.9,309.8,1363,50.6,115,0,0,0,0,0,0,M,1,10.900000000000034,68967.8,mid,0,0,58.3
9877,H39290,H,298.8,309.7,1461,55.1,118,0,0,0,0,0,0,H,1,10.899999999999977,80501.1,mid,0,0,60.4
9878,L57057,L,298.8,309.7,1374,58.6,123,0,0,0,0,0,0,L,1,10.899999999999977,80516.40000000001,mid,0,0,63.1
9879,L57058,L,298.7,309.7,1293,59.1,125,0,0,0,0,0,0,L,1,11.0,76416.3,mid,0,0,64.02
9880,M24739,M,298.8,309.8,1490,38.6,127,0,0,0,0,0,0,M,1,11.0,57514.0,mid,0,0,60.72
9881,L57060,L,298.8,309.8,1753,27.5,130,0,0,0,0,0,0,L,1,11.0,48207.5,mid,0,0,59.7
9882,L57061,L,298.8,309.8,1493,38.5,132,0,0,0,0,0,0,L,1,11.0,57480.5,mid,0,0,62.7
9883,L57062,L,298.8,309.8,1895,22.0,134,0,0,0,0,0,0,L,1,11.0,41690.0,mid,0,0,60.2
9884,H39297,H,298.7,309.6,1654,34.3,136,0,0,0,0,0,0,H,1,10.900000000000034,56732.2,mid,0,0,63.44
9885,L57064,L,298.7,309.5,1673,30.8,141,0,0,0,0,0,0,L,1,10.800000000000011,51528.4,mid,0,0,64.72
9886,L57065,L,298.8,309.6,1613,27.7,143,0,0,0,0,0,0,L,1,10.800000000000011,44680.1,mid,0,0,64.9
9887,L57066,L,298.8,309.6,1903,22.3,145,0,0,0,0,0,0,L,1,10.800000000000011,42436.9,mid,0,0,64.62
9888,L57067,L,298.8,309.5,1368,44.7,147,0,0,0,0,0,0,L,1,10.699999999999989,61149.600000000006,mid,0,0,69.88
9889,M24748,M,298.8,309.6,1575,34.4,149,0,0,0,0,0,0,M,1,10.800000000000011,54180.0,mid,0,0,68.64
9890,H39303,H,298.8,309.6,1516,40.2,152,0,0,0,0,0,0,H,1,10.800000000000011,60943.200000000004,high,0,0,71.0
9891,L57070,L,298.8,309.5,1645,32.8,157,0,0,0,0,0,0,L,1,10.699999999999989,53955.99999999999,high,0,0,71.5
9892,L57071,L,298.8,309.5,1374,48.1,159,0,0,0,0,0,0,L,1,10.699999999999989,66089.40000000001,high,0,0,75.36
9893,H39306,H,298.9,309.7,1407,48.6,161,0,0,0,0,0,0,H,1,10.800000000000011,68380.2,high,0,0,76.28
9894,M24753,M,298.9,309.6,1284,55.3,166,0,0,0,0,0,0,M,1,10.700000000000045,71005.2,high,0,0,79.6
9895,L57074,L,298.9,309.5,1645,31.1,169,0,0,0,0,0,0,L,1,10.600000000000023,51159.5,high,0,0,75.94
9896,L57075,L,298.8,309.4,1387,54.1,171,0,0,0,0,0,0,L,1,10.599999999999966,75036.7,high,0,0,81.34
9897,M24756,M,298.8,309.3,1618,35.1,173,0,0,0,0,0,0,M,1,10.5,56791.8,high,0,0,78.32
9898,L57077,L,298.8,309.3,1357,47.1,176,0,0,0,0,0,0,L,1,10.5,63914.700000000004,high,0,0,81.92
9899,L57078,L,298.7,309.2,1396,44.8,178,0,0,0,0,0,0,L,1,10.5,62540.799999999996,high,0,0,82.26
9900,L57079,L,298.7,309.2,1586,31.4,180,0,0,0,0,0,0,L,1,10.5,49800.399999999994,high,0,0,80.38
9901,H39314,H,298.7,309.2,1449,42.3,182,0,0,0,0,0,0,H,1,10.5,61292.7,high,0,0,83.36
9902,M24761,M,298.7,309.2,1423,48.9,187,0,0,0,0,0,0,M,1,10.5,69584.7,high,0,0,86.68
9903,H39316,H,298.7,309.3,1402,45.3,190,0,0,0,0,0,0,H,1,10.600000000000023,63510.6,high,0,0,87.18
9904,M24763,M,298.7,309.2,1437,45.7,195,0,0,0,0,0,0,M,1,10.5,65670.90000000001,high,0,0,89.24
9905,L57084,L,298.6,309.1,1537,35.7,198,0,0,0,0,0,0,L,1,10.5,54870.9,high,0,0,88.44
9906,M24765,M,298.7,309.1,1423,49.5,200,0,0,0,0,0,0,M,1,10.400000000000034,70438.5,high,1,0,91.98
9907,M24766,M,298.6,309.1,1587,37.3,203,0,0,0,0,0,0,M,1,10.5,59195.1,high,1,0,90.76
9908,M24767,M,298.6,309.1,1487,43.2,206,0,0,0,0,0,0,M,1,10.5,64238.4,high,1,0,93.14
9909,L57088,L,298.6,309.0,1456,47.7,0,0,0,0,0,0,0,L,1,10.399999999999977,69451.2,low,0,0,11.62
9910,L57089,L,298.7,309.1,1607,32.7,2,0,0,0,0,0,0,L,1,10.400000000000034,52548.9,low,0,0,9.42
9911,L57090,L,298.6,309.0,1469,46.0,4,0,0,0,0,0,0,L,1,10.399999999999977,67574.0,low,0,0,12.88
9912,M24771,M,298.6,309.0,1481,40.8,6,0,0,0,0,0,0,M,1,10.399999999999977,60424.799999999996,low,0,0,12.64
9913,L57092,L,298.6,308.9,1327,58.8,9,0,0,0,0,0,0,L,1,10.299999999999955,78027.59999999999,low,0,0,17.42
9914,L57093,L,298.5,308.8,1589,30.6,11,0,0,0,0,0,0,L,1,10.300000000000011,48623.4,low,0,0,12.58
9915,L57094,L,298.5,308.8,1670,29.6,13,0,0,0,0,0,0,L,1,10.300000000000011,49432.0,low,0,0,13.18
9916,M24775,M,298.5,308.7,1662,28.3,15,0,0,0,0,0,0,M,1,10.199999999999989,47034.6,low,0,0,13.7
9917,M24776,M,298.5,308.8,1553,34.9,18,0,0,0,0,0,0,M,1,10.300000000000011,54199.7,low,0,0,16.24
9918,M24777,M,298.5,308.8,1557,36.0,21,0,0,0,0,0,0,M,1,10.300000000000011,56052.0,low,0,0,17.66
9919,L57098,L,298.4,308.8,1352,56.7,24,0,0,0,0,0,0,L,1,10.400000000000034,76658.40000000001,low,0,0,23.02
9920,L57099,L,298.5,308.8,1305,58.7,26,0,0,0,0,0,0,L,1,10.300000000000011,76603.5,low,0,0,24.2
9921,H39334,H,298.5,308.7,1450,43.9,28,0,0,0,0,0,0,H,1,10.199999999999989,63655.0,low,0,0,22.02
9922,M24781,M,298.5,308.7,1347,48.5,33,0,0,0,0,0,0,M,1,10.199999999999989,65329.5,low,0,0,24.94
9923,H39336,H,298.6,308.8,1566,39.1,36,0,0,0,0,0,0,H,1,10.199999999999989,61230.600000000006,low,0,0,24.26
9924,M24783,M,298.5,308.7,1615,33.3,41,0,0,0,0,0,0,M,1,10.199999999999989,53779.49999999999,low,0,0,25.1
9925,M24784,M,298.5,308.6,1384,54.4,44,0,0,0,0,0,0,M,1,10.100000000000023,75289.59999999999,low,0,0,30.5
9926,M24785,M,298.5,308.7,1367,47.3,47,0,0,0,0,0,0,M,1,10.199999999999989,64659.1,low,0,0,30.3
9927,M24786,M,298.5,308.6,1897,20.2,50,0,0,0,0,0,0,M,1,10.100000000000023,38319.4,low,0,0,26.06
9928,L57107,L,298.5,308.6,1522,36.9,53,0,0,0,0,0,0,L,1,10.100000000000023,56161.799999999996,mid,0,0,30.6
9929,M24788,M,298.4,308.5,1576,27.4,55,0,0,0,0,0,0,M,1,10.100000000000023,43182.399999999994,mid,0,0,29.5
9930,H39343,H,298.4,308.4,1479,39.2,58,0,0,0,0,0,0,H,1,10.0,57976.8,mid,0,0,33.04
9931,L57110,L,298.3,308.3,1452,45.5,63,0,0,0,0,0,0,L,1,10.0,66066.0,mid,0,0,36.3
9932,L57111,L,298.3,308.3,1432,46.9,65,0,0,0,0,0,0,L,1,10.0,67160.8,mid,0,0,37.38
9933,L57112,L,298.3,308.2,1663,28.4,67,0,0,0,0,0,0,L,1,9.899999999999977,47229.2,mid,0,0,34.46
9934,L57113,L,298.3,308.3,1597,32.4,69,0,0,0,0,0,0,L,1,10.0,51742.799999999996,mid,0,0,36.08
9935,L57114,L,298.3,308.2,1472,44.3,71,0,0,0,0,0,0,L,1,9.899999999999977,65209.6,mid,0,0,39.24
9936,L57115,L,298.4,308.3,1452,48.5,73,0,0,0,0,0,0,L,1,9.900000000000034,70422.0,mid,0,0,40.88
9937,H39350,H,298.3,308.2,1534,33.2,75,0,0,0,0,0,0,H,1,9.899999999999977,50928.8,mid,0,0,38.62
9938,L57117,L,298.3,308.1,1505,46.1,80,0,0,0,0,0,0,L,1,9.800000000000011,69380.5,mid,0,0,43.18
9939,L57118,L,298.3,308.1,1528,33.9,82,0,0,0,0,0,0,L,1,9.800000000000011,51799.2,mid,0,0,41.54
9940,H39353,H,298.3,308.1,2636,12.8,84,0,0,0,0,0,0,H,1,9.800000000000011,33740.8,mid,0,0,38.12
9941,M24800,M,298.3,308.1,1722,28.6,89,0,0,0,0,0,0,M,1,9.800000000000011,49249.200000000004,mid,0,0,43.28
9942,L57121,L,298.4,308.1,1395,44.0,92,0,0,0,0,0,0,L,1,9.700000000000045,61380.0,mid,0,0,47.54
9943,L57122,L,298.4,308.1,1375,50.8,94,0,0,0,0,0,0,L,1,9.700000000000045,69850.0,mid,0,0,49.7
9944,M24803,M,298.3,308.0,1766,26.0,96,0,0,0,0,0,0,M,1,9.699999999999989,45916.0,mid,0,0,45.54
9945,L57124,L,298.3,307.9,1399,47.8,99,0,0,0,0,0,0,L,1,9.599999999999966,66872.2,mid,0,0,51.08
9946,L57125,L,298.3,308.0,1578,37.8,101,0,0,0,0,0,0,L,1,9.699999999999989,59648.399999999994,mid,0,0,49.9
9947,L57126,L,298.3,307.9,1502,42.0,103,0,0,0,0,0,0,L,1,9.599999999999966,63084.0,mid,0,0,51.52
9948,M24807,M,298.2,307.9,1529,36.6,105,0,0,0,0,0,0,M,1,9.699999999999989,55961.4,mid,0,0,51.26
9949,L57128,L,298.2,307.8,1804,25.1,108,0,0,0,0,0,0,L,1,9.600000000000023,45280.4,mid,0,0,50.14
9950,M24809,M,298.2,307.8,1411,53.4,110,0,0,0,0,0,0,M,1,9.600000000000023,75347.4,mid,0,0,56.6
9951,L57130,L,298.1,307.8,1413,54.1,113,0,0,0,0,0,0,L,1,9.699999999999989,76443.3,mid,0,0,57.96
9952,L57131,L,298.2,307.8,1355,59.4,115,0,0,0,0,0,0,L,1,9.600000000000023,80487.0,mid,0,0,59.8
9953,L57132,L,298.2,307.8,1429,46.9,117,0,0,0,0,0,0,L,1,9.600000000000023,67020.09999999999,mid,0,0,58.1
9954,L57133,L,298.1,307.8,1565,35.3,119,0,0,0,0,0,0,L,1,9.699999999999989,55244.49999999999,mid,0,0,56.6
9955,M24814,M,298.1,307.9,1446,42.8,121,0,0,0,0,0,0,M,1,9.799999999999955,61888.799999999996,mid,0,0,58.92
9956,M24815,M,298.2,307.9,1462,38.8,124,0,0,0,0,0,0,M,1,9.699999999999989,56725.6,mid,0,0,59.3
9957,M24816,M,298.2,307.8,1578,34.5,127,0,0,0,0,0,0,M,1,9.600000000000023,54441.0,mid,0,0,59.62
9958,L57137,L,298.1,307.8,1606,33.0,130,0,0,0,0,0,0,L,1,9.699999999999989,52998.0,mid,0,0,60.54
9959,M24818,M,298.1,307.8,1525,35.9,132,0,0,0,0,0,0,M,1,9.699999999999989,54747.5,mid,0,0,61.92
9960,L57139,L,298.1,307.8,1379,49.1,135,0,0,0,0,0,0,L,1,9.699999999999989,67708.90000000001,mid,0,0,65.76
9961,L57140,L,298.2,307.8,1575,35.0,137,0,0,0,0,0,0,L,1,9.600000000000023,55125.0,mid,0,0,63.72
9962,L57141,L,298.2,307.9,1399,54.9,139,0,0,0,0,0,0,L,1,9.699999999999989,76805.09999999999,mid,0,0,68.52
9963,L57142,L,298.2,307.9,1429,49.4,141,0,0,0,0,0,0,L,1,9.699999999999989,70592.59999999999,mid,0,0,68.22
9964,L57143,L,298.3,307.9,1435,39.9,143,0,0,0,0,0,0,L,1,9.599999999999966,57256.5,mid,0,0,67.1
9965,L57144,L,298.3,307.9,1766,26.5,145,0,0,0,0,0,0,L,1,9.599999999999966,46799.0,mid,0,0,65.22
9966,L57145,L,298.3,307.9,1703,28.9,147,0,0,0,0,0,0,L,1,9.599999999999966,49216.7,mid,0,0,66.5
9967,L57146,L,298.3,307.9,1507,41.2,149,0,0,0,0,0,0,L,1,9.599999999999966,62088.4,mid,0,0,69.76
9968,M24827,M,298.3,307.9,1609,32.4,151,0,0,0,0,0,0,M,1,9.599999999999966,52131.6,high,0,0,68.8
9969,L57148,L,298.4,308.0,1605,32.4,154,0,0,0,0,0,0,L,1,9.600000000000023,52002.0,high,0,0,70.0
9970,L57149,L,298.4,308.1,1491,50.0,156,0,0,0,0,0,0,L,1,9.700000000000045,74550.0,high,0,0,74.34
9971,H39384,H,298.4,308.1,1891,24.7,158,0,0,0,0,0,0,H,1,9.700000000000045,46707.7,high,0,0,70.08
9972,H39385,H,298.5,308.2,1563,44.6,163,0,0,0,0,0,0,H,1,9.699999999999989,69709.8,high,0,0,76.06
9973,L57152,L,298.6,308.2,1390,51.4,168,0,0,0,0,0,0,L,1,9.599999999999966,71446.0,high,0,0,79.4
9974,L57153,L,298.5,308.2,1444,40.5,170,0,0,0,0,0,0,L,1,9.699999999999989,58482.0,high,0,0,78.04
9975,L57154,L,298.6,308.2,1361,68.2,172,1,0,0,1,1,0,L,1,9.599999999999966,92820.2,high,0,2,134.36
9976,M24835,M,298.6,308.3,1589,34.1,174,0,0,0,0,0,0,M,1,9.699999999999989,54184.9,high,0,0,78.36
9977,L57156,L,298.6,308.2,1705,26.3,177,0,0,0,0,0,0,L,1,9.599999999999966,44841.5,high,0,0,77.98
9978,L57157,L,298.6,308.3,1422,40.4,179,0,0,0,0,0,0,L,1,9.699999999999989,57448.799999999996,high,0,0,81.62
9979,H39392,H,298.6,308.3,1377,52.1,181,0,0,0,0,0,0,H,1,9.699999999999989,71741.7,high,0,0,84.76
9980,L57159,L,298.5,308.3,1334,49.8,186,0,0,0,0,0,0,L,1,9.800000000000011,66433.2,high,0,0,86.32
9981,L57160,L,298.6,308.4,1559,36.6,188,0,0,0,0,0,0,L,1,9.799999999999955,57059.4,high,0,0,84.48
9982,L57161,L,298.7,308.5,1353,47.0,190,0,0,0,0,0,0,L,1,9.800000000000011,63591.0,high,0,0,87.36
9983,M24842,M,298.7,308.4,1507,45.7,192,0,0,0,0,0,0,M,1,9.699999999999989,68869.90000000001,high,0,0,87.88
9984,L57163,L,298.7,308.4,1694,28.7,195,0,0,0,0,0,0,L,1,9.699999999999989,48617.799999999996,high,0,0,85.68
9985,H39398,H,298.7,308.4,1432,42.8,197,0,0,0,0,0,0,H,1,9.699999999999989,61289.6,high,0,0,89.3
9986,H39399,H,298.7,308.5,1572,35.6,202,0,0,0,0,0,0,H,1,9.800000000000011,55963.200000000004,high,1,0,89.88
9987,M24846,M,298.8,308.6,1507,42.3,207,0,0,0,0,0,0,M,1,9.800000000000011,63746.1,high,1,0,93.22
9988,M24847,M,298.8,308.6,1500,37.1,210,0,0,0,0,0,0,M,1,9.800000000000011,55650.0,high,1,0,93.38
9989,L57168,L,298.9,308.6,1771,24.1,213,0,0,0,0,0,0,L,1,9.700000000000045,42681.100000000006,high,1,0,91.96
9990,M24849,M,298.8,308.5,1577,33.2,0,0,0,0,0,0,0,M,1,9.699999999999989,52356.4,low,0,0,8.58
9991,L57170,L,298.8,308.5,1527,36.2,3,0,0,0,0,0,0,L,1,9.699999999999989,55277.4,low,0,0,10.38
9992,M24851,M,298.9,308.4,1827,26.1,5,0,0,0,0,0,0,M,1,9.5,47684.700000000004,low,0,0,9.12
9993,L57172,L,298.8,308.4,1484,39.2,8,0,0,0,0,0,0,L,1,9.599999999999966,58172.8,low,0,0,12.96
9994,L57173,L,298.8,308.4,1401,47.3,10,0,0,0,0,0,0,L,1,9.599999999999966,66267.3,low,0,0,15.38
9995,L57174,L,298.8,308.3,1634,27.9,12,0,0,0,0,0,0,L,1,9.5,45588.6,low,0,0,12.28
9996,M24855,M,298.8,308.4,1604,29.5,14,0,0,0,0,0,0,M,1,9.599999999999966,47318.0,low,0,0,13.42
9997,H39410,H,298.9,308.4,1632,31.8,17,0,0,0,0,0,0,H,1,9.5,51897.6,low,0,0,15.06
9998,M24857,M,299.0,308.6,1645,33.4,22,0,0,0,0,0,0,M,1,9.600000000000023,54943.0,low,0,0,17.4
9999,H39412,H,299.0,308.7,1408,48.5,25,0,0,0,0,0,0,H,1,9.699999999999989,68288.0,low,0,0,21.64
10000,M24859,M,299.0,308.7,1500,40.2,30,0,0,0,0,0,0,M,1,9.699999999999989,60300.00000000001,low,0,0,21.98
